/*
 * SomnoTrace - Roboto font data and metrics
 * Copyright (C) 2026 Ilya Kruchinin <https://github.com/ilyakruchinin>
 *
 * This file is part of SomnoTrace.
 *
 * SomnoTrace is free software: you can redistribute it and/or modify it under
 * the terms of the GNU General Public License as published by the Free
 * Software Foundation, either version 3 of the License, or (at your option)
 * any later version.
 *
 * SomnoTrace is distributed in the hope that it will be useful, but WITHOUT
 * ANY WARRANTY; without even the implied warranty of MERCHANTABILITY or
 * FITNESS FOR A PARTICULAR PURPOSE. See the GNU General Public License for
 * more details.
 *
 * You should have received a copy of the GNU General Public License along
 * with this program. If not, see <https://www.gnu.org/licenses/>.
 *
 * ADDITIONAL TERM (GPLv3 Section 7(b)): Redistributions must preserve the
 * attribution "Based on SomnoTrace, originally created by Ilya Kruchinin
 * (https://github.com/ilyakruchinin)." See the NOTICE file for details.
 *
 * Glyph bitmap data and metrics in this file are derived from Google's Roboto
 * typeface, licensed under the SIL Open Font License 1.1 (OFL).
 * See assets/fonts/Roboto/OFL.txt and assets/fonts/Roboto/ORIGIN.md.
 */

#pragma once

#include <stdint.h>

typedef struct {
    uint32_t codepoint;
    uint32_t bitmap_offset;
    uint8_t width;
    uint8_t height;
    int8_t bearing_x;
    int8_t bearing_y;
    uint8_t advance;
} font_glyph_t;

typedef struct {
    const uint8_t *bitmaps;
    const font_glyph_t *glyphs;
    uint16_t glyph_count;
    uint8_t height;
    uint8_t ascender;
} font_info_t;

/* Font: roboto_title */
static const uint8_t roboto_title_bitmaps[] = {
    0xBF, 0xE0, 0xBF, 0xE0, 0xBF, 0xE0, 0xAF, 0xE0, 0xAF, 0xE0, 0xAF, 0xD0, 0xAF, 0xD0, 0x9F, 0xD0,
    0x9F, 0xD0, 0x9F, 0xD0, 0x9F, 0xC0, 0x9F, 0xC0, 0x8F, 0xC0, 0x8F, 0xC0, 0x00, 0x00, 0x00, 0x00,
    0x00, 0x00, 0x6F, 0xB0, 0xCF, 0xF2, 0x6F, 0xB0, 0x2F, 0xC0, 0x7F, 0x82, 0xFC, 0x07, 0xF7, 0x2F,
    0xC0, 0x7F, 0x72, 0xFA, 0x07, 0xF5, 0x2F, 0x90, 0x7F, 0x42, 0xF8, 0x07, 0xF3, 0x2F, 0x60, 0x7F,
    0x10, 0x00, 0x00, 0x00, 0x6F, 0x80, 0x00, 0xDF, 0x10, 0x00, 0x00, 0x00, 0x9F, 0x50, 0x00, 0xFE,
    0x00, 0x00, 0x00, 0x00, 0xCF, 0x20, 0x03, 0xFB, 0x00, 0x00, 0x00, 0x00, 0xFF, 0x00, 0x06, 0xF8,
    0x00, 0x00, 0x00, 0x03, 0xFC, 0x00, 0x09, 0xF5, 0x00, 0x00, 0x00, 0x06, 0xF9, 0x00, 0x0C, 0xF2,
    0x00, 0x04, 0xEE, 0xEF, 0xFF, 0xEE, 0xEF, 0xFE, 0xEC, 0x05, 0xFF, 0xFF, 0xFF, 0xFF, 0xFF, 0xFF,
    0xFE, 0x00, 0x00, 0x0F, 0xF0, 0x00, 0x6F, 0x90, 0x00, 0x00, 0x00, 0x2F, 0xC0, 0x00, 0x9F, 0x50,
    0x00, 0x00, 0x00, 0x5F, 0x90, 0x00, 0xCF, 0x20, 0x00, 0x00, 0x00, 0x8F, 0x60, 0x00, 0xFF, 0x00,
    0x00, 0x6F, 0xFF, 0xFF, 0xFF, 0xFF, 0xFF, 0xFF, 0xD0, 0x5E, 0xEE, 0xFF, 0xEE, 0xEF, 0xFF, 0xEE,
    0xC0, 0x00, 0x02, 0xFD, 0x00, 0x08, 0xF6, 0x00, 0x00, 0x00, 0x05, 0xFA, 0x00, 0x0C, 0xF3, 0x00,
    0x00, 0x00, 0x08, 0xF7, 0x00, 0x0F, 0xF0, 0x00, 0x00, 0x00, 0x0B, 0xF4, 0x00, 0x2F, 0xD0, 0x00,
    0x00, 0x00, 0x0E, 0xF0, 0x00, 0x5F, 0x90, 0x00, 0x00, 0x00, 0x1F, 0xD0, 0x00, 0x8F, 0x60, 0x00,
    0x00, 0x00, 0x00, 0x00, 0xDF, 0x30, 0x00, 0x00, 0x00, 0x00, 0x00, 0xDF, 0x30, 0x00, 0x00, 0x00,
    0x00, 0x00, 0xDF, 0x30, 0x00, 0x00, 0x00, 0x01, 0x8C, 0xFF, 0xFA, 0x30, 0x00, 0x00, 0x3E, 0xFF,
    0xFF, 0xFF, 0xF6, 0x00, 0x01, 0xEF, 0xF8, 0x43, 0x7F, 0xFF, 0x30, 0x06, 0xFF, 0x50, 0x00, 0x03,
    0xFF, 0xA0, 0x0A, 0xFE, 0x00, 0x00, 0x00, 0xBF, 0xE0, 0x0B, 0xFD, 0x00, 0x00, 0x00, 0x8F, 0xF0,
    0x09, 0xFF, 0x10, 0x00, 0x00, 0x00, 0x00, 0x04, 0xFF, 0xC1, 0x00, 0x00, 0x00, 0x00, 0x00, 0xAF,
    0xFF, 0x82, 0x00, 0x00, 0x00, 0x00, 0x08, 0xFF, 0xFF, 0xC6, 0x00, 0x00, 0x00, 0x00, 0x29, 0xFF,
    0xFF, 0xD3, 0x00, 0x00, 0x00, 0x00, 0x05, 0xCF, 0xFF, 0x30, 0x00, 0x00, 0x00, 0x00, 0x06, 0xFF,
    0xC0, 0x00, 0x00, 0x00, 0x00, 0x00, 0x9F, 0xF1, 0x7F, 0xF1, 0x00, 0x00, 0x00, 0x5F, 0xF3, 0x5F,
    0xF4, 0x00, 0x00, 0x00, 0x6F, 0xF2, 0x1F, 0xFC, 0x00, 0x00, 0x00, 0xDF, 0xE0, 0x08, 0xFF, 0xD6,
    0x44, 0x7E, 0xFF, 0x70, 0x00, 0xAF, 0xFF, 0xFF, 0xFF, 0xF9, 0x00, 0x00, 0x04, 0xAF, 0xFF, 0xD9,
    0x30, 0x00, 0x00, 0x00, 0x01, 0xFF, 0x00, 0x00, 0x00, 0x00, 0x00, 0x01, 0xFF, 0x00, 0x00, 0x00,
    0x00, 0x00, 0x01, 0xFF, 0x00, 0x00, 0x00, 0x00, 0x8D, 0xFD, 0x80, 0x00, 0x00, 0x00, 0x00, 0x00,
    0x00, 0xBF, 0xEA, 0xDF, 0xB0, 0x00, 0x00, 0x00, 0x00, 0x00, 0x4F, 0xD0, 0x00, 0xCF, 0x40, 0x00,
    0x08, 0x20, 0x00, 0x08, 0xF7, 0x00, 0x06, 0xF8, 0x00, 0x06, 0xF8, 0x00, 0x00, 0x9F, 0x50, 0x00,
    0x4F, 0x90, 0x01, 0xFD, 0x00, 0x00, 0x08, 0xF7, 0x00, 0x06, 0xF8, 0x00, 0xBF, 0x40, 0x00, 0x00,
    0x4F, 0xD0, 0x00, 0xCF, 0x40, 0x5F, 0xA0, 0x00, 0x00, 0x00, 0xBF, 0xDA, 0xDF, 0xB0, 0x1E, 0xE1,
    0x00, 0x00, 0x00, 0x00, 0x7D, 0xFE, 0x80, 0x0A, 0xF5, 0x00, 0x00, 0x00, 0x00, 0x00, 0x00, 0x00,
    0x04, 0xFB, 0x00, 0x00, 0x00, 0x00, 0x00, 0x00, 0x00, 0x00, 0xEF, 0x10, 0x00, 0x00, 0x00, 0x00,
    0x00, 0x00, 0x00, 0x9F, 0x60, 0x1A, 0xEF, 0xC5, 0x00, 0x00, 0x00, 0x00, 0x3F, 0xC0, 0x1E, 0xFC,
    0xAF, 0xF6, 0x00, 0x00, 0x00, 0x0D, 0xF2, 0x09, 0xF9, 0x00, 0x2F, 0xF0, 0x00, 0x00, 0x07, 0xF7,
    0x00, 0xDF, 0x20, 0x00, 0xBF, 0x30, 0x00, 0x02, 0xFD, 0x00, 0x0E, 0xF0, 0x00, 0x09, 0xF4, 0x00,
    0x00, 0xCF, 0x30, 0x00, 0xDF, 0x20, 0x00, 0xBF, 0x30, 0x00, 0x1D, 0x80, 0x00, 0x09, 0xF8, 0x00,
    0x2F, 0xF0, 0x00, 0x00, 0x00, 0x00, 0x00, 0x1E, 0xFC, 0xAF, 0xF7, 0x00, 0x00, 0x00, 0x00, 0x00,
    0x00, 0x1A, 0xEF, 0xC5, 0x00, 0x00, 0x00, 0x7C, 0xFF, 0xC6, 0x00, 0x00, 0x00, 0x00, 0x00, 0xCF,
    0xFF, 0xFF, 0xFA, 0x00, 0x00, 0x00, 0x00, 0x8F, 0xF9, 0x22, 0x9F, 0xF5, 0x00, 0x00, 0x00, 0x0D,
    0xFC, 0x00, 0x00, 0xCF, 0xA0, 0x00, 0x00, 0x00, 0xFF, 0x90, 0x00, 0x0A, 0xFB, 0x00, 0x00, 0x00,
    0x0E, 0xFB, 0x00, 0x01, 0xEF, 0x70, 0x00, 0x00, 0x00, 0x9F, 0xF3, 0x02, 0xCF, 0xE1, 0x00, 0x00,
    0x00, 0x01, 0xEF, 0xD7, 0xFF, 0xD2, 0x00, 0x00, 0x00, 0x00, 0x04, 0xFF, 0xFF, 0xB1, 0x00, 0x00,
    0x00, 0x00, 0x00, 0x4F, 0xFF, 0xF0, 0x00, 0x00, 0x00, 0x00, 0x00, 0x7F, 0xFF, 0xFF, 0x60, 0x00,
    0x00, 0x00, 0x00, 0x7F, 0xFA, 0x1B, 0xFF, 0x40, 0x02, 0xFF, 0x20, 0x2F, 0xFB, 0x00, 0x1D, 0xFE,
    0x20, 0x4F, 0xF0, 0x07, 0xFF, 0x20, 0x00, 0x2F, 0xFD, 0x18, 0xFD, 0x00, 0x9F, 0xF0, 0x00, 0x00,
    0x4F, 0xFC, 0xEF, 0x80, 0x07, 0xFF, 0x10, 0x00, 0x00, 0x7F, 0xFF, 0xF2, 0x00, 0x3F, 0xF9, 0x00,
    0x00, 0x00, 0xFF, 0xFD, 0x00, 0x00, 0xAF, 0xFA, 0x42, 0x26, 0xDF, 0xFF, 0xF4, 0x00, 0x00, 0xBF,
    0xFF, 0xFF, 0xFF, 0xFA, 0xEF, 0xE2, 0x00, 0x00, 0x4A, 0xEF, 0xFD, 0x92, 0x02, 0xFF, 0xD1, 0x9F,
    0x79, 0xF7, 0x9F, 0x69, 0xF5, 0x9F, 0x59, 0xF4, 0x9F, 0x30, 0x00, 0x00, 0x00, 0x49, 0x00, 0x00,
    0x00, 0x6F, 0xE0, 0x00, 0x00, 0x5F, 0xE2, 0x00, 0x00, 0x1F, 0xF4, 0x00, 0x00, 0x0B, 0xF9, 0x00,
    0x00, 0x03, 0xFF, 0x10, 0x00, 0x00, 0xBF, 0xA0, 0x00, 0x00, 0x1F, 0xF4, 0x00, 0x00, 0x06, 0xFF,
    0x00, 0x00, 0x00, 0xAF, 0xC0, 0x00, 0x00, 0x0D, 0xF9, 0x00, 0x00, 0x00, 0xFF, 0x70, 0x00, 0x00,
    0x1F, 0xF6, 0x00, 0x00, 0x02, 0xFF, 0x60, 0x00, 0x00, 0x2F, 0xF6, 0x00, 0x00, 0x01, 0xFF, 0x60,
    0x00, 0x00, 0x0F, 0xF7, 0x00, 0x00, 0x00, 0xDF, 0x90, 0x00, 0x00, 0x0A, 0xFC, 0x00, 0x00, 0x00,
    0x6F, 0xF0, 0x00, 0x00, 0x01, 0xFF, 0x40, 0x00, 0x00, 0x0B, 0xFA, 0x00, 0x00, 0x00, 0x4F, 0xF1,
    0x00, 0x00, 0x00, 0xBF, 0x90, 0x00, 0x00, 0x02, 0xFF, 0x30, 0x00, 0x00, 0x05, 0xFE, 0x10, 0x00,
    0x00, 0x06, 0xFD, 0x00, 0x00, 0x00, 0x04, 0x90, 0x1B, 0x10, 0x00, 0x00, 0x4F, 0xD1, 0x00, 0x00,
    0x07, 0xFD, 0x00, 0x00, 0x00, 0xBF, 0xA0, 0x00, 0x00, 0x1F, 0xF4, 0x00, 0x00, 0x08, 0xFC, 0x00,
    0x00, 0x01, 0xFF, 0x40, 0x00, 0x00, 0xBF, 0xA0, 0x00, 0x00, 0x7F, 0xF0, 0x00, 0x00, 0x3F, 0xF3,
    0x00, 0x00, 0x0F, 0xF7, 0x00, 0x00, 0x0E, 0xF9, 0x00, 0x00, 0x0D, 0xFA, 0x00, 0x00, 0x0C, 0xFB,
    0x00, 0x00, 0x0C, 0xFB, 0x00, 0x00, 0x0D, 0xFA, 0x00, 0x00, 0x0E, 0xF9, 0x00, 0x00, 0x0F, 0xF7,
    0x00, 0x00, 0x3F, 0xF3, 0x00, 0x00, 0x6F, 0xF0, 0x00, 0x00, 0xBF, 0xA0, 0x00, 0x01, 0xFF, 0x40,
    0x00, 0x07, 0xFD, 0x00, 0x00, 0x0E, 0xF4, 0x00, 0x00, 0x9F, 0xA0, 0x00, 0x06, 0xFD, 0x00, 0x00,
    0x4F, 0xD1, 0x00, 0x00, 0x1B, 0x10, 0x00, 0x00, 0x00, 0x00, 0x0F, 0xF1, 0x00, 0x00, 0x00, 0x00,
    0x0E, 0xF1, 0x00, 0x00, 0x00, 0x00, 0x0E, 0xF0, 0x00, 0x00, 0x07, 0x10, 0x0E, 0xF0, 0x00, 0x51,
    0x5F, 0xFB, 0x5E, 0xF3, 0x9F, 0xF5, 0x4C, 0xFF, 0xFF, 0xFF, 0xFF, 0xE6, 0x00, 0x16, 0xDF, 0xFE,
    0x83, 0x00, 0x00, 0x01, 0xEF, 0xFE, 0x00, 0x00, 0x00, 0x0B, 0xF9, 0xBF, 0xA0, 0x00, 0x00, 0x7F,
    0xE1, 0x1F, 0xF5, 0x00, 0x00, 0xFF, 0x50, 0x07, 0xFE, 0x00, 0x00, 0x39, 0x00, 0x00, 0xB3, 0x00,
    0x00, 0x00, 0x06, 0xFF, 0x20, 0x00, 0x00, 0x00, 0x00, 0x06, 0xFF, 0x20, 0x00, 0x00, 0x00, 0x00,
    0x06, 0xFF, 0x20, 0x00, 0x00, 0x00, 0x00, 0x06, 0xFF, 0x20, 0x00, 0x00, 0x00, 0x00, 0x06, 0xFF,
    0x20, 0x00, 0x00, 0x56, 0x66, 0x6C, 0xFF, 0x86, 0x66, 0x64, 0xFF, 0xFF, 0xFF, 0xFF, 0xFF, 0xFF,
    0xFB, 0xFF, 0xFF, 0xFF, 0xFF, 0xFF, 0xFF, 0xFB, 0x00, 0x00, 0x06, 0xFF, 0x20, 0x00, 0x00, 0x00,
    0x00, 0x06, 0xFF, 0x20, 0x00, 0x00, 0x00, 0x00, 0x06, 0xFF, 0x20, 0x00, 0x00, 0x00, 0x00, 0x06,
    0xFF, 0x20, 0x00, 0x00, 0x00, 0x00, 0x06, 0xFF, 0x20, 0x00, 0x00, 0x00, 0x00, 0x06, 0xFF, 0x20,
    0x00, 0x00, 0x04, 0xFF, 0x30, 0x4F, 0xF3, 0x04, 0xFF, 0x20, 0x7F, 0xF0, 0x0C, 0xFA, 0x04, 0xFF,
    0x20, 0x2B, 0x50, 0x00, 0x01, 0x11, 0x11, 0x10, 0x7F, 0xFF, 0xFF, 0xF3, 0x7F, 0xFF, 0xFF, 0xF3,
    0x00, 0x00, 0x00, 0x9F, 0xA0, 0x0F, 0xFF, 0x10, 0x9F, 0xA0, 0x00, 0x00, 0x00, 0x00, 0x9F, 0x80,
    0x00, 0x00, 0x00, 0x0F, 0xF2, 0x00, 0x00, 0x00, 0x05, 0xFC, 0x00, 0x00, 0x00, 0x00, 0xBF, 0x60,
    0x00, 0x00, 0x00, 0x2F, 0xF1, 0x00, 0x00, 0x00, 0x08, 0xFA, 0x00, 0x00, 0x00, 0x00, 0xDF, 0x40,
    0x00, 0x00, 0x00, 0x4F, 0xE0, 0x00, 0x00, 0x00, 0x0A, 0xF8, 0x00, 0x00, 0x00, 0x00, 0xFF, 0x20,
    0x00, 0x00, 0x00, 0x6F, 0xC0, 0x00, 0x00, 0x00, 0x0C, 0xF6, 0x00, 0x00, 0x00, 0x02, 0xFF, 0x00,
    0x00, 0x00, 0x00, 0x8F, 0xA0, 0x00, 0x00, 0x00, 0x0E, 0xF4, 0x00, 0x00, 0x00, 0x04, 0xFE, 0x00,
    0x00, 0x00, 0x00, 0xAF, 0x80, 0x00, 0x00, 0x00, 0x1F, 0xF2, 0x00, 0x00, 0x00, 0x06, 0xFC, 0x00,
    0x00, 0x00, 0x00, 0xCF, 0x60, 0x00, 0x00, 0x00, 0x2F, 0xF0, 0x00, 0x00, 0x00, 0x08, 0xFA, 0x00,
    0x00, 0x00, 0x00, 0x00, 0x02, 0x9D, 0xFF, 0xD8, 0x10, 0x00, 0x00, 0x5F, 0xFF, 0xFF, 0xFF, 0xE2,
    0x00, 0x02, 0xFF, 0xD5, 0x12, 0x7F, 0xFD, 0x00, 0x0A, 0xFF, 0x10, 0x00, 0x05, 0xFF, 0x50, 0x0F,
    0xF9, 0x00, 0x00, 0x00, 0xDF, 0xB0, 0x2F, 0xF5, 0x00, 0x00, 0x00, 0x9F, 0xE0, 0x5F, 0xF3, 0x00,
    0x00, 0x00, 0x7F, 0xF0, 0x6F, 0xF2, 0x00, 0x00, 0x00, 0x6F, 0xF1, 0x6F, 0xF1, 0x00, 0x00, 0x00,
    0x6F, 0xF2, 0x6F, 0xF1, 0x00, 0x00, 0x00, 0x6F, 0xF2, 0x6F, 0xF1, 0x00, 0x00, 0x00, 0x6F, 0xF2,
    0x6F, 0xF1, 0x00, 0x00, 0x00, 0x6F, 0xF2, 0x6F, 0xF2, 0x00, 0x00, 0x00, 0x6F, 0xF1, 0x4F, 0xF3,
    0x00, 0x00, 0x00, 0x7F, 0xF0, 0x2F, 0xF6, 0x00, 0x00, 0x00, 0x9F, 0xE0, 0x0E, 0xFA, 0x00, 0x00,
    0x00, 0xEF, 0xA0, 0x09, 0xFF, 0x30, 0x00, 0x06, 0xFF, 0x50, 0x02, 0xFF, 0xE6, 0x22, 0x7F, 0xFD,
    0x00, 0x00, 0x5F, 0xFF, 0xFF, 0xFF, 0xE2, 0x00, 0x00, 0x02, 0x9D, 0xFF, 0xD8, 0x10, 0x00, 0x00,
    0x00, 0x03, 0x9E, 0x00, 0x17, 0xDF, 0xFF, 0x4B, 0xFF, 0xFF, 0xFF, 0xAF, 0xFD, 0x8A, 0xFF, 0x99,
    0x30, 0x09, 0xFF, 0x00, 0x00, 0x09, 0xFF, 0x00, 0x00, 0x09, 0xFF, 0x00, 0x00, 0x09, 0xFF, 0x00,
    0x00, 0x09, 0xFF, 0x00, 0x00, 0x09, 0xFF, 0x00, 0x00, 0x09, 0xFF, 0x00, 0x00, 0x09, 0xFF, 0x00,
    0x00, 0x09, 0xFF, 0x00, 0x00, 0x09, 0xFF, 0x00, 0x00, 0x09, 0xFF, 0x00, 0x00, 0x09, 0xFF, 0x00,
    0x00, 0x09, 0xFF, 0x00, 0x00, 0x09, 0xFF, 0x00, 0x00, 0x09, 0xFF, 0x00, 0x00, 0x09, 0xFF, 0x00,
    0x04, 0xAD, 0xFE, 0xC8, 0x10, 0x00, 0x00, 0xAF, 0xFF, 0xFF, 0xFF, 0xE3, 0x00, 0x09, 0xFF, 0xA4,
    0x12, 0x8F, 0xFE, 0x10, 0x2F, 0xF9, 0x00, 0x00, 0x06, 0xFF, 0x70, 0x8F, 0xF1, 0x00, 0x00, 0x00,
    0xEF, 0xA0, 0xAF, 0xD0, 0x00, 0x00, 0x00, 0xCF, 0xC0, 0x00, 0x00, 0x00, 0x00, 0x00, 0xDF, 0x90,
    0x00, 0x00, 0x00, 0x00, 0x03, 0xFF, 0x40, 0x00, 0x00, 0x00, 0x00, 0x0C, 0xFC, 0x00, 0x00, 0x00,
    0x00, 0x00, 0x8F, 0xF3, 0x00, 0x00, 0x00, 0x00, 0x06, 0xFF, 0x70, 0x00, 0x00, 0x00, 0x00, 0x4F,
    0xFA, 0x00, 0x00, 0x00, 0x00, 0x03, 0xFF, 0xB0, 0x00, 0x00, 0x00, 0x00, 0x2E, 0xFC, 0x00, 0x00,
    0x00, 0x00, 0x01, 0xEF, 0xD1, 0x00, 0x00, 0x00, 0x00, 0x1D, 0xFD, 0x10, 0x00, 0x00, 0x00, 0x00,
    0xCF, 0xE2, 0x00, 0x00, 0x00, 0x00, 0x0B, 0xFF, 0x41, 0x11, 0x11, 0x11, 0x10, 0x4F, 0xFF, 0xFF,
    0xFF, 0xFF, 0xFF, 0xFB, 0x5F, 0xFF, 0xFF, 0xFF, 0xFF, 0xFF, 0xFB, 0x00, 0x05, 0xBE, 0xFE, 0xC6,
    0x00, 0x00, 0x0C, 0xFF, 0xFF, 0xFF, 0xFD, 0x10, 0x0B, 0xFF, 0x93, 0x12, 0x7F, 0xFC, 0x03, 0xFF,
    0x70, 0x00, 0x00, 0x6F, 0xF4, 0x7F, 0xF1, 0x00, 0x00, 0x00, 0xFF, 0x70, 0x00, 0x00, 0x00, 0x00,
    0x0F, 0xF9, 0x00, 0x00, 0x00, 0x00, 0x01, 0xFF, 0x70, 0x00, 0x00, 0x00, 0x00, 0x8F, 0xF2, 0x00,
    0x00, 0x01, 0x13, 0xAF, 0xF6, 0x00, 0x00, 0x0F, 0xFF, 0xFF, 0xF5, 0x00, 0x00, 0x00, 0xFF, 0xFF,
    0xFF, 0xA1, 0x00, 0x00, 0x00, 0x00, 0x27, 0xEF, 0xD1, 0x00, 0x00, 0x00, 0x00, 0x03, 0xFF, 0x80,
    0x00, 0x00, 0x00, 0x00, 0x0C, 0xFD, 0xAF, 0xE0, 0x00, 0x00, 0x00, 0xAF, 0xE8, 0xFF, 0x10, 0x00,
    0x00, 0x0C, 0xFC, 0x3F, 0xF9, 0x00, 0x00, 0x03, 0xFF, 0x80, 0xAF, 0xFA, 0x41, 0x27, 0xFF, 0xE1,
    0x00, 0xAF, 0xFF, 0xFF, 0xFF, 0xE3, 0x00, 0x00, 0x4B, 0xEF, 0xFC, 0x71, 0x00, 0x00, 0x00, 0x00,
    0x00, 0x0E, 0xFF, 0x50, 0x00, 0x00, 0x00, 0x00, 0x00, 0x5F, 0xFF, 0x50, 0x00, 0x00, 0x00, 0x00,
    0x01, 0xEF, 0xFF, 0x50, 0x00, 0x00, 0x00, 0x00, 0x0A, 0xFE, 0xFF, 0x50, 0x00, 0x00, 0x00, 0x00,
    0x5F, 0xF5, 0xFF, 0x50, 0x00, 0x00, 0x00, 0x01, 0xEF, 0x73, 0xFF, 0x50, 0x00, 0x00, 0x00, 0x0A,
    0xFC, 0x03, 0xFF, 0x50, 0x00, 0x00, 0x00, 0x4F, 0xF2, 0x03, 0xFF, 0x50, 0x00, 0x00, 0x01, 0xEF,
    0x70, 0x03, 0xFF, 0x50, 0x00, 0x00, 0x0A, 0xFD, 0x00, 0x03, 0xFF, 0x50, 0x00, 0x00, 0x4F, 0xF3,
    0x00, 0x03, 0xFF, 0x50, 0x00, 0x00, 0xEF, 0x80, 0x00, 0x03, 0xFF, 0x50, 0x00, 0x09, 0xFD, 0x11,
    0x11, 0x14, 0xFF, 0x61, 0x10, 0x3F, 0xFF, 0xFF, 0xFF, 0xFF, 0xFF, 0xFF, 0xF1, 0x4F, 0xFF, 0xFF,
    0xFF, 0xFF, 0xFF, 0xFF, 0xF1, 0x00, 0x00, 0x00, 0x00, 0x03, 0xFF, 0x50, 0x00, 0x00, 0x00, 0x00,
    0x00, 0x03, 0xFF, 0x50, 0x00, 0x00, 0x00, 0x00, 0x00, 0x03, 0xFF, 0x50, 0x00, 0x00, 0x00, 0x00,
    0x00, 0x03, 0xFF, 0x50, 0x00, 0x00, 0x00, 0x00, 0x00, 0x03, 0xFF, 0x50, 0x00, 0x03, 0xFF, 0xFF,
    0xFF, 0xFF, 0xFF, 0x00, 0x5F, 0xFF, 0xFF, 0xFF, 0xFF, 0xF0, 0x06, 0xFF, 0x55, 0x55, 0x55, 0x55,
    0x00, 0x8F, 0xD0, 0x00, 0x00, 0x00, 0x00, 0x09, 0xFB, 0x00, 0x00, 0x00, 0x00, 0x00, 0xBF, 0xA0,
    0x00, 0x00, 0x00, 0x00, 0x0D, 0xF8, 0x00, 0x00, 0x00, 0x00, 0x00, 0xEF, 0x99, 0xEF, 0xEB, 0x50,
    0x00, 0x0F, 0xFF, 0xFF, 0xFF, 0xFF, 0xA0, 0x01, 0xFF, 0xF8, 0x54, 0x8E, 0xFF, 0x80, 0x03, 0x72,
    0x00, 0x00, 0x1E, 0xFF, 0x10, 0x00, 0x00, 0x00, 0x00, 0x6F, 0xF5, 0x00, 0x00, 0x00, 0x00, 0x00,
    0xFF, 0x80, 0x00, 0x00, 0x00, 0x00, 0x0E, 0xF9, 0xCF, 0x90, 0x00, 0x00, 0x00, 0xFF, 0x89, 0xFE,
    0x00, 0x00, 0x00, 0x4F, 0xF6, 0x4F, 0xF6, 0x00, 0x00, 0x0C, 0xFF, 0x10, 0xBF, 0xF8, 0x31, 0x4C,
    0xFF, 0x80, 0x00, 0xCF, 0xFF, 0xFF, 0xFF, 0xA0, 0x00, 0x00, 0x6C, 0xEF, 0xEB, 0x40, 0x00, 0x00,
    0x00, 0x00, 0x6A, 0xDF, 0x90, 0x00, 0x00, 0x00, 0x4E, 0xFF, 0xFF, 0x90, 0x00, 0x00, 0x06, 0xFF,
    0xFA, 0x53, 0x10, 0x00, 0x00, 0x3F, 0xFC, 0x20, 0x00, 0x00, 0x00, 0x00, 0xCF, 0xD0, 0x00, 0x00,
    0x00, 0x00, 0x03, 0xFF, 0x40, 0x00, 0x00, 0x00, 0x00, 0x08, 0xFD, 0x00, 0x00, 0x00, 0x00, 0x00,
    0x0D, 0xF9, 0x29, 0xEF, 0xEB, 0x40, 0x00, 0x0F, 0xFB, 0xFF, 0xFF, 0xFF, 0xF8, 0x00, 0x1F, 0xFF,
    0xF8, 0x32, 0x5D, 0xFF, 0x50, 0x2F, 0xFF, 0x40, 0x00, 0x01, 0xEF, 0xD0, 0x2F, 0xFE, 0x00, 0x00,
    0x00, 0x8F, 0xF2, 0x2F, 0xF8, 0x00, 0x00, 0x00, 0x3F, 0xF5, 0x1F, 0xF6, 0x00, 0x00, 0x00, 0x2F,
    0xF5, 0x0E, 0xF9, 0x00, 0x00, 0x00, 0x4F, 0xF4, 0x0A, 0xFE, 0x00, 0x00, 0x00, 0x7F, 0xF1, 0x03,
    0xFF, 0x80, 0x00, 0x01, 0xEF, 0xC0, 0x00, 0xAF, 0xFA, 0x31, 0x5E, 0xFF, 0x30, 0x00, 0x0B, 0xFF,
    0xFF, 0xFF, 0xF5, 0x00, 0x00, 0x00, 0x5B, 0xEF, 0xD9, 0x20, 0x00, 0xFF, 0xFF, 0xFF, 0xFF, 0xFF,
    0xFF, 0xF8, 0xFF, 0xFF, 0xFF, 0xFF, 0xFF, 0xFF, 0xF7, 0x11, 0x11, 0x11, 0x11, 0x11, 0x6F, 0xF1,
    0x00, 0x00, 0x00, 0x00, 0x00, 0xCF, 0x90, 0x00, 0x00, 0x00, 0x00, 0x04, 0xFF, 0x20, 0x00, 0x00,
    0x00, 0x00, 0x0B, 0xFB, 0x00, 0x00, 0x00, 0x00, 0x00, 0x3F, 0xF4, 0x00, 0x00, 0x00, 0x00, 0x00,
    0xAF, 0xD0, 0x00, 0x00, 0x00, 0x00, 0x01, 0xFF, 0x60, 0x00, 0x00, 0x00, 0x00, 0x09, 0xFE, 0x00,
    0x00, 0x00, 0x00, 0x00, 0x1F, 0xF7, 0x00, 0x00, 0x00, 0x00, 0x00, 0x7F, 0xF1, 0x00, 0x00, 0x00,
    0x00, 0x00, 0xEF, 0x90, 0x00, 0x00, 0x00, 0x00, 0x06, 0xFF, 0x20, 0x00, 0x00, 0x00, 0x00, 0x0D,
    0xFB, 0x00, 0x00, 0x00, 0x00, 0x00, 0x5F, 0xF4, 0x00, 0x00, 0x00, 0x00, 0x00, 0xCF, 0xD0, 0x00,
    0x00, 0x00, 0x00, 0x03, 0xFF, 0x60, 0x00, 0x00, 0x00, 0x00, 0x0B, 0xFE, 0x00, 0x00, 0x00, 0x00,
    0x00, 0x2F, 0xF8, 0x00, 0x00, 0x00, 0x00, 0x00, 0x02, 0x9D, 0xFE, 0xC7, 0x00, 0x00, 0x00, 0x5F,
    0xFF, 0xFF, 0xFF, 0xE2, 0x00, 0x03, 0xFF, 0xE5, 0x12, 0x8F, 0xFD, 0x00, 0x0A, 0xFF, 0x20, 0x00,
    0x06, 0xFF, 0x60, 0x0E, 0xFA, 0x00, 0x00, 0x00, 0xEF, 0x90, 0x0F, 0xF9, 0x00, 0x00, 0x00, 0xCF,
    0xB0, 0x0D, 0xFA, 0x00, 0x00, 0x00, 0xEF, 0x90, 0x08, 0xFF, 0x20, 0x00, 0x05, 0xFF, 0x30, 0x01,
    0xDF, 0xE5, 0x12, 0x7F, 0xF9, 0x00, 0x00, 0x1B, 0xFF, 0xFF, 0xFF, 0x80, 0x00, 0x00, 0x4D, 0xFF,
    0xFF, 0xFF, 0xB1, 0x00, 0x04, 0xFF, 0xB3, 0x01, 0x5D, 0xFE, 0x10, 0x0E, 0xFB, 0x00, 0x00, 0x01,
    0xEF, 0xA0, 0x4F, 0xF3, 0x00, 0x00, 0x00, 0x8F, 0xF0, 0x6F, 0xF1, 0x00, 0x00, 0x00, 0x6F, 0xF2,
    0x5F, 0xF3, 0x00, 0x00, 0x00, 0x7F, 0xF1, 0x1F, 0xFA, 0x00, 0x00, 0x01, 0xEF, 0xD0, 0x09, 0xFF,
    0xB4, 0x22, 0x5D, 0xFF, 0x50, 0x00, 0xAF, 0xFF, 0xFF, 0xFF, 0xF7, 0x00, 0x00, 0x04, 0xAD, 0xFF,
    0xD8, 0x20, 0x00, 0x00, 0x04, 0xAE, 0xFE, 0xA3, 0x00, 0x00, 0x09, 0xFF, 0xFF, 0xFF, 0xF8, 0x00,
    0x07, 0xFF, 0xB4, 0x14, 0xCF, 0xF6, 0x00, 0xFF, 0xB0, 0x00, 0x00, 0xCF, 0xE0, 0x5F, 0xF3, 0x00,
    0x00, 0x03, 0xFF, 0x58, 0xFF, 0x00, 0x00, 0x00, 0x0E, 0xF9, 0x9F, 0xE0, 0x00, 0x00, 0x00, 0xCF,
    0xC8, 0xFF, 0x00, 0x00, 0x00, 0x0F, 0xFD, 0x6F, 0xF4, 0x00, 0x00, 0x00, 0xFF, 0xE1, 0xFF, 0xC0,
    0x00, 0x00, 0x9F, 0xFD, 0x09, 0xFF, 0xC4, 0x24, 0xBF, 0xFF, 0xC0, 0x0B, 0xFF, 0xFF, 0xFF, 0xBB,
    0xFB, 0x00, 0x06, 0xCF, 0xFC, 0x50, 0xCF, 0x90, 0x00, 0x00, 0x00, 0x00, 0x0F, 0xF6, 0x00, 0x00,
    0x00, 0x00, 0x05, 0xFF, 0x10, 0x00, 0x00, 0x00, 0x00, 0xDF, 0xA0, 0x00, 0x00, 0x00, 0x01, 0xCF,
    0xF2, 0x00, 0x00, 0x23, 0x59, 0xFF, 0xF5, 0x00, 0x00, 0x0D, 0xFF, 0xFF, 0xD4, 0x00, 0x00, 0x00,
    0xDE, 0xDA, 0x50, 0x00, 0x00, 0x00, 0x00, 0x00, 0x9F, 0xA0, 0x0F, 0xFF, 0x10, 0x9F, 0xA0, 0x00,
    0x00, 0x00, 0x00, 0x00, 0x00, 0x00, 0x00, 0x00, 0x00, 0x00, 0x00, 0x00, 0x00, 0x00, 0x00, 0x00,
    0x00, 0x00, 0x00, 0x00, 0x00, 0x00, 0x9F, 0xA0, 0x0F, 0xFF, 0x10, 0x9F, 0xA0, 0x00, 0x00, 0x00,
    0x00, 0x9F, 0xA0, 0x00, 0xFF, 0xF1, 0x00, 0x9F, 0xA0, 0x00, 0x00, 0x00, 0x00, 0x00, 0x00, 0x00,
    0x00, 0x00, 0x00, 0x00, 0x00, 0x00, 0x00, 0x00, 0x00, 0x00, 0x00, 0x00, 0x00, 0x00, 0x00, 0x00,
    0x00, 0x00, 0x00, 0x00, 0x04, 0xFF, 0x30, 0x04, 0xFF, 0x30, 0x04, 0xFF, 0x20, 0x07, 0xFF, 0x00,
    0x0C, 0xFA, 0x00, 0x4F, 0xF2, 0x00, 0x2B, 0x50, 0x00, 0x00, 0x00, 0x00, 0x00, 0x00, 0x3B, 0x20,
    0x00, 0x00, 0x00, 0x05, 0xCF, 0xF2, 0x00, 0x00, 0x00, 0x7E, 0xFF, 0xFD, 0x10, 0x00, 0x18, 0xFF,
    0xFF, 0xA4, 0x00, 0x03, 0xAF, 0xFF, 0xD7, 0x10, 0x00, 0x00, 0xFF, 0xFA, 0x40, 0x00, 0x00, 0x00,
    0x0F, 0xFF, 0xA3, 0x00, 0x00, 0x00, 0x00, 0x3A, 0xFF, 0xFD, 0x71, 0x00, 0x00, 0x00, 0x01, 0x8F,
    0xFF, 0xFA, 0x40, 0x00, 0x00, 0x00, 0x07, 0xEF, 0xFF, 0xD1, 0x00, 0x00, 0x00, 0x00, 0x5C, 0xFF,
    0x20, 0x00, 0x00, 0x00, 0x00, 0x03, 0xB2, 0x23, 0x33, 0x33, 0x33, 0x33, 0x31, 0xEF, 0xFF, 0xFF,
    0xFF, 0xFF, 0xF7, 0xEF, 0xFF, 0xFF, 0xFF, 0xFF, 0xF7, 0x00, 0x00, 0x00, 0x00, 0x00, 0x00, 0x00,
    0x00, 0x00, 0x00, 0x00, 0x00, 0x00, 0x00, 0x00, 0x00, 0x00, 0x00, 0xEF, 0xFF, 0xFF, 0xFF, 0xFF,
    0xF7, 0xEF, 0xFF, 0xFF, 0xFF, 0xFF, 0xF7, 0x23, 0x33, 0x33, 0x33, 0x33, 0x31, 0x2B, 0x40, 0x00,
    0x00, 0x00, 0x00, 0x02, 0xFF, 0xD6, 0x00, 0x00, 0x00, 0x00, 0x1C, 0xFF, 0xFF, 0x92, 0x00, 0x00,
    0x00, 0x02, 0x8E, 0xFF, 0xFB, 0x40, 0x00, 0x00, 0x00, 0x04, 0xAF, 0xFF, 0xD6, 0x00, 0x00, 0x00,
    0x00, 0x17, 0xDF, 0xFC, 0x00, 0x00, 0x00, 0x01, 0x7D, 0xFF, 0xC0, 0x00, 0x00, 0x5B, 0xFF, 0xFD,
    0x60, 0x00, 0x28, 0xEF, 0xFF, 0xB4, 0x00, 0x01, 0xCF, 0xFF, 0xF9, 0x20, 0x00, 0x00, 0x2F, 0xFD,
    0x60, 0x00, 0x00, 0x00, 0x02, 0xB4, 0x00, 0x00, 0x00, 0x00, 0x00, 0x00, 0x3A, 0xEF, 0xEC, 0x60,
    0x00, 0x07, 0xFF, 0xFF, 0xFF, 0xFC, 0x00, 0x4F, 0xFD, 0x63, 0x5C, 0xFF, 0x80, 0xBF, 0xE1, 0x00,
    0x00, 0xDF, 0xE0, 0xEF, 0xA0, 0x00, 0x00, 0x7F, 0xF1, 0x00, 0x00, 0x00, 0x00, 0x7F, 0xF1, 0x00,
    0x00, 0x00, 0x00, 0xBF, 0xD0, 0x00, 0x00, 0x00, 0x05, 0xFF, 0x60, 0x00, 0x00, 0x00, 0x4F, 0xFB,
    0x00, 0x00, 0x00, 0x04, 0xFF, 0xC1, 0x00, 0x00, 0x00, 0x2F, 0xFC, 0x10, 0x00, 0x00, 0x00, 0xBF,
    0xF1, 0x00, 0x00, 0x00, 0x00, 0xFF, 0xA0, 0x00, 0x00, 0x00, 0x01, 0xFF, 0x70, 0x00, 0x00, 0x00,
    0x00, 0x00, 0x00, 0x00, 0x00, 0x00, 0x00, 0x00, 0x00, 0x00, 0x00, 0x00, 0x00, 0x00, 0x00, 0x00,
    0x00, 0x00, 0x00, 0xAD, 0x40, 0x00, 0x00, 0x00, 0x03, 0xFF, 0xB0, 0x00, 0x00, 0x00, 0x00, 0xCF,
    0x50, 0x00, 0x00, 0x00, 0x00, 0x00, 0x00, 0x5A, 0xDF, 0xFE, 0xC8, 0x30, 0x00, 0x00, 0x00, 0x00,
    0x00, 0x06, 0xEF, 0xFF, 0xDC, 0xDF, 0xFF, 0xC2, 0x00, 0x00, 0x00, 0x00, 0x0B, 0xFF, 0x82, 0x00,
    0x00, 0x04, 0xAF, 0xF5, 0x00, 0x00, 0x00, 0x0B, 0xFC, 0x10, 0x00, 0x00, 0x00, 0x00, 0x4E, 0xF4,
    0x00, 0x00, 0x09, 0xFB, 0x00, 0x00, 0x00, 0x00, 0x00, 0x00, 0x2F, 0xE0, 0x00, 0x04, 0xFE, 0x00,
    0x00, 0x00, 0x00, 0x00, 0x00, 0x00, 0x6F, 0x70, 0x00, 0xCF, 0x40, 0x00, 0x00, 0x7D, 0xFE, 0xA2,
    0x00, 0x00, 0xEE, 0x00, 0x3F, 0xC0, 0x00, 0x00, 0xCF, 0xFC, 0xEF, 0xF5, 0x00, 0x09, 0xF2, 0x09,
    0xF6, 0x00, 0x00, 0xAF, 0xC1, 0x00, 0xFF, 0x40, 0x00, 0x5F, 0x60, 0xDF, 0x10, 0x00, 0x4F, 0xE1,
    0x00, 0x0D, 0xF3, 0x00, 0x02, 0xF9, 0x1F, 0xE0, 0x00, 0x0B, 0xF7, 0x00, 0x00, 0xEF, 0x10, 0x00,
    0x1F, 0xB3, 0xFB, 0x00, 0x00, 0xFF, 0x20, 0x00, 0x0F, 0xF0, 0x00, 0x00, 0xFB, 0x5F, 0x90, 0x00,
    0x3F, 0xE0, 0x00, 0x01, 0xFE, 0x00, 0x00, 0x0F, 0xB6, 0xF9, 0x00, 0x06, 0xFB, 0x00, 0x00, 0x2F,
    0xD0, 0x00, 0x02, 0xFA, 0x6F, 0x90, 0x00, 0x8F, 0xB0, 0x00, 0x05, 0xFB, 0x00, 0x00, 0x4F, 0x85,
    0xF9, 0x00, 0x08, 0xFB, 0x00, 0x00, 0xCF, 0xA0, 0x00, 0x08, 0xF4, 0x3F, 0xB0, 0x00, 0x6F, 0xE0,
    0x00, 0x0F, 0xFB, 0x00, 0x00, 0xEE, 0x01, 0xFE, 0x00, 0x02, 0xFF, 0x80, 0x2C, 0xFF, 0xE1, 0x00,
    0xAF, 0x70, 0x0D, 0xF2, 0x00, 0x09, 0xFF, 0xFF, 0xF3, 0xBF, 0xEA, 0xDF, 0xA0, 0x00, 0x8F, 0x90,
    0x00, 0x08, 0xEF, 0xB2, 0x01, 0x9E, 0xFC, 0x60, 0x00, 0x01, 0xFF, 0x20, 0x00, 0x00, 0x00, 0x00,
    0x00, 0x00, 0x00, 0x00, 0x00, 0x08, 0xFC, 0x00, 0x00, 0x00, 0x00, 0x00, 0x00, 0x00, 0x00, 0x00,
    0x00, 0x0C, 0xFB, 0x10, 0x00, 0x00, 0x00, 0x00, 0x00, 0x00, 0x00, 0x00, 0x00, 0x1C, 0xFE, 0x71,
    0x00, 0x00, 0x03, 0x80, 0x00, 0x00, 0x00, 0x00, 0x00, 0x08, 0xFF, 0xFD, 0xCB, 0xCF, 0xFF, 0x20,
    0x00, 0x00, 0x00, 0x00, 0x00, 0x01, 0x7B, 0xEF, 0xFE, 0xC8, 0x20, 0x00, 0x00, 0x00, 0x00, 0x00,
    0x00, 0x03, 0xFF, 0x70, 0x00, 0x00, 0x00, 0x00, 0x00, 0x00, 0x09, 0xFF, 0xD0, 0x00, 0x00, 0x00,
    0x00, 0x00, 0x00, 0x0E, 0xFF, 0xF3, 0x00, 0x00, 0x00, 0x00, 0x00, 0x00, 0x5F, 0xFE, 0xFA, 0x00,
    0x00, 0x00, 0x00, 0x00, 0x00, 0xBF, 0xB6, 0xFF, 0x00, 0x00, 0x00, 0x00, 0x00, 0x01, 0xFF, 0x51,
    0xFF, 0x60, 0x00, 0x00, 0x00, 0x00, 0x07, 0xFF, 0x00, 0xBF, 0xC0, 0x00, 0x00, 0x00, 0x00, 0x0D,
    0xF9, 0x00, 0x5F, 0xF2, 0x00, 0x00, 0x00, 0x00, 0x3F, 0xF4, 0x00, 0x0F, 0xF8, 0x00, 0x00, 0x00,
    0x00, 0xAF, 0xE0, 0x00, 0x09, 0xFE, 0x00, 0x00, 0x00, 0x00, 0xFF, 0x80, 0x00, 0x03, 0xFF, 0x40,
    0x00, 0x00, 0x06, 0xFF, 0x20, 0x00, 0x00, 0xEF, 0xA0, 0x00, 0x00, 0x0D, 0xFF, 0x22, 0x22, 0x22,
    0xBF, 0xF1, 0x00, 0x00, 0x2F, 0xFF, 0xFF, 0xFF, 0xFF, 0xFF, 0xF6, 0x00, 0x00, 0x8F, 0xFF, 0xFF,
    0xFF, 0xFF, 0xFF, 0xFC, 0x00, 0x00, 0xEF, 0xB0, 0x00, 0x00, 0x00, 0x06, 0xFF, 0x30, 0x04, 0xFF,
    0x50, 0x00, 0x00, 0x00, 0x01, 0xFF, 0x90, 0x0A, 0xFF, 0x00, 0x00, 0x00, 0x00, 0x00, 0xBF, 0xE0,
    0x1F, 0xFA, 0x00, 0x00, 0x00, 0x00, 0x00, 0x5F, 0xF5, 0x6F, 0xF4, 0x00, 0x00, 0x00, 0x00, 0x00,
    0x0F, 0xFB, 0xBF, 0xFF, 0xFF, 0xFF, 0xDA, 0x50, 0x00, 0xBF, 0xFF, 0xFF, 0xFF, 0xFF, 0xFB, 0x00,
    0xBF, 0xF2, 0x22, 0x23, 0x5C, 0xFF, 0x90, 0xBF, 0xF0, 0x00, 0x00, 0x00, 0xCF, 0xF0, 0xBF, 0xF0,
    0x00, 0x00, 0x00, 0x6F, 0xF3, 0xBF, 0xF0, 0x00, 0x00, 0x00, 0x5F, 0xF4, 0xBF, 0xF0, 0x00, 0x00,
    0x00, 0x7F, 0xF2, 0xBF, 0xF0, 0x00, 0x00, 0x01, 0xEF, 0xD0, 0xBF, 0xF2, 0x44, 0x44, 0x8E, 0xFF,
    0x30, 0xBF, 0xFF, 0xFF, 0xFF, 0xFF, 0xD2, 0x00, 0xBF, 0xFF, 0xFF, 0xFF, 0xFF, 0xFB, 0x10, 0xBF,
    0xF0, 0x00, 0x00, 0x16, 0xFF, 0xD0, 0xBF, 0xF0, 0x00, 0x00, 0x00, 0x4F, 0xF7, 0xBF, 0xF0, 0x00,
    0x00, 0x00, 0x0E, 0xFB, 0xBF, 0xF0, 0x00, 0x00, 0x00, 0x0C, 0xFD, 0xBF, 0xF0, 0x00, 0x00, 0x00,
    0x0E, 0xFB, 0xBF, 0xF0, 0x00, 0x00, 0x00, 0x7F, 0xF7, 0xBF, 0xF2, 0x22, 0x22, 0x4A, 0xFF, 0xE1,
    0xBF, 0xFF, 0xFF, 0xFF, 0xFF, 0xFD, 0x20, 0xBF, 0xFF, 0xFF, 0xFF, 0xEB, 0x60, 0x00, 0x00, 0x00,
    0x06, 0xBE, 0xFE, 0xC7, 0x10, 0x00, 0x00, 0x03, 0xDF, 0xFF, 0xFF, 0xFF, 0xE4, 0x00, 0x00, 0x3F,
    0xFF, 0x94, 0x34, 0x8E, 0xFF, 0x40, 0x00, 0xEF, 0xF3, 0x00, 0x00, 0x02, 0xEF, 0xE0, 0x07, 0xFF,
    0x50, 0x00, 0x00, 0x00, 0x6F, 0xF5, 0x0D, 0xFD, 0x00, 0x00, 0x00, 0x00, 0x0F, 0xFA, 0x1F, 0xF8,
    0x00, 0x00, 0x00, 0x00, 0x0C, 0xFD, 0x4F, 0xF5, 0x00, 0x00, 0x00, 0x00, 0x00, 0x00, 0x5F, 0xF4,
    0x00, 0x00, 0x00, 0x00, 0x00, 0x00, 0x5F, 0xF4, 0x00, 0x00, 0x00, 0x00, 0x00, 0x00, 0x5F, 0xF4,
    0x00, 0x00, 0x00, 0x00, 0x00, 0x00, 0x5F, 0xF4, 0x00, 0x00, 0x00, 0x00, 0x00, 0x00, 0x4F, 0xF5,
    0x00, 0x00, 0x00, 0x00, 0x00, 0x00, 0x1F, 0xF8, 0x00, 0x00, 0x00, 0x00, 0x0C, 0xFD, 0x0D, 0xFD,
    0x00, 0x00, 0x00, 0x00, 0x0F, 0xFA, 0x07, 0xFF, 0x50, 0x00, 0x00, 0x00, 0x6F, 0xF5, 0x00, 0xEF,
    0xE2, 0x00, 0x00, 0x02, 0xEF, 0xD0, 0x00, 0x3F, 0xFF, 0x84, 0x24, 0x8E, 0xFF, 0x30, 0x00, 0x03,
    0xEF, 0xFF, 0xFF, 0xFF, 0xE3, 0x00, 0x00, 0x00, 0x07, 0xCE, 0xFE, 0xC6, 0x10, 0x00, 0xBF, 0xFF,
    0xFF, 0xFD, 0xA5, 0x00, 0x00, 0x0B, 0xFF, 0xFF, 0xFF, 0xFF, 0xFC, 0x20, 0x00, 0xBF, 0xF2, 0x22,
    0x35, 0xAF, 0xFF, 0x40, 0x0B, 0xFF, 0x00, 0x00, 0x00, 0x3E, 0xFE, 0x10, 0xBF, 0xF0, 0x00, 0x00,
    0x00, 0x3F, 0xF9, 0x0B, 0xFF, 0x00, 0x00, 0x00, 0x00, 0xAF, 0xF1, 0xBF, 0xF0, 0x00, 0x00, 0x00,
    0x04, 0xFF, 0x5B, 0xFF, 0x00, 0x00, 0x00, 0x00, 0x0F, 0xF8, 0xBF, 0xF0, 0x00, 0x00, 0x00, 0x00,
    0xFF, 0xAB, 0xFF, 0x00, 0x00, 0x00, 0x00, 0x0E, 0xFB, 0xBF, 0xF0, 0x00, 0x00, 0x00, 0x00, 0xEF,
    0xBB, 0xFF, 0x00, 0x00, 0x00, 0x00, 0x0F, 0xFA, 0xBF, 0xF0, 0x00, 0x00, 0x00, 0x01, 0xFF, 0x9B,
    0xFF, 0x00, 0x00, 0x00, 0x00, 0x5F, 0xF5, 0xBF, 0xF0, 0x00, 0x00, 0x00, 0x0A, 0xFF, 0x1B, 0xFF,
    0x00, 0x00, 0x00, 0x04, 0xFF, 0x90, 0xBF, 0xF0, 0x00, 0x00, 0x04, 0xFF, 0xE1, 0x0B, 0xFF, 0x22,
    0x23, 0x5B, 0xFF, 0xF3, 0x00, 0xBF, 0xFF, 0xFF, 0xFF, 0xFF, 0xC2, 0x00, 0x0B, 0xFF, 0xFF, 0xFE,
    0xD9, 0x40, 0x00, 0x00, 0xBF, 0xFF, 0xFF, 0xFF, 0xFF, 0xFF, 0xDB, 0xFF, 0xFF, 0xFF, 0xFF, 0xFF,
    0xFD, 0xBF, 0xF2, 0x22, 0x22, 0x22, 0x22, 0x2B, 0xFF, 0x00, 0x00, 0x00, 0x00, 0x00, 0xBF, 0xF0,
    0x00, 0x00, 0x00, 0x00, 0x0B, 0xFF, 0x00, 0x00, 0x00, 0x00, 0x00, 0xBF, 0xF0, 0x00, 0x00, 0x00,
    0x00, 0x0B, 0xFF, 0x00, 0x00, 0x00, 0x00, 0x00, 0xBF, 0xF2, 0x22, 0x22, 0x22, 0x21, 0x0B, 0xFF,
    0xFF, 0xFF, 0xFF, 0xFF, 0x90, 0xBF, 0xFF, 0xFF, 0xFF, 0xFF, 0xF9, 0x0B, 0xFF, 0x00, 0x00, 0x00,
    0x00, 0x00, 0xBF, 0xF0, 0x00, 0x00, 0x00, 0x00, 0x0B, 0xFF, 0x00, 0x00, 0x00, 0x00, 0x00, 0xBF,
    0xF0, 0x00, 0x00, 0x00, 0x00, 0x0B, 0xFF, 0x00, 0x00, 0x00, 0x00, 0x00, 0xBF, 0xF0, 0x00, 0x00,
    0x00, 0x00, 0x0B, 0xFF, 0x22, 0x22, 0x22, 0x22, 0x22, 0xBF, 0xFF, 0xFF, 0xFF, 0xFF, 0xFF, 0xFB,
    0xFF, 0xFF, 0xFF, 0xFF, 0xFF, 0xFF, 0xBF, 0xFF, 0xFF, 0xFF, 0xFF, 0xFF, 0xAB, 0xFF, 0xFF, 0xFF,
    0xFF, 0xFF, 0xFA, 0xBF, 0xF2, 0x22, 0x22, 0x22, 0x22, 0x1B, 0xFF, 0x00, 0x00, 0x00, 0x00, 0x00,
    0xBF, 0xF0, 0x00, 0x00, 0x00, 0x00, 0x0B, 0xFF, 0x00, 0x00, 0x00, 0x00, 0x00, 0xBF, 0xF0, 0x00,
    0x00, 0x00, 0x00, 0x0B, 0xFF, 0x00, 0x00, 0x00, 0x00, 0x00, 0xBF, 0xF2, 0x22, 0x22, 0x22, 0x20,
    0x0B, 0xFF, 0xFF, 0xFF, 0xFF, 0xFF, 0x40, 0xBF, 0xFF, 0xFF, 0xFF, 0xFF, 0xF4, 0x0B, 0xFF, 0x00,
    0x00, 0x00, 0x00, 0x00, 0xBF, 0xF0, 0x00, 0x00, 0x00, 0x00, 0x0B, 0xFF, 0x00, 0x00, 0x00, 0x00,
    0x00, 0xBF, 0xF0, 0x00, 0x00, 0x00, 0x00, 0x0B, 0xFF, 0x00, 0x00, 0x00, 0x00, 0x00, 0xBF, 0xF0,
    0x00, 0x00, 0x00, 0x00, 0x0B, 0xFF, 0x00, 0x00, 0x00, 0x00, 0x00, 0xBF, 0xF0, 0x00, 0x00, 0x00,
    0x00, 0x0B, 0xFF, 0x00, 0x00, 0x00, 0x00, 0x00, 0x00, 0x00, 0x07, 0xBE, 0xFE, 0xD8, 0x20, 0x00,
    0x00, 0x00, 0x4E, 0xFF, 0xFF, 0xFF, 0xFF, 0x80, 0x00, 0x00, 0x4F, 0xFF, 0x94, 0x34, 0x7E, 0xFF,
    0x80, 0x00, 0x1E, 0xFF, 0x30, 0x00, 0x00, 0x0C, 0xFF, 0x30, 0x07, 0xFF, 0x60, 0x00, 0x00, 0x00,
    0x2F, 0xFA, 0x00, 0xDF, 0xE0, 0x00, 0x00, 0x00, 0x00, 0xBF, 0xE0, 0x0F, 0xF9, 0x00, 0x00, 0x00,
    0x00, 0x00, 0x00, 0x03, 0xFF, 0x70, 0x00, 0x00, 0x00, 0x00, 0x00, 0x00, 0x4F, 0xF5, 0x00, 0x00,
    0x00, 0x00, 0x00, 0x00, 0x05, 0xFF, 0x50, 0x00, 0x00, 0x22, 0x22, 0x22, 0x20, 0x5F, 0xF5, 0x00,
    0x00, 0x3F, 0xFF, 0xFF, 0xFF, 0x04, 0xFF, 0x50, 0x00, 0x03, 0xFF, 0xFF, 0xFF, 0xF0, 0x3F, 0xF7,
    0x00, 0x00, 0x00, 0x00, 0x09, 0xFF, 0x00, 0xFF, 0xA0, 0x00, 0x00, 0x00, 0x00, 0x9F, 0xF0, 0x0B,
    0xFF, 0x10, 0x00, 0x00, 0x00, 0x09, 0xFF, 0x00, 0x5F, 0xF9, 0x00, 0x00, 0x00, 0x00, 0x9F, 0xF0,
    0x00, 0xCF, 0xF6, 0x00, 0x00, 0x00, 0x0C, 0xFF, 0x00, 0x01, 0xEF, 0xFB, 0x53, 0x24, 0x7D, 0xFF,
    0xA0, 0x00, 0x01, 0xCF, 0xFF, 0xFF, 0xFF, 0xFF, 0x90, 0x00, 0x00, 0x00, 0x4A, 0xDF, 0xFE, 0xC8,
    0x20, 0x00, 0xBF, 0xF0, 0x00, 0x00, 0x00, 0x00, 0x0F, 0xF9, 0xBF, 0xF0, 0x00, 0x00, 0x00, 0x00,
    0x0F, 0xF9, 0xBF, 0xF0, 0x00, 0x00, 0x00, 0x00, 0x0F, 0xF9, 0xBF, 0xF0, 0x00, 0x00, 0x00, 0x00,
    0x0F, 0xF9, 0xBF, 0xF0, 0x00, 0x00, 0x00, 0x00, 0x0F, 0xF9, 0xBF, 0xF0, 0x00, 0x00, 0x00, 0x00,
    0x0F, 0xF9, 0xBF, 0xF0, 0x00, 0x00, 0x00, 0x00, 0x0F, 0xF9, 0xBF, 0xF0, 0x00, 0x00, 0x00, 0x00,
    0x0F, 0xF9, 0xBF, 0xF2, 0x22, 0x22, 0x22, 0x22, 0x2F, 0xF9, 0xBF, 0xFF, 0xFF, 0xFF, 0xFF, 0xFF,
    0xFF, 0xF9, 0xBF, 0xFF, 0xFF, 0xFF, 0xFF, 0xFF, 0xFF, 0xF9, 0xBF, 0xF0, 0x00, 0x00, 0x00, 0x00,
    0x0F, 0xF9, 0xBF, 0xF0, 0x00, 0x00, 0x00, 0x00, 0x0F, 0xF9, 0xBF, 0xF0, 0x00, 0x00, 0x00, 0x00,
    0x0F, 0xF9, 0xBF, 0xF0, 0x00, 0x00, 0x00, 0x00, 0x0F, 0xF9, 0xBF, 0xF0, 0x00, 0x00, 0x00, 0x00,
    0x0F, 0xF9, 0xBF, 0xF0, 0x00, 0x00, 0x00, 0x00, 0x0F, 0xF9, 0xBF, 0xF0, 0x00, 0x00, 0x00, 0x00,
    0x0F, 0xF9, 0xBF, 0xF0, 0x00, 0x00, 0x00, 0x00, 0x0F, 0xF9, 0xBF, 0xF0, 0x00, 0x00, 0x00, 0x00,
    0x0F, 0xF9, 0x8F, 0xF2, 0x8F, 0xF2, 0x8F, 0xF2, 0x8F, 0xF2, 0x8F, 0xF2, 0x8F, 0xF2, 0x8F, 0xF2,
    0x8F, 0xF2, 0x8F, 0xF2, 0x8F, 0xF2, 0x8F, 0xF2, 0x8F, 0xF2, 0x8F, 0xF2, 0x8F, 0xF2, 0x8F, 0xF2,
    0x8F, 0xF2, 0x8F, 0xF2, 0x8F, 0xF2, 0x8F, 0xF2, 0x8F, 0xF2, 0x00, 0x00, 0x00, 0x00, 0x00, 0x5F,
    0xF4, 0x00, 0x00, 0x00, 0x00, 0x00, 0x5F, 0xF4, 0x00, 0x00, 0x00, 0x00, 0x00, 0x5F, 0xF4, 0x00,
    0x00, 0x00, 0x00, 0x00, 0x5F, 0xF4, 0x00, 0x00, 0x00, 0x00, 0x00, 0x5F, 0xF4, 0x00, 0x00, 0x00,
    0x00, 0x00, 0x5F, 0xF4, 0x00, 0x00, 0x00, 0x00, 0x00, 0x5F, 0xF4, 0x00, 0x00, 0x00, 0x00, 0x00,
    0x5F, 0xF4, 0x00, 0x00, 0x00, 0x00, 0x00, 0x5F, 0xF4, 0x00, 0x00, 0x00, 0x00, 0x00, 0x5F, 0xF4,
    0x00, 0x00, 0x00, 0x00, 0x00, 0x5F, 0xF4, 0x00, 0x00, 0x00, 0x00, 0x00, 0x5F, 0xF4, 0x00, 0x00,
    0x00, 0x00, 0x00, 0x5F, 0xF4, 0x00, 0x00, 0x00, 0x00, 0x00, 0x5F, 0xF4, 0x3F, 0xF6, 0x00, 0x00,
    0x00, 0x6F, 0xF3, 0x1F, 0xF9, 0x00, 0x00, 0x00, 0x9F, 0xF1, 0x0D, 0xFF, 0x20, 0x00, 0x02, 0xFF,
    0xC0, 0x05, 0xFF, 0xE6, 0x33, 0x7E, 0xFF, 0x40, 0x00, 0x7F, 0xFF, 0xFF, 0xFF, 0xF6, 0x00, 0x00,
    0x02, 0x9D, 0xFF, 0xD9, 0x20, 0x00, 0xBF, 0xF0, 0x00, 0x00, 0x00, 0x0A, 0xFF, 0x80, 0xBF, 0xF0,
    0x00, 0x00, 0x00, 0x8F, 0xFA, 0x00, 0xBF, 0xF0, 0x00, 0x00, 0x07, 0xFF, 0xB0, 0x00, 0xBF, 0xF0,
    0x00, 0x00, 0x5F, 0xFD, 0x00, 0x00, 0xBF, 0xF0, 0x00, 0x04, 0xFF, 0xE1, 0x00, 0x00, 0xBF, 0xF0,
    0x00, 0x2F, 0xFE, 0x20, 0x00, 0x00, 0xBF, 0xF0, 0x01, 0xEF, 0xF3, 0x00, 0x00, 0x00, 0xBF, 0xF0,
    0x1D, 0xFF, 0x50, 0x00, 0x00, 0x00, 0xBF, 0xF0, 0xCF, 0xF7, 0x00, 0x00, 0x00, 0x00, 0xBF, 0xFB,
    0xFF, 0xFA, 0x00, 0x00, 0x00, 0x00, 0xBF, 0xFF, 0xFF, 0xFF, 0x60, 0x00, 0x00, 0x00, 0xBF, 0xFF,
    0x91, 0xEF, 0xF3, 0x00, 0x00, 0x00, 0xBF, 0xFA, 0x00, 0x4F, 0xFD, 0x00, 0x00, 0x00, 0xBF, 0xF0,
    0x00, 0x07, 0xFF, 0xA0, 0x00, 0x00, 0xBF, 0xF0, 0x00, 0x00, 0xBF, 0xF6, 0x00, 0x00, 0xBF, 0xF0,
    0x00, 0x00, 0x1E, 0xFF, 0x30, 0x00, 0xBF, 0xF0, 0x00, 0x00, 0x03, 0xFF, 0xD0, 0x00, 0xBF, 0xF0,
    0x00, 0x00, 0x00, 0x7F, 0xFA, 0x00, 0xBF, 0xF0, 0x00, 0x00, 0x00, 0x0B, 0xFF, 0x60, 0xBF, 0xF0,
    0x00, 0x00, 0x00, 0x01, 0xEF, 0xF3, 0xBF, 0xF0, 0x00, 0x00, 0x00, 0x00, 0x0B, 0xFF, 0x00, 0x00,
    0x00, 0x00, 0x00, 0xBF, 0xF0, 0x00, 0x00, 0x00, 0x00, 0x0B, 0xFF, 0x00, 0x00, 0x00, 0x00, 0x00,
    0xBF, 0xF0, 0x00, 0x00, 0x00, 0x00, 0x0B, 0xFF, 0x00, 0x00, 0x00, 0x00, 0x00, 0xBF, 0xF0, 0x00,
    0x00, 0x00, 0x00, 0x0B, 0xFF, 0x00, 0x00, 0x00, 0x00, 0x00, 0xBF, 0xF0, 0x00, 0x00, 0x00, 0x00,
    0x0B, 0xFF, 0x00, 0x00, 0x00, 0x00, 0x00, 0xBF, 0xF0, 0x00, 0x00, 0x00, 0x00, 0x0B, 0xFF, 0x00,
    0x00, 0x00, 0x00, 0x00, 0xBF, 0xF0, 0x00, 0x00, 0x00, 0x00, 0x0B, 0xFF, 0x00, 0x00, 0x00, 0x00,
    0x00, 0xBF, 0xF0, 0x00, 0x00, 0x00, 0x00, 0x0B, 0xFF, 0x00, 0x00, 0x00, 0x00, 0x00, 0xBF, 0xF0,
    0x00, 0x00, 0x00, 0x00, 0x0B, 0xFF, 0x22, 0x22, 0x22, 0x22, 0x20, 0xBF, 0xFF, 0xFF, 0xFF, 0xFF,
    0xFF, 0x6B, 0xFF, 0xFF, 0xFF, 0xFF, 0xFF, 0xF6, 0xBF, 0xFE, 0x00, 0x00, 0x00, 0x00, 0x00, 0x00,
    0x7F, 0xFF, 0x2B, 0xFF, 0xF4, 0x00, 0x00, 0x00, 0x00, 0x00, 0x0D, 0xFF, 0xF2, 0xBF, 0xFF, 0xB0,
    0x00, 0x00, 0x00, 0x00, 0x04, 0xFF, 0xFF, 0x2B, 0xFF, 0xFF, 0x10, 0x00, 0x00, 0x00, 0x00, 0xAF,
    0xFF, 0xF2, 0xBF, 0xCF, 0xF8, 0x00, 0x00, 0x00, 0x00, 0x1F, 0xFB, 0xFF, 0x2B, 0xFB, 0xAF, 0xE0,
    0x00, 0x00, 0x00, 0x07, 0xFF, 0x6F, 0xF2, 0xBF, 0xC3, 0xFF, 0x40, 0x00, 0x00, 0x00, 0xDF, 0xA5,
    0xFF, 0x2B, 0xFC, 0x0D, 0xFB, 0x00, 0x00, 0x00, 0x4F, 0xF4, 0x5F, 0xF2, 0xBF, 0xD0, 0x6F, 0xF1,
    0x00, 0x00, 0x0A, 0xFD, 0x06, 0xFF, 0x2B, 0xFD, 0x01, 0xFF, 0x70, 0x00, 0x01, 0xFF, 0x70, 0x6F,
    0xF2, 0xBF, 0xE0, 0x09, 0xFE, 0x00, 0x00, 0x7F, 0xF1, 0x07, 0xFF, 0x2B, 0xFE, 0x00, 0x3F, 0xF4,
    0x00, 0x0D, 0xFA, 0x00, 0x7F, 0xF2, 0xBF, 0xE0, 0x00, 0xCF, 0xB0, 0x04, 0xFF, 0x30, 0x07, 0xFF,
    0x2B, 0xFF, 0x00, 0x06, 0xFF, 0x10, 0xAF, 0xD0, 0x00, 0x8F, 0xF2, 0xBF, 0xF0, 0x00, 0x0F, 0xF7,
    0x1F, 0xF6, 0x00, 0x08, 0xFF, 0x2B, 0xFF, 0x00, 0x00, 0x9F, 0xE7, 0xFF, 0x10, 0x00, 0x8F, 0xF2,
    0xBF, 0xF0, 0x00, 0x03, 0xFF, 0xFF, 0x90, 0x00, 0x08, 0xFF, 0x2B, 0xFF, 0x00, 0x00, 0x0C, 0xFF,
    0xF3, 0x00, 0x00, 0x8F, 0xF2, 0xBF, 0xF0, 0x00, 0x00, 0x6F, 0xFC, 0x00, 0x00, 0x08, 0xFF, 0x2B,
    0xFF, 0x00, 0x00, 0x00, 0xFF, 0x60, 0x00, 0x00, 0x8F, 0xF2, 0xBF, 0xF4, 0x00, 0x00, 0x00, 0x00,
    0x0F, 0xFA, 0xBF, 0xFE, 0x00, 0x00, 0x00, 0x00, 0x0F, 0xFA, 0xBF, 0xFF, 0x90, 0x00, 0x00, 0x00,
    0x0F, 0xFA, 0xBF, 0xFF, 0xF3, 0x00, 0x00, 0x00, 0x0F, 0xFA, 0xBF, 0xFF, 0xFD, 0x00, 0x00, 0x00,
    0x0F, 0xFA, 0xBF, 0xF7, 0xFF, 0x80, 0x00, 0x00, 0x0F, 0xFA, 0xBF, 0xF0, 0xCF, 0xF3, 0x00, 0x00,
    0x0F, 0xFA, 0xBF, 0xF0, 0x2F, 0xFC, 0x00, 0x00, 0x0F, 0xFA, 0xBF, 0xF0, 0x08, 0xFF, 0x70, 0x00,
    0x0F, 0xFA, 0xBF, 0xF0, 0x00, 0xDF, 0xF2, 0x00, 0x0F, 0xFA, 0xBF, 0xF0, 0x00, 0x3F, 0xFC, 0x00,
    0x0F, 0xFA, 0xBF, 0xF0, 0x00, 0x08, 0xFF, 0x60, 0x0F, 0xFA, 0xBF, 0xF0, 0x00, 0x00, 0xDF, 0xF2,
    0x0F, 0xFA, 0xBF, 0xF0, 0x00, 0x00, 0x4F, 0xFB, 0x0F, 0xFA, 0xBF, 0xF0, 0x00, 0x00, 0x09, 0xFF,
    0x6F, 0xFA, 0xBF, 0xF0, 0x00, 0x00, 0x00, 0xEF, 0xEF, 0xFA, 0xBF, 0xF0, 0x00, 0x00, 0x00, 0x4F,
    0xFF, 0xFA, 0xBF, 0xF0, 0x00, 0x00, 0x00, 0x0A, 0xFF, 0xFA, 0xBF, 0xF0, 0x00, 0x00, 0x00, 0x01,
    0xEF, 0xFA, 0xBF, 0xF0, 0x00, 0x00, 0x00, 0x00, 0x5F, 0xFA, 0x00, 0x00, 0x05, 0xBE, 0xFE, 0xC7,
    0x10, 0x00, 0x00, 0x00, 0x2D, 0xFF, 0xFF, 0xFF, 0xFE, 0x50, 0x00, 0x00, 0x2E, 0xFF, 0xB6, 0x45,
    0x9F, 0xFF, 0x60, 0x00, 0x0C, 0xFF, 0x50, 0x00, 0x00, 0x2D, 0xFF, 0x20, 0x05, 0xFF, 0x70, 0x00,
    0x00, 0x00, 0x2F, 0xFA, 0x00, 0xCF, 0xE0, 0x00, 0x00, 0x00, 0x00, 0xAF, 0xF1, 0x0F, 0xF9, 0x00,
    0x00, 0x00, 0x00, 0x05, 0xFF, 0x43, 0xFF, 0x60, 0x00, 0x00, 0x00, 0x00, 0x1F, 0xF8, 0x5F, 0xF4,
    0x00, 0x00, 0x00, 0x00, 0x00, 0xFF, 0x95, 0xFF, 0x30, 0x00, 0x00, 0x00, 0x00, 0x0F, 0xFA, 0x5F,
    0xF3, 0x00, 0x00, 0x00, 0x00, 0x00, 0xFF, 0xA5, 0xFF, 0x40, 0x00, 0x00, 0x00, 0x00, 0x0F, 0xF9,
    0x3F, 0xF6, 0x00, 0x00, 0x00, 0x00, 0x01, 0xFF, 0x80, 0xFF, 0x90, 0x00, 0x00, 0x00, 0x00, 0x4F,
    0xF5, 0x0C, 0xFE, 0x00, 0x00, 0x00, 0x00, 0x09, 0xFF, 0x10, 0x6F, 0xF7, 0x00, 0x00, 0x00, 0x02,
    0xFF, 0xA0, 0x00, 0xCF, 0xF5, 0x00, 0x00, 0x01, 0xDF, 0xF2, 0x00, 0x02, 0xEF, 0xFB, 0x54, 0x58,
    0xFF, 0xF6, 0x00, 0x00, 0x02, 0xDF, 0xFF, 0xFF, 0xFF, 0xF6, 0x00, 0x00, 0x00, 0x00, 0x5B, 0xEF,
    0xEC, 0x71, 0x00, 0x00, 0xBF, 0xFF, 0xFF, 0xFF, 0xED, 0x82, 0x00, 0x0B, 0xFF, 0xFF, 0xFF, 0xFF,
    0xFF, 0xF8, 0x00, 0xBF, 0xF2, 0x22, 0x22, 0x37, 0xEF, 0xF7, 0x0B, 0xFF, 0x00, 0x00, 0x00, 0x01,
    0xDF, 0xF1, 0xBF, 0xF0, 0x00, 0x00, 0x00, 0x05, 0xFF, 0x6B, 0xFF, 0x00, 0x00, 0x00, 0x00, 0x1F,
    0xF9, 0xBF, 0xF0, 0x00, 0x00, 0x00, 0x00, 0xFF, 0x9B, 0xFF, 0x00, 0x00, 0x00, 0x00, 0x4F, 0xF7,
    0xBF, 0xF0, 0x00, 0x00, 0x00, 0x0C, 0xFF, 0x2B, 0xFF, 0x22, 0x22, 0x23, 0x6D, 0xFF, 0x90, 0xBF,
    0xFF, 0xFF, 0xFF, 0xFF, 0xFF, 0xA0, 0x0B, 0xFF, 0xFF, 0xFF, 0xFE, 0xD9, 0x40, 0x00, 0xBF, 0xF0,
    0x00, 0x00, 0x00, 0x00, 0x00, 0x0B, 0xFF, 0x00, 0x00, 0x00, 0x00, 0x00, 0x00, 0xBF, 0xF0, 0x00,
    0x00, 0x00, 0x00, 0x00, 0x0B, 0xFF, 0x00, 0x00, 0x00, 0x00, 0x00, 0x00, 0xBF, 0xF0, 0x00, 0x00,
    0x00, 0x00, 0x00, 0x0B, 0xFF, 0x00, 0x00, 0x00, 0x00, 0x00, 0x00, 0xBF, 0xF0, 0x00, 0x00, 0x00,
    0x00, 0x00, 0x0B, 0xFF, 0x00, 0x00, 0x00, 0x00, 0x00, 0x00, 0x00, 0x00, 0x06, 0xBE, 0xFE, 0xC7,
    0x00, 0x00, 0x00, 0x00, 0x3E, 0xFF, 0xFF, 0xFF, 0xFE, 0x40, 0x00, 0x00, 0x3F, 0xFF, 0xA5, 0x45,
    0xAF, 0xFF, 0x40, 0x00, 0x1E, 0xFF, 0x30, 0x00, 0x00, 0x3E, 0xFE, 0x10, 0x07, 0xFF, 0x50, 0x00,
    0x00, 0x00, 0x4F, 0xF8, 0x00, 0xEF, 0xC0, 0x00, 0x00, 0x00, 0x00, 0xCF, 0xE0, 0x2F, 0xF7, 0x00,
    0x00, 0x00, 0x00, 0x07, 0xFF, 0x25, 0xFF, 0x40, 0x00, 0x00, 0x00, 0x00, 0x3F, 0xF6, 0x7F, 0xF2,
    0x00, 0x00, 0x00, 0x00, 0x02, 0xFF, 0x77, 0xFF, 0x10, 0x00, 0x00, 0x00, 0x00, 0x1F, 0xF8, 0x7F,
    0xF1, 0x00, 0x00, 0x00, 0x00, 0x01, 0xFF, 0x87, 0xFF, 0x20, 0x00, 0x00, 0x00, 0x00, 0x2F, 0xF7,
    0x5F, 0xF4, 0x00, 0x00, 0x00, 0x00, 0x03, 0xFF, 0x62, 0xFF, 0x70, 0x00, 0x00, 0x00, 0x00, 0x6F,
    0xF3, 0x0E, 0xFC, 0x00, 0x00, 0x00, 0x00, 0x0B, 0xFE, 0x00, 0x7F, 0xF5, 0x00, 0x00, 0x00, 0x03,
    0xFF, 0x80, 0x01, 0xEF, 0xF3, 0x00, 0x00, 0x02, 0xEF, 0xE1, 0x00, 0x03, 0xFF, 0xFA, 0x54, 0x59,
    0xFF, 0xF4, 0x00, 0x00, 0x03, 0xDF, 0xFF, 0xFF, 0xFF, 0xF6, 0x00, 0x00, 0x00, 0x00, 0x6B, 0xEF,
    0xFF, 0xFF, 0xE4, 0x00, 0x00, 0x00, 0x00, 0x00, 0x00, 0x06, 0xFF, 0xF7, 0x00, 0x00, 0x00, 0x00,
    0x00, 0x00, 0x03, 0xEF, 0xF4, 0x00, 0x00, 0x00, 0x00, 0x00, 0x00, 0x01, 0xB6, 0x00, 0xBF, 0xFF,
    0xFF, 0xFF, 0xDA, 0x50, 0x00, 0x0B, 0xFF, 0xFF, 0xFF, 0xFF, 0xFF, 0xC1, 0x00, 0xBF, 0xF2, 0x22,
    0x23, 0x5B, 0xFF, 0xC0, 0x0B, 0xFF, 0x00, 0x00, 0x00, 0x09, 0xFF, 0x50, 0xBF, 0xF0, 0x00, 0x00,
    0x00, 0x0F, 0xFB, 0x0B, 0xFF, 0x00, 0x00, 0x00, 0x00, 0xCF, 0xC0, 0xBF, 0xF0, 0x00, 0x00, 0x00,
    0x0C, 0xFD, 0x0B, 0xFF, 0x00, 0x00, 0x00, 0x01, 0xFF, 0xA0, 0xBF, 0xF0, 0x00, 0x00, 0x00, 0xAF,
    0xF5, 0x0B, 0xFF, 0x22, 0x22, 0x35, 0xCF, 0xFB, 0x00, 0xBF, 0xFF, 0xFF, 0xFF, 0xFF, 0xFA, 0x00,
    0x0B, 0xFF, 0xFF, 0xFF, 0xFF, 0xF6, 0x00, 0x00, 0xBF, 0xF0, 0x00, 0x02, 0xFF, 0xA0, 0x00, 0x0B,
    0xFF, 0x00, 0x00, 0x08, 0xFF, 0x30, 0x00, 0xBF, 0xF0, 0x00, 0x00, 0x1F, 0xFC, 0x00, 0x0B, 0xFF,
    0x00, 0x00, 0x00, 0x7F, 0xF5, 0x00, 0xBF, 0xF0, 0x00, 0x00, 0x00, 0xEF, 0xE0, 0x0B, 0xFF, 0x00,
    0x00, 0x00, 0x06, 0xFF, 0x70, 0xBF, 0xF0, 0x00, 0x00, 0x00, 0x0D, 0xFF, 0x1B, 0xFF, 0x00, 0x00,
    0x00, 0x00, 0x5F, 0xF9, 0x00, 0x01, 0x7C, 0xEF, 0xEC, 0x71, 0x00, 0x00, 0x06, 0xFF, 0xFF, 0xFF,
    0xFF, 0xE4, 0x00, 0x05, 0xFF, 0xE7, 0x43, 0x48, 0xEF, 0xF3, 0x00, 0xEF, 0xE1, 0x00, 0x00, 0x01,
    0xEF, 0xD0, 0x2F, 0xF8, 0x00, 0x00, 0x00, 0x06, 0xFF, 0x43, 0xFF, 0x60, 0x00, 0x00, 0x00, 0x2F,
    0xF7, 0x1F, 0xFB, 0x00, 0x00, 0x00, 0x00, 0x00, 0x00, 0xAF, 0xFA, 0x10, 0x00, 0x00, 0x00, 0x00,
    0x01, 0xDF, 0xFF, 0xA5, 0x00, 0x00, 0x00, 0x00, 0x00, 0x8F, 0xFF, 0xFF, 0xB5, 0x00, 0x00, 0x00,
    0x00, 0x17, 0xCF, 0xFF, 0xFD, 0x30, 0x00, 0x00, 0x00, 0x00, 0x16, 0xDF, 0xFF, 0x50, 0x00, 0x00,
    0x00, 0x00, 0x00, 0x5F, 0xFF, 0x10, 0x00, 0x00, 0x00, 0x00, 0x00, 0x6F, 0xF6, 0xDF, 0xC0, 0x00,
    0x00, 0x00, 0x02, 0xFF, 0x8A, 0xFF, 0x10, 0x00, 0x00, 0x00, 0x3F, 0xF7, 0x4F, 0xFB, 0x00, 0x00,
    0x00, 0x0B, 0xFF, 0x30, 0x8F, 0xFE, 0x84, 0x23, 0x6C, 0xFF, 0xB0, 0x00, 0x7F, 0xFF, 0xFF, 0xFF,
    0xFF, 0xA0, 0x00, 0x00, 0x17, 0xCE, 0xFF, 0xD9, 0x30, 0x00, 0x5F, 0xFF, 0xFF, 0xFF, 0xFF, 0xFF,
    0xFF, 0xFF, 0x15, 0xFF, 0xFF, 0xFF, 0xFF, 0xFF, 0xFF, 0xFF, 0xF1, 0x02, 0x22, 0x22, 0x2F, 0xFD,
    0x22, 0x22, 0x22, 0x00, 0x00, 0x00, 0x00, 0xFF, 0xA0, 0x00, 0x00, 0x00, 0x00, 0x00, 0x00, 0x0F,
    0xFA, 0x00, 0x00, 0x00, 0x00, 0x00, 0x00, 0x00, 0xFF, 0xA0, 0x00, 0x00, 0x00, 0x00, 0x00, 0x00,
    0x0F, 0xFA, 0x00, 0x00, 0x00, 0x00, 0x00, 0x00, 0x00, 0xFF, 0xA0, 0x00, 0x00, 0x00, 0x00, 0x00,
    0x00, 0x0F, 0xFA, 0x00, 0x00, 0x00, 0x00, 0x00, 0x00, 0x00, 0xFF, 0xA0, 0x00, 0x00, 0x00, 0x00,
    0x00, 0x00, 0x0F, 0xFA, 0x00, 0x00, 0x00, 0x00, 0x00, 0x00, 0x00, 0xFF, 0xA0, 0x00, 0x00, 0x00,
    0x00, 0x00, 0x00, 0x0F, 0xFA, 0x00, 0x00, 0x00, 0x00, 0x00, 0x00, 0x00, 0xFF, 0xA0, 0x00, 0x00,
    0x00, 0x00, 0x00, 0x00, 0x0F, 0xFA, 0x00, 0x00, 0x00, 0x00, 0x00, 0x00, 0x00, 0xFF, 0xA0, 0x00,
    0x00, 0x00, 0x00, 0x00, 0x00, 0x0F, 0xFA, 0x00, 0x00, 0x00, 0x00, 0x00, 0x00, 0x00, 0xFF, 0xA0,
    0x00, 0x00, 0x00, 0x00, 0x00, 0x00, 0x0F, 0xFA, 0x00, 0x00, 0x00, 0x00, 0x00, 0x00, 0x00, 0xFF,
    0xA0, 0x00, 0x00, 0x00, 0x1F, 0xF8, 0x00, 0x00, 0x00, 0x00, 0x4F, 0xF5, 0x1F, 0xF8, 0x00, 0x00,
    0x00, 0x00, 0x4F, 0xF5, 0x1F, 0xF8, 0x00, 0x00, 0x00, 0x00, 0x4F, 0xF5, 0x1F, 0xF8, 0x00, 0x00,
    0x00, 0x00, 0x4F, 0xF5, 0x1F, 0xF8, 0x00, 0x00, 0x00, 0x00, 0x4F, 0xF5, 0x1F, 0xF8, 0x00, 0x00,
    0x00, 0x00, 0x4F, 0xF5, 0x1F, 0xF8, 0x00, 0x00, 0x00, 0x00, 0x4F, 0xF5, 0x1F, 0xF8, 0x00, 0x00,
    0x00, 0x00, 0x4F, 0xF5, 0x1F, 0xF8, 0x00, 0x00, 0x00, 0x00, 0x4F, 0xF5, 0x1F, 0xF8, 0x00, 0x00,
    0x00, 0x00, 0x4F, 0xF5, 0x1F, 0xF8, 0x00, 0x00, 0x00, 0x00, 0x4F, 0xF5, 0x1F, 0xF8, 0x00, 0x00,
    0x00, 0x00, 0x4F, 0xF5, 0x1F, 0xF8, 0x00, 0x00, 0x00, 0x00, 0x4F, 0xF5, 0x0F, 0xF8, 0x00, 0x00,
    0x00, 0x00, 0x5F, 0xF4, 0x0F, 0xFA, 0x00, 0x00, 0x00, 0x00, 0x6F, 0xF2, 0x0C, 0xFE, 0x00, 0x00,
    0x00, 0x00, 0xBF, 0xF0, 0x05, 0xFF, 0x90, 0x00, 0x00, 0x06, 0xFF, 0x90, 0x00, 0xBF, 0xFC, 0x63,
    0x35, 0xAF, 0xFD, 0x10, 0x00, 0x0A, 0xFF, 0xFF, 0xFF, 0xFF, 0xB1, 0x00, 0x00, 0x00, 0x49, 0xDF,
    0xFD, 0xA4, 0x00, 0x00, 0x6F, 0xF6, 0x00, 0x00, 0x00, 0x00, 0x00, 0x9F, 0xF4, 0x1F, 0xFC, 0x00,
    0x00, 0x00, 0x00, 0x00, 0xEF, 0xE0, 0x0B, 0xFF, 0x10, 0x00, 0x00, 0x00, 0x04, 0xFF, 0x80, 0x05,
    0xFF, 0x70, 0x00, 0x00, 0x00, 0x09, 0xFF, 0x20, 0x00, 0xEF, 0xC0, 0x00, 0x00, 0x00, 0x0E, 0xFC,
    0x00, 0x00, 0x9F, 0xF2, 0x00, 0x00, 0x00, 0x4F, 0xF6, 0x00, 0x00, 0x3F, 0xF7, 0x00, 0x00, 0x00,
    0xAF, 0xF1, 0x00, 0x00, 0x0D, 0xFD, 0x00, 0x00, 0x00, 0xFF, 0xB0, 0x00, 0x00, 0x07, 0xFF, 0x20,
    0x00, 0x05, 0xFF, 0x50, 0x00, 0x00, 0x01, 0xFF, 0x80, 0x00, 0x0A, 0xFE, 0x00, 0x00, 0x00, 0x00,
    0xBF, 0xD0, 0x00, 0x0F, 0xF9, 0x00, 0x00, 0x00, 0x00, 0x6F, 0xF3, 0x00, 0x5F, 0xF3, 0x00, 0x00,
    0x00, 0x00, 0x0F, 0xF8, 0x00, 0xBF, 0xD0, 0x00, 0x00, 0x00, 0x00, 0x0A, 0xFD, 0x01, 0xFF, 0x70,
    0x00, 0x00, 0x00, 0x00, 0x04, 0xFF, 0x36, 0xFF, 0x10, 0x00, 0x00, 0x00, 0x00, 0x00, 0xEF, 0x8C,
    0xFB, 0x00, 0x00, 0x00, 0x00, 0x00, 0x00, 0x8F, 0xFF, 0xF6, 0x00, 0x00, 0x00, 0x00, 0x00, 0x00,
    0x2F, 0xFF, 0xF0, 0x00, 0x00, 0x00, 0x00, 0x00, 0x00, 0x0C, 0xFF, 0xA0, 0x00, 0x00, 0x00, 0x00,
    0x00, 0x00, 0x06, 0xFF, 0x40, 0x00, 0x00, 0x00, 0x1F, 0xF9, 0x00, 0x00, 0x00, 0x0B, 0xFF, 0x00,
    0x00, 0x00, 0x08, 0xFF, 0x10, 0xDF, 0xC0, 0x00, 0x00, 0x00, 0xEF, 0xF1, 0x00, 0x00, 0x00, 0xBF,
    0xD0, 0x09, 0xFF, 0x00, 0x00, 0x00, 0x3F, 0xFF, 0x60, 0x00, 0x00, 0x0F, 0xFA, 0x00, 0x5F, 0xF4,
    0x00, 0x00, 0x07, 0xFF, 0xFA, 0x00, 0x00, 0x02, 0xFF, 0x60, 0x01, 0xFF, 0x70, 0x00, 0x00, 0xCF,
    0xCF, 0xE0, 0x00, 0x00, 0x6F, 0xF2, 0x00, 0x0D, 0xFB, 0x00, 0x00, 0x1F, 0xF5, 0xFF, 0x30, 0x00,
    0x0A, 0xFE, 0x00, 0x00, 0x9F, 0xF0, 0x00, 0x05, 0xFF, 0x0C, 0xF7, 0x00, 0x00, 0xDF, 0xA0, 0x00,
    0x05, 0xFF, 0x20, 0x00, 0xAF, 0xB0, 0x7F, 0xC0, 0x00, 0x1F, 0xF6, 0x00, 0x00, 0x1F, 0xF6, 0x00,
    0x0E, 0xF6, 0x03, 0xFF, 0x00, 0x04, 0xFF, 0x30, 0x00, 0x00, 0xEF, 0xA0, 0x03, 0xFF, 0x10, 0x0E,
    0xF5, 0x00, 0x8F, 0xF0, 0x00, 0x00, 0x0A, 0xFD, 0x00, 0x7F, 0xD0, 0x00, 0xAF, 0x90, 0x0C, 0xFB,
    0x00, 0x00, 0x00, 0x6F, 0xF1, 0x0C, 0xF8, 0x00, 0x05, 0xFD, 0x00, 0xFF, 0x70, 0x00, 0x00, 0x02,
    0xFF, 0x50, 0xFF, 0x30, 0x00, 0x1F, 0xF2, 0x3F, 0xF3, 0x00, 0x00, 0x00, 0x0E, 0xF8, 0x5F, 0xE0,
    0x00, 0x00, 0xCF, 0x66, 0xFF, 0x00, 0x00, 0x00, 0x00, 0xAF, 0xB9, 0xFA, 0x00, 0x00, 0x08, 0xFA,
    0x9F, 0xB0, 0x00, 0x00, 0x00, 0x06, 0xFE, 0xCF, 0x50, 0x00, 0x00, 0x3F, 0xEC, 0xF8, 0x00, 0x00,
    0x00, 0x00, 0x3F, 0xFF, 0xF1, 0x00, 0x00, 0x00, 0xEF, 0xFF, 0x40, 0x00, 0x00, 0x00, 0x00, 0xFF,
    0xFC, 0x00, 0x00, 0x00, 0x0A, 0xFF, 0xF0, 0x00, 0x00, 0x00, 0x00, 0x0B, 0xFF, 0x70, 0x00, 0x00,
    0x00, 0x6F, 0xFC, 0x00, 0x00, 0x00, 0x00, 0x00, 0x7F, 0xF3, 0x00, 0x00, 0x00, 0x01, 0xFF, 0x80,
    0x00, 0x00, 0x0B, 0xFF, 0x50, 0x00, 0x00, 0x00, 0x0B, 0xFF, 0x50, 0x2F, 0xFE, 0x00, 0x00, 0x00,
    0x05, 0xFF, 0xB0, 0x00, 0x7F, 0xF9, 0x00, 0x00, 0x00, 0xEF, 0xF2, 0x00, 0x00, 0xDF, 0xF3, 0x00,
    0x00, 0x9F, 0xF7, 0x00, 0x00, 0x03, 0xFF, 0xD0, 0x00, 0x3F, 0xFC, 0x00, 0x00, 0x00, 0x09, 0xFF,
    0x70, 0x0D, 0xFF, 0x30, 0x00, 0x00, 0x00, 0x0E, 0xFF, 0x17, 0xFF, 0x80, 0x00, 0x00, 0x00, 0x00,
    0x4F, 0xFC, 0xFF, 0xD0, 0x00, 0x00, 0x00, 0x00, 0x00, 0xAF, 0xFF, 0xF4, 0x00, 0x00, 0x00, 0x00,
    0x00, 0x01, 0xFF, 0xFA, 0x00, 0x00, 0x00, 0x00, 0x00, 0x00, 0x2F, 0xFF, 0xB0, 0x00, 0x00, 0x00,
    0x00, 0x00, 0x0C, 0xFF, 0xFF, 0x60, 0x00, 0x00, 0x00, 0x00, 0x06, 0xFF, 0xAE, 0xFE, 0x10, 0x00,
    0x00, 0x00, 0x01, 0xFF, 0xE1, 0x5F, 0xFA, 0x00, 0x00, 0x00, 0x00, 0xBF, 0xF5, 0x00, 0xBF, 0xF4,
    0x00, 0x00, 0x00, 0x5F, 0xFB, 0x00, 0x02, 0xFF, 0xE0, 0x00, 0x00, 0x1E, 0xFF, 0x20, 0x00, 0x07,
    0xFF, 0x90, 0x00, 0x09, 0xFF, 0x70, 0x00, 0x00, 0x0D, 0xFF, 0x30, 0x04, 0xFF, 0xD0, 0x00, 0x00,
    0x00, 0x3F, 0xFD, 0x00, 0xDF, 0xF3, 0x00, 0x00, 0x00, 0x00, 0x9F, 0xF7, 0x8F, 0xF7, 0x00, 0x00,
    0x00, 0x00, 0x0A, 0xFF, 0x40, 0xEF, 0xF1, 0x00, 0x00, 0x00, 0x03, 0xFF, 0xC0, 0x06, 0xFF, 0x80,
    0x00, 0x00, 0x00, 0xBF, 0xF3, 0x00, 0x0D, 0xFF, 0x10, 0x00, 0x00, 0x3F, 0xFA, 0x00, 0x00, 0x5F,
    0xF8, 0x00, 0x00, 0x0B, 0xFF, 0x20, 0x00, 0x00, 0xCF, 0xF1, 0x00, 0x04, 0xFF, 0x80, 0x00, 0x00,
    0x03, 0xFF, 0x90, 0x00, 0xCF, 0xE1, 0x00, 0x00, 0x00, 0x0B, 0xFF, 0x10, 0x4F, 0xF7, 0x00, 0x00,
    0x00, 0x00, 0x2F, 0xF9, 0x0C, 0xFE, 0x00, 0x00, 0x00, 0x00, 0x00, 0x9F, 0xF7, 0xFF, 0x50, 0x00,
    0x00, 0x00, 0x00, 0x01, 0xFF, 0xFF, 0xC0, 0x00, 0x00, 0x00, 0x00, 0x00, 0x08, 0xFF, 0xF4, 0x00,
    0x00, 0x00, 0x00, 0x00, 0x00, 0x0F, 0xFC, 0x00, 0x00, 0x00, 0x00, 0x00, 0x00, 0x00, 0xFF, 0xB0,
    0x00, 0x00, 0x00, 0x00, 0x00, 0x00, 0x0F, 0xFB, 0x00, 0x00, 0x00, 0x00, 0x00, 0x00, 0x00, 0xFF,
    0xB0, 0x00, 0x00, 0x00, 0x00, 0x00, 0x00, 0x0F, 0xFB, 0x00, 0x00, 0x00, 0x00, 0x00, 0x00, 0x00,
    0xFF, 0xB0, 0x00, 0x00, 0x00, 0x00, 0x00, 0x00, 0x0F, 0xFB, 0x00, 0x00, 0x00, 0x00, 0x00, 0x00,
    0x00, 0xFF, 0xB0, 0x00, 0x00, 0x00, 0xAF, 0xFF, 0xFF, 0xFF, 0xFF, 0xFF, 0xFF, 0x3A, 0xFF, 0xFF,
    0xFF, 0xFF, 0xFF, 0xFF, 0xF3, 0x12, 0x22, 0x22, 0x22, 0x22, 0x5F, 0xFD, 0x00, 0x00, 0x00, 0x00,
    0x00, 0x0C, 0xFF, 0x20, 0x00, 0x00, 0x00, 0x00, 0x08, 0xFF, 0x70, 0x00, 0x00, 0x00, 0x00, 0x03,
    0xFF, 0xC0, 0x00, 0x00, 0x00, 0x00, 0x00, 0xDF, 0xF2, 0x00, 0x00, 0x00, 0x00, 0x00, 0x9F, 0xF6,
    0x00, 0x00, 0x00, 0x00, 0x00, 0x4F, 0xFB, 0x00, 0x00, 0x00, 0x00, 0x00, 0x0E, 0xFE, 0x10, 0x00,
    0x00, 0x00, 0x00, 0x0A, 0xFF, 0x50, 0x00, 0x00, 0x00, 0x00, 0x05, 0xFF, 0xA0, 0x00, 0x00, 0x00,
    0x00, 0x01, 0xEF, 0xE1, 0x00, 0x00, 0x00, 0x00, 0x00, 0xBF, 0xF4, 0x00, 0x00, 0x00, 0x00, 0x00,
    0x6F, 0xF9, 0x00, 0x00, 0x00, 0x00, 0x00, 0x2F, 0xFD, 0x00, 0x00, 0x00, 0x00, 0x00, 0x0C, 0xFF,
    0x30, 0x00, 0x00, 0x00, 0x00, 0x07, 0xFF, 0xA2, 0x22, 0x22, 0x22, 0x22, 0x21, 0xCF, 0xFF, 0xFF,
    0xFF, 0xFF, 0xFF, 0xFF, 0xAD, 0xFF, 0xFF, 0xFF, 0xFF, 0xFF, 0xFF, 0xFA, 0xFF, 0xFF, 0xF2, 0xFF,
    0xFF, 0xF2, 0xFF, 0x91, 0x10, 0xFF, 0x80, 0x00, 0xFF, 0x80, 0x00, 0xFF, 0x80, 0x00, 0xFF, 0x80,
    0x00, 0xFF, 0x80, 0x00, 0xFF, 0x80, 0x00, 0xFF, 0x80, 0x00, 0xFF, 0x80, 0x00, 0xFF, 0x80, 0x00,
    0xFF, 0x80, 0x00, 0xFF, 0x80, 0x00, 0xFF, 0x80, 0x00, 0xFF, 0x80, 0x00, 0xFF, 0x80, 0x00, 0xFF,
    0x80, 0x00, 0xFF, 0x80, 0x00, 0xFF, 0x80, 0x00, 0xFF, 0x80, 0x00, 0xFF, 0x80, 0x00, 0xFF, 0x80,
    0x00, 0xFF, 0x80, 0x00, 0xFF, 0x91, 0x10, 0xFF, 0xFF, 0xF2, 0xFF, 0xFF, 0xF2, 0x4F, 0xF2, 0x00,
    0x00, 0x00, 0x00, 0x0D, 0xF8, 0x00, 0x00, 0x00, 0x00, 0x07, 0xFE, 0x00, 0x00, 0x00, 0x00, 0x01,
    0xFF, 0x40, 0x00, 0x00, 0x00, 0x00, 0xBF, 0xA0, 0x00, 0x00, 0x00, 0x00, 0x5F, 0xF1, 0x00, 0x00,
    0x00, 0x00, 0x0F, 0xF6, 0x00, 0x00, 0x00, 0x00, 0x09, 0xFC, 0x00, 0x00, 0x00, 0x00, 0x03, 0xFF,
    0x20, 0x00, 0x00, 0x00, 0x00, 0xDF, 0x80, 0x00, 0x00, 0x00, 0x00, 0x7F, 0xE0, 0x00, 0x00, 0x00,
    0x00, 0x1F, 0xF4, 0x00, 0x00, 0x00, 0x00, 0x0B, 0xFB, 0x00, 0x00, 0x00, 0x00, 0x05, 0xFF, 0x10,
    0x00, 0x00, 0x00, 0x00, 0xEF, 0x70, 0x00, 0x00, 0x00, 0x00, 0x9F, 0xD0, 0x00, 0x00, 0x00, 0x00,
    0x3F, 0xF3, 0x00, 0x00, 0x00, 0x00, 0x0D, 0xF9, 0x00, 0x00, 0x00, 0x00, 0x07, 0xFE, 0x00, 0x00,
    0x00, 0x00, 0x01, 0xFF, 0x50, 0x00, 0x00, 0x00, 0x00, 0xBF, 0xB0, 0x00, 0x00, 0x00, 0x00, 0x5F,
    0xF1, 0xDF, 0xFF, 0xF5, 0xDF, 0xFF, 0xF5, 0x11, 0x4F, 0xF5, 0x00, 0x3F, 0xF5, 0x00, 0x3F, 0xF5,
    0x00, 0x3F, 0xF5, 0x00, 0x3F, 0xF5, 0x00, 0x3F, 0xF5, 0x00, 0x3F, 0xF5, 0x00, 0x3F, 0xF5, 0x00,
    0x3F, 0xF5, 0x00, 0x3F, 0xF5, 0x00, 0x3F, 0xF5, 0x00, 0x3F, 0xF5, 0x00, 0x3F, 0xF5, 0x00, 0x3F,
    0xF5, 0x00, 0x3F, 0xF5, 0x00, 0x3F, 0xF5, 0x00, 0x3F, 0xF5, 0x00, 0x3F, 0xF5, 0x00, 0x3F, 0xF5,
    0x00, 0x3F, 0xF5, 0x00, 0x3F, 0xF5, 0x00, 0x3F, 0xF5, 0x11, 0x4F, 0xF5, 0xDF, 0xFF, 0xF5, 0xDF,
    0xFF, 0xF5, 0x00, 0x00, 0x3F, 0xF0, 0x00, 0x00, 0x00, 0x0A, 0xFF, 0x50, 0x00, 0x00, 0x01, 0xFF,
    0xFB, 0x00, 0x00, 0x00, 0x7F, 0xEF, 0xF2, 0x00, 0x00, 0x0D, 0xF6, 0xBF, 0x80, 0x00, 0x04, 0xFF,
    0x05, 0xFE, 0x00, 0x00, 0xBF, 0x90, 0x0E, 0xF5, 0x00, 0x1F, 0xF3, 0x00, 0x8F, 0xC0, 0x08, 0xFD,
    0x00, 0x02, 0xFF, 0x20, 0xEF, 0x60, 0x00, 0x0C, 0xF9, 0xFF, 0xFF, 0xFF, 0xFF, 0xFF, 0xFF, 0x9F,
    0xFF, 0xFF, 0xFF, 0xFF, 0xFF, 0xF9, 0x11, 0x11, 0x11, 0x11, 0x11, 0x11, 0x00, 0x0C, 0xFF, 0x30,
    0x00, 0x1D, 0xFC, 0x00, 0x00, 0x1E, 0xF7, 0x00, 0x00, 0x2F, 0xF2, 0x00, 0x04, 0xAE, 0xFE, 0xC6,
    0x00, 0x00, 0x0A, 0xFF, 0xFF, 0xFF, 0xFC, 0x00, 0x09, 0xFF, 0x92, 0x02, 0x9F, 0xF9, 0x00, 0xFF,
    0x90, 0x00, 0x00, 0xBF, 0xF0, 0x06, 0x62, 0x00, 0x00, 0x06, 0xFF, 0x20, 0x00, 0x00, 0x00, 0x00,
    0x5F, 0xF3, 0x00, 0x06, 0xBE, 0xFF, 0xFF, 0xFF, 0x30, 0x2D, 0xFF, 0xFE, 0xCC, 0xFF, 0xF3, 0x0D,
    0xFE, 0x50, 0x00, 0x05, 0xFF, 0x35, 0xFF, 0x40, 0x00, 0x00, 0x5F, 0xF3, 0x7F, 0xF1, 0x00, 0x00,
    0x0A, 0xFF, 0x36, 0xFF, 0x50, 0x00, 0x02, 0xFF, 0xF3, 0x1F, 0xFF, 0x74, 0x48, 0xFF, 0xFF, 0x30,
    0x5F, 0xFF, 0xFF, 0xFF, 0xAF, 0xF5, 0x00, 0x3A, 0xEF, 0xEA, 0x21, 0xFF, 0x90, 0x1F, 0xF7, 0x00,
    0x00, 0x00, 0x00, 0x00, 0x1F, 0xF7, 0x00, 0x00, 0x00, 0x00, 0x00, 0x1F, 0xF7, 0x00, 0x00, 0x00,
    0x00, 0x00, 0x1F, 0xF7, 0x00, 0x00, 0x00, 0x00, 0x00, 0x1F, 0xF7, 0x00, 0x00, 0x00, 0x00, 0x00,
    0x1F, 0xF7, 0x00, 0x00, 0x00, 0x00, 0x00, 0x1F, 0xF7, 0x19, 0xEF, 0xEB, 0x30, 0x00, 0x1F, 0xFB,
    0xFF, 0xFF, 0xFF, 0xF6, 0x00, 0x1F, 0xFF, 0xF7, 0x22, 0x6E, 0xFF, 0x30, 0x1F, 0xFF, 0x20, 0x00,
    0x02, 0xFF, 0xB0, 0x1F, 0xFE, 0x00, 0x00, 0x00, 0xAF, 0xF1, 0x1F, 0xF8, 0x00, 0x00, 0x00, 0x4F,
    0xF4, 0x1F, 0xF7, 0x00, 0x00, 0x00, 0x2F, 0xF6, 0x1F, 0xF7, 0x00, 0x00, 0x00, 0x1F, 0xF7, 0x1F,
    0xF7, 0x00, 0x00, 0x00, 0x3F, 0xF6, 0x1F, 0xF8, 0x00, 0x00, 0x00, 0x4F, 0xF4, 0x1F, 0xFE, 0x00,
    0x00, 0x00, 0xAF, 0xF1, 0x1F, 0xFF, 0x20, 0x00, 0x02, 0xFF, 0xB0, 0x1F, 0xFF, 0xF7, 0x33, 0x7E,
    0xFF, 0x30, 0x1F, 0xF9, 0xFF, 0xFF, 0xFF, 0xF6, 0x00, 0x1F, 0xF4, 0x29, 0xEF, 0xEA, 0x30, 0x00,
    0x00, 0x02, 0x9D, 0xFE, 0xC7, 0x00, 0x00, 0x06, 0xFF, 0xFF, 0xFF, 0xFE, 0x20, 0x05, 0xFF, 0xC4,
    0x12, 0x7F, 0xFD, 0x00, 0xEF, 0xD0, 0x00, 0x00, 0x4F, 0xF6, 0x5F, 0xF5, 0x00, 0x00, 0x00, 0xCF,
    0xA8, 0xFF, 0x00, 0x00, 0x00, 0x00, 0x00, 0xAF, 0xE0, 0x00, 0x00, 0x00, 0x00, 0x0B, 0xFC, 0x00,
    0x00, 0x00, 0x00, 0x00, 0xAF, 0xD0, 0x00, 0x00, 0x00, 0x00, 0x08, 0xFF, 0x00, 0x00, 0x00, 0x00,
    0x00, 0x5F, 0xF5, 0x00, 0x00, 0x00, 0xCF, 0xA0, 0xEF, 0xC0, 0x00, 0x00, 0x4F, 0xF5, 0x05, 0xFF,
    0xC4, 0x22, 0x7F, 0xFC, 0x00, 0x06, 0xFF, 0xFF, 0xFF, 0xFC, 0x10, 0x00, 0x02, 0x9D, 0xFE, 0xC6,
    0x00, 0x00, 0x00, 0x00, 0x00, 0x00, 0x00, 0xCF, 0xC0, 0x00, 0x00, 0x00, 0x00, 0x0C, 0xFC, 0x00,
    0x00, 0x00, 0x00, 0x00, 0xCF, 0xC0, 0x00, 0x00, 0x00, 0x00, 0x0C, 0xFC, 0x00, 0x00, 0x00, 0x00,
    0x00, 0xCF, 0xC0, 0x00, 0x00, 0x00, 0x00, 0x0C, 0xFC, 0x00, 0x04, 0xBE, 0xFD, 0x80, 0xCF, 0xC0,
    0x08, 0xFF, 0xFF, 0xFF, 0xDD, 0xFC, 0x06, 0xFF, 0xD5, 0x23, 0x8F, 0xFF, 0xC0, 0xEF, 0xD1, 0x00,
    0x00, 0x4F, 0xFC, 0x4F, 0xF6, 0x00, 0x00, 0x00, 0xFF, 0xC8, 0xFF, 0x10, 0x00, 0x00, 0x0F, 0xFC,
    0xAF, 0xF0, 0x00, 0x00, 0x00, 0xDF, 0xDB, 0xFD, 0x00, 0x00, 0x00, 0x0D, 0xFE, 0xAF, 0xE0, 0x00,
    0x00, 0x00, 0xDF, 0xD8, 0xFF, 0x00, 0x00, 0x00, 0x0F, 0xFC, 0x4F, 0xF6, 0x00, 0x00, 0x00, 0xFF,
    0xC0, 0xEF, 0xD1, 0x00, 0x00, 0x4F, 0xFC, 0x05, 0xFF, 0xD5, 0x33, 0x8F, 0xFF, 0xC0, 0x08, 0xFF,
    0xFF, 0xFF, 0xEC, 0xFC, 0x00, 0x04, 0xBE, 0xFD, 0x81, 0x9F, 0xC0, 0x00, 0x01, 0x8D, 0xFE, 0xC6,
    0x00, 0x00, 0x04, 0xFF, 0xFF, 0xFF, 0xFC, 0x10, 0x03, 0xFF, 0xD5, 0x12, 0x8F, 0xFB, 0x00, 0xCF,
    0xD1, 0x00, 0x00, 0x6F, 0xF3, 0x3F, 0xF5, 0x00, 0x00, 0x00, 0xEF, 0x88, 0xFF, 0x11, 0x11, 0x11,
    0x1C, 0xFB, 0xAF, 0xFF, 0xFF, 0xFF, 0xFF, 0xFF, 0xCB, 0xFF, 0xFF, 0xFF, 0xFF, 0xFF, 0xFD, 0xBF,
    0xD0, 0x00, 0x00, 0x00, 0x00, 0x09, 0xFF, 0x00, 0x00, 0x00, 0x00, 0x00, 0x5F, 0xF5, 0x00, 0x00,
    0x00, 0x00, 0x00, 0xEF, 0xE1, 0x00, 0x00, 0x07, 0xB1, 0x04, 0xFF, 0xE6, 0x21, 0x4A, 0xFF, 0x50,
    0x05, 0xFF, 0xFF, 0xFF, 0xFF, 0x60, 0x00, 0x01, 0x8D, 0xFF, 0xD9, 0x20, 0x00, 0x00, 0x00, 0x06,
    0xCF, 0xFA, 0x00, 0x00, 0xBF, 0xFF, 0xFB, 0x00, 0x05, 0xFF, 0xC4, 0x22, 0x00, 0x0A, 0xFF, 0x00,
    0x00, 0x00, 0x0C, 0xFB, 0x00, 0x00, 0x00, 0x0D, 0xFB, 0x00, 0x00, 0x2F, 0xFF, 0xFF, 0xFF, 0xD0,
    0x2F, 0xFF, 0xFF, 0xFF, 0xC0, 0x00, 0x0D, 0xFB, 0x00, 0x00, 0x00, 0x0D, 0xFB, 0x00, 0x00, 0x00,
    0x0D, 0xFB, 0x00, 0x00, 0x00, 0x0D, 0xFB, 0x00, 0x00, 0x00, 0x0D, 0xFB, 0x00, 0x00, 0x00, 0x0D,
    0xFB, 0x00, 0x00, 0x00, 0x0D, 0xFB, 0x00, 0x00, 0x00, 0x0D, 0xFB, 0x00, 0x00, 0x00, 0x0D, 0xFB,
    0x00, 0x00, 0x00, 0x0D, 0xFB, 0x00, 0x00, 0x00, 0x0D, 0xFB, 0x00, 0x00, 0x00, 0x0D, 0xFB, 0x00,
    0x00, 0x00, 0x0D, 0xFB, 0x00, 0x00, 0x00, 0x04, 0xBE, 0xFD, 0x81, 0x8F, 0xD0, 0x09, 0xFF, 0xFF,
    0xFF, 0xEB, 0xFD, 0x06, 0xFF, 0xD5, 0x23, 0x8F, 0xFF, 0xD0, 0xEF, 0xE1, 0x00, 0x00, 0x4F, 0xFD,
    0x4F, 0xF7, 0x00, 0x00, 0x00, 0xFF, 0xD8, 0xFF, 0x10, 0x00, 0x00, 0x0F, 0xFD, 0x9F, 0xF0, 0x00,
    0x00, 0x00, 0xDF, 0xEA, 0xFD, 0x00, 0x00, 0x00, 0x0D, 0xFF, 0x9F, 0xF0, 0x00, 0x00, 0x00, 0xDF,
    0xE7, 0xFF, 0x10, 0x00, 0x00, 0x0F, 0xFD, 0x4F, 0xF6, 0x00, 0x00, 0x00, 0xFF, 0xD0, 0xEF, 0xE1,
    0x00, 0x00, 0x4F, 0xFD, 0x05, 0xFF, 0xD5, 0x33, 0x8F, 0xFF, 0xD0, 0x08, 0xFF, 0xFF, 0xFF, 0xED,
    0xFD, 0x00, 0x04, 0xBE, 0xFD, 0x81, 0xBF, 0xC0, 0x00, 0x00, 0x00, 0x00, 0x0C, 0xFB, 0x00, 0x00,
    0x00, 0x00, 0x00, 0xFF, 0x90, 0x2C, 0x10, 0x00, 0x00, 0x7F, 0xF4, 0x0B, 0xFF, 0x72, 0x13, 0x9F,
    0xFB, 0x00, 0x1C, 0xFF, 0xFF, 0xFF, 0xFC, 0x10, 0x00, 0x05, 0xAE, 0xFE, 0xB5, 0x00, 0x00, 0x1F,
    0xF7, 0x00, 0x00, 0x00, 0x00, 0x01, 0xFF, 0x70, 0x00, 0x00, 0x00, 0x00, 0x1F, 0xF7, 0x00, 0x00,
    0x00, 0x00, 0x01, 0xFF, 0x70, 0x00, 0x00, 0x00, 0x00, 0x1F, 0xF7, 0x00, 0x00, 0x00, 0x00, 0x01,
    0xFF, 0x70, 0x00, 0x00, 0x00, 0x00, 0x1F, 0xF7, 0x07, 0xDF, 0xFC, 0x50, 0x01, 0xFF, 0x9D, 0xFF,
    0xFF, 0xFF, 0x70, 0x1F, 0xFF, 0xF7, 0x32, 0x6E, 0xFF, 0x11, 0xFF, 0xF3, 0x00, 0x00, 0x5F, 0xF5,
    0x1F, 0xFF, 0x00, 0x00, 0x01, 0xFF, 0x81, 0xFF, 0x80, 0x00, 0x00, 0x0F, 0xF8, 0x1F, 0xF7, 0x00,
    0x00, 0x00, 0xFF, 0x91, 0xFF, 0x70, 0x00, 0x00, 0x0F, 0xF9, 0x1F, 0xF7, 0x00, 0x00, 0x00, 0xFF,
    0x91, 0xFF, 0x70, 0x00, 0x00, 0x0F, 0xF9, 0x1F, 0xF7, 0x00, 0x00, 0x00, 0xFF, 0x91, 0xFF, 0x70,
    0x00, 0x00, 0x0F, 0xF9, 0x1F, 0xF7, 0x00, 0x00, 0x00, 0xFF, 0x91, 0xFF, 0x70, 0x00, 0x00, 0x0F,
    0xF9, 0x1F, 0xF7, 0x00, 0x00, 0x00, 0xFF, 0x90, 0x08, 0xD6, 0x0F, 0xFE, 0x0A, 0xF8, 0x00, 0x00,
    0x00, 0x00, 0x00, 0x00, 0x0D, 0xFA, 0x0D, 0xFA, 0x0D, 0xFA, 0x0D, 0xFA, 0x0D, 0xFA, 0x0D, 0xFA,
    0x0D, 0xFA, 0x0D, 0xFA, 0x0D, 0xFA, 0x0D, 0xFA, 0x0D, 0xFA, 0x0D, 0xFA, 0x0D, 0xFA, 0x0D, 0xFA,
    0x0D, 0xFA, 0x00, 0x0A, 0xD4, 0x00, 0x3F, 0xFB, 0x00, 0x0C, 0xF5, 0x00, 0x00, 0x00, 0x00, 0x00,
    0x00, 0x00, 0x00, 0x00, 0x00, 0x0F, 0xF8, 0x00, 0x0F, 0xF8, 0x00, 0x0F, 0xF8, 0x00, 0x0F, 0xF8,
    0x00, 0x0F, 0xF8, 0x00, 0x0F, 0xF8, 0x00, 0x0F, 0xF8, 0x00, 0x0F, 0xF8, 0x00, 0x0F, 0xF8, 0x00,
    0x0F, 0xF8, 0x00, 0x0F, 0xF8, 0x00, 0x0F, 0xF8, 0x00, 0x0F, 0xF8, 0x00, 0x0F, 0xF8, 0x00, 0x0F,
    0xF8, 0x00, 0x0F, 0xF8, 0x00, 0x0F, 0xF8, 0x00, 0x1F, 0xF7, 0x23, 0xAF, 0xF4, 0xEF, 0xFF, 0xC0,
    0xCF, 0xEA, 0x10, 0x1F, 0xF7, 0x00, 0x00, 0x00, 0x00, 0x00, 0x1F, 0xF7, 0x00, 0x00, 0x00, 0x00,
    0x00, 0x1F, 0xF7, 0x00, 0x00, 0x00, 0x00, 0x00, 0x1F, 0xF7, 0x00, 0x00, 0x00, 0x00, 0x00, 0x1F,
    0xF7, 0x00, 0x00, 0x00, 0x00, 0x00, 0x1F, 0xF7, 0x00, 0x00, 0x00, 0x00, 0x00, 0x1F, 0xF7, 0x00,
    0x00, 0x2E, 0xFE, 0x20, 0x1F, 0xF7, 0x00, 0x01, 0xDF, 0xF3, 0x00, 0x1F, 0xF7, 0x00, 0x1D, 0xFF,
    0x30, 0x00, 0x1F, 0xF7, 0x00, 0xCF, 0xF4, 0x00, 0x00, 0x1F, 0xF7, 0x0B, 0xFF, 0x50, 0x00, 0x00,
    0x1F, 0xF7, 0xAF, 0xF7, 0x00, 0x00, 0x00, 0x1F, 0xFF, 0xFF, 0xF0, 0x00, 0x00, 0x00, 0x1F, 0xFF,
    0xFF, 0xFA, 0x00, 0x00, 0x00, 0x1F, 0xFF, 0xA9, 0xFF, 0x60, 0x00, 0x00, 0x1F, 0xFF, 0x00, 0xDF,
    0xF2, 0x00, 0x00, 0x1F, 0xF7, 0x00, 0x2F, 0xFD, 0x00, 0x00, 0x1F, 0xF7, 0x00, 0x06, 0xFF, 0x90,
    0x00, 0x1F, 0xF7, 0x00, 0x00, 0xAF, 0xF5, 0x00, 0x1F, 0xF7, 0x00, 0x00, 0x0D, 0xFF, 0x20, 0x1F,
    0xF7, 0x00, 0x00, 0x03, 0xFF, 0xC0, 0xDF, 0xAD, 0xFA, 0xDF, 0xAD, 0xFA, 0xDF, 0xAD, 0xFA, 0xDF,
    0xAD, 0xFA, 0xDF, 0xAD, 0xFA, 0xDF, 0xAD, 0xFA, 0xDF, 0xAD, 0xFA, 0xDF, 0xAD, 0xFA, 0xDF, 0xAD,
    0xFA, 0xDF, 0xAD, 0xFA, 0xDF, 0xA0, 0x1F, 0xF5, 0x19, 0xDF, 0xFB, 0x40, 0x01, 0x9D, 0xFF, 0xC5,
    0x00, 0x1F, 0xF9, 0xFF, 0xFF, 0xFF, 0xF6, 0x4F, 0xFF, 0xFF, 0xFF, 0x80, 0x1F, 0xFF, 0xD5, 0x23,
    0x7F, 0xFF, 0xFF, 0x72, 0x26, 0xEF, 0xF2, 0x1F, 0xFF, 0x00, 0x00, 0x06, 0xFF, 0xF3, 0x00, 0x00,
    0x4F, 0xF7, 0x1F, 0xFD, 0x00, 0x00, 0x01, 0xFF, 0xF0, 0x00, 0x00, 0x0F, 0xF9, 0x1F, 0xF8, 0x00,
    0x00, 0x00, 0xFF, 0xF0, 0x00, 0x00, 0x0E, 0xFA, 0x1F, 0xF7, 0x00, 0x00, 0x00, 0xFF, 0x80, 0x00,
    0x00, 0x0E, 0xFA, 0x1F, 0xF7, 0x00, 0x00, 0x00, 0xFF, 0x80, 0x00, 0x00, 0x0E, 0xFA, 0x1F, 0xF7,
    0x00, 0x00, 0x00, 0xFF, 0x80, 0x00, 0x00, 0x0E, 0xFA, 0x1F, 0xF7, 0x00, 0x00, 0x00, 0xFF, 0x80,
    0x00, 0x00, 0x0E, 0xFA, 0x1F, 0xF7, 0x00, 0x00, 0x00, 0xFF, 0x80, 0x00, 0x00, 0x0E, 0xFA, 0x1F,
    0xF7, 0x00, 0x00, 0x00, 0xFF, 0x80, 0x00, 0x00, 0x0E, 0xFA, 0x1F, 0xF7, 0x00, 0x00, 0x00, 0xFF,
    0x80, 0x00, 0x00, 0x0E, 0xFA, 0x1F, 0xF7, 0x00, 0x00, 0x00, 0xFF, 0x80, 0x00, 0x00, 0x0E, 0xFA,
    0x1F, 0xF7, 0x00, 0x00, 0x00, 0xFF, 0x80, 0x00, 0x00, 0x0E, 0xFA, 0x1F, 0xF5, 0x07, 0xDF, 0xFC,
    0x50, 0x01, 0xFF, 0x8D, 0xFF, 0xFF, 0xFF, 0x70, 0x1F, 0xFF, 0xF7, 0x32, 0x6E, 0xFF, 0x11, 0xFF,
    0xF3, 0x00, 0x00, 0x5F, 0xF5, 0x1F, 0xFF, 0x00, 0x00, 0x01, 0xFF, 0x81, 0xFF, 0x80, 0x00, 0x00,
    0x0F, 0xF8, 0x1F, 0xF7, 0x00, 0x00, 0x00, 0xFF, 0x91, 0xFF, 0x70, 0x00, 0x00, 0x0F, 0xF9, 0x1F,
    0xF7, 0x00, 0x00, 0x00, 0xFF, 0x91, 0xFF, 0x70, 0x00, 0x00, 0x0F, 0xF9, 0x1F, 0xF7, 0x00, 0x00,
    0x00, 0xFF, 0x91, 0xFF, 0x70, 0x00, 0x00, 0x0F, 0xF9, 0x1F, 0xF7, 0x00, 0x00, 0x00, 0xFF, 0x91,
    0xFF, 0x70, 0x00, 0x00, 0x0F, 0xF9, 0x1F, 0xF7, 0x00, 0x00, 0x00, 0xFF, 0x90, 0x00, 0x01, 0x8D,
    0xFF, 0xD8, 0x10, 0x00, 0x00, 0x4F, 0xFF, 0xFF, 0xFF, 0xF4, 0x00, 0x03, 0xFF, 0xE5, 0x22, 0x6E,
    0xFF, 0x30, 0x0D, 0xFE, 0x10, 0x00, 0x01, 0xEF, 0xD0, 0x4F, 0xF6, 0x00, 0x00, 0x00, 0x6F, 0xF3,
    0x8F, 0xF0, 0x00, 0x00, 0x00, 0x1F, 0xF8, 0xAF, 0xD0, 0x00, 0x00, 0x00, 0x0D, 0xFA, 0xBF, 0xC0,
    0x00, 0x00, 0x00, 0x0D, 0xFB, 0xAF, 0xD0, 0x00, 0x00, 0x00, 0x0D, 0xFA, 0x8F, 0xF0, 0x00, 0x00,
    0x00, 0x0F, 0xF8, 0x4F, 0xF6, 0x00, 0x00, 0x00, 0x6F, 0xF3, 0x0D, 0xFE, 0x10, 0x00, 0x01, 0xEF,
    0xD0, 0x03, 0xFF, 0xE6, 0x22, 0x6E, 0xFF, 0x30, 0x00, 0x4F, 0xFF, 0xFF, 0xFF, 0xF4, 0x00, 0x00,
    0x01, 0x8D, 0xFF, 0xD8, 0x10, 0x00, 0x1F, 0xF4, 0x29, 0xEF, 0xEA, 0x30, 0x00, 0x1F, 0xFA, 0xFF,
    0xFF, 0xFF, 0xF6, 0x00, 0x1F, 0xFF, 0xE6, 0x23, 0x7F, 0xFF, 0x30, 0x1F, 0xFF, 0x10, 0x00, 0x03,
    0xFF, 0xB0, 0x1F, 0xFB, 0x00, 0x00, 0x00, 0xAF, 0xF1, 0x1F, 0xF7, 0x00, 0x00, 0x00, 0x5F, 0xF4,
    0x1F, 0xF7, 0x00, 0x00, 0x00, 0x3F, 0xF5, 0x1F, 0xF7, 0x00, 0x00, 0x00, 0x2F, 0xF6, 0x1F, 0xF7,
    0x00, 0x00, 0x00, 0x3F, 0xF5, 0x1F, 0xF7, 0x00, 0x00, 0x00, 0x5F, 0xF4, 0x1F, 0xFB, 0x00, 0x00,
    0x00, 0xAF, 0xF0, 0x1F, 0xFF, 0x00, 0x00, 0x03, 0xFF, 0xA0, 0x1F, 0xFF, 0xD5, 0x22, 0x7F, 0xFF,
    0x20, 0x1F, 0xFC, 0xFF, 0xFF, 0xFF, 0xF6, 0x00, 0x1F, 0xF7, 0x2A, 0xEF, 0xEA, 0x30, 0x00, 0x1F,
    0xF7, 0x00, 0x00, 0x00, 0x00, 0x00, 0x1F, 0xF7, 0x00, 0x00, 0x00, 0x00, 0x00, 0x1F, 0xF7, 0x00,
    0x00, 0x00, 0x00, 0x00, 0x1F, 0xF7, 0x00, 0x00, 0x00, 0x00, 0x00, 0x1F, 0xF7, 0x00, 0x00, 0x00,
    0x00, 0x00, 0x1F, 0xF7, 0x00, 0x00, 0x00, 0x00, 0x00, 0x00, 0x05, 0xBE, 0xFD, 0x81, 0x9F, 0xC0,
    0x09, 0xFF, 0xFF, 0xFF, 0xED, 0xFC, 0x06, 0xFF, 0xD5, 0x12, 0x7F, 0xFF, 0xC0, 0xEF, 0xE1, 0x00,
    0x00, 0x3F, 0xFC, 0x5F, 0xF6, 0x00, 0x00, 0x00, 0xFF, 0xC8, 0xFF, 0x10, 0x00, 0x00, 0x0E, 0xFD,
    0xAF, 0xF0, 0x00, 0x00, 0x00, 0xCF, 0xFB, 0xFD, 0x00, 0x00, 0x00, 0x0C, 0xFF, 0xAF, 0xF0, 0x00,
    0x00, 0x00, 0xCF, 0xF8, 0xFF, 0x10, 0x00, 0x00, 0x0E, 0xFD, 0x4F, 0xF6, 0x00, 0x00, 0x00, 0xFF,
    0xC0, 0xEF, 0xE1, 0x00, 0x00, 0x3F, 0xFC, 0x06, 0xFF, 0xD5, 0x22, 0x7F, 0xFF, 0xC0, 0x09, 0xFF,
    0xFF, 0xFF, 0xEF, 0xFC, 0x00, 0x04, 0xBE, 0xFD, 0x81, 0xCF, 0xC0, 0x00, 0x00, 0x00, 0x00, 0x0C,
    0xFC, 0x00, 0x00, 0x00, 0x00, 0x00, 0xCF, 0xC0, 0x00, 0x00, 0x00, 0x00, 0x0C, 0xFC, 0x00, 0x00,
    0x00, 0x00, 0x00, 0xCF, 0xC0, 0x00, 0x00, 0x00, 0x00, 0x0C, 0xFC, 0x00, 0x00, 0x00, 0x00, 0x00,
    0xCF, 0xC0, 0x1F, 0xF6, 0x3B, 0xFE, 0x01, 0xFF, 0xAF, 0xFF, 0xF1, 0x1F, 0xFF, 0xFA, 0x77, 0x01,
    0xFF, 0xF4, 0x00, 0x00, 0x1F, 0xFF, 0x00, 0x00, 0x01, 0xFF, 0xA0, 0x00, 0x00, 0x1F, 0xF7, 0x00,
    0x00, 0x01, 0xFF, 0x70, 0x00, 0x00, 0x1F, 0xF7, 0x00, 0x00, 0x01, 0xFF, 0x70, 0x00, 0x00, 0x1F,
    0xF7, 0x00, 0x00, 0x01, 0xFF, 0x70, 0x00, 0x00, 0x1F, 0xF7, 0x00, 0x00, 0x01, 0xFF, 0x70, 0x00,
    0x00, 0x1F, 0xF7, 0x00, 0x00, 0x00, 0x00, 0x06, 0xCF, 0xFE, 0xA3, 0x00, 0x00, 0x1D, 0xFF, 0xFF,
    0xFF, 0xF8, 0x00, 0x0B, 0xFF, 0x72, 0x14, 0xDF, 0xF5, 0x01, 0xFF, 0x80, 0x00, 0x01, 0xEF, 0xB0,
    0x2F, 0xF6, 0x00, 0x00, 0x06, 0x98, 0x00, 0xEF, 0xE4, 0x00, 0x00, 0x00, 0x00, 0x04, 0xFF, 0xFE,
    0xA6, 0x10, 0x00, 0x00, 0x02, 0x9F, 0xFF, 0xFF, 0xB3, 0x00, 0x00, 0x00, 0x03, 0x7B, 0xFF, 0xF4,
    0x00, 0x00, 0x00, 0x00, 0x03, 0xEF, 0xD0, 0x8D, 0xC0, 0x00, 0x00, 0x08, 0xFF, 0x07, 0xFF, 0x40,
    0x00, 0x00, 0x9F, 0xF0, 0x0E, 0xFF, 0x73, 0x13, 0x9F, 0xF9, 0x00, 0x2E, 0xFF, 0xFF, 0xFF, 0xFC,
    0x00, 0x00, 0x07, 0xCE, 0xFE, 0xB5, 0x00, 0x00, 0x00, 0x2F, 0xF5, 0x00, 0x00, 0x02, 0xFF, 0x50,
    0x00, 0x00, 0x2F, 0xF5, 0x00, 0x0E, 0xFF, 0xFF, 0xFF, 0xF2, 0xDF, 0xFF, 0xFF, 0xFF, 0x10, 0x02,
    0xFF, 0x50, 0x00, 0x00, 0x2F, 0xF5, 0x00, 0x00, 0x02, 0xFF, 0x50, 0x00, 0x00, 0x2F, 0xF5, 0x00,
    0x00, 0x02, 0xFF, 0x50, 0x00, 0x00, 0x2F, 0xF5, 0x00, 0x00, 0x02, 0xFF, 0x50, 0x00, 0x00, 0x2F,
    0xF5, 0x00, 0x00, 0x02, 0xFF, 0x50, 0x00, 0x00, 0x2F, 0xF6, 0x00, 0x00, 0x00, 0xFF, 0xD4, 0x30,
    0x00, 0x0A, 0xFF, 0xFF, 0x20, 0x00, 0x09, 0xEF, 0xE2, 0x2F, 0xF6, 0x00, 0x00, 0x00, 0xFF, 0x82,
    0xFF, 0x60, 0x00, 0x00, 0x0F, 0xF8, 0x2F, 0xF6, 0x00, 0x00, 0x00, 0xFF, 0x82, 0xFF, 0x60, 0x00,
    0x00, 0x0F, 0xF8, 0x2F, 0xF6, 0x00, 0x00, 0x00, 0xFF, 0x82, 0xFF, 0x60, 0x00, 0x00, 0x0F, 0xF8,
    0x2F, 0xF6, 0x00, 0x00, 0x00, 0xFF, 0x82, 0xFF, 0x60, 0x00, 0x00, 0x0F, 0xF8, 0x2F, 0xF6, 0x00,
    0x00, 0x00, 0xFF, 0x81, 0xFF, 0x60, 0x00, 0x00, 0x0F, 0xF8, 0x0F, 0xF7, 0x00, 0x00, 0x00, 0xFF,
    0x80, 0xEF, 0xC0, 0x00, 0x00, 0x9F, 0xF8, 0x08, 0xFF, 0xB3, 0x35, 0xBF, 0xFF, 0x80, 0x1D, 0xFF,
    0xFF, 0xFF, 0xBF, 0xF8, 0x00, 0x18, 0xDF, 0xEC, 0x60, 0xEF, 0x80, 0x5F, 0xF3, 0x00, 0x00, 0x00,
    0xBF, 0xE0, 0x0F, 0xF8, 0x00, 0x00, 0x00, 0xFF, 0x80, 0x0A, 0xFD, 0x00, 0x00, 0x05, 0xFF, 0x20,
    0x04, 0xFF, 0x30, 0x00, 0x0A, 0xFD, 0x00, 0x00, 0xEF, 0x80, 0x00, 0x0F, 0xF7, 0x00, 0x00, 0x9F,
    0xD0, 0x00, 0x4F, 0xF1, 0x00, 0x00, 0x3F, 0xF2, 0x00, 0x9F, 0xC0, 0x00, 0x00, 0x0D, 0xF8, 0x00,
    0xEF, 0x60, 0x00, 0x00, 0x08, 0xFD, 0x03, 0xFF, 0x10, 0x00, 0x00, 0x02, 0xFF, 0x29, 0xFA, 0x00,
    0x00, 0x00, 0x00, 0xCF, 0x7E, 0xF5, 0x00, 0x00, 0x00, 0x00, 0x7F, 0xFF, 0xF0, 0x00, 0x00, 0x00,
    0x00, 0x1F, 0xFF, 0x90, 0x00, 0x00, 0x00, 0x00, 0x0B, 0xFF, 0x40, 0x00, 0x00, 0x00, 0x00, 0x05,
    0xFF, 0x00, 0x00, 0x00, 0x4F, 0xF4, 0x00, 0x00, 0x0E, 0xFB, 0x00, 0x00, 0x04, 0xFF, 0x30, 0xFF,
    0x80, 0x00, 0x00, 0xFF, 0xF0, 0x00, 0x00, 0x8F, 0xF0, 0x0B, 0xFC, 0x00, 0x00, 0x4F, 0xFF, 0x40,
    0x00, 0x0C, 0xFA, 0x00, 0x6F, 0xF0, 0x00, 0x09, 0xFF, 0xF9, 0x00, 0x00, 0xFF, 0x60, 0x01, 0xFF,
    0x40, 0x00, 0xEF, 0x7F, 0xE0, 0x00, 0x4F, 0xF1, 0x00, 0x0D, 0xF8, 0x00, 0x3F, 0xD0, 0xFF, 0x30,
    0x08, 0xFD, 0x00, 0x00, 0x8F, 0xC0, 0x08, 0xF9, 0x0A, 0xF8, 0x00, 0xCF, 0x80, 0x00, 0x04, 0xFF,
    0x10, 0xDF, 0x40, 0x5F, 0xD0, 0x0F, 0xF3, 0x00, 0x00, 0x0F, 0xF5, 0x2F, 0xE0, 0x00, 0xFF, 0x14,
    0xFF, 0x00, 0x00, 0x00, 0xBF, 0x97, 0xFA, 0x00, 0x0B, 0xF6, 0x8F, 0xA0, 0x00, 0x00, 0x06, 0xFD,
    0xCF, 0x50, 0x00, 0x6F, 0xBC, 0xF6, 0x00, 0x00, 0x00, 0x2F, 0xFF, 0xF0, 0x00, 0x01, 0xFF, 0xFF,
    0x10, 0x00, 0x00, 0x00, 0xDF, 0xFB, 0x00, 0x00, 0x0B, 0xFF, 0xC0, 0x00, 0x00, 0x00, 0x08, 0xFF,
    0x60, 0x00, 0x00, 0x6F, 0xF8, 0x00, 0x00, 0x00, 0x00, 0x4F, 0xF1, 0x00, 0x00, 0x01, 0xFF, 0x30,
    0x00, 0x00, 0x0E, 0xFE, 0x00, 0x00, 0x02, 0xFF, 0xC0, 0x04, 0xFF, 0x80, 0x00, 0x0B, 0xFF, 0x20,
    0x00, 0xAF, 0xF2, 0x00, 0x5F, 0xF7, 0x00, 0x00, 0x1E, 0xFB, 0x00, 0xEF, 0xD0, 0x00, 0x00, 0x05,
    0xFF, 0x48, 0xFF, 0x30, 0x00, 0x00, 0x00, 0xBF, 0xEF, 0xF8, 0x00, 0x00, 0x00, 0x00, 0x1F, 0xFF,
    0xD0, 0x00, 0x00, 0x00, 0x00, 0x09, 0xFF, 0x70, 0x00, 0x00, 0x00, 0x00, 0x3F, 0xFF, 0xE1, 0x00,
    0x00, 0x00, 0x00, 0xCF, 0xDE, 0xFA, 0x00, 0x00, 0x00, 0x07, 0xFF, 0x46, 0xFF, 0x50, 0x00, 0x00,
    0x2F, 0xFA, 0x00, 0xCF, 0xE1, 0x00, 0x00, 0xCF, 0xF1, 0x00, 0x2F, 0xFA, 0x00, 0x07, 0xFF, 0x60,
    0x00, 0x09, 0xFF, 0x40, 0x2F, 0xFC, 0x00, 0x00, 0x00, 0xEF, 0xE0, 0x8F, 0xF3, 0x00, 0x00, 0x00,
    0xEF, 0xB2, 0xFF, 0x80, 0x00, 0x00, 0x4F, 0xF6, 0x0C, 0xFE, 0x00, 0x00, 0x09, 0xFF, 0x10, 0x7F,
    0xF3, 0x00, 0x00, 0xDF, 0xB0, 0x01, 0xFF, 0x80, 0x00, 0x2F, 0xF5, 0x00, 0x0B, 0xFE, 0x00, 0x07,
    0xFF, 0x00, 0x00, 0x6F, 0xF3, 0x00, 0xCF, 0xA0, 0x00, 0x00, 0xFF, 0x80, 0x1F, 0xF5, 0x00, 0x00,
    0x0A, 0xFD, 0x06, 0xFF, 0x00, 0x00, 0x00, 0x4F, 0xF3, 0xBF, 0xA0, 0x00, 0x00, 0x00, 0xEF, 0x9F,
    0xF4, 0x00, 0x00, 0x00, 0x09, 0xFF, 0xFE, 0x00, 0x00, 0x00, 0x00, 0x3F, 0xFF, 0x90, 0x00, 0x00,
    0x00, 0x00, 0xEF, 0xF4, 0x00, 0x00, 0x00, 0x00, 0x0D, 0xFF, 0x00, 0x00, 0x00, 0x00, 0x00, 0xBF,
    0x90, 0x00, 0x00, 0x00, 0x00, 0x1F, 0xF3, 0x00, 0x00, 0x00, 0x00, 0x08, 0xFD, 0x00, 0x00, 0x00,
    0x03, 0x48, 0xFF, 0x50, 0x00, 0x00, 0x00, 0xDF, 0xFF, 0xA0, 0x00, 0x00, 0x00, 0x0B, 0xFE, 0x70,
    0x00, 0x00, 0x00, 0x00, 0xAF, 0xFF, 0xFF, 0xFF, 0xFF, 0xF8, 0xAF, 0xFF, 0xFF, 0xFF, 0xFF, 0xF8,
    0x11, 0x11, 0x11, 0x12, 0xFF, 0xF1, 0x00, 0x00, 0x00, 0x0A, 0xFF, 0x40, 0x00, 0x00, 0x00, 0x6F,
    0xF8, 0x00, 0x00, 0x00, 0x02, 0xFF, 0xC0, 0x00, 0x00, 0x00, 0x0D, 0xFE, 0x20, 0x00, 0x00, 0x00,
    0x9F, 0xF5, 0x00, 0x00, 0x00, 0x05, 0xFF, 0x90, 0x00, 0x00, 0x00, 0x2F, 0xFC, 0x00, 0x00, 0x00,
    0x00, 0xCF, 0xF2, 0x00, 0x00, 0x00, 0x09, 0xFF, 0x50, 0x00, 0x00, 0x00, 0x4F, 0xFB, 0x11, 0x11,
    0x11, 0x11, 0xCF, 0xFF, 0xFF, 0xFF, 0xFF, 0xFF, 0xCF, 0xFF, 0xFF, 0xFF, 0xFF, 0xFF, 0x00, 0x00,
    0x00, 0x29, 0xB0, 0x00, 0x00, 0x05, 0xFF, 0xD0, 0x00, 0x00, 0x3F, 0xF9, 0x00, 0x00, 0x00, 0xBF,
    0xD0, 0x00, 0x00, 0x00, 0xFF, 0x80, 0x00, 0x00, 0x02, 0xFF, 0x60, 0x00, 0x00, 0x03, 0xFF, 0x50,
    0x00, 0x00, 0x03, 0xFF, 0x50, 0x00, 0x00, 0x03, 0xFF, 0x40, 0x00, 0x00, 0x04, 0xFF, 0x30, 0x00,
    0x00, 0x09, 0xFF, 0x10, 0x00, 0x01, 0x6F, 0xF9, 0x00, 0x00, 0x3F, 0xFF, 0xB0, 0x00, 0x00, 0x3F,
    0xFF, 0x90, 0x00, 0x00, 0x01, 0x7F, 0xF7, 0x00, 0x00, 0x00, 0x09, 0xFE, 0x00, 0x00, 0x00, 0x04,
    0xFF, 0x30, 0x00, 0x00, 0x03, 0xFF, 0x40, 0x00, 0x00, 0x03, 0xFF, 0x50, 0x00, 0x00, 0x03, 0xFF,
    0x50, 0x00, 0x00, 0x03, 0xFF, 0x50, 0x00, 0x00, 0x02, 0xFF, 0x60, 0x00, 0x00, 0x00, 0xEF, 0x90,
    0x00, 0x00, 0x00, 0x9F, 0xE0, 0x00, 0x00, 0x00, 0x2E, 0xFA, 0x00, 0x00, 0x00, 0x03, 0xEF, 0xD0,
    0x00, 0x00, 0x00, 0x18, 0xB0, 0x9F, 0x79, 0xF7, 0x9F, 0x79, 0xF7, 0x9F, 0x79, 0xF7, 0x9F, 0x79,
    0xF7, 0x9F, 0x79, 0xF7, 0x9F, 0x79, 0xF7, 0x9F, 0x79, 0xF7, 0x9F, 0x79, 0xF7, 0x9F, 0x79, 0xF7,
    0x9F, 0x79, 0xF7, 0x9F, 0x79, 0xF7, 0x9F, 0x79, 0xF7, 0x5B, 0x50, 0x00, 0x00, 0x07, 0xFF, 0xB0,
    0x00, 0x00, 0x03, 0xFF, 0xA0, 0x00, 0x00, 0x06, 0xFF, 0x20, 0x00, 0x00, 0x1F, 0xF7, 0x00, 0x00,
    0x00, 0xEF, 0x90, 0x00, 0x00, 0x0E, 0xFA, 0x00, 0x00, 0x00, 0xEF, 0xA0, 0x00, 0x00, 0x0D, 0xFA,
    0x00, 0x00, 0x00, 0xDF, 0xB0, 0x00, 0x00, 0x09, 0xFF, 0x00, 0x00, 0x00, 0x3F, 0xFB, 0x20, 0x00,
    0x00, 0x4E, 0xFF, 0xD0, 0x00, 0x03, 0xEF, 0xFE, 0x00, 0x01, 0xEF, 0xC3, 0x00, 0x00, 0x8F, 0xF1,
    0x00, 0x00, 0x0C, 0xFC, 0x00, 0x00, 0x00, 0xDF, 0xA0, 0x00, 0x00, 0x0E, 0xFA, 0x00, 0x00, 0x00,
    0xEF, 0xA0, 0x00, 0x00, 0x0E, 0xFA, 0x00, 0x00, 0x00, 0xFF, 0x90, 0x00, 0x00, 0x2F, 0xF6, 0x00,
    0x00, 0x08, 0xFF, 0x10, 0x00, 0x04, 0xFF, 0x80, 0x00, 0x07, 0xFF, 0x90, 0x00, 0x00, 0x5B, 0x40,
    0x00, 0x00, 0x00, 0x00, 0x00, 0x00, 0x00, 0x00, 0x00, 0x00, 0x00, 0x00, 0x01, 0xAE, 0xFD, 0x70,
    0x00, 0x00, 0x0D, 0xF3, 0x01, 0xEF, 0xFF, 0xFF, 0xD3, 0x00, 0x02, 0xFF, 0x00, 0x9F, 0xE6, 0x49,
    0xFF, 0xF8, 0x35, 0xDF, 0xA0, 0x0F, 0xF5, 0x00, 0x03, 0xDF, 0xFF, 0xFF, 0xE1, 0x02, 0xFF, 0x00,
    0x00, 0x00, 0x7D, 0xFE, 0xA1, 0x00, 0x00, 0x00, 0x00, 0x00, 0x00, 0x00, 0x00, 0x00, 0x00, 0xDF,
    0xBB, 0xBB, 0xBB, 0xDF, 0x0A, 0xD0, 0x00, 0x00, 0x09, 0xE0, 0xA8, 0x50, 0x00, 0x01, 0xBB, 0x0A,
    0x2B, 0x00, 0x00, 0x75, 0xB0, 0xA1, 0x93, 0x00, 0x0C, 0x0B, 0x0A, 0x12, 0xA0, 0x04, 0x80, 0xB0,
    0xA1, 0x0B, 0x10, 0xB1, 0x0B, 0x0A, 0x10, 0x47, 0x2A, 0x00, 0xB0, 0xA1, 0x00, 0xC9, 0x30, 0x0B,
    0x0A, 0x10, 0x08, 0xF0, 0x00, 0xB0, 0xA1, 0x00, 0x7F, 0x00, 0x0B, 0x0A, 0x10, 0x0C, 0xA3, 0x00,
    0xB0, 0xA1, 0x04, 0x82, 0x90, 0x0B, 0x0A, 0x10, 0xA1, 0x0B, 0x10, 0xB0, 0xA1, 0x2A, 0x00, 0x57,
    0x0B, 0x0A, 0x18, 0x40, 0x00, 0xC0, 0xB0, 0xA2, 0xC0, 0x00, 0x07, 0x4B, 0x0A, 0x86, 0x00, 0x00,
    0x1B, 0xB0, 0xAD, 0x00, 0x00, 0x00, 0xAD, 0x0E, 0xFB, 0xBB, 0xBB, 0xBE, 0xF0, 0xDF, 0xBB, 0xBB,
    0xBB, 0xDF, 0x0A, 0xD0, 0x00, 0x00, 0x09, 0xE0, 0xA8, 0x50, 0x00, 0x01, 0xBB, 0x0A, 0x2B, 0x00,
    0x00, 0x75, 0xB0, 0xA1, 0x93, 0x00, 0x0C, 0x0B, 0x0A, 0x12, 0xA0, 0x04, 0x80, 0xB0, 0xA1, 0x0B,
    0x10, 0xB1, 0x0B, 0x0A, 0x10, 0x47, 0x2A, 0x00, 0xB0, 0xA1, 0x00, 0xC9, 0x30, 0x0B, 0x0A, 0x10,
    0x08, 0xF0, 0x00, 0xB0, 0xA1, 0x00, 0x7F, 0x00, 0x0B, 0x0A, 0x10, 0x0C, 0xA3, 0x00, 0xB0, 0xA1,
    0x04, 0x82, 0x90, 0x0B, 0x0A, 0x10, 0xA1, 0x0B, 0x10, 0xB0, 0xA1, 0x2A, 0x00, 0x57, 0x0B, 0x0A,
    0x18, 0x40, 0x00, 0xC0, 0xB0, 0xA2, 0xC0, 0x00, 0x07, 0x4B, 0x0A, 0x86, 0x00, 0x00, 0x1B, 0xB0,
    0xAD, 0x00, 0x00, 0x00, 0xAD, 0x0E, 0xFB, 0xBB, 0xBB, 0xBE, 0xF0, 0xDF, 0xBB, 0xBB, 0xBB, 0xDF,
    0x0A, 0xD0, 0x00, 0x00, 0x09, 0xE0, 0xA8, 0x50, 0x00, 0x01, 0xBB, 0x0A, 0x2B, 0x00, 0x00, 0x75,
    0xB0, 0xA1, 0x93, 0x00, 0x0C, 0x0B, 0x0A, 0x12, 0xA0, 0x04, 0x80, 0xB0, 0xA1, 0x0B, 0x10, 0xB1,
    0x0B, 0x0A, 0x10, 0x47, 0x2A, 0x00, 0xB0, 0xA1, 0x00, 0xC9, 0x30, 0x0B, 0x0A, 0x10, 0x08, 0xF0,
    0x00, 0xB0, 0xA1, 0x00, 0x7F, 0x00, 0x0B, 0x0A, 0x10, 0x0C, 0xA3, 0x00, 0xB0, 0xA1, 0x04, 0x82,
    0x90, 0x0B, 0x0A, 0x10, 0xA1, 0x0B, 0x10, 0xB0, 0xA1, 0x2A, 0x00, 0x57, 0x0B, 0x0A, 0x18, 0x40,
    0x00, 0xC0, 0xB0, 0xA2, 0xC0, 0x00, 0x07, 0x4B, 0x0A, 0x86, 0x00, 0x00, 0x1B, 0xB0, 0xAD, 0x00,
    0x00, 0x00, 0xAD, 0x0E, 0xFB, 0xBB, 0xBB, 0xBE, 0xF0, 0xDF, 0xBB, 0xBB, 0xBB, 0xDF, 0x0A, 0xD0,
    0x00, 0x00, 0x09, 0xE0, 0xA8, 0x50, 0x00, 0x01, 0xBB, 0x0A, 0x2B, 0x00, 0x00, 0x75, 0xB0, 0xA1,
    0x93, 0x00, 0x0C, 0x0B, 0x0A, 0x12, 0xA0, 0x04, 0x80, 0xB0, 0xA1, 0x0B, 0x10, 0xB1, 0x0B, 0x0A,
    0x10, 0x47, 0x2A, 0x00, 0xB0, 0xA1, 0x00, 0xC9, 0x30, 0x0B, 0x0A, 0x10, 0x08, 0xF0, 0x00, 0xB0,
    0xA1, 0x00, 0x7F, 0x00, 0x0B, 0x0A, 0x10, 0x0C, 0xA3, 0x00, 0xB0, 0xA1, 0x04, 0x82, 0x90, 0x0B,
    0x0A, 0x10, 0xA1, 0x0B, 0x10, 0xB0, 0xA1, 0x2A, 0x00, 0x57, 0x0B, 0x0A, 0x18, 0x40, 0x00, 0xC0,
    0xB0, 0xA2, 0xC0, 0x00, 0x07, 0x4B, 0x0A, 0x86, 0x00, 0x00, 0x1B, 0xB0, 0xAD, 0x00, 0x00, 0x00,
    0xAD, 0x0E, 0xFB, 0xBB, 0xBB, 0xBE, 0xF0, 0xDF, 0xBB, 0xBB, 0xBB, 0xDF, 0x0A, 0xD0, 0x00, 0x00,
    0x09, 0xE0, 0xA8, 0x50, 0x00, 0x01, 0xBB, 0x0A, 0x2B, 0x00, 0x00, 0x75, 0xB0, 0xA1, 0x93, 0x00,
    0x0C, 0x0B, 0x0A, 0x12, 0xA0, 0x04, 0x80, 0xB0, 0xA1, 0x0B, 0x10, 0xB1, 0x0B, 0x0A, 0x10, 0x47,
    0x2A, 0x00, 0xB0, 0xA1, 0x00, 0xC9, 0x30, 0x0B, 0x0A, 0x10, 0x08, 0xF0, 0x00, 0xB0, 0xA1, 0x00,
    0x7F, 0x00, 0x0B, 0x0A, 0x10, 0x0C, 0xA3, 0x00, 0xB0, 0xA1, 0x04, 0x82, 0x90, 0x0B, 0x0A, 0x10,
    0xA1, 0x0B, 0x10, 0xB0, 0xA1, 0x2A, 0x00, 0x57, 0x0B, 0x0A, 0x18, 0x40, 0x00, 0xC0, 0xB0, 0xA2,
    0xC0, 0x00, 0x07, 0x4B, 0x0A, 0x86, 0x00, 0x00, 0x1B, 0xB0, 0xAD, 0x00, 0x00, 0x00, 0xAD, 0x0E,
    0xFB, 0xBB, 0xBB, 0xBE, 0xF0, 0xDF, 0xBB, 0xBB, 0xBB, 0xDF, 0x0A, 0xD0, 0x00, 0x00, 0x09, 0xE0,
    0xA8, 0x50, 0x00, 0x01, 0xBB, 0x0A, 0x2B, 0x00, 0x00, 0x75, 0xB0, 0xA1, 0x93, 0x00, 0x0C, 0x0B,
    0x0A, 0x12, 0xA0, 0x04, 0x80, 0xB0, 0xA1, 0x0B, 0x10, 0xB1, 0x0B, 0x0A, 0x10, 0x47, 0x2A, 0x00,
    0xB0, 0xA1, 0x00, 0xC9, 0x30, 0x0B, 0x0A, 0x10, 0x08, 0xF0, 0x00, 0xB0, 0xA1, 0x00, 0x7F, 0x00,
    0x0B, 0x0A, 0x10, 0x0C, 0xA3, 0x00, 0xB0, 0xA1, 0x04, 0x82, 0x90, 0x0B, 0x0A, 0x10, 0xA1, 0x0B,
    0x10, 0xB0, 0xA1, 0x2A, 0x00, 0x57, 0x0B, 0x0A, 0x18, 0x40, 0x00, 0xC0, 0xB0, 0xA2, 0xC0, 0x00,
    0x07, 0x4B, 0x0A, 0x86, 0x00, 0x00, 0x1B, 0xB0, 0xAD, 0x00, 0x00, 0x00, 0xAD, 0x0E, 0xFB, 0xBB,
    0xBB, 0xBE, 0xF0, 0xDF, 0xBB, 0xBB, 0xBB, 0xDF, 0x0A, 0xD0, 0x00, 0x00, 0x09, 0xE0, 0xA8, 0x50,
    0x00, 0x01, 0xBB, 0x0A, 0x2B, 0x00, 0x00, 0x75, 0xB0, 0xA1, 0x93, 0x00, 0x0C, 0x0B, 0x0A, 0x12,
    0xA0, 0x04, 0x80, 0xB0, 0xA1, 0x0B, 0x10, 0xB1, 0x0B, 0x0A, 0x10, 0x47, 0x2A, 0x00, 0xB0, 0xA1,
    0x00, 0xC9, 0x30, 0x0B, 0x0A, 0x10, 0x08, 0xF0, 0x00, 0xB0, 0xA1, 0x00, 0x7F, 0x00, 0x0B, 0x0A,
    0x10, 0x0C, 0xA3, 0x00, 0xB0, 0xA1, 0x04, 0x82, 0x90, 0x0B, 0x0A, 0x10, 0xA1, 0x0B, 0x10, 0xB0,
    0xA1, 0x2A, 0x00, 0x57, 0x0B, 0x0A, 0x18, 0x40, 0x00, 0xC0, 0xB0, 0xA2, 0xC0, 0x00, 0x07, 0x4B,
    0x0A, 0x86, 0x00, 0x00, 0x1B, 0xB0, 0xAD, 0x00, 0x00, 0x00, 0xAD, 0x0E, 0xFB, 0xBB, 0xBB, 0xBE,
    0xF0, 0xDF, 0xBB, 0xBB, 0xBB, 0xDF, 0x0A, 0xD0, 0x00, 0x00, 0x09, 0xE0, 0xA8, 0x50, 0x00, 0x01,
    0xBB, 0x0A, 0x2B, 0x00, 0x00, 0x75, 0xB0, 0xA1, 0x93, 0x00, 0x0C, 0x0B, 0x0A, 0x12, 0xA0, 0x04,
    0x80, 0xB0, 0xA1, 0x0B, 0x10, 0xB1, 0x0B, 0x0A, 0x10, 0x47, 0x2A, 0x00, 0xB0, 0xA1, 0x00, 0xC9,
    0x30, 0x0B, 0x0A, 0x10, 0x08, 0xF0, 0x00, 0xB0, 0xA1, 0x00, 0x7F, 0x00, 0x0B, 0x0A, 0x10, 0x0C,
    0xA3, 0x00, 0xB0, 0xA1, 0x04, 0x82, 0x90, 0x0B, 0x0A, 0x10, 0xA1, 0x0B, 0x10, 0xB0, 0xA1, 0x2A,
    0x00, 0x57, 0x0B, 0x0A, 0x18, 0x40, 0x00, 0xC0, 0xB0, 0xA2, 0xC0, 0x00, 0x07, 0x4B, 0x0A, 0x86,
    0x00, 0x00, 0x1B, 0xB0, 0xAD, 0x00, 0x00, 0x00, 0xAD, 0x0E, 0xFB, 0xBB, 0xBB, 0xBE, 0xF0, 0xDF,
    0xBB, 0xBB, 0xBB, 0xDF, 0x0A, 0xD0, 0x00, 0x00, 0x09, 0xE0, 0xA8, 0x50, 0x00, 0x01, 0xBB, 0x0A,
    0x2B, 0x00, 0x00, 0x75, 0xB0, 0xA1, 0x93, 0x00, 0x0C, 0x0B, 0x0A, 0x12, 0xA0, 0x04, 0x80, 0xB0,
    0xA1, 0x0B, 0x10, 0xB1, 0x0B, 0x0A, 0x10, 0x47, 0x2A, 0x00, 0xB0, 0xA1, 0x00, 0xC9, 0x30, 0x0B,
    0x0A, 0x10, 0x08, 0xF0, 0x00, 0xB0, 0xA1, 0x00, 0x7F, 0x00, 0x0B, 0x0A, 0x10, 0x0C, 0xA3, 0x00,
    0xB0, 0xA1, 0x04, 0x82, 0x90, 0x0B, 0x0A, 0x10, 0xA1, 0x0B, 0x10, 0xB0, 0xA1, 0x2A, 0x00, 0x57,
    0x0B, 0x0A, 0x18, 0x40, 0x00, 0xC0, 0xB0, 0xA2, 0xC0, 0x00, 0x07, 0x4B, 0x0A, 0x86, 0x00, 0x00,
    0x1B, 0xB0, 0xAD, 0x00, 0x00, 0x00, 0xAD, 0x0E, 0xFB, 0xBB, 0xBB, 0xBE, 0xF0, 0xDF, 0xBB, 0xBB,
    0xBB, 0xDF, 0x0A, 0xD0, 0x00, 0x00, 0x09, 0xE0, 0xA8, 0x50, 0x00, 0x01, 0xBB, 0x0A, 0x2B, 0x00,
    0x00, 0x75, 0xB0, 0xA1, 0x93, 0x00, 0x0C, 0x0B, 0x0A, 0x12, 0xA0, 0x04, 0x80, 0xB0, 0xA1, 0x0B,
    0x10, 0xB1, 0x0B, 0x0A, 0x10, 0x47, 0x2A, 0x00, 0xB0, 0xA1, 0x00, 0xC9, 0x30, 0x0B, 0x0A, 0x10,
    0x08, 0xF0, 0x00, 0xB0, 0xA1, 0x00, 0x7F, 0x00, 0x0B, 0x0A, 0x10, 0x0C, 0xA3, 0x00, 0xB0, 0xA1,
    0x04, 0x82, 0x90, 0x0B, 0x0A, 0x10, 0xA1, 0x0B, 0x10, 0xB0, 0xA1, 0x2A, 0x00, 0x57, 0x0B, 0x0A,
    0x18, 0x40, 0x00, 0xC0, 0xB0, 0xA2, 0xC0, 0x00, 0x07, 0x4B, 0x0A, 0x86, 0x00, 0x00, 0x1B, 0xB0,
    0xAD, 0x00, 0x00, 0x00, 0xAD, 0x0E, 0xFB, 0xBB, 0xBB, 0xBE, 0xF0, 0xDF, 0xBB, 0xBB, 0xBB, 0xDF,
    0x0A, 0xD0, 0x00, 0x00, 0x09, 0xE0, 0xA8, 0x50, 0x00, 0x01, 0xBB, 0x0A, 0x2B, 0x00, 0x00, 0x75,
    0xB0, 0xA1, 0x93, 0x00, 0x0C, 0x0B, 0x0A, 0x12, 0xA0, 0x04, 0x80, 0xB0, 0xA1, 0x0B, 0x10, 0xB1,
    0x0B, 0x0A, 0x10, 0x47, 0x2A, 0x00, 0xB0, 0xA1, 0x00, 0xC9, 0x30, 0x0B, 0x0A, 0x10, 0x08, 0xF0,
    0x00, 0xB0, 0xA1, 0x00, 0x7F, 0x00, 0x0B, 0x0A, 0x10, 0x0C, 0xA3, 0x00, 0xB0, 0xA1, 0x04, 0x82,
    0x90, 0x0B, 0x0A, 0x10, 0xA1, 0x0B, 0x10, 0xB0, 0xA1, 0x2A, 0x00, 0x57, 0x0B, 0x0A, 0x18, 0x40,
    0x00, 0xC0, 0xB0, 0xA2, 0xC0, 0x00, 0x07, 0x4B, 0x0A, 0x86, 0x00, 0x00, 0x1B, 0xB0, 0xAD, 0x00,
    0x00, 0x00, 0xAD, 0x0E, 0xFB, 0xBB, 0xBB, 0xBE, 0xF0, 0xDF, 0xBB, 0xBB, 0xBB, 0xDF, 0x0A, 0xD0,
    0x00, 0x00, 0x09, 0xE0, 0xA8, 0x50, 0x00, 0x01, 0xBB, 0x0A, 0x2B, 0x00, 0x00, 0x75, 0xB0, 0xA1,
    0x93, 0x00, 0x0C, 0x0B, 0x0A, 0x12, 0xA0, 0x04, 0x80, 0xB0, 0xA1, 0x0B, 0x10, 0xB1, 0x0B, 0x0A,
    0x10, 0x47, 0x2A, 0x00, 0xB0, 0xA1, 0x00, 0xC9, 0x30, 0x0B, 0x0A, 0x10, 0x08, 0xF0, 0x00, 0xB0,
    0xA1, 0x00, 0x7F, 0x00, 0x0B, 0x0A, 0x10, 0x0C, 0xA3, 0x00, 0xB0, 0xA1, 0x04, 0x82, 0x90, 0x0B,
    0x0A, 0x10, 0xA1, 0x0B, 0x10, 0xB0, 0xA1, 0x2A, 0x00, 0x57, 0x0B, 0x0A, 0x18, 0x40, 0x00, 0xC0,
    0xB0, 0xA2, 0xC0, 0x00, 0x07, 0x4B, 0x0A, 0x86, 0x00, 0x00, 0x1B, 0xB0, 0xAD, 0x00, 0x00, 0x00,
    0xAD, 0x0E, 0xFB, 0xBB, 0xBB, 0xBE, 0xF0, 0xDF, 0xBB, 0xBB, 0xBB, 0xDF, 0x0A, 0xD0, 0x00, 0x00,
    0x09, 0xE0, 0xA8, 0x50, 0x00, 0x01, 0xBB, 0x0A, 0x2B, 0x00, 0x00, 0x75, 0xB0, 0xA1, 0x93, 0x00,
    0x0C, 0x0B, 0x0A, 0x12, 0xA0, 0x04, 0x80, 0xB0, 0xA1, 0x0B, 0x10, 0xB1, 0x0B, 0x0A, 0x10, 0x47,
    0x2A, 0x00, 0xB0, 0xA1, 0x00, 0xC9, 0x30, 0x0B, 0x0A, 0x10, 0x08, 0xF0, 0x00, 0xB0, 0xA1, 0x00,
    0x7F, 0x00, 0x0B, 0x0A, 0x10, 0x0C, 0xA3, 0x00, 0xB0, 0xA1, 0x04, 0x82, 0x90, 0x0B, 0x0A, 0x10,
    0xA1, 0x0B, 0x10, 0xB0, 0xA1, 0x2A, 0x00, 0x57, 0x0B, 0x0A, 0x18, 0x40, 0x00, 0xC0, 0xB0, 0xA2,
    0xC0, 0x00, 0x07, 0x4B, 0x0A, 0x86, 0x00, 0x00, 0x1B, 0xB0, 0xAD, 0x00, 0x00, 0x00, 0xAD, 0x0E,
    0xFB, 0xBB, 0xBB, 0xBE, 0xF0, 0xDF, 0xBB, 0xBB, 0xBB, 0xDF, 0x0A, 0xD0, 0x00, 0x00, 0x09, 0xE0,
    0xA8, 0x50, 0x00, 0x01, 0xBB, 0x0A, 0x2B, 0x00, 0x00, 0x75, 0xB0, 0xA1, 0x93, 0x00, 0x0C, 0x0B,
    0x0A, 0x12, 0xA0, 0x04, 0x80, 0xB0, 0xA1, 0x0B, 0x10, 0xB1, 0x0B, 0x0A, 0x10, 0x47, 0x2A, 0x00,
    0xB0, 0xA1, 0x00, 0xC9, 0x30, 0x0B, 0x0A, 0x10, 0x08, 0xF0, 0x00, 0xB0, 0xA1, 0x00, 0x7F, 0x00,
    0x0B, 0x0A, 0x10, 0x0C, 0xA3, 0x00, 0xB0, 0xA1, 0x04, 0x82, 0x90, 0x0B, 0x0A, 0x10, 0xA1, 0x0B,
    0x10, 0xB0, 0xA1, 0x2A, 0x00, 0x57, 0x0B, 0x0A, 0x18, 0x40, 0x00, 0xC0, 0xB0, 0xA2, 0xC0, 0x00,
    0x07, 0x4B, 0x0A, 0x86, 0x00, 0x00, 0x1B, 0xB0, 0xAD, 0x00, 0x00, 0x00, 0xAD, 0x0E, 0xFB, 0xBB,
    0xBB, 0xBE, 0xF0, 0xDF, 0xBB, 0xBB, 0xBB, 0xDF, 0x0A, 0xD0, 0x00, 0x00, 0x09, 0xE0, 0xA8, 0x50,
    0x00, 0x01, 0xBB, 0x0A, 0x2B, 0x00, 0x00, 0x75, 0xB0, 0xA1, 0x93, 0x00, 0x0C, 0x0B, 0x0A, 0x12,
    0xA0, 0x04, 0x80, 0xB0, 0xA1, 0x0B, 0x10, 0xB1, 0x0B, 0x0A, 0x10, 0x47, 0x2A, 0x00, 0xB0, 0xA1,
    0x00, 0xC9, 0x30, 0x0B, 0x0A, 0x10, 0x08, 0xF0, 0x00, 0xB0, 0xA1, 0x00, 0x7F, 0x00, 0x0B, 0x0A,
    0x10, 0x0C, 0xA3, 0x00, 0xB0, 0xA1, 0x04, 0x82, 0x90, 0x0B, 0x0A, 0x10, 0xA1, 0x0B, 0x10, 0xB0,
    0xA1, 0x2A, 0x00, 0x57, 0x0B, 0x0A, 0x18, 0x40, 0x00, 0xC0, 0xB0, 0xA2, 0xC0, 0x00, 0x07, 0x4B,
    0x0A, 0x86, 0x00, 0x00, 0x1B, 0xB0, 0xAD, 0x00, 0x00, 0x00, 0xAD, 0x0E, 0xFB, 0xBB, 0xBB, 0xBE,
    0xF0, 0xDF, 0xBB, 0xBB, 0xBB, 0xDF, 0x0A, 0xD0, 0x00, 0x00, 0x09, 0xE0, 0xA8, 0x50, 0x00, 0x01,
    0xBB, 0x0A, 0x2B, 0x00, 0x00, 0x75, 0xB0, 0xA1, 0x93, 0x00, 0x0C, 0x0B, 0x0A, 0x12, 0xA0, 0x04,
    0x80, 0xB0, 0xA1, 0x0B, 0x10, 0xB1, 0x0B, 0x0A, 0x10, 0x47, 0x2A, 0x00, 0xB0, 0xA1, 0x00, 0xC9,
    0x30, 0x0B, 0x0A, 0x10, 0x08, 0xF0, 0x00, 0xB0, 0xA1, 0x00, 0x7F, 0x00, 0x0B, 0x0A, 0x10, 0x0C,
    0xA3, 0x00, 0xB0, 0xA1, 0x04, 0x82, 0x90, 0x0B, 0x0A, 0x10, 0xA1, 0x0B, 0x10, 0xB0, 0xA1, 0x2A,
    0x00, 0x57, 0x0B, 0x0A, 0x18, 0x40, 0x00, 0xC0, 0xB0, 0xA2, 0xC0, 0x00, 0x07, 0x4B, 0x0A, 0x86,
    0x00, 0x00, 0x1B, 0xB0, 0xAD, 0x00, 0x00, 0x00, 0xAD, 0x0E, 0xFB, 0xBB, 0xBB, 0xBE, 0xF0, 0xDF,
    0xBB, 0xBB, 0xBB, 0xDF, 0x0A, 0xD0, 0x00, 0x00, 0x09, 0xE0, 0xA8, 0x50, 0x00, 0x01, 0xBB, 0x0A,
    0x2B, 0x00, 0x00, 0x75, 0xB0, 0xA1, 0x93, 0x00, 0x0C, 0x0B, 0x0A, 0x12, 0xA0, 0x04, 0x80, 0xB0,
    0xA1, 0x0B, 0x10, 0xB1, 0x0B, 0x0A, 0x10, 0x47, 0x2A, 0x00, 0xB0, 0xA1, 0x00, 0xC9, 0x30, 0x0B,
    0x0A, 0x10, 0x08, 0xF0, 0x00, 0xB0, 0xA1, 0x00, 0x7F, 0x00, 0x0B, 0x0A, 0x10, 0x0C, 0xA3, 0x00,
    0xB0, 0xA1, 0x04, 0x82, 0x90, 0x0B, 0x0A, 0x10, 0xA1, 0x0B, 0x10, 0xB0, 0xA1, 0x2A, 0x00, 0x57,
    0x0B, 0x0A, 0x18, 0x40, 0x00, 0xC0, 0xB0, 0xA2, 0xC0, 0x00, 0x07, 0x4B, 0x0A, 0x86, 0x00, 0x00,
    0x1B, 0xB0, 0xAD, 0x00, 0x00, 0x00, 0xAD, 0x0E, 0xFB, 0xBB, 0xBB, 0xBE, 0xF0, 0xDF, 0xBB, 0xBB,
    0xBB, 0xDF, 0x0A, 0xD0, 0x00, 0x00, 0x09, 0xE0, 0xA8, 0x50, 0x00, 0x01, 0xBB, 0x0A, 0x2B, 0x00,
    0x00, 0x75, 0xB0, 0xA1, 0x93, 0x00, 0x0C, 0x0B, 0x0A, 0x12, 0xA0, 0x04, 0x80, 0xB0, 0xA1, 0x0B,
    0x10, 0xB1, 0x0B, 0x0A, 0x10, 0x47, 0x2A, 0x00, 0xB0, 0xA1, 0x00, 0xC9, 0x30, 0x0B, 0x0A, 0x10,
    0x08, 0xF0, 0x00, 0xB0, 0xA1, 0x00, 0x7F, 0x00, 0x0B, 0x0A, 0x10, 0x0C, 0xA3, 0x00, 0xB0, 0xA1,
    0x04, 0x82, 0x90, 0x0B, 0x0A, 0x10, 0xA1, 0x0B, 0x10, 0xB0, 0xA1, 0x2A, 0x00, 0x57, 0x0B, 0x0A,
    0x18, 0x40, 0x00, 0xC0, 0xB0, 0xA2, 0xC0, 0x00, 0x07, 0x4B, 0x0A, 0x86, 0x00, 0x00, 0x1B, 0xB0,
    0xAD, 0x00, 0x00, 0x00, 0xAD, 0x0E, 0xFB, 0xBB, 0xBB, 0xBE, 0xF0, 0xDF, 0xBB, 0xBB, 0xBB, 0xDF,
    0x0A, 0xD0, 0x00, 0x00, 0x09, 0xE0, 0xA8, 0x50, 0x00, 0x01, 0xBB, 0x0A, 0x2B, 0x00, 0x00, 0x75,
    0xB0, 0xA1, 0x93, 0x00, 0x0C, 0x0B, 0x0A, 0x12, 0xA0, 0x04, 0x80, 0xB0, 0xA1, 0x0B, 0x10, 0xB1,
    0x0B, 0x0A, 0x10, 0x47, 0x2A, 0x00, 0xB0, 0xA1, 0x00, 0xC9, 0x30, 0x0B, 0x0A, 0x10, 0x08, 0xF0,
    0x00, 0xB0, 0xA1, 0x00, 0x7F, 0x00, 0x0B, 0x0A, 0x10, 0x0C, 0xA3, 0x00, 0xB0, 0xA1, 0x04, 0x82,
    0x90, 0x0B, 0x0A, 0x10, 0xA1, 0x0B, 0x10, 0xB0, 0xA1, 0x2A, 0x00, 0x57, 0x0B, 0x0A, 0x18, 0x40,
    0x00, 0xC0, 0xB0, 0xA2, 0xC0, 0x00, 0x07, 0x4B, 0x0A, 0x86, 0x00, 0x00, 0x1B, 0xB0, 0xAD, 0x00,
    0x00, 0x00, 0xAD, 0x0E, 0xFB, 0xBB, 0xBB, 0xBE, 0xF0, 0xDF, 0xBB, 0xBB, 0xBB, 0xDF, 0x0A, 0xD0,
    0x00, 0x00, 0x09, 0xE0, 0xA8, 0x50, 0x00, 0x01, 0xBB, 0x0A, 0x2B, 0x00, 0x00, 0x75, 0xB0, 0xA1,
    0x93, 0x00, 0x0C, 0x0B, 0x0A, 0x12, 0xA0, 0x04, 0x80, 0xB0, 0xA1, 0x0B, 0x10, 0xB1, 0x0B, 0x0A,
    0x10, 0x47, 0x2A, 0x00, 0xB0, 0xA1, 0x00, 0xC9, 0x30, 0x0B, 0x0A, 0x10, 0x08, 0xF0, 0x00, 0xB0,
    0xA1, 0x00, 0x7F, 0x00, 0x0B, 0x0A, 0x10, 0x0C, 0xA3, 0x00, 0xB0, 0xA1, 0x04, 0x82, 0x90, 0x0B,
    0x0A, 0x10, 0xA1, 0x0B, 0x10, 0xB0, 0xA1, 0x2A, 0x00, 0x57, 0x0B, 0x0A, 0x18, 0x40, 0x00, 0xC0,
    0xB0, 0xA2, 0xC0, 0x00, 0x07, 0x4B, 0x0A, 0x86, 0x00, 0x00, 0x1B, 0xB0, 0xAD, 0x00, 0x00, 0x00,
    0xAD, 0x0E, 0xFB, 0xBB, 0xBB, 0xBE, 0xF0, 0xDF, 0xBB, 0xBB, 0xBB, 0xDF, 0x0A, 0xD0, 0x00, 0x00,
    0x09, 0xE0, 0xA8, 0x50, 0x00, 0x01, 0xBB, 0x0A, 0x2B, 0x00, 0x00, 0x75, 0xB0, 0xA1, 0x93, 0x00,
    0x0C, 0x0B, 0x0A, 0x12, 0xA0, 0x04, 0x80, 0xB0, 0xA1, 0x0B, 0x10, 0xB1, 0x0B, 0x0A, 0x10, 0x47,
    0x2A, 0x00, 0xB0, 0xA1, 0x00, 0xC9, 0x30, 0x0B, 0x0A, 0x10, 0x08, 0xF0, 0x00, 0xB0, 0xA1, 0x00,
    0x7F, 0x00, 0x0B, 0x0A, 0x10, 0x0C, 0xA3, 0x00, 0xB0, 0xA1, 0x04, 0x82, 0x90, 0x0B, 0x0A, 0x10,
    0xA1, 0x0B, 0x10, 0xB0, 0xA1, 0x2A, 0x00, 0x57, 0x0B, 0x0A, 0x18, 0x40, 0x00, 0xC0, 0xB0, 0xA2,
    0xC0, 0x00, 0x07, 0x4B, 0x0A, 0x86, 0x00, 0x00, 0x1B, 0xB0, 0xAD, 0x00, 0x00, 0x00, 0xAD, 0x0E,
    0xFB, 0xBB, 0xBB, 0xBE, 0xF0, 0xDF, 0xBB, 0xBB, 0xBB, 0xDF, 0x0A, 0xD0, 0x00, 0x00, 0x09, 0xE0,
    0xA8, 0x50, 0x00, 0x01, 0xBB, 0x0A, 0x2B, 0x00, 0x00, 0x75, 0xB0, 0xA1, 0x93, 0x00, 0x0C, 0x0B,
    0x0A, 0x12, 0xA0, 0x04, 0x80, 0xB0, 0xA1, 0x0B, 0x10, 0xB1, 0x0B, 0x0A, 0x10, 0x47, 0x2A, 0x00,
    0xB0, 0xA1, 0x00, 0xC9, 0x30, 0x0B, 0x0A, 0x10, 0x08, 0xF0, 0x00, 0xB0, 0xA1, 0x00, 0x7F, 0x00,
    0x0B, 0x0A, 0x10, 0x0C, 0xA3, 0x00, 0xB0, 0xA1, 0x04, 0x82, 0x90, 0x0B, 0x0A, 0x10, 0xA1, 0x0B,
    0x10, 0xB0, 0xA1, 0x2A, 0x00, 0x57, 0x0B, 0x0A, 0x18, 0x40, 0x00, 0xC0, 0xB0, 0xA2, 0xC0, 0x00,
    0x07, 0x4B, 0x0A, 0x86, 0x00, 0x00, 0x1B, 0xB0, 0xAD, 0x00, 0x00, 0x00, 0xAD, 0x0E, 0xFB, 0xBB,
    0xBB, 0xBE, 0xF0, 0xDF, 0xBB, 0xBB, 0xBB, 0xDF, 0x0A, 0xD0, 0x00, 0x00, 0x09, 0xE0, 0xA8, 0x50,
    0x00, 0x01, 0xBB, 0x0A, 0x2B, 0x00, 0x00, 0x75, 0xB0, 0xA1, 0x93, 0x00, 0x0C, 0x0B, 0x0A, 0x12,
    0xA0, 0x04, 0x80, 0xB0, 0xA1, 0x0B, 0x10, 0xB1, 0x0B, 0x0A, 0x10, 0x47, 0x2A, 0x00, 0xB0, 0xA1,
    0x00, 0xC9, 0x30, 0x0B, 0x0A, 0x10, 0x08, 0xF0, 0x00, 0xB0, 0xA1, 0x00, 0x7F, 0x00, 0x0B, 0x0A,
    0x10, 0x0C, 0xA3, 0x00, 0xB0, 0xA1, 0x04, 0x82, 0x90, 0x0B, 0x0A, 0x10, 0xA1, 0x0B, 0x10, 0xB0,
    0xA1, 0x2A, 0x00, 0x57, 0x0B, 0x0A, 0x18, 0x40, 0x00, 0xC0, 0xB0, 0xA2, 0xC0, 0x00, 0x07, 0x4B,
    0x0A, 0x86, 0x00, 0x00, 0x1B, 0xB0, 0xAD, 0x00, 0x00, 0x00, 0xAD, 0x0E, 0xFB, 0xBB, 0xBB, 0xBE,
    0xF0, 0xDF, 0xBB, 0xBB, 0xBB, 0xDF, 0x0A, 0xD0, 0x00, 0x00, 0x09, 0xE0, 0xA8, 0x50, 0x00, 0x01,
    0xBB, 0x0A, 0x2B, 0x00, 0x00, 0x75, 0xB0, 0xA1, 0x93, 0x00, 0x0C, 0x0B, 0x0A, 0x12, 0xA0, 0x04,
    0x80, 0xB0, 0xA1, 0x0B, 0x10, 0xB1, 0x0B, 0x0A, 0x10, 0x47, 0x2A, 0x00, 0xB0, 0xA1, 0x00, 0xC9,
    0x30, 0x0B, 0x0A, 0x10, 0x08, 0xF0, 0x00, 0xB0, 0xA1, 0x00, 0x7F, 0x00, 0x0B, 0x0A, 0x10, 0x0C,
    0xA3, 0x00, 0xB0, 0xA1, 0x04, 0x82, 0x90, 0x0B, 0x0A, 0x10, 0xA1, 0x0B, 0x10, 0xB0, 0xA1, 0x2A,
    0x00, 0x57, 0x0B, 0x0A, 0x18, 0x40, 0x00, 0xC0, 0xB0, 0xA2, 0xC0, 0x00, 0x07, 0x4B, 0x0A, 0x86,
    0x00, 0x00, 0x1B, 0xB0, 0xAD, 0x00, 0x00, 0x00, 0xAD, 0x0E, 0xFB, 0xBB, 0xBB, 0xBE, 0xF0, 0xDF,
    0xBB, 0xBB, 0xBB, 0xDF, 0x0A, 0xD0, 0x00, 0x00, 0x09, 0xE0, 0xA8, 0x50, 0x00, 0x01, 0xBB, 0x0A,
    0x2B, 0x00, 0x00, 0x75, 0xB0, 0xA1, 0x93, 0x00, 0x0C, 0x0B, 0x0A, 0x12, 0xA0, 0x04, 0x80, 0xB0,
    0xA1, 0x0B, 0x10, 0xB1, 0x0B, 0x0A, 0x10, 0x47, 0x2A, 0x00, 0xB0, 0xA1, 0x00, 0xC9, 0x30, 0x0B,
    0x0A, 0x10, 0x08, 0xF0, 0x00, 0xB0, 0xA1, 0x00, 0x7F, 0x00, 0x0B, 0x0A, 0x10, 0x0C, 0xA3, 0x00,
    0xB0, 0xA1, 0x04, 0x82, 0x90, 0x0B, 0x0A, 0x10, 0xA1, 0x0B, 0x10, 0xB0, 0xA1, 0x2A, 0x00, 0x57,
    0x0B, 0x0A, 0x18, 0x40, 0x00, 0xC0, 0xB0, 0xA2, 0xC0, 0x00, 0x07, 0x4B, 0x0A, 0x86, 0x00, 0x00,
    0x1B, 0xB0, 0xAD, 0x00, 0x00, 0x00, 0xAD, 0x0E, 0xFB, 0xBB, 0xBB, 0xBE, 0xF0, 0xDF, 0xBB, 0xBB,
    0xBB, 0xDF, 0x0A, 0xD0, 0x00, 0x00, 0x09, 0xE0, 0xA8, 0x50, 0x00, 0x01, 0xBB, 0x0A, 0x2B, 0x00,
    0x00, 0x75, 0xB0, 0xA1, 0x93, 0x00, 0x0C, 0x0B, 0x0A, 0x12, 0xA0, 0x04, 0x80, 0xB0, 0xA1, 0x0B,
    0x10, 0xB1, 0x0B, 0x0A, 0x10, 0x47, 0x2A, 0x00, 0xB0, 0xA1, 0x00, 0xC9, 0x30, 0x0B, 0x0A, 0x10,
    0x08, 0xF0, 0x00, 0xB0, 0xA1, 0x00, 0x7F, 0x00, 0x0B, 0x0A, 0x10, 0x0C, 0xA3, 0x00, 0xB0, 0xA1,
    0x04, 0x82, 0x90, 0x0B, 0x0A, 0x10, 0xA1, 0x0B, 0x10, 0xB0, 0xA1, 0x2A, 0x00, 0x57, 0x0B, 0x0A,
    0x18, 0x40, 0x00, 0xC0, 0xB0, 0xA2, 0xC0, 0x00, 0x07, 0x4B, 0x0A, 0x86, 0x00, 0x00, 0x1B, 0xB0,
    0xAD, 0x00, 0x00, 0x00, 0xAD, 0x0E, 0xFB, 0xBB, 0xBB, 0xBE, 0xF0, 0xDF, 0xBB, 0xBB, 0xBB, 0xDF,
    0x0A, 0xD0, 0x00, 0x00, 0x09, 0xE0, 0xA8, 0x50, 0x00, 0x01, 0xBB, 0x0A, 0x2B, 0x00, 0x00, 0x75,
    0xB0, 0xA1, 0x93, 0x00, 0x0C, 0x0B, 0x0A, 0x12, 0xA0, 0x04, 0x80, 0xB0, 0xA1, 0x0B, 0x10, 0xB1,
    0x0B, 0x0A, 0x10, 0x47, 0x2A, 0x00, 0xB0, 0xA1, 0x00, 0xC9, 0x30, 0x0B, 0x0A, 0x10, 0x08, 0xF0,
    0x00, 0xB0, 0xA1, 0x00, 0x7F, 0x00, 0x0B, 0x0A, 0x10, 0x0C, 0xA3, 0x00, 0xB0, 0xA1, 0x04, 0x82,
    0x90, 0x0B, 0x0A, 0x10, 0xA1, 0x0B, 0x10, 0xB0, 0xA1, 0x2A, 0x00, 0x57, 0x0B, 0x0A, 0x18, 0x40,
    0x00, 0xC0, 0xB0, 0xA2, 0xC0, 0x00, 0x07, 0x4B, 0x0A, 0x86, 0x00, 0x00, 0x1B, 0xB0, 0xAD, 0x00,
    0x00, 0x00, 0xAD, 0x0E, 0xFB, 0xBB, 0xBB, 0xBE, 0xF0, 0xDF, 0xBB, 0xBB, 0xBB, 0xDF, 0x0A, 0xD0,
    0x00, 0x00, 0x09, 0xE0, 0xA8, 0x50, 0x00, 0x01, 0xBB, 0x0A, 0x2B, 0x00, 0x00, 0x75, 0xB0, 0xA1,
    0x93, 0x00, 0x0C, 0x0B, 0x0A, 0x12, 0xA0, 0x04, 0x80, 0xB0, 0xA1, 0x0B, 0x10, 0xB1, 0x0B, 0x0A,
    0x10, 0x47, 0x2A, 0x00, 0xB0, 0xA1, 0x00, 0xC9, 0x30, 0x0B, 0x0A, 0x10, 0x08, 0xF0, 0x00, 0xB0,
    0xA1, 0x00, 0x7F, 0x00, 0x0B, 0x0A, 0x10, 0x0C, 0xA3, 0x00, 0xB0, 0xA1, 0x04, 0x82, 0x90, 0x0B,
    0x0A, 0x10, 0xA1, 0x0B, 0x10, 0xB0, 0xA1, 0x2A, 0x00, 0x57, 0x0B, 0x0A, 0x18, 0x40, 0x00, 0xC0,
    0xB0, 0xA2, 0xC0, 0x00, 0x07, 0x4B, 0x0A, 0x86, 0x00, 0x00, 0x1B, 0xB0, 0xAD, 0x00, 0x00, 0x00,
    0xAD, 0x0E, 0xFB, 0xBB, 0xBB, 0xBE, 0xF0, 0xDF, 0xBB, 0xBB, 0xBB, 0xDF, 0x0A, 0xD0, 0x00, 0x00,
    0x09, 0xE0, 0xA8, 0x50, 0x00, 0x01, 0xBB, 0x0A, 0x2B, 0x00, 0x00, 0x75, 0xB0, 0xA1, 0x93, 0x00,
    0x0C, 0x0B, 0x0A, 0x12, 0xA0, 0x04, 0x80, 0xB0, 0xA1, 0x0B, 0x10, 0xB1, 0x0B, 0x0A, 0x10, 0x47,
    0x2A, 0x00, 0xB0, 0xA1, 0x00, 0xC9, 0x30, 0x0B, 0x0A, 0x10, 0x08, 0xF0, 0x00, 0xB0, 0xA1, 0x00,
    0x7F, 0x00, 0x0B, 0x0A, 0x10, 0x0C, 0xA3, 0x00, 0xB0, 0xA1, 0x04, 0x82, 0x90, 0x0B, 0x0A, 0x10,
    0xA1, 0x0B, 0x10, 0xB0, 0xA1, 0x2A, 0x00, 0x57, 0x0B, 0x0A, 0x18, 0x40, 0x00, 0xC0, 0xB0, 0xA2,
    0xC0, 0x00, 0x07, 0x4B, 0x0A, 0x86, 0x00, 0x00, 0x1B, 0xB0, 0xAD, 0x00, 0x00, 0x00, 0xAD, 0x0E,
    0xFB, 0xBB, 0xBB, 0xBE, 0xF0, 0xDF, 0xBB, 0xBB, 0xBB, 0xDF, 0x0A, 0xD0, 0x00, 0x00, 0x09, 0xE0,
    0xA8, 0x50, 0x00, 0x01, 0xBB, 0x0A, 0x2B, 0x00, 0x00, 0x75, 0xB0, 0xA1, 0x93, 0x00, 0x0C, 0x0B,
    0x0A, 0x12, 0xA0, 0x04, 0x80, 0xB0, 0xA1, 0x0B, 0x10, 0xB1, 0x0B, 0x0A, 0x10, 0x47, 0x2A, 0x00,
    0xB0, 0xA1, 0x00, 0xC9, 0x30, 0x0B, 0x0A, 0x10, 0x08, 0xF0, 0x00, 0xB0, 0xA1, 0x00, 0x7F, 0x00,
    0x0B, 0x0A, 0x10, 0x0C, 0xA3, 0x00, 0xB0, 0xA1, 0x04, 0x82, 0x90, 0x0B, 0x0A, 0x10, 0xA1, 0x0B,
    0x10, 0xB0, 0xA1, 0x2A, 0x00, 0x57, 0x0B, 0x0A, 0x18, 0x40, 0x00, 0xC0, 0xB0, 0xA2, 0xC0, 0x00,
    0x07, 0x4B, 0x0A, 0x86, 0x00, 0x00, 0x1B, 0xB0, 0xAD, 0x00, 0x00, 0x00, 0xAD, 0x0E, 0xFB, 0xBB,
    0xBB, 0xBE, 0xF0, 0xDF, 0xBB, 0xBB, 0xBB, 0xDF, 0x0A, 0xD0, 0x00, 0x00, 0x09, 0xE0, 0xA8, 0x50,
    0x00, 0x01, 0xBB, 0x0A, 0x2B, 0x00, 0x00, 0x75, 0xB0, 0xA1, 0x93, 0x00, 0x0C, 0x0B, 0x0A, 0x12,
    0xA0, 0x04, 0x80, 0xB0, 0xA1, 0x0B, 0x10, 0xB1, 0x0B, 0x0A, 0x10, 0x47, 0x2A, 0x00, 0xB0, 0xA1,
    0x00, 0xC9, 0x30, 0x0B, 0x0A, 0x10, 0x08, 0xF0, 0x00, 0xB0, 0xA1, 0x00, 0x7F, 0x00, 0x0B, 0x0A,
    0x10, 0x0C, 0xA3, 0x00, 0xB0, 0xA1, 0x04, 0x82, 0x90, 0x0B, 0x0A, 0x10, 0xA1, 0x0B, 0x10, 0xB0,
    0xA1, 0x2A, 0x00, 0x57, 0x0B, 0x0A, 0x18, 0x40, 0x00, 0xC0, 0xB0, 0xA2, 0xC0, 0x00, 0x07, 0x4B,
    0x0A, 0x86, 0x00, 0x00, 0x1B, 0xB0, 0xAD, 0x00, 0x00, 0x00, 0xAD, 0x0E, 0xFB, 0xBB, 0xBB, 0xBE,
    0xF0, 0xDF, 0xBB, 0xBB, 0xBB, 0xDF, 0x0A, 0xD0, 0x00, 0x00, 0x09, 0xE0, 0xA8, 0x50, 0x00, 0x01,
    0xBB, 0x0A, 0x2B, 0x00, 0x00, 0x75, 0xB0, 0xA1, 0x93, 0x00, 0x0C, 0x0B, 0x0A, 0x12, 0xA0, 0x04,
    0x80, 0xB0, 0xA1, 0x0B, 0x10, 0xB1, 0x0B, 0x0A, 0x10, 0x47, 0x2A, 0x00, 0xB0, 0xA1, 0x00, 0xC9,
    0x30, 0x0B, 0x0A, 0x10, 0x08, 0xF0, 0x00, 0xB0, 0xA1, 0x00, 0x7F, 0x00, 0x0B, 0x0A, 0x10, 0x0C,
    0xA3, 0x00, 0xB0, 0xA1, 0x04, 0x82, 0x90, 0x0B, 0x0A, 0x10, 0xA1, 0x0B, 0x10, 0xB0, 0xA1, 0x2A,
    0x00, 0x57, 0x0B, 0x0A, 0x18, 0x40, 0x00, 0xC0, 0xB0, 0xA2, 0xC0, 0x00, 0x07, 0x4B, 0x0A, 0x86,
    0x00, 0x00, 0x1B, 0xB0, 0xAD, 0x00, 0x00, 0x00, 0xAD, 0x0E, 0xFB, 0xBB, 0xBB, 0xBE, 0xF0, 0x0A,
    0xF7, 0x0F, 0xFD, 0x0A, 0xF7, 0x00, 0x00, 0x00, 0x00, 0x00, 0x00, 0x0A, 0xFA, 0x0A, 0xFA, 0x0B,
    0xFA, 0x0B, 0xFA, 0x0B, 0xFA, 0x0B, 0xFB, 0x0C, 0xFB, 0x0C, 0xFB, 0x0C, 0xFB, 0x0C, 0xFC, 0x0C,
    0xFC, 0x0D, 0xFC, 0x0D, 0xFC, 0x0D, 0xFC, 0x00, 0x00, 0x06, 0xFF, 0x20, 0x00, 0x00, 0x00, 0x00,
    0x6F, 0xF2, 0x00, 0x00, 0x00, 0x00, 0x06, 0xFF, 0x20, 0x00, 0x00, 0x00, 0x18, 0xFF, 0xFF, 0x81,
    0x00, 0x00, 0x4F, 0xFF, 0xFF, 0xFF, 0xF4, 0x00, 0x2F, 0xFE, 0x52, 0x26, 0xEF, 0xF2, 0x0C, 0xFE,
    0x10, 0x00, 0x02, 0xFF, 0x92, 0xFF, 0x80, 0x00, 0x00, 0x09, 0xFD, 0x6F, 0xF2, 0x00, 0x00, 0x00,
    0x00, 0x08, 0xFF, 0x00, 0x00, 0x00, 0x00, 0x00, 0x8F, 0xF0, 0x00, 0x00, 0x00, 0x00, 0x08, 0xFF,
    0x00, 0x00, 0x00, 0x00, 0x00, 0x6F, 0xF2, 0x00, 0x00, 0x00, 0x00, 0x02, 0xFF, 0x70, 0x00, 0x00,
    0x09, 0xFD, 0x0C, 0xFE, 0x10, 0x00, 0x02, 0xFF, 0x80, 0x2F, 0xFE, 0x52, 0x26, 0xEF, 0xE1, 0x00,
    0x4F, 0xFF, 0xFF, 0xFF, 0xD2, 0x00, 0x00, 0x18, 0xFF, 0xFE, 0x70, 0x00, 0x00, 0x00, 0x06, 0xFF,
    0x20, 0x00, 0x00, 0x00, 0x00, 0x6F, 0xF2, 0x00, 0x00, 0x00, 0x00, 0x06, 0xFF, 0x20, 0x00, 0x00,
    0x00, 0x00, 0x05, 0xBE, 0xFE, 0xA4, 0x00, 0x00, 0x00, 0x0B, 0xFF, 0xFF, 0xFF, 0xF8, 0x00, 0x00,
    0x0B, 0xFF, 0xA4, 0x36, 0xEF, 0xF4, 0x00, 0x03, 0xFF, 0xA0, 0x00, 0x02, 0xFF, 0xB0, 0x00, 0x8F,
    0xF2, 0x00, 0x00, 0x0A, 0xFF, 0x00, 0x0A, 0xFF, 0x00, 0x00, 0x00, 0x35, 0x50, 0x00, 0xAF, 0xF0,
    0x00, 0x00, 0x00, 0x00, 0x00, 0x09, 0xFF, 0x00, 0x00, 0x00, 0x00, 0x00, 0x00, 0x9F, 0xF0, 0x00,
    0x00, 0x00, 0x00, 0x01, 0x2B, 0xFF, 0x32, 0x22, 0x10, 0x00, 0x00, 0xCF, 0xFF, 0xFF, 0xFF, 0xF7,
    0x00, 0x00, 0x0C, 0xFF, 0xFF, 0xFF, 0xFF, 0x70, 0x00, 0x00, 0x00, 0x7F, 0xF2, 0x00, 0x00, 0x00,
    0x00, 0x00, 0x06, 0xFF, 0x30, 0x00, 0x00, 0x00, 0x00, 0x00, 0x6F, 0xF3, 0x00, 0x00, 0x00, 0x00,
    0x00, 0x07, 0xFF, 0x20, 0x00, 0x00, 0x00, 0x00, 0x00, 0xBF, 0xF0, 0x00, 0x00, 0x00, 0x00, 0x01,
    0x5F, 0xFB, 0x22, 0x22, 0x22, 0x22, 0x20, 0xBF, 0xFF, 0xFF, 0xFF, 0xFF, 0xFF, 0xFF, 0x6B, 0xFF,
    0xFF, 0xFF, 0xFF, 0xFF, 0xFF, 0xF6, 0x00, 0x10, 0x00, 0x00, 0x00, 0x00, 0x00, 0x00, 0x00, 0x08,
    0xE1, 0x02, 0x8D, 0xFF, 0xD9, 0x30, 0x0C, 0xA0, 0x5F, 0xFE, 0xAF, 0xFF, 0xFF, 0xFF, 0xFA, 0xCF,
    0xF7, 0x0A, 0xFF, 0xFF, 0xE9, 0x66, 0x9E, 0xFF, 0xFF, 0xC0, 0x00, 0xFF, 0xFA, 0x10, 0x00, 0x00,
    0x9F, 0xFF, 0x10, 0x02, 0xFF, 0xA0, 0x00, 0x00, 0x00, 0x09, 0xFF, 0x30, 0x08, 0xFF, 0x10, 0x00,
    0x00, 0x00, 0x00, 0xEF, 0xA0, 0x0D, 0xF9, 0x00, 0x00, 0x00, 0x00, 0x00, 0x8F, 0xE0, 0x0F, 0xF5,
    0x00, 0x00, 0x00, 0x00, 0x00, 0x4F, 0xF1, 0x0F, 0xF4, 0x00, 0x00, 0x00, 0x00, 0x00, 0x3F, 0xF2,
    0x0F, 0xF5, 0x00, 0x00, 0x00, 0x00, 0x00, 0x4F, 0xF1, 0x0D, 0xF9, 0x00, 0x00, 0x00, 0x00, 0x00,
    0x8F, 0xE0, 0x08, 0xFF, 0x10, 0x00, 0x00, 0x00, 0x00, 0xEF, 0xA0, 0x02, 0xFF, 0xA0, 0x00, 0x00,
    0x00, 0x09, 0xFF, 0x30, 0x00, 0xFF, 0xFA, 0x10, 0x00, 0x00, 0x9F, 0xFF, 0x00, 0x09, 0xFF, 0xFF,
    0xE9, 0x66, 0x9E, 0xFF, 0xFF, 0xB0, 0x5F, 0xFE, 0xAF, 0xFF, 0xFF, 0xFF, 0xFA, 0xDF, 0xF8, 0x09,
    0xE2, 0x02, 0x8D, 0xFF, 0xD9, 0x30, 0x1D, 0xB0, 0x00, 0x10, 0x00, 0x00, 0x00, 0x00, 0x00, 0x01,
    0x00, 0x8F, 0xF6, 0x00, 0x00, 0x00, 0x0A, 0xFF, 0x41, 0xFF, 0xD0, 0x00, 0x00, 0x01, 0xFF, 0xC0,
    0x09, 0xFF, 0x40, 0x00, 0x00, 0x8F, 0xF4, 0x00, 0x1F, 0xFB, 0x00, 0x00, 0x0E, 0xFC, 0x00, 0x00,
    0x9F, 0xF2, 0x00, 0x06, 0xFF, 0x40, 0x00, 0x01, 0xFF, 0x90, 0x00, 0xDF, 0xC0, 0x00, 0x00, 0x09,
    0xFF, 0x10, 0x5F, 0xF5, 0x00, 0x00, 0x00, 0x2F, 0xF8, 0x0C, 0xFD, 0x00, 0x00, 0x00, 0x00, 0x9F,
    0xE3, 0xFF, 0x50, 0x00, 0x00, 0x00, 0x02, 0xFF, 0xFF, 0xD0, 0x00, 0x00, 0x04, 0xBB, 0xBF, 0xFF,
    0xFF, 0xBB, 0xB0, 0x00, 0x5F, 0xFF, 0xFF, 0xFF, 0xFF, 0xFF, 0x10, 0x00, 0x00, 0x00, 0xFF, 0xA0,
    0x00, 0x00, 0x00, 0x00, 0x00, 0x0F, 0xF9, 0x00, 0x00, 0x00, 0x05, 0xFF, 0xFF, 0xFF, 0xFF, 0xFF,
    0xF1, 0x00, 0x3B, 0xBB, 0xBF, 0xFF, 0xBB, 0xBB, 0x00, 0x00, 0x00, 0x00, 0xFF, 0x90, 0x00, 0x00,
    0x00, 0x00, 0x00, 0x0F, 0xF9, 0x00, 0x00, 0x00, 0x00, 0x00, 0x00, 0xFF, 0x90, 0x00, 0x00, 0x00,
    0x00, 0x00, 0x0F, 0xF9, 0x00, 0x00, 0x00, 0xFF, 0x8F, 0xF8, 0xFF, 0x8F, 0xF8, 0xFF, 0x8F, 0xF8,
    0xFF, 0x8F, 0xF8, 0xFF, 0x8F, 0xF8, 0x00, 0x00, 0x00, 0xFF, 0x8F, 0xF8, 0xFF, 0x8F, 0xF8, 0xFF,
    0x8F, 0xF8, 0xFF, 0x8F, 0xF8, 0xFF, 0x8F, 0xF8, 0xFF, 0x80, 0x00, 0x01, 0x7C, 0xEF, 0xEC, 0x82,
    0x00, 0x00, 0x05, 0xFF, 0xFF, 0xFF, 0xFF, 0xF7, 0x00, 0x04, 0xFF, 0xE6, 0x21, 0x27, 0xEF, 0xF5,
    0x00, 0xCF, 0xE1, 0x00, 0x00, 0x01, 0xEF, 0xD0, 0x0F, 0xF8, 0x00, 0x00, 0x00, 0x07, 0xFF, 0x20,
    0xFF, 0x80, 0x00, 0x00, 0x00, 0x3E, 0xE4, 0x0D, 0xFD, 0x00, 0x00, 0x00, 0x00, 0x00, 0x00, 0x7F,
    0xFD, 0x60, 0x00, 0x00, 0x00, 0x00, 0x00, 0xAF, 0xFF, 0xFB, 0x61, 0x00, 0x00, 0x00, 0x3D, 0xFF,
    0xFF, 0xFF, 0xFB, 0x40, 0x00, 0x1E, 0xFD, 0x33, 0x8D, 0xFF, 0xFF, 0xB1, 0x07, 0xFF, 0x20, 0x00,
    0x02, 0x8E, 0xFF, 0xC0, 0xAF, 0xE0, 0x00, 0x00, 0x00, 0x1B, 0xFF, 0x59, 0xFF, 0x00, 0x00, 0x00,
    0x00, 0x1F, 0xF9, 0x5F, 0xF9, 0x00, 0x00, 0x00, 0x00, 0xEF, 0xA0, 0xDF, 0xFD, 0x71, 0x00, 0x00,
    0x2F, 0xF7, 0x01, 0xCF, 0xFF, 0xFC, 0x83, 0x4D, 0xFE, 0x10, 0x00, 0x5C, 0xFF, 0xFF, 0xFF, 0xFD,
    0x20, 0x00, 0x00, 0x02, 0x6B, 0xFF, 0xFF, 0x90, 0x00, 0x00, 0x00, 0x00, 0x01, 0x7F, 0xFF, 0x60,
    0x00, 0x00, 0x00, 0x00, 0x00, 0x2E, 0xFD, 0x0A, 0xEC, 0x00, 0x00, 0x00, 0x00, 0x9F, 0xF0, 0x9F,
    0xF1, 0x00, 0x00, 0x00, 0x09, 0xFF, 0x04, 0xFF, 0xA0, 0x00, 0x00, 0x01, 0xEF, 0xC0, 0x0B, 0xFF,
    0xC6, 0x21, 0x27, 0xEF, 0xF4, 0x00, 0x0A, 0xFF, 0xFF, 0xFF, 0xFF, 0xF6, 0x00, 0x00, 0x03, 0x9D,
    0xFF, 0xEC, 0x82, 0x00, 0x00, 0x3C, 0xB0, 0x00, 0x4D, 0xA0, 0x9F, 0xF5, 0x00, 0xAF, 0xF3, 0x4E,
    0xD1, 0x00, 0x5F, 0xC0, 0x00, 0x00, 0x00, 0x5A, 0xDF, 0xFD, 0x94, 0x00, 0x00, 0x00, 0x00, 0x00,
    0x4D, 0xFF, 0xCB, 0xBC, 0xFF, 0xC3, 0x00, 0x00, 0x00, 0x07, 0xFE, 0x71, 0x00, 0x00, 0x17, 0xFF,
    0x60, 0x00, 0x00, 0x6F, 0xC1, 0x00, 0x00, 0x00, 0x00, 0x1D, 0xF5, 0x00, 0x02, 0xFC, 0x00, 0x04,
    0xAC, 0xC9, 0x20, 0x01, 0xDF, 0x10, 0x0B, 0xF2, 0x00, 0x8F, 0xFF, 0xFF, 0xF5, 0x00, 0x3F, 0x90,
    0x1F, 0x90, 0x04, 0xFE, 0x30, 0x07, 0xFE, 0x00, 0x0A, 0xF0, 0x6F, 0x30, 0x0B, 0xF5, 0x00, 0x00,
    0xDF, 0x30, 0x05, 0xF5, 0x9F, 0x00, 0x0E, 0xF1, 0x00, 0x00, 0x46, 0x20, 0x01, 0xF8, 0xBD, 0x00,
    0x0F, 0xF0, 0x00, 0x00, 0x00, 0x00, 0x00, 0xF9, 0xBD, 0x00, 0x0F, 0xF0, 0x00, 0x00, 0x00, 0x00,
    0x00, 0xF9, 0x9F, 0x00, 0x0E, 0xF1, 0x00, 0x00, 0x57, 0x20, 0x01, 0xF8, 0x6F, 0x30, 0x0B, 0xF6,
    0x00, 0x00, 0xDF, 0x30, 0x05, 0xF5, 0x1F, 0x90, 0x04, 0xFE, 0x30, 0x07, 0xFE, 0x00, 0x0A, 0xF0,
    0x0A, 0xF2, 0x00, 0x8F, 0xFF, 0xFF, 0xF5, 0x00, 0x3F, 0x90, 0x02, 0xFC, 0x00, 0x04, 0xAC, 0xC9,
    0x20, 0x01, 0xDF, 0x10, 0x00, 0x6F, 0xC1, 0x00, 0x00, 0x00, 0x00, 0x1D, 0xF4, 0x00, 0x00, 0x07,
    0xFE, 0x61, 0x00, 0x00, 0x17, 0xFF, 0x50, 0x00, 0x00, 0x00, 0x4D, 0xFF, 0xCA, 0xAC, 0xFF, 0xC3,
    0x00, 0x00, 0x00, 0x00, 0x00, 0x5A, 0xDF, 0xFD, 0xA4, 0x00, 0x00, 0x00, 0x02, 0xAE, 0xFD, 0x70,
    0x03, 0xFF, 0xFF, 0xFF, 0xA0, 0xAF, 0xC1, 0x05, 0xFF, 0x22, 0x42, 0x00, 0x0E, 0xF4, 0x00, 0x36,
    0x88, 0xFF, 0x51, 0xDF, 0xFF, 0xFF, 0xF5, 0xBF, 0xC3, 0x00, 0xDF, 0x5F, 0xF4, 0x00, 0x0F, 0xF5,
    0xDF, 0x90, 0x18, 0xFF, 0x58, 0xFF, 0xFF, 0xFF, 0xF6, 0x07, 0xDF, 0xD5, 0xAF, 0x90, 0x00, 0x00,
    0xDF, 0x20, 0xDF, 0x20, 0x00, 0x9F, 0x70, 0x9F, 0x70, 0x00, 0x5F, 0xD0, 0x5F, 0xD0, 0x00, 0x2F,
    0xF3, 0x2F, 0xF3, 0x00, 0x0D, 0xF9, 0x0D, 0xF9, 0x00, 0x07, 0xFF, 0x17, 0xFF, 0x10, 0x00, 0x0D,
    0xF9, 0x0D, 0xF9, 0x00, 0x00, 0x2F, 0xF3, 0x2F, 0xF3, 0x00, 0x00, 0x5F, 0xD0, 0x5F, 0xD0, 0x00,
    0x00, 0x9F, 0x70, 0x9F, 0x70, 0x00, 0x00, 0xDF, 0x20, 0xDF, 0x20, 0x4F, 0xFF, 0xFF, 0xFF, 0xFF,
    0xFF, 0x14, 0xFF, 0xFF, 0xFF, 0xFF, 0xFF, 0xF2, 0x03, 0x33, 0x33, 0x33, 0x3A, 0xFF, 0x10, 0x00,
    0x00, 0x00, 0x00, 0x7F, 0xF1, 0x00, 0x00, 0x00, 0x00, 0x07, 0xFF, 0x10, 0x00, 0x00, 0x00, 0x00,
    0x7F, 0xF1, 0x00, 0x00, 0x00, 0x5A, 0xDF, 0xFD, 0x94, 0x00, 0x00, 0x00, 0x00, 0x00, 0x4D, 0xFF,
    0xCA, 0xBC, 0xFF, 0xC3, 0x00, 0x00, 0x00, 0x07, 0xFE, 0x71, 0x00, 0x00, 0x17, 0xFF, 0x50, 0x00,
    0x00, 0x6F, 0xC1, 0x00, 0x00, 0x00, 0x00, 0x2D, 0xF5, 0x00, 0x03, 0xFC, 0x00, 0xFF, 0xFF, 0xFC,
    0x60, 0x01, 0xDF, 0x10, 0x0B, 0xF1, 0x00, 0xFF, 0xBB, 0xCF, 0xF8, 0x00, 0x3F, 0x90, 0x2F, 0x80,
    0x00, 0xFE, 0x00, 0x01, 0xEF, 0x00, 0x0B, 0xF0, 0x6F, 0x30, 0x00, 0xFE, 0x00, 0x00, 0xCF, 0x20,
    0x05, 0xF5, 0x9F, 0x00, 0x00, 0xFE, 0x00, 0x03, 0xFE, 0x00, 0x01, 0xF8, 0xBD, 0x00, 0x00, 0xFF,
    0xCC, 0xFF, 0xF4, 0x00, 0x00, 0xF9, 0xBD, 0x00, 0x00, 0xFF, 0xFF, 0xFF, 0xF3, 0x00, 0x00, 0xF9,
    0x9F, 0x00, 0x00, 0xFE, 0x00, 0x05, 0xFD, 0x00, 0x01, 0xF8, 0x6F, 0x30, 0x00, 0xFE, 0x00, 0x00,
    0xDF, 0x10, 0x05, 0xF5, 0x2F, 0x80, 0x00, 0xFE, 0x00, 0x00, 0xCF, 0x10, 0x0B, 0xF0, 0x0B, 0xF1,
    0x00, 0xFE, 0x00, 0x00, 0xBF, 0x40, 0x3F, 0x90, 0x02, 0xFC, 0x00, 0x00, 0x00, 0x00, 0x00, 0x01,
    0xDF, 0x10, 0x00, 0x6F, 0xC1, 0x00, 0x00, 0x00, 0x00, 0x2D, 0xF4, 0x00, 0x00, 0x07, 0xFE, 0x60,
    0x00, 0x00, 0x17, 0xFF, 0x50, 0x00, 0x00, 0x00, 0x4D, 0xFF, 0xCA, 0xAC, 0xFF, 0xC3, 0x00, 0x00,
    0x00, 0x00, 0x00, 0x5A, 0xDF, 0xFD, 0xA4, 0x00, 0x00, 0x00, 0x0F, 0xFF, 0xFF, 0xFF, 0xFF, 0x10,
    0xFF, 0xFF, 0xFF, 0xFF, 0xF2, 0x00, 0x7E, 0xFB, 0x20, 0x08, 0xFE, 0xCF, 0xE1, 0x0F, 0xD0, 0x05,
    0xF8, 0x2F, 0x80, 0x00, 0xFA, 0x0F, 0xD0, 0x05, 0xF8, 0x08, 0xFE, 0xCF, 0xE1, 0x00, 0x7E, 0xFB,
    0x20, 0x00, 0x00, 0x06, 0xFE, 0x00, 0x00, 0x00, 0x00, 0x00, 0x6F, 0xE0, 0x00, 0x00, 0x00, 0x00,
    0x06, 0xFE, 0x00, 0x00, 0x00, 0x00, 0x00, 0x6F, 0xE0, 0x00, 0x00, 0x00, 0x00, 0x06, 0xFE, 0x00,
    0x00, 0x00, 0x00, 0x00, 0x6F, 0xE0, 0x00, 0x00, 0xAF, 0xFF, 0xFF, 0xFF, 0xFF, 0xFF, 0xDA, 0xFF,
    0xFF, 0xFF, 0xFF, 0xFF, 0xFD, 0x01, 0x11, 0x17, 0xFF, 0x11, 0x11, 0x10, 0x00, 0x00, 0x6F, 0xE0,
    0x00, 0x00, 0x00, 0x00, 0x06, 0xFE, 0x00, 0x00, 0x00, 0x00, 0x00, 0x6F, 0xE0, 0x00, 0x00, 0x00,
    0x00, 0x06, 0xFE, 0x00, 0x00, 0x00, 0x00, 0x00, 0x26, 0x50, 0x00, 0x00, 0x01, 0x11, 0x11, 0x11,
    0x11, 0x11, 0x02, 0xFF, 0xFF, 0xFF, 0xFF, 0xFF, 0xF4, 0x2F, 0xFF, 0xFF, 0xFF, 0xFF, 0xFF, 0x40,
    0x00, 0x4C, 0xFF, 0xC5, 0x00, 0x05, 0xFF, 0xDD, 0xFF, 0x60, 0x0E, 0xF7, 0x00, 0x8F, 0xC0, 0x09,
    0x91, 0x00, 0x5F, 0xE0, 0x00, 0x00, 0x00, 0xCF, 0x90, 0x00, 0x00, 0x09, 0xFE, 0x10, 0x00, 0x00,
    0xAF, 0xE2, 0x00, 0x00, 0x0B, 0xFD, 0x20, 0x00, 0x00, 0xBF, 0xB0, 0x00, 0x00, 0x0B, 0xFF, 0xCC,
    0xCC, 0xC4, 0x0D, 0xFF, 0xFF, 0xFF, 0xF5, 0x00, 0x6C, 0xFF, 0xC6, 0x00, 0x07, 0xFF, 0xDD, 0xFF,
    0x70, 0x0E, 0xF5, 0x00, 0x6F, 0xD0, 0x00, 0x00, 0x00, 0x6F, 0xC0, 0x00, 0x03, 0xAB, 0xFE, 0x30,
    0x00, 0x08, 0xFF, 0xFB, 0x10, 0x00, 0x00, 0x01, 0x9F, 0xC0, 0x00, 0x00, 0x00, 0x1F, 0xF1, 0x1F,
    0xF4, 0x00, 0x5F, 0xF0, 0x0A, 0xFF, 0xCD, 0xFF, 0x80, 0x00, 0x7D, 0xFF, 0xC6, 0x00, 0x00, 0x1E,
    0xFD, 0x10, 0x0A, 0xFE, 0x10, 0x05, 0xFE, 0x20, 0x01, 0xEF, 0x30, 0x00, 0xEF, 0xA0, 0x00, 0x00,
    0x0C, 0xFC, 0xEF, 0xA0, 0x00, 0x00, 0x0C, 0xFC, 0xEF, 0xA0, 0x00, 0x00, 0x0C, 0xFC, 0xEF, 0xA0,
    0x00, 0x00, 0x0C, 0xFC, 0xEF, 0xA0, 0x00, 0x00, 0x0C, 0xFC, 0xEF, 0xA0, 0x00, 0x00, 0x0C, 0xFC,
    0xEF, 0xA0, 0x00, 0x00, 0x0C, 0xFC, 0xEF, 0xA0, 0x00, 0x00, 0x0D, 0xFC, 0xEF, 0xF0, 0x00, 0x00,
    0x0F, 0xFC, 0xEF, 0xF0, 0x00, 0x00, 0x0F, 0xFC, 0xEF, 0xF0, 0x00, 0x00, 0x0F, 0xFC, 0xEF, 0xF2,
    0x00, 0x00, 0x2F, 0xFC, 0xEF, 0xFD, 0x41, 0x26, 0xEF, 0xFC, 0xEF, 0xFF, 0xFF, 0xFF, 0xEC, 0xFC,
    0xEF, 0xB8, 0xDF, 0xEA, 0x29, 0xFC, 0xEF, 0xA0, 0x00, 0x00, 0x00, 0x00, 0xEF, 0xA0, 0x00, 0x00,
    0x00, 0x00, 0xEF, 0xA0, 0x00, 0x00, 0x00, 0x00, 0xEF, 0xA0, 0x00, 0x00, 0x00, 0x00, 0xEF, 0xA0,
    0x00, 0x00, 0x00, 0x00, 0xEF, 0xA0, 0x00, 0x00, 0x00, 0x00, 0x00, 0x00, 0x5B, 0xEF, 0xFF, 0xF6,
    0x00, 0x1C, 0xFF, 0xFF, 0xFF, 0xF6, 0x00, 0xCF, 0xFF, 0xFF, 0xFF, 0xF6, 0x06, 0xFF, 0xFF, 0xFF,
    0xFF, 0xF6, 0x0C, 0xFF, 0xFF, 0xFF, 0xFF, 0xF6, 0x0F, 0xFF, 0xFF, 0xFF, 0xFF, 0xF6, 0x0F, 0xFF,
    0xFF, 0xFF, 0xFF, 0xF6, 0x0F, 0xFF, 0xFF, 0xFF, 0xFF, 0xF6, 0x0C, 0xFF, 0xFF, 0xFF, 0xFF, 0xF6,
    0x06, 0xFF, 0xFF, 0xFF, 0xFF, 0xF6, 0x00, 0xCF, 0xFF, 0xFF, 0xFF, 0xF6, 0x00, 0x1C, 0xFF, 0xFF,
    0xFF, 0xF6, 0x00, 0x00, 0x5B, 0xEF, 0xFF, 0xF6, 0x00, 0x00, 0x00, 0x00, 0x2F, 0xF6, 0x00, 0x00,
    0x00, 0x00, 0x2F, 0xF6, 0x00, 0x00, 0x00, 0x00, 0x2F, 0xF6, 0x00, 0x00, 0x00, 0x00, 0x2F, 0xF6,
    0x00, 0x00, 0x00, 0x00, 0x2F, 0xF6, 0x00, 0x00, 0x00, 0x00, 0x2F, 0xF6, 0x00, 0x00, 0x00, 0x00,
    0x2F, 0xF6, 0x8F, 0xB0, 0xEF, 0xF1, 0x8F, 0xB0, 0x0F, 0xD0, 0x03, 0xFF, 0xF3, 0x00, 0x7F, 0xB0,
    0x03, 0xFC, 0x39, 0xFF, 0x65, 0xEC, 0x50, 0x00, 0x05, 0xAB, 0x2A, 0xFF, 0xFC, 0x5F, 0xED, 0xFC,
    0x13, 0x05, 0xFC, 0x00, 0x05, 0xFC, 0x00, 0x05, 0xFC, 0x00, 0x05, 0xFC, 0x00, 0x05, 0xFC, 0x00,
    0x05, 0xFC, 0x00, 0x05, 0xFC, 0x00, 0x05, 0xFC, 0x00, 0x29, 0xEF, 0xD8, 0x00, 0x00, 0x2E, 0xFF,
    0xFF, 0xFC, 0x00, 0x0C, 0xFC, 0x10, 0x3E, 0xF7, 0x01, 0xFF, 0x20, 0x00, 0x7F, 0xD0, 0x4F, 0xF0,
    0x00, 0x03, 0xFF, 0x05, 0xFE, 0x00, 0x00, 0x3F, 0xF0, 0x4F, 0xF0, 0x00, 0x03, 0xFF, 0x02, 0xFF,
    0x20, 0x00, 0x6F, 0xD0, 0x0C, 0xFB, 0x10, 0x3E, 0xF7, 0x00, 0x2E, 0xFF, 0xEF, 0xFC, 0x00, 0x00,
    0x2A, 0xEF, 0xD8, 0x00, 0x00, 0x7F, 0x80, 0x07, 0xF8, 0x00, 0x00, 0x0D, 0xF3, 0x00, 0xDF, 0x30,
    0x00, 0x04, 0xFD, 0x00, 0x4F, 0xD0, 0x00, 0x00, 0xBF, 0x90, 0x0B, 0xF9, 0x00, 0x00, 0x2F, 0xF4,
    0x02, 0xFF, 0x40, 0x00, 0x08, 0xFF, 0x10, 0x8F, 0xF1, 0x00, 0x0A, 0xFD, 0x00, 0xAF, 0xD0, 0x00,
    0x5F, 0xE1, 0x05, 0xFE, 0x10, 0x01, 0xEF, 0x30, 0x1E, 0xF3, 0x00, 0x0B, 0xF6, 0x00, 0xBF, 0x60,
    0x00, 0x6F, 0x90, 0x06, 0xF9, 0x00, 0x00, 0x00, 0x05, 0xAB, 0x00, 0x00, 0x00, 0x00, 0x00, 0x00,
    0x00, 0x2A, 0xFF, 0xFC, 0x00, 0x00, 0x00, 0x00, 0x00, 0x00, 0x00, 0x5F, 0xDC, 0xFC, 0x00, 0x00,
    0x00, 0x00, 0xB6, 0x00, 0x00, 0x12, 0x05, 0xFC, 0x00, 0x00, 0x00, 0x06, 0xF9, 0x00, 0x00, 0x00,
    0x05, 0xFC, 0x00, 0x00, 0x00, 0x1F, 0xE0, 0x00, 0x00, 0x00, 0x05, 0xFC, 0x00, 0x00, 0x00, 0xBF,
    0x40, 0x00, 0x00, 0x00, 0x05, 0xFC, 0x00, 0x00, 0x05, 0xFA, 0x00, 0x00, 0x00, 0x00, 0x05, 0xFC,
    0x00, 0x00, 0x1E, 0xE1, 0x00, 0x00, 0x00, 0x00, 0x05, 0xFC, 0x00, 0x00, 0xAF, 0x50, 0x00, 0x00,
    0x00, 0x00, 0x05, 0xFC, 0x00, 0x04, 0xFB, 0x00, 0x07, 0xFF, 0x10, 0x00, 0x05, 0xFC, 0x00, 0x0E,
    0xF1, 0x00, 0x2F, 0xFF, 0x10, 0x00, 0x00, 0x00, 0x00, 0x9F, 0x60, 0x00, 0xCF, 0xFF, 0x10, 0x00,
    0x00, 0x00, 0x03, 0xFC, 0x00, 0x07, 0xF8, 0xFF, 0x10, 0x00, 0x00, 0x00, 0x0D, 0xF2, 0x00, 0x2F,
    0xC0, 0xFF, 0x10, 0x00, 0x00, 0x00, 0x8F, 0x80, 0x00, 0xCF, 0x20, 0xFF, 0x10, 0x00, 0x00, 0x02,
    0xFD, 0x00, 0x08, 0xF6, 0x00, 0xFF, 0x10, 0x00, 0x00, 0x0C, 0xF3, 0x00, 0x2F, 0xFC, 0xCD, 0xFF,
    0xE7, 0x00, 0x00, 0x08, 0x80, 0x00, 0x3F, 0xFF, 0xFF, 0xFF, 0xF9, 0x00, 0x00, 0x00, 0x00, 0x00,
    0x00, 0x00, 0x00, 0xFF, 0x10, 0x00, 0x00, 0x00, 0x00, 0x00, 0x00, 0x00, 0x00, 0xFF, 0x10, 0x00,
    0x05, 0xAB, 0x00, 0x00, 0x00, 0x00, 0x00, 0x00, 0x00, 0x02, 0xAF, 0xFF, 0xC0, 0x00, 0x00, 0x00,
    0x00, 0x00, 0x00, 0x00, 0x5F, 0xDC, 0xFC, 0x00, 0x00, 0x00, 0x0B, 0x60, 0x00, 0x00, 0x01, 0x20,
    0x5F, 0xC0, 0x00, 0x00, 0x06, 0xF9, 0x00, 0x00, 0x00, 0x00, 0x05, 0xFC, 0x00, 0x00, 0x01, 0xFE,
    0x00, 0x00, 0x00, 0x00, 0x00, 0x5F, 0xC0, 0x00, 0x00, 0xBF, 0x40, 0x00, 0x00, 0x00, 0x00, 0x05,
    0xFC, 0x00, 0x00, 0x5F, 0xA0, 0x00, 0x00, 0x00, 0x00, 0x00, 0x5F, 0xC0, 0x00, 0x1E, 0xE1, 0x00,
    0x00, 0x00, 0x00, 0x00, 0x05, 0xFC, 0x00, 0x0A, 0xF5, 0x00, 0x00, 0x00, 0x00, 0x00, 0x00, 0x5F,
    0xC0, 0x04, 0xFB, 0x00, 0x4C, 0xFF, 0xC5, 0x00, 0x00, 0x05, 0xFC, 0x00, 0xEF, 0x10, 0x5F, 0xFD,
    0xDF, 0xF6, 0x00, 0x00, 0x00, 0x00, 0x9F, 0x60, 0x0E, 0xF7, 0x00, 0x8F, 0xC0, 0x00, 0x00, 0x00,
    0x3F, 0xC0, 0x00, 0x99, 0x00, 0x05, 0xFE, 0x00, 0x00, 0x00, 0x0D, 0xF2, 0x00, 0x00, 0x00, 0x00,
    0xCF, 0x90, 0x00, 0x00, 0x08, 0xF8, 0x00, 0x00, 0x00, 0x00, 0x9F, 0xE1, 0x00, 0x00, 0x02, 0xFD,
    0x00, 0x00, 0x00, 0x00, 0xAF, 0xE2, 0x00, 0x00, 0x00, 0xCF, 0x30, 0x00, 0x00, 0x00, 0xBF, 0xD2,
    0x00, 0x00, 0x00, 0x08, 0x80, 0x00, 0x00, 0x00, 0xBF, 0xB0, 0x00, 0x00, 0x00, 0x00, 0x00, 0x00,
    0x00, 0x00, 0xBF, 0xFC, 0xCC, 0xCC, 0x40, 0x00, 0x00, 0x00, 0x00, 0x00, 0x0D, 0xFF, 0xFF, 0xFF,
    0xF5, 0x00, 0x6C, 0xFF, 0xC6, 0x00, 0x00, 0x00, 0x00, 0x00, 0x00, 0x07, 0xFF, 0xDD, 0xFF, 0x70,
    0x00, 0x00, 0x00, 0x00, 0x00, 0x0E, 0xF6, 0x00, 0x6F, 0xD0, 0x00, 0x00, 0x0B, 0x60, 0x00, 0x00,
    0x00, 0x00, 0x6F, 0xC0, 0x00, 0x00, 0x6F, 0x90, 0x00, 0x00, 0x03, 0xAB, 0xFE, 0x30, 0x00, 0x01,
    0xFE, 0x00, 0x00, 0x00, 0x08, 0xFF, 0xFB, 0x10, 0x00, 0x0B, 0xF4, 0x00, 0x00, 0x00, 0x00, 0x01,
    0x9F, 0xC0, 0x00, 0x5F, 0xA0, 0x00, 0x00, 0x03, 0x30, 0x00, 0x1F, 0xF1, 0x01, 0xEE, 0x10, 0x00,
    0x00, 0x0F, 0xF5, 0x00, 0x5F, 0xF0, 0x0A, 0xF5, 0x00, 0x00, 0x00, 0x09, 0xFF, 0xDD, 0xFF, 0x80,
    0x4F, 0xB0, 0x07, 0xFF, 0x10, 0x00, 0x6C, 0xFF, 0xC6, 0x00, 0xEF, 0x10, 0x2F, 0xFF, 0x10, 0x00,
    0x00, 0x00, 0x00, 0x09, 0xF6, 0x00, 0xCF, 0xFF, 0x10, 0x00, 0x00, 0x00, 0x00, 0x3F, 0xC0, 0x07,
    0xF8, 0xFF, 0x10, 0x00, 0x00, 0x00, 0x00, 0xDF, 0x20, 0x2F, 0xC0, 0xFF, 0x10, 0x00, 0x00, 0x00,
    0x08, 0xF8, 0x00, 0xCF, 0x20, 0xFF, 0x10, 0x00, 0x00, 0x00, 0x2F, 0xD0, 0x08, 0xF6, 0x00, 0xFF,
    0x10, 0x00, 0x00, 0x00, 0xCF, 0x30, 0x2F, 0xFC, 0xCD, 0xFF, 0xE7, 0x00, 0x00, 0x00, 0x88, 0x00,
    0x3F, 0xFF, 0xFF, 0xFF, 0xF9, 0x00, 0x00, 0x00, 0x00, 0x00, 0x00, 0x00, 0x00, 0xFF, 0x10, 0x00,
    0x00, 0x00, 0x00, 0x00, 0x00, 0x00, 0x00, 0xFF, 0x10, 0x00, 0x00, 0x06, 0xFB, 0x00, 0x00, 0x00,
    0x00, 0x00, 0xCF, 0xF1, 0x00, 0x00, 0x00, 0x00, 0x06, 0xFB, 0x00, 0x00, 0x00, 0x00, 0x00, 0x00,
    0x00, 0x00, 0x00, 0x00, 0x00, 0x00, 0x00, 0x00, 0x00, 0x00, 0x00, 0x00, 0x00, 0x00, 0x00, 0x00,
    0x00, 0x00, 0x08, 0xFF, 0x00, 0x00, 0x00, 0x00, 0x00, 0xBF, 0xE0, 0x00, 0x00, 0x00, 0x00, 0x2F,
    0xF9, 0x00, 0x00, 0x00, 0x00, 0x1D, 0xFE, 0x10, 0x00, 0x00, 0x00, 0x1D, 0xFF, 0x30, 0x00, 0x00,
    0x00, 0x0C, 0xFF, 0x40, 0x00, 0x00, 0x00, 0x06, 0xFF, 0x50, 0x00, 0x00, 0x00, 0x00, 0xDF, 0xB0,
    0x00, 0x00, 0x00, 0x00, 0x0F, 0xF8, 0x00, 0x00, 0x00, 0x00, 0x00, 0xFF, 0x80, 0x00, 0x00, 0x7F,
    0xF1, 0x0D, 0xFD, 0x00, 0x00, 0x0C, 0xFE, 0x00, 0x7F, 0xFC, 0x53, 0x5C, 0xFF, 0x70, 0x00, 0xBF,
    0xFF, 0xFF, 0xFF, 0xA0, 0x00, 0x00, 0x5B, 0xEF, 0xEB, 0x40, 0x00, 0x00, 0x00, 0x04, 0x43, 0x00,
    0x00, 0x00, 0x00, 0x00, 0x00, 0x00, 0x08, 0xFF, 0x50, 0x00, 0x00, 0x00, 0x00, 0x00, 0x00, 0x00,
    0xAF, 0xE1, 0x00, 0x00, 0x00, 0x00, 0x00, 0x00, 0x00, 0x0C, 0xFA, 0x00, 0x00, 0x00, 0x00, 0x00,
    0x00, 0x00, 0x01, 0xBB, 0x20, 0x00, 0x00, 0x00, 0x00, 0x00, 0x00, 0x00, 0x00, 0x00, 0x00, 0x00,
    0x00, 0x00, 0x00, 0x00, 0x03, 0xFF, 0x70, 0x00, 0x00, 0x00, 0x00, 0x00, 0x00, 0x09, 0xFF, 0xD0,
    0x00, 0x00, 0x00, 0x00, 0x00, 0x00, 0x0E, 0xFF, 0xF3, 0x00, 0x00, 0x00, 0x00, 0x00, 0x00, 0x5F,
    0xFE, 0xFA, 0x00, 0x00, 0x00, 0x00, 0x00, 0x00, 0xBF, 0xB6, 0xFF, 0x00, 0x00, 0x00, 0x00, 0x00,
    0x01, 0xFF, 0x51, 0xFF, 0x60, 0x00, 0x00, 0x00, 0x00, 0x07, 0xFF, 0x00, 0xBF, 0xC0, 0x00, 0x00,
    0x00, 0x00, 0x0D, 0xF9, 0x00, 0x5F, 0xF2, 0x00, 0x00, 0x00, 0x00, 0x3F, 0xF4, 0x00, 0x0F, 0xF8,
    0x00, 0x00, 0x00, 0x00, 0xAF, 0xE0, 0x00, 0x09, 0xFE, 0x00, 0x00, 0x00, 0x00, 0xFF, 0x80, 0x00,
    0x03, 0xFF, 0x40, 0x00, 0x00, 0x06, 0xFF, 0x20, 0x00, 0x00, 0xEF, 0xA0, 0x00, 0x00, 0x0D, 0xFF,
    0x22, 0x22, 0x22, 0xBF, 0xF1, 0x00, 0x00, 0x2F, 0xFF, 0xFF, 0xFF, 0xFF, 0xFF, 0xF6, 0x00, 0x00,
    0x8F, 0xFF, 0xFF, 0xFF, 0xFF, 0xFF, 0xFC, 0x00, 0x00, 0xEF, 0xB0, 0x00, 0x00, 0x00, 0x06, 0xFF,
    0x30, 0x04, 0xFF, 0x50, 0x00, 0x00, 0x00, 0x01, 0xFF, 0x90, 0x0A, 0xFF, 0x00, 0x00, 0x00, 0x00,
    0x00, 0xBF, 0xE0, 0x1F, 0xFA, 0x00, 0x00, 0x00, 0x00, 0x00, 0x5F, 0xF5, 0x6F, 0xF4, 0x00, 0x00,
    0x00, 0x00, 0x00, 0x0F, 0xFB, 0x00, 0x00, 0x00, 0x00, 0x00, 0x34, 0x41, 0x00, 0x00, 0x00, 0x00,
    0x00, 0x00, 0x03, 0xFF, 0xB0, 0x00, 0x00, 0x00, 0x00, 0x00, 0x00, 0x0C, 0xFC, 0x00, 0x00, 0x00,
    0x00, 0x00, 0x00, 0x00, 0x7F, 0xC0, 0x00, 0x00, 0x00, 0x00, 0x00, 0x00, 0x01, 0xBB, 0x10, 0x00,
    0x00, 0x00, 0x00, 0x00, 0x00, 0x00, 0x00, 0x00, 0x00, 0x00, 0x00, 0x00, 0x00, 0x00, 0x03, 0xFF,
    0x70, 0x00, 0x00, 0x00, 0x00, 0x00, 0x00, 0x09, 0xFF, 0xD0, 0x00, 0x00, 0x00, 0x00, 0x00, 0x00,
    0x0E, 0xFF, 0xF3, 0x00, 0x00, 0x00, 0x00, 0x00, 0x00, 0x5F, 0xFE, 0xFA, 0x00, 0x00, 0x00, 0x00,
    0x00, 0x00, 0xBF, 0xB6, 0xFF, 0x00, 0x00, 0x00, 0x00, 0x00, 0x01, 0xFF, 0x51, 0xFF, 0x60, 0x00,
    0x00, 0x00, 0x00, 0x07, 0xFF, 0x00, 0xBF, 0xC0, 0x00, 0x00, 0x00, 0x00, 0x0D, 0xF9, 0x00, 0x5F,
    0xF2, 0x00, 0x00, 0x00, 0x00, 0x3F, 0xF4, 0x00, 0x0F, 0xF8, 0x00, 0x00, 0x00, 0x00, 0xAF, 0xE0,
    0x00, 0x09, 0xFE, 0x00, 0x00, 0x00, 0x00, 0xFF, 0x80, 0x00, 0x03, 0xFF, 0x40, 0x00, 0x00, 0x06,
    0xFF, 0x20, 0x00, 0x00, 0xEF, 0xA0, 0x00, 0x00, 0x0D, 0xFF, 0x22, 0x22, 0x22, 0xBF, 0xF1, 0x00,
    0x00, 0x2F, 0xFF, 0xFF, 0xFF, 0xFF, 0xFF, 0xF6, 0x00, 0x00, 0x8F, 0xFF, 0xFF, 0xFF, 0xFF, 0xFF,
    0xFC, 0x00, 0x00, 0xEF, 0xB0, 0x00, 0x00, 0x00, 0x06, 0xFF, 0x30, 0x04, 0xFF, 0x50, 0x00, 0x00,
    0x00, 0x01, 0xFF, 0x90, 0x0A, 0xFF, 0x00, 0x00, 0x00, 0x00, 0x00, 0xBF, 0xE0, 0x1F, 0xFA, 0x00,
    0x00, 0x00, 0x00, 0x00, 0x5F, 0xF5, 0x6F, 0xF4, 0x00, 0x00, 0x00, 0x00, 0x00, 0x0F, 0xFB, 0x00,
    0x00, 0x00, 0x00, 0x48, 0x30, 0x00, 0x00, 0x00, 0x00, 0x00, 0x00, 0x03, 0xFF, 0xE2, 0x00, 0x00,
    0x00, 0x00, 0x00, 0x00, 0x2E, 0xF6, 0xFD, 0x10, 0x00, 0x00, 0x00, 0x00, 0x01, 0xDF, 0x40, 0x6F,
    0xC0, 0x00, 0x00, 0x00, 0x00, 0x04, 0x84, 0x00, 0x05, 0x83, 0x00, 0x00, 0x00, 0x00, 0x00, 0x00,
    0x00, 0x00, 0x00, 0x00, 0x00, 0x00, 0x00, 0x00, 0x03, 0xFF, 0x70, 0x00, 0x00, 0x00, 0x00, 0x00,
    0x00, 0x09, 0xFF, 0xD0, 0x00, 0x00, 0x00, 0x00, 0x00, 0x00, 0x0E, 0xFF, 0xF3, 0x00, 0x00, 0x00,
    0x00, 0x00, 0x00, 0x5F, 0xFE, 0xFA, 0x00, 0x00, 0x00, 0x00, 0x00, 0x00, 0xBF, 0xB6, 0xFF, 0x00,
    0x00, 0x00, 0x00, 0x00, 0x01, 0xFF, 0x51, 0xFF, 0x60, 0x00, 0x00, 0x00, 0x00, 0x07, 0xFF, 0x00,
    0xBF, 0xC0, 0x00, 0x00, 0x00, 0x00, 0x0D, 0xF9, 0x00, 0x5F, 0xF2, 0x00, 0x00, 0x00, 0x00, 0x3F,
    0xF4, 0x00, 0x0F, 0xF8, 0x00, 0x00, 0x00, 0x00, 0xAF, 0xE0, 0x00, 0x09, 0xFE, 0x00, 0x00, 0x00,
    0x00, 0xFF, 0x80, 0x00, 0x03, 0xFF, 0x40, 0x00, 0x00, 0x06, 0xFF, 0x20, 0x00, 0x00, 0xEF, 0xA0,
    0x00, 0x00, 0x0D, 0xFF, 0x22, 0x22, 0x22, 0xBF, 0xF1, 0x00, 0x00, 0x2F, 0xFF, 0xFF, 0xFF, 0xFF,
    0xFF, 0xF6, 0x00, 0x00, 0x8F, 0xFF, 0xFF, 0xFF, 0xFF, 0xFF, 0xFC, 0x00, 0x00, 0xEF, 0xB0, 0x00,
    0x00, 0x00, 0x06, 0xFF, 0x30, 0x04, 0xFF, 0x50, 0x00, 0x00, 0x00, 0x01, 0xFF, 0x90, 0x0A, 0xFF,
    0x00, 0x00, 0x00, 0x00, 0x00, 0xBF, 0xE0, 0x1F, 0xFA, 0x00, 0x00, 0x00, 0x00, 0x00, 0x5F, 0xF5,
    0x6F, 0xF4, 0x00, 0x00, 0x00, 0x00, 0x00, 0x0F, 0xFB, 0x00, 0x00, 0x00, 0x47, 0x50, 0x00, 0x38,
    0x20, 0x00, 0x00, 0x00, 0x08, 0xFF, 0xFE, 0x97, 0xEF, 0x20, 0x00, 0x00, 0x00, 0x2F, 0xE7, 0x9E,
    0xFF, 0xF9, 0x00, 0x00, 0x00, 0x00, 0x28, 0x30, 0x00, 0x57, 0x40, 0x00, 0x00, 0x00, 0x00, 0x00,
    0x00, 0x00, 0x00, 0x00, 0x00, 0x00, 0x00, 0x00, 0x00, 0x03, 0xFF, 0x70, 0x00, 0x00, 0x00, 0x00,
    0x00, 0x00, 0x09, 0xFF, 0xD0, 0x00, 0x00, 0x00, 0x00, 0x00, 0x00, 0x0E, 0xFF, 0xF3, 0x00, 0x00,
    0x00, 0x00, 0x00, 0x00, 0x5F, 0xFE, 0xFA, 0x00, 0x00, 0x00, 0x00, 0x00, 0x00, 0xBF, 0xB6, 0xFF,
    0x00, 0x00, 0x00, 0x00, 0x00, 0x01, 0xFF, 0x51, 0xFF, 0x60, 0x00, 0x00, 0x00, 0x00, 0x07, 0xFF,
    0x00, 0xBF, 0xC0, 0x00, 0x00, 0x00, 0x00, 0x0D, 0xF9, 0x00, 0x5F, 0xF2, 0x00, 0x00, 0x00, 0x00,
    0x3F, 0xF4, 0x00, 0x0F, 0xF8, 0x00, 0x00, 0x00, 0x00, 0xAF, 0xE0, 0x00, 0x09, 0xFE, 0x00, 0x00,
    0x00, 0x00, 0xFF, 0x80, 0x00, 0x03, 0xFF, 0x40, 0x00, 0x00, 0x06, 0xFF, 0x20, 0x00, 0x00, 0xEF,
    0xA0, 0x00, 0x00, 0x0D, 0xFF, 0x22, 0x22, 0x22, 0xBF, 0xF1, 0x00, 0x00, 0x2F, 0xFF, 0xFF, 0xFF,
    0xFF, 0xFF, 0xF6, 0x00, 0x00, 0x8F, 0xFF, 0xFF, 0xFF, 0xFF, 0xFF, 0xFC, 0x00, 0x00, 0xEF, 0xB0,
    0x00, 0x00, 0x00, 0x06, 0xFF, 0x30, 0x04, 0xFF, 0x50, 0x00, 0x00, 0x00, 0x01, 0xFF, 0x90, 0x0A,
    0xFF, 0x00, 0x00, 0x00, 0x00, 0x00, 0xBF, 0xE0, 0x1F, 0xFA, 0x00, 0x00, 0x00, 0x00, 0x00, 0x5F,
    0xF5, 0x6F, 0xF4, 0x00, 0x00, 0x00, 0x00, 0x00, 0x0F, 0xFB, 0x00, 0x00, 0x18, 0x70, 0x00, 0x29,
    0x60, 0x00, 0x00, 0x00, 0x00, 0x8F, 0xF4, 0x00, 0xAF, 0xF3, 0x00, 0x00, 0x00, 0x00, 0x6F, 0xF2,
    0x00, 0x8F, 0xF1, 0x00, 0x00, 0x00, 0x00, 0x02, 0x10, 0x00, 0x03, 0x10, 0x00, 0x00, 0x00, 0x00,
    0x00, 0x00, 0x00, 0x00, 0x00, 0x00, 0x00, 0x00, 0x00, 0x00, 0x03, 0xFF, 0x70, 0x00, 0x00, 0x00,
    0x00, 0x00, 0x00, 0x09, 0xFF, 0xD0, 0x00, 0x00, 0x00, 0x00, 0x00, 0x00, 0x0E, 0xFF, 0xF3, 0x00,
    0x00, 0x00, 0x00, 0x00, 0x00, 0x5F, 0xFE, 0xFA, 0x00, 0x00, 0x00, 0x00, 0x00, 0x00, 0xBF, 0xB6,
    0xFF, 0x00, 0x00, 0x00, 0x00, 0x00, 0x01, 0xFF, 0x51, 0xFF, 0x60, 0x00, 0x00, 0x00, 0x00, 0x07,
    0xFF, 0x00, 0xBF, 0xC0, 0x00, 0x00, 0x00, 0x00, 0x0D, 0xF9, 0x00, 0x5F, 0xF2, 0x00, 0x00, 0x00,
    0x00, 0x3F, 0xF4, 0x00, 0x0F, 0xF8, 0x00, 0x00, 0x00, 0x00, 0xAF, 0xE0, 0x00, 0x09, 0xFE, 0x00,
    0x00, 0x00, 0x00, 0xFF, 0x80, 0x00, 0x03, 0xFF, 0x40, 0x00, 0x00, 0x06, 0xFF, 0x20, 0x00, 0x00,
    0xEF, 0xA0, 0x00, 0x00, 0x0D, 0xFF, 0x22, 0x22, 0x22, 0xBF, 0xF1, 0x00, 0x00, 0x2F, 0xFF, 0xFF,
    0xFF, 0xFF, 0xFF, 0xF6, 0x00, 0x00, 0x8F, 0xFF, 0xFF, 0xFF, 0xFF, 0xFF, 0xFC, 0x00, 0x00, 0xEF,
    0xB0, 0x00, 0x00, 0x00, 0x06, 0xFF, 0x30, 0x04, 0xFF, 0x50, 0x00, 0x00, 0x00, 0x01, 0xFF, 0x90,
    0x0A, 0xFF, 0x00, 0x00, 0x00, 0x00, 0x00, 0xBF, 0xE0, 0x1F, 0xFA, 0x00, 0x00, 0x00, 0x00, 0x00,
    0x5F, 0xF5, 0x6F, 0xF4, 0x00, 0x00, 0x00, 0x00, 0x00, 0x0F, 0xFB, 0x00, 0x00, 0x00, 0x02, 0xCF,
    0xC3, 0x00, 0x00, 0x00, 0x00, 0x00, 0x00, 0x0E, 0xB4, 0x9F, 0x10, 0x00, 0x00, 0x00, 0x00, 0x00,
    0x4F, 0x20, 0x0E, 0x60, 0x00, 0x00, 0x00, 0x00, 0x00, 0x4F, 0x10, 0x0E, 0x70, 0x00, 0x00, 0x00,
    0x00, 0x00, 0x0E, 0xB4, 0x9F, 0x20, 0x00, 0x00, 0x00, 0x00, 0x00, 0x02, 0xCF, 0xD4, 0x00, 0x00,
    0x00, 0x00, 0x00, 0x00, 0x00, 0x00, 0x00, 0x00, 0x00, 0x00, 0x00, 0x00, 0x00, 0x03, 0xFF, 0x70,
    0x00, 0x00, 0x00, 0x00, 0x00, 0x00, 0x09, 0xFF, 0xD0, 0x00, 0x00, 0x00, 0x00, 0x00, 0x00, 0x0E,
    0xFF, 0xF3, 0x00, 0x00, 0x00, 0x00, 0x00, 0x00, 0x5F, 0xFE, 0xFA, 0x00, 0x00, 0x00, 0x00, 0x00,
    0x00, 0xBF, 0xB6, 0xFF, 0x00, 0x00, 0x00, 0x00, 0x00, 0x01, 0xFF, 0x51, 0xFF, 0x60, 0x00, 0x00,
    0x00, 0x00, 0x07, 0xFF, 0x00, 0xBF, 0xC0, 0x00, 0x00, 0x00, 0x00, 0x0D, 0xF9, 0x00, 0x5F, 0xF2,
    0x00, 0x00, 0x00, 0x00, 0x3F, 0xF4, 0x00, 0x0F, 0xF8, 0x00, 0x00, 0x00, 0x00, 0xAF, 0xE0, 0x00,
    0x09, 0xFE, 0x00, 0x00, 0x00, 0x00, 0xFF, 0x80, 0x00, 0x03, 0xFF, 0x40, 0x00, 0x00, 0x06, 0xFF,
    0x20, 0x00, 0x00, 0xEF, 0xA0, 0x00, 0x00, 0x0D, 0xFF, 0x22, 0x22, 0x22, 0xBF, 0xF1, 0x00, 0x00,
    0x2F, 0xFF, 0xFF, 0xFF, 0xFF, 0xFF, 0xF6, 0x00, 0x00, 0x8F, 0xFF, 0xFF, 0xFF, 0xFF, 0xFF, 0xFC,
    0x00, 0x00, 0xEF, 0xB0, 0x00, 0x00, 0x00, 0x06, 0xFF, 0x30, 0x04, 0xFF, 0x50, 0x00, 0x00, 0x00,
    0x01, 0xFF, 0x90, 0x0A, 0xFF, 0x00, 0x00, 0x00, 0x00, 0x00, 0xBF, 0xE0, 0x1F, 0xFA, 0x00, 0x00,
    0x00, 0x00, 0x00, 0x5F, 0xF5, 0x6F, 0xF4, 0x00, 0x00, 0x00, 0x00, 0x00, 0x0F, 0xFB, 0x00, 0x00,
    0x00, 0x00, 0x00, 0x00, 0x7F, 0xFF, 0xFF, 0xFF, 0xFF, 0xFF, 0xFD, 0x00, 0x00, 0x00, 0x00, 0x00,
    0x00, 0x1F, 0xFF, 0xFF, 0xFF, 0xFF, 0xFF, 0xFF, 0xD0, 0x00, 0x00, 0x00, 0x00, 0x00, 0x0A, 0xFF,
    0xFF, 0x81, 0x11, 0x11, 0x11, 0x11, 0x00, 0x00, 0x00, 0x00, 0x00, 0x04, 0xFF, 0x7F, 0xF7, 0x00,
    0x00, 0x00, 0x00, 0x00, 0x00, 0x00, 0x00, 0x00, 0x00, 0xDF, 0xD0, 0xFF, 0x80, 0x00, 0x00, 0x00,
    0x00, 0x00, 0x00, 0x00, 0x00, 0x00, 0x7F, 0xF4, 0x0F, 0xF8, 0x00, 0x00, 0x00, 0x00, 0x00, 0x00,
    0x00, 0x00, 0x00, 0x1F, 0xFB, 0x00, 0xFF, 0x90, 0x00, 0x00, 0x00, 0x00, 0x00, 0x00, 0x00, 0x00,
    0x0A, 0xFF, 0x20, 0x0E, 0xFA, 0x00, 0x00, 0x00, 0x00, 0x00, 0x00, 0x00, 0x00, 0x04, 0xFF, 0x80,
    0x00, 0xDF, 0xB1, 0x11, 0x11, 0x11, 0x00, 0x00, 0x00, 0x00, 0x00, 0xDF, 0xE0, 0x00, 0x0D, 0xFF,
    0xFF, 0xFF, 0xFF, 0xFC, 0x00, 0x00, 0x00, 0x00, 0x7F, 0xF6, 0x00, 0x00, 0xCF, 0xFF, 0xFF, 0xFF,
    0xFF, 0xC0, 0x00, 0x00, 0x00, 0x1F, 0xFC, 0x00, 0x00, 0x0B, 0xFC, 0x00, 0x00, 0x00, 0x00, 0x00,
    0x00, 0x00, 0x0B, 0xFF, 0x96, 0x66, 0x66, 0xFF, 0xF0, 0x00, 0x00, 0x00, 0x00, 0x00, 0x00, 0x04,
    0xFF, 0xFF, 0xFF, 0xFF, 0xFF, 0xFF, 0x00, 0x00, 0x00, 0x00, 0x00, 0x00, 0x00, 0xDF, 0xFF, 0xFF,
    0xFF, 0xFF, 0xFF, 0xF0, 0x00, 0x00, 0x00, 0x00, 0x00, 0x00, 0x7F, 0xF7, 0x00, 0x00, 0x00, 0x09,
    0xFF, 0x00, 0x00, 0x00, 0x00, 0x00, 0x00, 0x2F, 0xFE, 0x00, 0x00, 0x00, 0x00, 0x8F, 0xF0, 0x00,
    0x00, 0x00, 0x00, 0x00, 0x0B, 0xFF, 0x50, 0x00, 0x00, 0x00, 0x07, 0xFF, 0x21, 0x11, 0x11, 0x11,
    0x10, 0x04, 0xFF, 0xC0, 0x00, 0x00, 0x00, 0x00, 0x7F, 0xFF, 0xFF, 0xFF, 0xFF, 0xFF, 0xB0, 0xDF,
    0xF3, 0x00, 0x00, 0x00, 0x00, 0x06, 0xFF, 0xFF, 0xFF, 0xFF, 0xFF, 0xFB, 0x00, 0x00, 0x06, 0xBE,
    0xFE, 0xC7, 0x10, 0x00, 0x00, 0x03, 0xDF, 0xFF, 0xFF, 0xFF, 0xE4, 0x00, 0x00, 0x3F, 0xFF, 0x94,
    0x34, 0x8E, 0xFF, 0x40, 0x00, 0xEF, 0xF3, 0x00, 0x00, 0x02, 0xEF, 0xE0, 0x07, 0xFF, 0x50, 0x00,
    0x00, 0x00, 0x6F, 0xF5, 0x0D, 0xFD, 0x00, 0x00, 0x00, 0x00, 0x0F, 0xFA, 0x1F, 0xF8, 0x00, 0x00,
    0x00, 0x00, 0x0C, 0xFD, 0x4F, 0xF5, 0x00, 0x00, 0x00, 0x00, 0x00, 0x00, 0x5F, 0xF4, 0x00, 0x00,
    0x00, 0x00, 0x00, 0x00, 0x5F, 0xF4, 0x00, 0x00, 0x00, 0x00, 0x00, 0x00, 0x5F, 0xF4, 0x00, 0x00,
    0x00, 0x00, 0x00, 0x00, 0x5F, 0xF4, 0x00, 0x00, 0x00, 0x00, 0x00, 0x00, 0x4F, 0xF5, 0x00, 0x00,
    0x00, 0x00, 0x00, 0x00, 0x1F, 0xF8, 0x00, 0x00, 0x00, 0x00, 0x0C, 0xFD, 0x0D, 0xFD, 0x00, 0x00,
    0x00, 0x00, 0x0F, 0xFA, 0x07, 0xFF, 0x50, 0x00, 0x00, 0x00, 0x6F, 0xF5, 0x00, 0xEF, 0xE2, 0x00,
    0x00, 0x02, 0xEF, 0xD0, 0x00, 0x3F, 0xFF, 0x84, 0x24, 0x8E, 0xFF, 0x30, 0x00, 0x03, 0xEF, 0xFF,
    0xFF, 0xFF, 0xE3, 0x00, 0x00, 0x00, 0x07, 0xCE, 0xFE, 0xC6, 0x10, 0x00, 0x00, 0x00, 0x00, 0x0F,
    0xD0, 0x00, 0x00, 0x00, 0x00, 0x00, 0x00, 0x3F, 0xFF, 0x30, 0x00, 0x00, 0x00, 0x00, 0x00, 0x00,
    0x7F, 0xB0, 0x00, 0x00, 0x00, 0x00, 0x00, 0x00, 0x3F, 0xC0, 0x00, 0x00, 0x00, 0x00, 0x00, 0x39,
    0xFF, 0x60, 0x00, 0x00, 0x00, 0x00, 0x00, 0x5E, 0xC5, 0x00, 0x00, 0x00, 0x00, 0x78, 0x70, 0x00,
    0x00, 0x00, 0x00, 0x05, 0xFF, 0x80, 0x00, 0x00, 0x00, 0x00, 0x07, 0xFF, 0x20, 0x00, 0x00, 0x00,
    0x00, 0x09, 0xFC, 0x00, 0x00, 0x00, 0x00, 0x00, 0x07, 0x82, 0x00, 0x00, 0x00, 0x00, 0x00, 0x00,
    0x00, 0x00, 0x00, 0xBF, 0xFF, 0xFF, 0xFF, 0xFF, 0xFF, 0xDB, 0xFF, 0xFF, 0xFF, 0xFF, 0xFF, 0xFD,
    0xBF, 0xF2, 0x22, 0x22, 0x22, 0x22, 0x2B, 0xFF, 0x00, 0x00, 0x00, 0x00, 0x00, 0xBF, 0xF0, 0x00,
    0x00, 0x00, 0x00, 0x0B, 0xFF, 0x00, 0x00, 0x00, 0x00, 0x00, 0xBF, 0xF0, 0x00, 0x00, 0x00, 0x00,
    0x0B, 0xFF, 0x00, 0x00, 0x00, 0x00, 0x00, 0xBF, 0xF2, 0x22, 0x22, 0x22, 0x21, 0x0B, 0xFF, 0xFF,
    0xFF, 0xFF, 0xFF, 0x90, 0xBF, 0xFF, 0xFF, 0xFF, 0xFF, 0xF9, 0x0B, 0xFF, 0x00, 0x00, 0x00, 0x00,
    0x00, 0xBF, 0xF0, 0x00, 0x00, 0x00, 0x00, 0x0B, 0xFF, 0x00, 0x00, 0x00, 0x00, 0x00, 0xBF, 0xF0,
    0x00, 0x00, 0x00, 0x00, 0x0B, 0xFF, 0x00, 0x00, 0x00, 0x00, 0x00, 0xBF, 0xF0, 0x00, 0x00, 0x00,
    0x00, 0x0B, 0xFF, 0x22, 0x22, 0x22, 0x22, 0x22, 0xBF, 0xFF, 0xFF, 0xFF, 0xFF, 0xFF, 0xFB, 0xFF,
    0xFF, 0xFF, 0xFF, 0xFF, 0xFF, 0x00, 0x00, 0x00, 0x06, 0x87, 0x10, 0x00, 0x00, 0x00, 0x05, 0xFF,
    0x70, 0x00, 0x00, 0x00, 0x01, 0xEF, 0x80, 0x00, 0x00, 0x00, 0x00, 0xAF, 0xA0, 0x00, 0x00, 0x00,
    0x00, 0x17, 0x70, 0x00, 0x00, 0x00, 0x00, 0x00, 0x00, 0x00, 0x00, 0x00, 0xBF, 0xFF, 0xFF, 0xFF,
    0xFF, 0xFF, 0xDB, 0xFF, 0xFF, 0xFF, 0xFF, 0xFF, 0xFD, 0xBF, 0xF2, 0x22, 0x22, 0x22, 0x22, 0x2B,
    0xFF, 0x00, 0x00, 0x00, 0x00, 0x00, 0xBF, 0xF0, 0x00, 0x00, 0x00, 0x00, 0x0B, 0xFF, 0x00, 0x00,
    0x00, 0x00, 0x00, 0xBF, 0xF0, 0x00, 0x00, 0x00, 0x00, 0x0B, 0xFF, 0x00, 0x00, 0x00, 0x00, 0x00,
    0xBF, 0xF2, 0x22, 0x22, 0x22, 0x21, 0x0B, 0xFF, 0xFF, 0xFF, 0xFF, 0xFF, 0x90, 0xBF, 0xFF, 0xFF,
    0xFF, 0xFF, 0xF9, 0x0B, 0xFF, 0x00, 0x00, 0x00, 0x00, 0x00, 0xBF, 0xF0, 0x00, 0x00, 0x00, 0x00,
    0x0B, 0xFF, 0x00, 0x00, 0x00, 0x00, 0x00, 0xBF, 0xF0, 0x00, 0x00, 0x00, 0x00, 0x0B, 0xFF, 0x00,
    0x00, 0x00, 0x00, 0x00, 0xBF, 0xF0, 0x00, 0x00, 0x00, 0x00, 0x0B, 0xFF, 0x22, 0x22, 0x22, 0x22,
    0x22, 0xBF, 0xFF, 0xFF, 0xFF, 0xFF, 0xFF, 0xFB, 0xFF, 0xFF, 0xFF, 0xFF, 0xFF, 0xFF, 0x00, 0x00,
    0x07, 0xC6, 0x00, 0x00, 0x00, 0x00, 0x06, 0xFF, 0xF4, 0x00, 0x00, 0x00, 0x04, 0xFD, 0x2E, 0xF3,
    0x00, 0x00, 0x03, 0xFE, 0x20, 0x3F, 0xE2, 0x00, 0x00, 0x24, 0x20, 0x00, 0x24, 0x20, 0x00, 0x00,
    0x00, 0x00, 0x00, 0x00, 0x00, 0xBF, 0xFF, 0xFF, 0xFF, 0xFF, 0xFF, 0xDB, 0xFF, 0xFF, 0xFF, 0xFF,
    0xFF, 0xFD, 0xBF, 0xF2, 0x22, 0x22, 0x22, 0x22, 0x2B, 0xFF, 0x00, 0x00, 0x00, 0x00, 0x00, 0xBF,
    0xF0, 0x00, 0x00, 0x00, 0x00, 0x0B, 0xFF, 0x00, 0x00, 0x00, 0x00, 0x00, 0xBF, 0xF0, 0x00, 0x00,
    0x00, 0x00, 0x0B, 0xFF, 0x00, 0x00, 0x00, 0x00, 0x00, 0xBF, 0xF2, 0x22, 0x22, 0x22, 0x21, 0x0B,
    0xFF, 0xFF, 0xFF, 0xFF, 0xFF, 0x90, 0xBF, 0xFF, 0xFF, 0xFF, 0xFF, 0xF9, 0x0B, 0xFF, 0x00, 0x00,
    0x00, 0x00, 0x00, 0xBF, 0xF0, 0x00, 0x00, 0x00, 0x00, 0x0B, 0xFF, 0x00, 0x00, 0x00, 0x00, 0x00,
    0xBF, 0xF0, 0x00, 0x00, 0x00, 0x00, 0x0B, 0xFF, 0x00, 0x00, 0x00, 0x00, 0x00, 0xBF, 0xF0, 0x00,
    0x00, 0x00, 0x00, 0x0B, 0xFF, 0x22, 0x22, 0x22, 0x22, 0x22, 0xBF, 0xFF, 0xFF, 0xFF, 0xFF, 0xFF,
    0xFB, 0xFF, 0xFF, 0xFF, 0xFF, 0xFF, 0xFF, 0x00, 0x18, 0x70, 0x00, 0x29, 0x60, 0x00, 0x08, 0xFF,
    0x40, 0x0A, 0xFF, 0x30, 0x00, 0x6F, 0xF2, 0x00, 0x8F, 0xF1, 0x00, 0x00, 0x21, 0x00, 0x00, 0x31,
    0x00, 0x00, 0x00, 0x00, 0x00, 0x00, 0x00, 0x0B, 0xFF, 0xFF, 0xFF, 0xFF, 0xFF, 0xFD, 0xBF, 0xFF,
    0xFF, 0xFF, 0xFF, 0xFF, 0xDB, 0xFF, 0x22, 0x22, 0x22, 0x22, 0x22, 0xBF, 0xF0, 0x00, 0x00, 0x00,
    0x00, 0x0B, 0xFF, 0x00, 0x00, 0x00, 0x00, 0x00, 0xBF, 0xF0, 0x00, 0x00, 0x00, 0x00, 0x0B, 0xFF,
    0x00, 0x00, 0x00, 0x00, 0x00, 0xBF, 0xF0, 0x00, 0x00, 0x00, 0x00, 0x0B, 0xFF, 0x22, 0x22, 0x22,
    0x22, 0x10, 0xBF, 0xFF, 0xFF, 0xFF, 0xFF, 0xF9, 0x0B, 0xFF, 0xFF, 0xFF, 0xFF, 0xFF, 0x90, 0xBF,
    0xF0, 0x00, 0x00, 0x00, 0x00, 0x0B, 0xFF, 0x00, 0x00, 0x00, 0x00, 0x00, 0xBF, 0xF0, 0x00, 0x00,
    0x00, 0x00, 0x0B, 0xFF, 0x00, 0x00, 0x00, 0x00, 0x00, 0xBF, 0xF0, 0x00, 0x00, 0x00, 0x00, 0x0B,
    0xFF, 0x00, 0x00, 0x00, 0x00, 0x00, 0xBF, 0xF2, 0x22, 0x22, 0x22, 0x22, 0x2B, 0xFF, 0xFF, 0xFF,
    0xFF, 0xFF, 0xFF, 0xBF, 0xFF, 0xFF, 0xFF, 0xFF, 0xFF, 0xF0, 0x07, 0x87, 0x00, 0x00, 0x5F, 0xF8,
    0x00, 0x00, 0x7F, 0xF2, 0x00, 0x00, 0x9F, 0xC0, 0x00, 0x00, 0x78, 0x20, 0x00, 0x00, 0x00, 0x00,
    0x08, 0xFF, 0x20, 0x00, 0x8F, 0xF2, 0x00, 0x08, 0xFF, 0x20, 0x00, 0x8F, 0xF2, 0x00, 0x08, 0xFF,
    0x20, 0x00, 0x8F, 0xF2, 0x00, 0x08, 0xFF, 0x20, 0x00, 0x8F, 0xF2, 0x00, 0x08, 0xFF, 0x20, 0x00,
    0x8F, 0xF2, 0x00, 0x08, 0xFF, 0x20, 0x00, 0x8F, 0xF2, 0x00, 0x08, 0xFF, 0x20, 0x00, 0x8F, 0xF2,
    0x00, 0x08, 0xFF, 0x20, 0x00, 0x8F, 0xF2, 0x00, 0x08, 0xFF, 0x20, 0x00, 0x8F, 0xF2, 0x00, 0x08,
    0xFF, 0x20, 0x00, 0x8F, 0xF2, 0x00, 0x06, 0x87, 0x10, 0x05, 0xFF, 0x70, 0x01, 0xEF, 0x80, 0x00,
    0xAF, 0xA0, 0x00, 0x17, 0x70, 0x00, 0x00, 0x00, 0x00, 0x00, 0x8F, 0xF2, 0x00, 0x08, 0xFF, 0x20,
    0x00, 0x8F, 0xF2, 0x00, 0x08, 0xFF, 0x20, 0x00, 0x8F, 0xF2, 0x00, 0x08, 0xFF, 0x20, 0x00, 0x8F,
    0xF2, 0x00, 0x08, 0xFF, 0x20, 0x00, 0x8F, 0xF2, 0x00, 0x08, 0xFF, 0x20, 0x00, 0x8F, 0xF2, 0x00,
    0x08, 0xFF, 0x20, 0x00, 0x8F, 0xF2, 0x00, 0x08, 0xFF, 0x20, 0x00, 0x8F, 0xF2, 0x00, 0x08, 0xFF,
    0x20, 0x00, 0x8F, 0xF2, 0x00, 0x08, 0xFF, 0x20, 0x00, 0x8F, 0xF2, 0x00, 0x08, 0xFF, 0x20, 0x00,
    0x00, 0x07, 0xC6, 0x00, 0x00, 0x06, 0xFF, 0xF4, 0x00, 0x04, 0xFD, 0x2E, 0xF3, 0x03, 0xFE, 0x20,
    0x3F, 0xE2, 0x24, 0x20, 0x00, 0x24, 0x20, 0x00, 0x00, 0x00, 0x00, 0x00, 0x08, 0xFF, 0x20, 0x00,
    0x00, 0x8F, 0xF2, 0x00, 0x00, 0x08, 0xFF, 0x20, 0x00, 0x00, 0x8F, 0xF2, 0x00, 0x00, 0x08, 0xFF,
    0x20, 0x00, 0x00, 0x8F, 0xF2, 0x00, 0x00, 0x08, 0xFF, 0x20, 0x00, 0x00, 0x8F, 0xF2, 0x00, 0x00,
    0x08, 0xFF, 0x20, 0x00, 0x00, 0x8F, 0xF2, 0x00, 0x00, 0x08, 0xFF, 0x20, 0x00, 0x00, 0x8F, 0xF2,
    0x00, 0x00, 0x08, 0xFF, 0x20, 0x00, 0x00, 0x8F, 0xF2, 0x00, 0x00, 0x08, 0xFF, 0x20, 0x00, 0x00,
    0x8F, 0xF2, 0x00, 0x00, 0x08, 0xFF, 0x20, 0x00, 0x00, 0x8F, 0xF2, 0x00, 0x00, 0x08, 0xFF, 0x20,
    0x00, 0x00, 0x8F, 0xF2, 0x00, 0x18, 0x70, 0x00, 0x29, 0x60, 0x8F, 0xF4, 0x00, 0xAF, 0xF3, 0x6F,
    0xF2, 0x00, 0x8F, 0xF1, 0x02, 0x10, 0x00, 0x03, 0x10, 0x00, 0x00, 0x00, 0x00, 0x00, 0x00, 0x08,
    0xFF, 0x20, 0x00, 0x00, 0x08, 0xFF, 0x20, 0x00, 0x00, 0x08, 0xFF, 0x20, 0x00, 0x00, 0x08, 0xFF,
    0x20, 0x00, 0x00, 0x08, 0xFF, 0x20, 0x00, 0x00, 0x08, 0xFF, 0x20, 0x00, 0x00, 0x08, 0xFF, 0x20,
    0x00, 0x00, 0x08, 0xFF, 0x20, 0x00, 0x00, 0x08, 0xFF, 0x20, 0x00, 0x00, 0x08, 0xFF, 0x20, 0x00,
    0x00, 0x08, 0xFF, 0x20, 0x00, 0x00, 0x08, 0xFF, 0x20, 0x00, 0x00, 0x08, 0xFF, 0x20, 0x00, 0x00,
    0x08, 0xFF, 0x20, 0x00, 0x00, 0x08, 0xFF, 0x20, 0x00, 0x00, 0x08, 0xFF, 0x20, 0x00, 0x00, 0x08,
    0xFF, 0x20, 0x00, 0x00, 0x08, 0xFF, 0x20, 0x00, 0x00, 0x08, 0xFF, 0x20, 0x00, 0x00, 0x08, 0xFF,
    0x20, 0x00, 0x00, 0x4F, 0xFF, 0xFF, 0xFE, 0xC7, 0x10, 0x00, 0x00, 0x00, 0x4F, 0xFF, 0xFF, 0xFF,
    0xFF, 0xF7, 0x00, 0x00, 0x00, 0x4F, 0xF8, 0x22, 0x24, 0x8E, 0xFF, 0x90, 0x00, 0x00, 0x4F, 0xF5,
    0x00, 0x00, 0x00, 0xAF, 0xF6, 0x00, 0x00, 0x4F, 0xF5, 0x00, 0x00, 0x00, 0x0C, 0xFF, 0x10, 0x00,
    0x4F, 0xF5, 0x00, 0x00, 0x00, 0x03, 0xFF, 0x70, 0x00, 0x4F, 0xF5, 0x00, 0x00, 0x00, 0x00, 0xDF,
    0xC0, 0x00, 0x4F, 0xF5, 0x00, 0x00, 0x00, 0x00, 0xAF, 0xF0, 0x01, 0x5F, 0xF7, 0x11, 0x10, 0x00,
    0x00, 0x8F, 0xF0, 0x8F, 0xFF, 0xFF, 0xFF, 0xF3, 0x00, 0x00, 0x7F, 0xF1, 0x8F, 0xFF, 0xFF, 0xFF,
    0xF3, 0x00, 0x00, 0x7F, 0xF1, 0x00, 0x4F, 0xF5, 0x00, 0x00, 0x00, 0x00, 0x9F, 0xF0, 0x00, 0x4F,
    0xF5, 0x00, 0x00, 0x00, 0x00, 0xAF, 0xF0, 0x00, 0x4F, 0xF5, 0x00, 0x00, 0x00, 0x00, 0xEF, 0xC0,
    0x00, 0x4F, 0xF5, 0x00, 0x00, 0x00, 0x04, 0xFF, 0x70, 0x00, 0x4F, 0xF5, 0x00, 0x00, 0x00, 0x0D,
    0xFF, 0x10, 0x00, 0x4F, 0xF5, 0x00, 0x00, 0x01, 0xBF, 0xF6, 0x00, 0x00, 0x4F, 0xF8, 0x22, 0x24,
    0x8E, 0xFF, 0x90, 0x00, 0x00, 0x4F, 0xFF, 0xFF, 0xFF, 0xFF, 0xF6, 0x00, 0x00, 0x00, 0x4F, 0xFF,
    0xFF, 0xFE, 0xB7, 0x10, 0x00, 0x00, 0x00, 0x00, 0x47, 0x50, 0x00, 0x38, 0x20, 0x00, 0x00, 0x08,
    0xFF, 0xFE, 0x97, 0xEF, 0x20, 0x00, 0x00, 0x2F, 0xE7, 0x9E, 0xFF, 0xF9, 0x00, 0x00, 0x00, 0x28,
    0x30, 0x00, 0x57, 0x40, 0x00, 0x00, 0x00, 0x00, 0x00, 0x00, 0x00, 0x00, 0x00, 0x00, 0xBF, 0xF4,
    0x00, 0x00, 0x00, 0x00, 0x0F, 0xFA, 0xBF, 0xFE, 0x00, 0x00, 0x00, 0x00, 0x0F, 0xFA, 0xBF, 0xFF,
    0x90, 0x00, 0x00, 0x00, 0x0F, 0xFA, 0xBF, 0xFF, 0xF3, 0x00, 0x00, 0x00, 0x0F, 0xFA, 0xBF, 0xFF,
    0xFD, 0x00, 0x00, 0x00, 0x0F, 0xFA, 0xBF, 0xF7, 0xFF, 0x80, 0x00, 0x00, 0x0F, 0xFA, 0xBF, 0xF0,
    0xCF, 0xF3, 0x00, 0x00, 0x0F, 0xFA, 0xBF, 0xF0, 0x2F, 0xFC, 0x00, 0x00, 0x0F, 0xFA, 0xBF, 0xF0,
    0x08, 0xFF, 0x70, 0x00, 0x0F, 0xFA, 0xBF, 0xF0, 0x00, 0xDF, 0xF2, 0x00, 0x0F, 0xFA, 0xBF, 0xF0,
    0x00, 0x3F, 0xFC, 0x00, 0x0F, 0xFA, 0xBF, 0xF0, 0x00, 0x08, 0xFF, 0x60, 0x0F, 0xFA, 0xBF, 0xF0,
    0x00, 0x00, 0xDF, 0xF2, 0x0F, 0xFA, 0xBF, 0xF0, 0x00, 0x00, 0x4F, 0xFB, 0x0F, 0xFA, 0xBF, 0xF0,
    0x00, 0x00, 0x09, 0xFF, 0x6F, 0xFA, 0xBF, 0xF0, 0x00, 0x00, 0x00, 0xEF, 0xEF, 0xFA, 0xBF, 0xF0,
    0x00, 0x00, 0x00, 0x4F, 0xFF, 0xFA, 0xBF, 0xF0, 0x00, 0x00, 0x00, 0x0A, 0xFF, 0xFA, 0xBF, 0xF0,
    0x00, 0x00, 0x00, 0x01, 0xEF, 0xFA, 0xBF, 0xF0, 0x00, 0x00, 0x00, 0x00, 0x5F, 0xFA, 0x00, 0x00,
    0x0C, 0xFF, 0x30, 0x00, 0x00, 0x00, 0x00, 0x00, 0x00, 0x1D, 0xFC, 0x00, 0x00, 0x00, 0x00, 0x00,
    0x00, 0x00, 0x1E, 0xF7, 0x00, 0x00, 0x00, 0x00, 0x00, 0x00, 0x00, 0x2F, 0xF2, 0x00, 0x00, 0x00,
    0x00, 0x00, 0x00, 0x00, 0x00, 0x00, 0x00, 0x00, 0x00, 0x00, 0x00, 0x5B, 0xEF, 0xEC, 0x71, 0x00,
    0x00, 0x00, 0x02, 0xDF, 0xFF, 0xFF, 0xFF, 0xE5, 0x00, 0x00, 0x02, 0xEF, 0xFB, 0x64, 0x59, 0xFF,
    0xF6, 0x00, 0x00, 0xCF, 0xF5, 0x00, 0x00, 0x02, 0xDF, 0xF2, 0x00, 0x5F, 0xF7, 0x00, 0x00, 0x00,
    0x02, 0xFF, 0xA0, 0x0C, 0xFE, 0x00, 0x00, 0x00, 0x00, 0x0A, 0xFF, 0x10, 0xFF, 0x90, 0x00, 0x00,
    0x00, 0x00, 0x5F, 0xF4, 0x3F, 0xF6, 0x00, 0x00, 0x00, 0x00, 0x01, 0xFF, 0x85, 0xFF, 0x40, 0x00,
    0x00, 0x00, 0x00, 0x0F, 0xF9, 0x5F, 0xF3, 0x00, 0x00, 0x00, 0x00, 0x00, 0xFF, 0xA5, 0xFF, 0x30,
    0x00, 0x00, 0x00, 0x00, 0x0F, 0xFA, 0x5F, 0xF4, 0x00, 0x00, 0x00, 0x00, 0x00, 0xFF, 0x93, 0xFF,
    0x60, 0x00, 0x00, 0x00, 0x00, 0x1F, 0xF8, 0x0F, 0xF9, 0x00, 0x00, 0x00, 0x00, 0x04, 0xFF, 0x50,
    0xCF, 0xE0, 0x00, 0x00, 0x00, 0x00, 0x9F, 0xF1, 0x06, 0xFF, 0x70, 0x00, 0x00, 0x00, 0x2F, 0xFA,
    0x00, 0x0C, 0xFF, 0x50, 0x00, 0x00, 0x1D, 0xFF, 0x20, 0x00, 0x2E, 0xFF, 0xB5, 0x45, 0x8F, 0xFF,
    0x60, 0x00, 0x00, 0x2D, 0xFF, 0xFF, 0xFF, 0xFF, 0x60, 0x00, 0x00, 0x00, 0x05, 0xBE, 0xFE, 0xC7,
    0x10, 0x00, 0x00, 0x00, 0x00, 0x00, 0x00, 0x01, 0xEF, 0xD1, 0x00, 0x00, 0x00, 0x00, 0x00, 0x00,
    0xAF, 0xE1, 0x00, 0x00, 0x00, 0x00, 0x00, 0x00, 0x5F, 0xE2, 0x00, 0x00, 0x00, 0x00, 0x00, 0x00,
    0x1E, 0xF3, 0x00, 0x00, 0x00, 0x00, 0x00, 0x00, 0x00, 0x00, 0x00, 0x00, 0x00, 0x00, 0x00, 0x00,
    0x5B, 0xEF, 0xEC, 0x71, 0x00, 0x00, 0x00, 0x02, 0xDF, 0xFF, 0xFF, 0xFF, 0xE5, 0x00, 0x00, 0x02,
    0xEF, 0xFB, 0x64, 0x59, 0xFF, 0xF6, 0x00, 0x00, 0xCF, 0xF5, 0x00, 0x00, 0x02, 0xDF, 0xF2, 0x00,
    0x5F, 0xF7, 0x00, 0x00, 0x00, 0x02, 0xFF, 0xA0, 0x0C, 0xFE, 0x00, 0x00, 0x00, 0x00, 0x0A, 0xFF,
    0x10, 0xFF, 0x90, 0x00, 0x00, 0x00, 0x00, 0x5F, 0xF4, 0x3F, 0xF6, 0x00, 0x00, 0x00, 0x00, 0x01,
    0xFF, 0x85, 0xFF, 0x40, 0x00, 0x00, 0x00, 0x00, 0x0F, 0xF9, 0x5F, 0xF3, 0x00, 0x00, 0x00, 0x00,
    0x00, 0xFF, 0xA5, 0xFF, 0x30, 0x00, 0x00, 0x00, 0x00, 0x0F, 0xFA, 0x5F, 0xF4, 0x00, 0x00, 0x00,
    0x00, 0x00, 0xFF, 0x93, 0xFF, 0x60, 0x00, 0x00, 0x00, 0x00, 0x1F, 0xF8, 0x0F, 0xF9, 0x00, 0x00,
    0x00, 0x00, 0x04, 0xFF, 0x50, 0xCF, 0xE0, 0x00, 0x00, 0x00, 0x00, 0x9F, 0xF1, 0x06, 0xFF, 0x70,
    0x00, 0x00, 0x00, 0x2F, 0xFA, 0x00, 0x0C, 0xFF, 0x50, 0x00, 0x00, 0x1D, 0xFF, 0x20, 0x00, 0x2E,
    0xFF, 0xB5, 0x45, 0x8F, 0xFF, 0x60, 0x00, 0x00, 0x2D, 0xFF, 0xFF, 0xFF, 0xFF, 0x60, 0x00, 0x00,
    0x00, 0x05, 0xBE, 0xFE, 0xC7, 0x10, 0x00, 0x00, 0x00, 0x00, 0x00, 0x01, 0x41, 0x00, 0x00, 0x00,
    0x00, 0x00, 0x00, 0x01, 0xEF, 0xC0, 0x00, 0x00, 0x00, 0x00, 0x00, 0x00, 0xCF, 0xAF, 0xB0, 0x00,
    0x00, 0x00, 0x00, 0x00, 0xBF, 0x70, 0x9F, 0x90, 0x00, 0x00, 0x00, 0x00, 0x5C, 0x80, 0x00, 0x9C,
    0x40, 0x00, 0x00, 0x00, 0x00, 0x00, 0x00, 0x00, 0x00, 0x00, 0x00, 0x00, 0x00, 0x05, 0xBE, 0xFE,
    0xC7, 0x10, 0x00, 0x00, 0x00, 0x2D, 0xFF, 0xFF, 0xFF, 0xFE, 0x50, 0x00, 0x00, 0x2E, 0xFF, 0xB6,
    0x45, 0x9F, 0xFF, 0x60, 0x00, 0x0C, 0xFF, 0x50, 0x00, 0x00, 0x2D, 0xFF, 0x20, 0x05, 0xFF, 0x70,
    0x00, 0x00, 0x00, 0x2F, 0xFA, 0x00, 0xCF, 0xE0, 0x00, 0x00, 0x00, 0x00, 0xAF, 0xF1, 0x0F, 0xF9,
    0x00, 0x00, 0x00, 0x00, 0x05, 0xFF, 0x43, 0xFF, 0x60, 0x00, 0x00, 0x00, 0x00, 0x1F, 0xF8, 0x5F,
    0xF4, 0x00, 0x00, 0x00, 0x00, 0x00, 0xFF, 0x95, 0xFF, 0x30, 0x00, 0x00, 0x00, 0x00, 0x0F, 0xFA,
    0x5F, 0xF3, 0x00, 0x00, 0x00, 0x00, 0x00, 0xFF, 0xA5, 0xFF, 0x40, 0x00, 0x00, 0x00, 0x00, 0x0F,
    0xF9, 0x3F, 0xF6, 0x00, 0x00, 0x00, 0x00, 0x01, 0xFF, 0x80, 0xFF, 0x90, 0x00, 0x00, 0x00, 0x00,
    0x4F, 0xF5, 0x0C, 0xFE, 0x00, 0x00, 0x00, 0x00, 0x09, 0xFF, 0x10, 0x6F, 0xF7, 0x00, 0x00, 0x00,
    0x02, 0xFF, 0xA0, 0x00, 0xCF, 0xF5, 0x00, 0x00, 0x01, 0xDF, 0xF2, 0x00, 0x02, 0xEF, 0xFB, 0x54,
    0x58, 0xFF, 0xF6, 0x00, 0x00, 0x02, 0xDF, 0xFF, 0xFF, 0xFF, 0xF6, 0x00, 0x00, 0x00, 0x00, 0x5B,
    0xEF, 0xEC, 0x71, 0x00, 0x00, 0x00, 0x00, 0x00, 0x31, 0x00, 0x01, 0x41, 0x00, 0x00, 0x00, 0x05,
    0xFF, 0xFB, 0x53, 0xBF, 0x30, 0x00, 0x00, 0x01, 0xFF, 0xBD, 0xFF, 0xFF, 0xC0, 0x00, 0x00, 0x00,
    0x3C, 0x60, 0x03, 0x9B, 0x81, 0x00, 0x00, 0x00, 0x00, 0x00, 0x00, 0x00, 0x00, 0x00, 0x00, 0x00,
    0x00, 0x00, 0x5B, 0xEF, 0xEC, 0x71, 0x00, 0x00, 0x00, 0x02, 0xDF, 0xFF, 0xFF, 0xFF, 0xE5, 0x00,
    0x00, 0x02, 0xEF, 0xFB, 0x64, 0x59, 0xFF, 0xF6, 0x00, 0x00, 0xCF, 0xF5, 0x00, 0x00, 0x02, 0xDF,
    0xF2, 0x00, 0x5F, 0xF7, 0x00, 0x00, 0x00, 0x02, 0xFF, 0xA0, 0x0C, 0xFE, 0x00, 0x00, 0x00, 0x00,
    0x0A, 0xFF, 0x10, 0xFF, 0x90, 0x00, 0x00, 0x00, 0x00, 0x5F, 0xF4, 0x3F, 0xF6, 0x00, 0x00, 0x00,
    0x00, 0x01, 0xFF, 0x85, 0xFF, 0x40, 0x00, 0x00, 0x00, 0x00, 0x0F, 0xF9, 0x5F, 0xF3, 0x00, 0x00,
    0x00, 0x00, 0x00, 0xFF, 0xA5, 0xFF, 0x30, 0x00, 0x00, 0x00, 0x00, 0x0F, 0xFA, 0x5F, 0xF4, 0x00,
    0x00, 0x00, 0x00, 0x00, 0xFF, 0x93, 0xFF, 0x60, 0x00, 0x00, 0x00, 0x00, 0x1F, 0xF8, 0x0F, 0xF9,
    0x00, 0x00, 0x00, 0x00, 0x04, 0xFF, 0x50, 0xCF, 0xE0, 0x00, 0x00, 0x00, 0x00, 0x9F, 0xF1, 0x06,
    0xFF, 0x70, 0x00, 0x00, 0x00, 0x2F, 0xFA, 0x00, 0x0C, 0xFF, 0x50, 0x00, 0x00, 0x1D, 0xFF, 0x20,
    0x00, 0x2E, 0xFF, 0xB5, 0x45, 0x8F, 0xFF, 0x60, 0x00, 0x00, 0x2D, 0xFF, 0xFF, 0xFF, 0xFF, 0x60,
    0x00, 0x00, 0x00, 0x05, 0xBE, 0xFE, 0xC7, 0x10, 0x00, 0x00, 0x00, 0x00, 0x04, 0x30, 0x00, 0x05,
    0x30, 0x00, 0x00, 0x00, 0x07, 0xFF, 0x30, 0x09, 0xFF, 0x20, 0x00, 0x00, 0x00, 0x8F, 0xF4, 0x00,
    0x9F, 0xF2, 0x00, 0x00, 0x00, 0x00, 0x65, 0x00, 0x01, 0x74, 0x00, 0x00, 0x00, 0x00, 0x00, 0x00,
    0x00, 0x00, 0x00, 0x00, 0x00, 0x00, 0x00, 0x5B, 0xEF, 0xEC, 0x71, 0x00, 0x00, 0x00, 0x02, 0xDF,
    0xFF, 0xFF, 0xFF, 0xE5, 0x00, 0x00, 0x02, 0xEF, 0xFB, 0x64, 0x59, 0xFF, 0xF6, 0x00, 0x00, 0xCF,
    0xF5, 0x00, 0x00, 0x02, 0xDF, 0xF2, 0x00, 0x5F, 0xF7, 0x00, 0x00, 0x00, 0x02, 0xFF, 0xA0, 0x0C,
    0xFE, 0x00, 0x00, 0x00, 0x00, 0x0A, 0xFF, 0x10, 0xFF, 0x90, 0x00, 0x00, 0x00, 0x00, 0x5F, 0xF4,
    0x3F, 0xF6, 0x00, 0x00, 0x00, 0x00, 0x01, 0xFF, 0x85, 0xFF, 0x40, 0x00, 0x00, 0x00, 0x00, 0x0F,
    0xF9, 0x5F, 0xF3, 0x00, 0x00, 0x00, 0x00, 0x00, 0xFF, 0xA5, 0xFF, 0x30, 0x00, 0x00, 0x00, 0x00,
    0x0F, 0xFA, 0x5F, 0xF4, 0x00, 0x00, 0x00, 0x00, 0x00, 0xFF, 0x93, 0xFF, 0x60, 0x00, 0x00, 0x00,
    0x00, 0x1F, 0xF8, 0x0F, 0xF9, 0x00, 0x00, 0x00, 0x00, 0x04, 0xFF, 0x50, 0xCF, 0xE0, 0x00, 0x00,
    0x00, 0x00, 0x9F, 0xF1, 0x06, 0xFF, 0x70, 0x00, 0x00, 0x00, 0x2F, 0xFA, 0x00, 0x0C, 0xFF, 0x50,
    0x00, 0x00, 0x1D, 0xFF, 0x20, 0x00, 0x2E, 0xFF, 0xB5, 0x45, 0x8F, 0xFF, 0x60, 0x00, 0x00, 0x2D,
    0xFF, 0xFF, 0xFF, 0xFF, 0x60, 0x00, 0x00, 0x00, 0x05, 0xBE, 0xFE, 0xC7, 0x10, 0x00, 0x00, 0x09,
    0x60, 0x00, 0x00, 0x00, 0x96, 0x07, 0xFF, 0x60, 0x00, 0x00, 0xAF, 0xF3, 0x0C, 0xFF, 0x70, 0x00,
    0xAF, 0xF9, 0x00, 0x0C, 0xFF, 0x70, 0xBF, 0xF9, 0x00, 0x00, 0x0B, 0xFF, 0xFF, 0xF8, 0x00, 0x00,
    0x00, 0x0C, 0xFF, 0xF8, 0x00, 0x00, 0x00, 0x00, 0xCF, 0xFF, 0x80, 0x00, 0x00, 0x00, 0xCF, 0xFF,
    0xFF, 0x90, 0x00, 0x00, 0xCF, 0xF7, 0x0A, 0xFF, 0x90, 0x01, 0xCF, 0xF6, 0x00, 0x0A, 0xFF, 0x90,
    0x8F, 0xF6, 0x00, 0x00, 0x09, 0xFF, 0x40, 0xA5, 0x00, 0x00, 0x00, 0x09, 0x60, 0x00, 0x00, 0x00,
    0x00, 0x00, 0x00, 0x00, 0x18, 0x60, 0x00, 0x00, 0x5B, 0xEF, 0xEC, 0x71, 0x0A, 0xF3, 0x00, 0x02,
    0xDF, 0xFF, 0xFF, 0xFF, 0xFA, 0xF9, 0x00, 0x02, 0xEF, 0xFB, 0x64, 0x59, 0xFF, 0xFF, 0x00, 0x00,
    0xCF, 0xF5, 0x00, 0x00, 0x02, 0xFF, 0xF2, 0x00, 0x5F, 0xF7, 0x00, 0x00, 0x00, 0x3F, 0xFF, 0xA0,
    0x0C, 0xFE, 0x00, 0x00, 0x00, 0x0D, 0xFB, 0xFF, 0x10, 0xFF, 0x90, 0x00, 0x00, 0x08, 0xF6, 0x4F,
    0xF5, 0x3F, 0xF6, 0x00, 0x00, 0x02, 0xFC, 0x02, 0xFF, 0x85, 0xFF, 0x40, 0x00, 0x00, 0xCF, 0x20,
    0x0F, 0xF9, 0x5F, 0xF3, 0x00, 0x00, 0x6F, 0x80, 0x00, 0xFF, 0xA5, 0xFF, 0x30, 0x00, 0x1F, 0xD0,
    0x00, 0x0F, 0xFA, 0x5F, 0xF5, 0x00, 0x0B, 0xF3, 0x00, 0x00, 0xFF, 0x93, 0xFF, 0x60, 0x05, 0xF9,
    0x00, 0x00, 0x1F, 0xF8, 0x1F, 0xF9, 0x01, 0xEE, 0x00, 0x00, 0x04, 0xFF, 0x50, 0xCF, 0xF0, 0x9F,
    0x50, 0x00, 0x00, 0x9F, 0xF1, 0x06, 0xFF, 0xBF, 0xB0, 0x00, 0x00, 0x2F, 0xFA, 0x00, 0x0D, 0xFF,
    0xF1, 0x00, 0x00, 0x1D, 0xFF, 0x20, 0x00, 0x2F, 0xFF, 0xA5, 0x45, 0x8F, 0xFF, 0x60, 0x00, 0x02,
    0xFF, 0xFF, 0xFF, 0xFF, 0xFF, 0x60, 0x00, 0x00, 0xCF, 0x35, 0xBE, 0xFE, 0xC7, 0x10, 0x00, 0x00,
    0x6F, 0x80, 0x00, 0x00, 0x00, 0x00, 0x00, 0x00, 0x00, 0x00, 0x44, 0x30, 0x00, 0x00, 0x00, 0x00,
    0x00, 0x00, 0x8F, 0xF5, 0x00, 0x00, 0x00, 0x00, 0x00, 0x00, 0x0A, 0xFE, 0x10, 0x00, 0x00, 0x00,
    0x00, 0x00, 0x00, 0xCF, 0xA0, 0x00, 0x00, 0x00, 0x00, 0x00, 0x00, 0x1B, 0xB2, 0x00, 0x00, 0x00,
    0x00, 0x00, 0x00, 0x00, 0x00, 0x00, 0x00, 0x00, 0x1F, 0xF8, 0x00, 0x00, 0x00, 0x00, 0x4F, 0xF5,
    0x1F, 0xF8, 0x00, 0x00, 0x00, 0x00, 0x4F, 0xF5, 0x1F, 0xF8, 0x00, 0x00, 0x00, 0x00, 0x4F, 0xF5,
    0x1F, 0xF8, 0x00, 0x00, 0x00, 0x00, 0x4F, 0xF5, 0x1F, 0xF8, 0x00, 0x00, 0x00, 0x00, 0x4F, 0xF5,
    0x1F, 0xF8, 0x00, 0x00, 0x00, 0x00, 0x4F, 0xF5, 0x1F, 0xF8, 0x00, 0x00, 0x00, 0x00, 0x4F, 0xF5,
    0x1F, 0xF8, 0x00, 0x00, 0x00, 0x00, 0x4F, 0xF5, 0x1F, 0xF8, 0x00, 0x00, 0x00, 0x00, 0x4F, 0xF5,
    0x1F, 0xF8, 0x00, 0x00, 0x00, 0x00, 0x4F, 0xF5, 0x1F, 0xF8, 0x00, 0x00, 0x00, 0x00, 0x4F, 0xF5,
    0x1F, 0xF8, 0x00, 0x00, 0x00, 0x00, 0x4F, 0xF5, 0x1F, 0xF8, 0x00, 0x00, 0x00, 0x00, 0x4F, 0xF5,
    0x0F, 0xF8, 0x00, 0x00, 0x00, 0x00, 0x5F, 0xF4, 0x0F, 0xFA, 0x00, 0x00, 0x00, 0x00, 0x6F, 0xF2,
    0x0C, 0xFE, 0x00, 0x00, 0x00, 0x00, 0xBF, 0xF0, 0x05, 0xFF, 0x90, 0x00, 0x00, 0x06, 0xFF, 0x90,
    0x00, 0xBF, 0xFC, 0x63, 0x35, 0xAF, 0xFD, 0x10, 0x00, 0x0A, 0xFF, 0xFF, 0xFF, 0xFF, 0xB1, 0x00,
    0x00, 0x00, 0x49, 0xDF, 0xFD, 0xA4, 0x00, 0x00, 0x00, 0x00, 0x00, 0x00, 0x03, 0x44, 0x10, 0x00,
    0x00, 0x00, 0x00, 0x00, 0x3F, 0xFB, 0x00, 0x00, 0x00, 0x00, 0x00, 0x00, 0xCF, 0xC0, 0x00, 0x00,
    0x00, 0x00, 0x00, 0x07, 0xFC, 0x00, 0x00, 0x00, 0x00, 0x00, 0x00, 0x1B, 0xB1, 0x00, 0x00, 0x00,
    0x00, 0x00, 0x00, 0x00, 0x00, 0x00, 0x00, 0x00, 0x1F, 0xF8, 0x00, 0x00, 0x00, 0x00, 0x4F, 0xF5,
    0x1F, 0xF8, 0x00, 0x00, 0x00, 0x00, 0x4F, 0xF5, 0x1F, 0xF8, 0x00, 0x00, 0x00, 0x00, 0x4F, 0xF5,
    0x1F, 0xF8, 0x00, 0x00, 0x00, 0x00, 0x4F, 0xF5, 0x1F, 0xF8, 0x00, 0x00, 0x00, 0x00, 0x4F, 0xF5,
    0x1F, 0xF8, 0x00, 0x00, 0x00, 0x00, 0x4F, 0xF5, 0x1F, 0xF8, 0x00, 0x00, 0x00, 0x00, 0x4F, 0xF5,
    0x1F, 0xF8, 0x00, 0x00, 0x00, 0x00, 0x4F, 0xF5, 0x1F, 0xF8, 0x00, 0x00, 0x00, 0x00, 0x4F, 0xF5,
    0x1F, 0xF8, 0x00, 0x00, 0x00, 0x00, 0x4F, 0xF5, 0x1F, 0xF8, 0x00, 0x00, 0x00, 0x00, 0x4F, 0xF5,
    0x1F, 0xF8, 0x00, 0x00, 0x00, 0x00, 0x4F, 0xF5, 0x1F, 0xF8, 0x00, 0x00, 0x00, 0x00, 0x4F, 0xF5,
    0x0F, 0xF8, 0x00, 0x00, 0x00, 0x00, 0x5F, 0xF4, 0x0F, 0xFA, 0x00, 0x00, 0x00, 0x00, 0x6F, 0xF2,
    0x0C, 0xFE, 0x00, 0x00, 0x00, 0x00, 0xBF, 0xF0, 0x05, 0xFF, 0x90, 0x00, 0x00, 0x06, 0xFF, 0x90,
    0x00, 0xBF, 0xFC, 0x63, 0x35, 0xAF, 0xFD, 0x10, 0x00, 0x0A, 0xFF, 0xFF, 0xFF, 0xFF, 0xB1, 0x00,
    0x00, 0x00, 0x49, 0xDF, 0xFD, 0xA4, 0x00, 0x00, 0x00, 0x00, 0x00, 0x04, 0x83, 0x00, 0x00, 0x00,
    0x00, 0x00, 0x00, 0x3F, 0xFE, 0x20, 0x00, 0x00, 0x00, 0x00, 0x02, 0xEF, 0x6F, 0xD1, 0x00, 0x00,
    0x00, 0x00, 0x1D, 0xF4, 0x06, 0xFC, 0x00, 0x00, 0x00, 0x00, 0x48, 0x40, 0x00, 0x58, 0x30, 0x00,
    0x00, 0x00, 0x00, 0x00, 0x00, 0x00, 0x00, 0x00, 0x1F, 0xF8, 0x00, 0x00, 0x00, 0x00, 0x4F, 0xF5,
    0x1F, 0xF8, 0x00, 0x00, 0x00, 0x00, 0x4F, 0xF5, 0x1F, 0xF8, 0x00, 0x00, 0x00, 0x00, 0x4F, 0xF5,
    0x1F, 0xF8, 0x00, 0x00, 0x00, 0x00, 0x4F, 0xF5, 0x1F, 0xF8, 0x00, 0x00, 0x00, 0x00, 0x4F, 0xF5,
    0x1F, 0xF8, 0x00, 0x00, 0x00, 0x00, 0x4F, 0xF5, 0x1F, 0xF8, 0x00, 0x00, 0x00, 0x00, 0x4F, 0xF5,
    0x1F, 0xF8, 0x00, 0x00, 0x00, 0x00, 0x4F, 0xF5, 0x1F, 0xF8, 0x00, 0x00, 0x00, 0x00, 0x4F, 0xF5,
    0x1F, 0xF8, 0x00, 0x00, 0x00, 0x00, 0x4F, 0xF5, 0x1F, 0xF8, 0x00, 0x00, 0x00, 0x00, 0x4F, 0xF5,
    0x1F, 0xF8, 0x00, 0x00, 0x00, 0x00, 0x4F, 0xF5, 0x1F, 0xF8, 0x00, 0x00, 0x00, 0x00, 0x4F, 0xF5,
    0x0F, 0xF8, 0x00, 0x00, 0x00, 0x00, 0x5F, 0xF4, 0x0F, 0xFA, 0x00, 0x00, 0x00, 0x00, 0x6F, 0xF2,
    0x0C, 0xFE, 0x00, 0x00, 0x00, 0x00, 0xBF, 0xF0, 0x05, 0xFF, 0x90, 0x00, 0x00, 0x06, 0xFF, 0x90,
    0x00, 0xBF, 0xFC, 0x63, 0x35, 0xAF, 0xFD, 0x10, 0x00, 0x0A, 0xFF, 0xFF, 0xFF, 0xFF, 0xB1, 0x00,
    0x00, 0x00, 0x49, 0xDF, 0xFD, 0xA4, 0x00, 0x00, 0x00, 0x01, 0x87, 0x00, 0x02, 0x96, 0x00, 0x00,
    0x00, 0x08, 0xFF, 0x40, 0x0A, 0xFF, 0x30, 0x00, 0x00, 0x06, 0xFF, 0x20, 0x08, 0xFF, 0x10, 0x00,
    0x00, 0x00, 0x21, 0x00, 0x00, 0x31, 0x00, 0x00, 0x00, 0x00, 0x00, 0x00, 0x00, 0x00, 0x00, 0x00,
    0x1F, 0xF8, 0x00, 0x00, 0x00, 0x00, 0x4F, 0xF5, 0x1F, 0xF8, 0x00, 0x00, 0x00, 0x00, 0x4F, 0xF5,
    0x1F, 0xF8, 0x00, 0x00, 0x00, 0x00, 0x4F, 0xF5, 0x1F, 0xF8, 0x00, 0x00, 0x00, 0x00, 0x4F, 0xF5,
    0x1F, 0xF8, 0x00, 0x00, 0x00, 0x00, 0x4F, 0xF5, 0x1F, 0xF8, 0x00, 0x00, 0x00, 0x00, 0x4F, 0xF5,
    0x1F, 0xF8, 0x00, 0x00, 0x00, 0x00, 0x4F, 0xF5, 0x1F, 0xF8, 0x00, 0x00, 0x00, 0x00, 0x4F, 0xF5,
    0x1F, 0xF8, 0x00, 0x00, 0x00, 0x00, 0x4F, 0xF5, 0x1F, 0xF8, 0x00, 0x00, 0x00, 0x00, 0x4F, 0xF5,
    0x1F, 0xF8, 0x00, 0x00, 0x00, 0x00, 0x4F, 0xF5, 0x1F, 0xF8, 0x00, 0x00, 0x00, 0x00, 0x4F, 0xF5,
    0x1F, 0xF8, 0x00, 0x00, 0x00, 0x00, 0x4F, 0xF5, 0x0F, 0xF8, 0x00, 0x00, 0x00, 0x00, 0x5F, 0xF4,
    0x0F, 0xFA, 0x00, 0x00, 0x00, 0x00, 0x6F, 0xF2, 0x0C, 0xFE, 0x00, 0x00, 0x00, 0x00, 0xBF, 0xF0,
    0x05, 0xFF, 0x90, 0x00, 0x00, 0x06, 0xFF, 0x90, 0x00, 0xBF, 0xFC, 0x63, 0x35, 0xAF, 0xFD, 0x10,
    0x00, 0x0A, 0xFF, 0xFF, 0xFF, 0xFF, 0xB1, 0x00, 0x00, 0x00, 0x49, 0xDF, 0xFD, 0xA4, 0x00, 0x00,
    0x00, 0x00, 0x00, 0x00, 0x03, 0x44, 0x10, 0x00, 0x00, 0x00, 0x00, 0x00, 0x03, 0xFF, 0xB0, 0x00,
    0x00, 0x00, 0x00, 0x00, 0x00, 0xCF, 0xC0, 0x00, 0x00, 0x00, 0x00, 0x00, 0x00, 0x7F, 0xC0, 0x00,
    0x00, 0x00, 0x00, 0x00, 0x00, 0x1B, 0xB1, 0x00, 0x00, 0x00, 0x00, 0x00, 0x00, 0x00, 0x00, 0x00,
    0x00, 0x00, 0x00, 0x8F, 0xF7, 0x00, 0x00, 0x00, 0x00, 0x0A, 0xFF, 0x40, 0xEF, 0xF1, 0x00, 0x00,
    0x00, 0x03, 0xFF, 0xC0, 0x06, 0xFF, 0x80, 0x00, 0x00, 0x00, 0xBF, 0xF3, 0x00, 0x0D, 0xFF, 0x10,
    0x00, 0x00, 0x3F, 0xFA, 0x00, 0x00, 0x5F, 0xF8, 0x00, 0x00, 0x0B, 0xFF, 0x20, 0x00, 0x00, 0xCF,
    0xF1, 0x00, 0x04, 0xFF, 0x80, 0x00, 0x00, 0x03, 0xFF, 0x90, 0x00, 0xCF, 0xE1, 0x00, 0x00, 0x00,
    0x0B, 0xFF, 0x10, 0x4F, 0xF7, 0x00, 0x00, 0x00, 0x00, 0x2F, 0xF9, 0x0C, 0xFE, 0x00, 0x00, 0x00,
    0x00, 0x00, 0x9F, 0xF7, 0xFF, 0x50, 0x00, 0x00, 0x00, 0x00, 0x01, 0xFF, 0xFF, 0xC0, 0x00, 0x00,
    0x00, 0x00, 0x00, 0x08, 0xFF, 0xF4, 0x00, 0x00, 0x00, 0x00, 0x00, 0x00, 0x0F, 0xFC, 0x00, 0x00,
    0x00, 0x00, 0x00, 0x00, 0x00, 0xFF, 0xB0, 0x00, 0x00, 0x00, 0x00, 0x00, 0x00, 0x0F, 0xFB, 0x00,
    0x00, 0x00, 0x00, 0x00, 0x00, 0x00, 0xFF, 0xB0, 0x00, 0x00, 0x00, 0x00, 0x00, 0x00, 0x0F, 0xFB,
    0x00, 0x00, 0x00, 0x00, 0x00, 0x00, 0x00, 0xFF, 0xB0, 0x00, 0x00, 0x00, 0x00, 0x00, 0x00, 0x0F,
    0xFB, 0x00, 0x00, 0x00, 0x00, 0x00, 0x00, 0x00, 0xFF, 0xB0, 0x00, 0x00, 0x00, 0xBF, 0xD0, 0x00,
    0x00, 0x00, 0x00, 0x00, 0xBF, 0xD0, 0x00, 0x00, 0x00, 0x00, 0x00, 0xBF, 0xD0, 0x00, 0x00, 0x00,
    0x00, 0x00, 0xBF, 0xD0, 0x00, 0x00, 0x00, 0x00, 0x00, 0xBF, 0xFF, 0xFF, 0xFE, 0xC7, 0x10, 0x00,
    0xBF, 0xFF, 0xFF, 0xFF, 0xFF, 0xE4, 0x00, 0xBF, 0xD1, 0x11, 0x12, 0x7E, 0xFF, 0x30, 0xBF, 0xD0,
    0x00, 0x00, 0x02, 0xFF, 0xB0, 0xBF, 0xD0, 0x00, 0x00, 0x00, 0x8F, 0xF1, 0xBF, 0xD0, 0x00, 0x00,
    0x00, 0x4F, 0xF3, 0xBF, 0xD0, 0x00, 0x00, 0x00, 0x4F, 0xF3, 0xBF, 0xD0, 0x00, 0x00, 0x00, 0x8F,
    0xF1, 0xBF, 0xD0, 0x00, 0x00, 0x02, 0xFF, 0xB0, 0xBF, 0xD1, 0x11, 0x12, 0x6E, 0xFF, 0x30, 0xBF,
    0xFF, 0xFF, 0xFF, 0xFF, 0xE4, 0x00, 0xBF, 0xFF, 0xFF, 0xFE, 0xC7, 0x10, 0x00, 0xBF, 0xD0, 0x00,
    0x00, 0x00, 0x00, 0x00, 0xBF, 0xD0, 0x00, 0x00, 0x00, 0x00, 0x00, 0xBF, 0xD0, 0x00, 0x00, 0x00,
    0x00, 0x00, 0xBF, 0xD0, 0x00, 0x00, 0x00, 0x00, 0x00, 0x00, 0x05, 0xBE, 0xFE, 0xA3, 0x00, 0x00,
    0x00, 0x08, 0xFF, 0xFF, 0xFF, 0xF5, 0x00, 0x00, 0x04, 0xFF, 0xB3, 0x14, 0xDF, 0xF0, 0x00, 0x00,
    0xBF, 0xE0, 0x00, 0x03, 0xFF, 0x40, 0x00, 0x0F, 0xF9, 0x00, 0x00, 0x0F, 0xF6, 0x00, 0x00, 0xFF,
    0x70, 0x00, 0x01, 0xFF, 0x50, 0x00, 0x1F, 0xF7, 0x00, 0x00, 0x7F, 0xF1, 0x00, 0x01, 0xFF, 0x70,
    0x00, 0x1F, 0xF8, 0x00, 0x00, 0x1F, 0xF7, 0x00, 0x09, 0xFF, 0x10, 0x00, 0x01, 0xFF, 0x70, 0x00,
    0xDF, 0xB0, 0x00, 0x00, 0x1F, 0xF7, 0x00, 0x0C, 0xFD, 0x00, 0x00, 0x01, 0xFF, 0x70, 0x00, 0x6F,
    0xF9, 0x00, 0x00, 0x1F, 0xF7, 0x00, 0x00, 0x9F, 0xFA, 0x00, 0x01, 0xFF, 0x70, 0x00, 0x00, 0x8F,
    0xFC, 0x10, 0x1F, 0xF7, 0x00, 0x00, 0x00, 0x6F, 0xFC, 0x01, 0xFF, 0x70, 0x00, 0x00, 0x00, 0x6F,
    0xF4, 0x1F, 0xF7, 0x00, 0x00, 0x00, 0x01, 0xFF, 0x61, 0xFF, 0x70, 0x00, 0x00, 0x00, 0x4F, 0xF5,
    0x1F, 0xF7, 0x07, 0xB4, 0x11, 0x5E, 0xFF, 0x01, 0xFF, 0x70, 0xCF, 0xFF, 0xFF, 0xFF, 0x50, 0x1F,
    0xF7, 0x03, 0x9D, 0xFF, 0xEA, 0x20, 0x00, 0x00, 0x0C, 0xFF, 0x30, 0x00, 0x00, 0x00, 0x00, 0x1D,
    0xFC, 0x00, 0x00, 0x00, 0x00, 0x00, 0x1E, 0xF7, 0x00, 0x00, 0x00, 0x00, 0x00, 0x2F, 0xF2, 0x00,
    0x00, 0x00, 0x00, 0x00, 0x00, 0x00, 0x00, 0x00, 0x00, 0x00, 0x00, 0x00, 0x00, 0x00, 0x00, 0x04,
    0xAE, 0xFE, 0xC6, 0x00, 0x00, 0x0A, 0xFF, 0xFF, 0xFF, 0xFC, 0x00, 0x09, 0xFF, 0x92, 0x02, 0x9F,
    0xF9, 0x00, 0xFF, 0x90, 0x00, 0x00, 0xBF, 0xF0, 0x06, 0x62, 0x00, 0x00, 0x06, 0xFF, 0x20, 0x00,
    0x00, 0x00, 0x00, 0x5F, 0xF3, 0x00, 0x06, 0xBE, 0xFF, 0xFF, 0xFF, 0x30, 0x2D, 0xFF, 0xFE, 0xCC,
    0xFF, 0xF3, 0x0D, 0xFE, 0x50, 0x00, 0x05, 0xFF, 0x35, 0xFF, 0x40, 0x00, 0x00, 0x5F, 0xF3, 0x7F,
    0xF1, 0x00, 0x00, 0x0A, 0xFF, 0x36, 0xFF, 0x50, 0x00, 0x02, 0xFF, 0xF3, 0x1F, 0xFF, 0x74, 0x48,
    0xFF, 0xFF, 0x30, 0x5F, 0xFF, 0xFF, 0xFF, 0xAF, 0xF5, 0x00, 0x3A, 0xEF, 0xEA, 0x21, 0xFF, 0x90,
    0x00, 0x00, 0x00, 0x01, 0xEF, 0xD1, 0x00, 0x00, 0x00, 0x00, 0xAF, 0xE1, 0x00, 0x00, 0x00, 0x00,
    0x5F, 0xE2, 0x00, 0x00, 0x00, 0x00, 0x1E, 0xF3, 0x00, 0x00, 0x00, 0x00, 0x00, 0x00, 0x00, 0x00,
    0x00, 0x00, 0x00, 0x00, 0x00, 0x00, 0x00, 0x00, 0x04, 0xAE, 0xFE, 0xC6, 0x00, 0x00, 0x0A, 0xFF,
    0xFF, 0xFF, 0xFC, 0x00, 0x09, 0xFF, 0x92, 0x02, 0x9F, 0xF9, 0x00, 0xFF, 0x90, 0x00, 0x00, 0xBF,
    0xF0, 0x06, 0x62, 0x00, 0x00, 0x06, 0xFF, 0x20, 0x00, 0x00, 0x00, 0x00, 0x5F, 0xF3, 0x00, 0x06,
    0xBE, 0xFF, 0xFF, 0xFF, 0x30, 0x2D, 0xFF, 0xFE, 0xCC, 0xFF, 0xF3, 0x0D, 0xFE, 0x50, 0x00, 0x05,
    0xFF, 0x35, 0xFF, 0x40, 0x00, 0x00, 0x5F, 0xF3, 0x7F, 0xF1, 0x00, 0x00, 0x0A, 0xFF, 0x36, 0xFF,
    0x50, 0x00, 0x02, 0xFF, 0xF3, 0x1F, 0xFF, 0x74, 0x48, 0xFF, 0xFF, 0x30, 0x5F, 0xFF, 0xFF, 0xFF,
    0xAF, 0xF5, 0x00, 0x3A, 0xEF, 0xEA, 0x21, 0xFF, 0x90, 0x00, 0x00, 0x00, 0xBF, 0xA0, 0x00, 0x00,
    0x00, 0x00, 0xAF, 0xDF, 0x80, 0x00, 0x00, 0x00, 0x8F, 0xA0, 0xCF, 0x60, 0x00, 0x00, 0x5F, 0xC0,
    0x01, 0xDF, 0x40, 0x00, 0x00, 0x00, 0x00, 0x00, 0x00, 0x00, 0x00, 0x00, 0x00, 0x00, 0x00, 0x00,
    0x00, 0x04, 0xAE, 0xFE, 0xC6, 0x00, 0x00, 0x0A, 0xFF, 0xFF, 0xFF, 0xFC, 0x00, 0x09, 0xFF, 0x92,
    0x02, 0x9F, 0xF9, 0x00, 0xFF, 0x90, 0x00, 0x00, 0xBF, 0xF0, 0x06, 0x62, 0x00, 0x00, 0x06, 0xFF,
    0x20, 0x00, 0x00, 0x00, 0x00, 0x5F, 0xF3, 0x00, 0x06, 0xBE, 0xFF, 0xFF, 0xFF, 0x30, 0x2D, 0xFF,
    0xFE, 0xCC, 0xFF, 0xF3, 0x0D, 0xFE, 0x50, 0x00, 0x05, 0xFF, 0x35, 0xFF, 0x40, 0x00, 0x00, 0x5F,
    0xF3, 0x7F, 0xF1, 0x00, 0x00, 0x0A, 0xFF, 0x36, 0xFF, 0x50, 0x00, 0x02, 0xFF, 0xF3, 0x1F, 0xFF,
    0x74, 0x48, 0xFF, 0xFF, 0x30, 0x5F, 0xFF, 0xFF, 0xFF, 0xAF, 0xF5, 0x00, 0x3A, 0xEF, 0xEA, 0x21,
    0xFF, 0x90, 0x00, 0x2C, 0xFD, 0x71, 0x09, 0xF4, 0x00, 0x0E, 0xFF, 0xFF, 0xFF, 0xFE, 0x00, 0x04,
    0xFA, 0x01, 0x7D, 0xFC, 0x30, 0x00, 0x00, 0x00, 0x00, 0x00, 0x00, 0x00, 0x00, 0x00, 0x00, 0x00,
    0x00, 0x00, 0x00, 0x00, 0x4A, 0xEF, 0xEC, 0x60, 0x00, 0x00, 0xAF, 0xFF, 0xFF, 0xFF, 0xC0, 0x00,
    0x9F, 0xF9, 0x20, 0x29, 0xFF, 0x90, 0x0F, 0xF9, 0x00, 0x00, 0x0B, 0xFF, 0x00, 0x66, 0x20, 0x00,
    0x00, 0x6F, 0xF2, 0x00, 0x00, 0x00, 0x00, 0x05, 0xFF, 0x30, 0x00, 0x6B, 0xEF, 0xFF, 0xFF, 0xF3,
    0x02, 0xDF, 0xFF, 0xEC, 0xCF, 0xFF, 0x30, 0xDF, 0xE5, 0x00, 0x00, 0x5F, 0xF3, 0x5F, 0xF4, 0x00,
    0x00, 0x05, 0xFF, 0x37, 0xFF, 0x10, 0x00, 0x00, 0xAF, 0xF3, 0x6F, 0xF5, 0x00, 0x00, 0x2F, 0xFF,
    0x31, 0xFF, 0xF7, 0x44, 0x8F, 0xFF, 0xF3, 0x05, 0xFF, 0xFF, 0xFF, 0xFA, 0xFF, 0x50, 0x03, 0xAE,
    0xFE, 0xA2, 0x1F, 0xF9, 0x00, 0x00, 0x00, 0x00, 0x01, 0x00, 0x00, 0x05, 0xFE, 0x20, 0x06, 0xFE,
    0x10, 0x00, 0x9F, 0xF5, 0x00, 0xAF, 0xF3, 0x00, 0x02, 0xA9, 0x00, 0x03, 0xB8, 0x00, 0x00, 0x00,
    0x00, 0x00, 0x00, 0x00, 0x00, 0x00, 0x00, 0x00, 0x00, 0x00, 0x00, 0x00, 0x04, 0xAE, 0xFE, 0xC6,
    0x00, 0x00, 0x0A, 0xFF, 0xFF, 0xFF, 0xFC, 0x00, 0x09, 0xFF, 0x92, 0x02, 0x9F, 0xF9, 0x00, 0xFF,
    0x90, 0x00, 0x00, 0xBF, 0xF0, 0x06, 0x62, 0x00, 0x00, 0x06, 0xFF, 0x20, 0x00, 0x00, 0x00, 0x00,
    0x5F, 0xF3, 0x00, 0x06, 0xBE, 0xFF, 0xFF, 0xFF, 0x30, 0x2D, 0xFF, 0xFE, 0xCC, 0xFF, 0xF3, 0x0D,
    0xFE, 0x50, 0x00, 0x05, 0xFF, 0x35, 0xFF, 0x40, 0x00, 0x00, 0x5F, 0xF3, 0x7F, 0xF1, 0x00, 0x00,
    0x0A, 0xFF, 0x36, 0xFF, 0x50, 0x00, 0x02, 0xFF, 0xF3, 0x1F, 0xFF, 0x74, 0x48, 0xFF, 0xFF, 0x30,
    0x5F, 0xFF, 0xFF, 0xFF, 0xAF, 0xF5, 0x00, 0x3A, 0xEF, 0xEA, 0x21, 0xFF, 0x90, 0x00, 0x00, 0x04,
    0x74, 0x00, 0x00, 0x00, 0x00, 0x08, 0xFC, 0xFB, 0x00, 0x00, 0x00, 0x02, 0xF5, 0x02, 0xF4, 0x00,
    0x00, 0x00, 0x4F, 0x00, 0x0D, 0x70, 0x00, 0x00, 0x02, 0xF5, 0x02, 0xF5, 0x00, 0x00, 0x00, 0x08,
    0xFC, 0xFC, 0x00, 0x00, 0x00, 0x00, 0x04, 0x75, 0x00, 0x00, 0x00, 0x00, 0x00, 0x00, 0x00, 0x00,
    0x00, 0x00, 0x04, 0xAE, 0xFE, 0xC6, 0x00, 0x00, 0x0A, 0xFF, 0xFF, 0xFF, 0xFC, 0x00, 0x09, 0xFF,
    0x92, 0x02, 0x9F, 0xF9, 0x00, 0xFF, 0x90, 0x00, 0x00, 0xBF, 0xF0, 0x06, 0x62, 0x00, 0x00, 0x06,
    0xFF, 0x20, 0x00, 0x00, 0x00, 0x00, 0x5F, 0xF3, 0x00, 0x06, 0xBE, 0xFF, 0xFF, 0xFF, 0x30, 0x2D,
    0xFF, 0xFE, 0xCC, 0xFF, 0xF3, 0x0D, 0xFE, 0x50, 0x00, 0x05, 0xFF, 0x35, 0xFF, 0x40, 0x00, 0x00,
    0x5F, 0xF3, 0x7F, 0xF1, 0x00, 0x00, 0x0A, 0xFF, 0x36, 0xFF, 0x50, 0x00, 0x02, 0xFF, 0xF3, 0x1F,
    0xFF, 0x74, 0x48, 0xFF, 0xFF, 0x30, 0x5F, 0xFF, 0xFF, 0xFF, 0xAF, 0xF5, 0x00, 0x3A, 0xEF, 0xEA,
    0x21, 0xFF, 0x90, 0x00, 0x18, 0xCF, 0xFE, 0xA3, 0x00, 0x29, 0xEF, 0xEC, 0x60, 0x00, 0x03, 0xEF,
    0xFF, 0xFF, 0xFF, 0x55, 0xFF, 0xFF, 0xFF, 0xFC, 0x10, 0x1E, 0xFF, 0x72, 0x14, 0xDF, 0xFF, 0xFD,
    0x41, 0x28, 0xFF, 0xB0, 0x6F, 0xF5, 0x00, 0x00, 0x2F, 0xFF, 0xD0, 0x00, 0x00, 0x6F, 0xF3, 0x38,
    0x90, 0x00, 0x00, 0x0F, 0xFF, 0x50, 0x00, 0x00, 0x0F, 0xF7, 0x00, 0x00, 0x00, 0x00, 0x0F, 0xFF,
    0x00, 0x00, 0x00, 0x0D, 0xFA, 0x00, 0x39, 0xCE, 0xEE, 0xEF, 0xFF, 0xFF, 0xFF, 0xFF, 0xFF, 0xFB,
    0x09, 0xFF, 0xFF, 0xFF, 0xFF, 0xFF, 0xFF, 0xFF, 0xFF, 0xFF, 0xFB, 0x6F, 0xFD, 0x41, 0x00, 0x0F,
    0xFF, 0x00, 0x00, 0x00, 0x00, 0x00, 0xCF, 0xE0, 0x00, 0x00, 0x0F, 0xFF, 0x00, 0x00, 0x00, 0x00,
    0x00, 0xEF, 0xA0, 0x00, 0x00, 0x0F, 0xFF, 0x40, 0x00, 0x00, 0x00, 0x00, 0xDF, 0xC0, 0x00, 0x00,
    0x3F, 0xFF, 0xD1, 0x00, 0x00, 0x00, 0x40, 0x8F, 0xF9, 0x21, 0x39, 0xFF, 0xFF, 0xFE, 0x62, 0x13,
    0x7D, 0xF1, 0x0D, 0xFF, 0xFF, 0xFF, 0xFB, 0x14, 0xFF, 0xFF, 0xFF, 0xFF, 0xE3, 0x00, 0x8D, 0xFF,
    0xDA, 0x40, 0x00, 0x18, 0xCF, 0xFE, 0xB6, 0x00, 0x00, 0x02, 0x9D, 0xFE, 0xC7, 0x00, 0x00, 0x06,
    0xFF, 0xFF, 0xFF, 0xFE, 0x20, 0x05, 0xFF, 0xC4, 0x12, 0x7F, 0xFD, 0x00, 0xEF, 0xD0, 0x00, 0x00,
    0x4F, 0xF6, 0x5F, 0xF5, 0x00, 0x00, 0x00, 0xCF, 0xA8, 0xFF, 0x00, 0x00, 0x00, 0x00, 0x00, 0xAF,
    0xE0, 0x00, 0x00, 0x00, 0x00, 0x0B, 0xFC, 0x00, 0x00, 0x00, 0x00, 0x00, 0xAF, 0xD0, 0x00, 0x00,
    0x00, 0x00, 0x08, 0xFF, 0x00, 0x00, 0x00, 0x00, 0x00, 0x5F, 0xF5, 0x00, 0x00, 0x00, 0xCF, 0xA0,
    0xEF, 0xC0, 0x00, 0x00, 0x4F, 0xF5, 0x05, 0xFF, 0xC4, 0x22, 0x7F, 0xFC, 0x00, 0x06, 0xFF, 0xFF,
    0xFF, 0xFC, 0x10, 0x00, 0x02, 0x9D, 0xFE, 0xC6, 0x00, 0x00, 0x00, 0x00, 0xFD, 0x00, 0x00, 0x00,
    0x00, 0x00, 0x3F, 0xFF, 0x30, 0x00, 0x00, 0x00, 0x00, 0x07, 0xFB, 0x00, 0x00, 0x00, 0x00, 0x00,
    0x3F, 0xC0, 0x00, 0x00, 0x00, 0x03, 0x9F, 0xF6, 0x00, 0x00, 0x00, 0x00, 0x5E, 0xC5, 0x00, 0x00,
    0x00, 0x00, 0x0C, 0xFF, 0x30, 0x00, 0x00, 0x00, 0x00, 0x1D, 0xFC, 0x00, 0x00, 0x00, 0x00, 0x00,
    0x1E, 0xF7, 0x00, 0x00, 0x00, 0x00, 0x00, 0x2F, 0xF2, 0x00, 0x00, 0x00, 0x00, 0x00, 0x00, 0x00,
    0x00, 0x00, 0x00, 0x00, 0x00, 0x00, 0x00, 0x00, 0x00, 0x01, 0x8D, 0xFE, 0xC6, 0x00, 0x00, 0x04,
    0xFF, 0xFF, 0xFF, 0xFC, 0x10, 0x03, 0xFF, 0xD5, 0x12, 0x8F, 0xFB, 0x00, 0xCF, 0xD1, 0x00, 0x00,
    0x6F, 0xF3, 0x3F, 0xF5, 0x00, 0x00, 0x00, 0xEF, 0x88, 0xFF, 0x11, 0x11, 0x11, 0x1C, 0xFB, 0xAF,
    0xFF, 0xFF, 0xFF, 0xFF, 0xFF, 0xCB, 0xFF, 0xFF, 0xFF, 0xFF, 0xFF, 0xFD, 0xBF, 0xD0, 0x00, 0x00,
    0x00, 0x00, 0x09, 0xFF, 0x00, 0x00, 0x00, 0x00, 0x00, 0x5F, 0xF5, 0x00, 0x00, 0x00, 0x00, 0x00,
    0xEF, 0xE1, 0x00, 0x00, 0x07, 0xB1, 0x04, 0xFF, 0xE6, 0x21, 0x4A, 0xFF, 0x50, 0x05, 0xFF, 0xFF,
    0xFF, 0xFF, 0x60, 0x00, 0x01, 0x8D, 0xFF, 0xD9, 0x20, 0x00, 0x00, 0x00, 0x00, 0x01, 0xEF, 0xD1,
    0x00, 0x00, 0x00, 0x00, 0xAF, 0xE1, 0x00, 0x00, 0x00, 0x00, 0x5F, 0xE2, 0x00, 0x00, 0x00, 0x00,
    0x1E, 0xF3, 0x00, 0x00, 0x00, 0x00, 0x00, 0x00, 0x00, 0x00, 0x00, 0x00, 0x00, 0x00, 0x00, 0x00,
    0x00, 0x00, 0x01, 0x8D, 0xFE, 0xC6, 0x00, 0x00, 0x04, 0xFF, 0xFF, 0xFF, 0xFC, 0x10, 0x03, 0xFF,
    0xD5, 0x12, 0x8F, 0xFB, 0x00, 0xCF, 0xD1, 0x00, 0x00, 0x6F, 0xF3, 0x3F, 0xF5, 0x00, 0x00, 0x00,
    0xEF, 0x88, 0xFF, 0x11, 0x11, 0x11, 0x1C, 0xFB, 0xAF, 0xFF, 0xFF, 0xFF, 0xFF, 0xFF, 0xCB, 0xFF,
    0xFF, 0xFF, 0xFF, 0xFF, 0xFD, 0xBF, 0xD0, 0x00, 0x00, 0x00, 0x00, 0x09, 0xFF, 0x00, 0x00, 0x00,
    0x00, 0x00, 0x5F, 0xF5, 0x00, 0x00, 0x00, 0x00, 0x00, 0xEF, 0xE1, 0x00, 0x00, 0x07, 0xB1, 0x04,
    0xFF, 0xE6, 0x21, 0x4A, 0xFF, 0x50, 0x05, 0xFF, 0xFF, 0xFF, 0xFF, 0x60, 0x00, 0x01, 0x8D, 0xFF,
    0xD9, 0x20, 0x00, 0x00, 0x00, 0x0B, 0xFA, 0x00, 0x00, 0x00, 0x00, 0x0A, 0xFD, 0xF8, 0x00, 0x00,
    0x00, 0x08, 0xFA, 0x0C, 0xF6, 0x00, 0x00, 0x05, 0xFC, 0x00, 0x1D, 0xF4, 0x00, 0x00, 0x00, 0x00,
    0x00, 0x00, 0x00, 0x00, 0x00, 0x00, 0x00, 0x00, 0x00, 0x00, 0x00, 0x01, 0x8D, 0xFE, 0xC6, 0x00,
    0x00, 0x04, 0xFF, 0xFF, 0xFF, 0xFC, 0x10, 0x03, 0xFF, 0xD5, 0x12, 0x8F, 0xFB, 0x00, 0xCF, 0xD1,
    0x00, 0x00, 0x6F, 0xF3, 0x3F, 0xF5, 0x00, 0x00, 0x00, 0xEF, 0x88, 0xFF, 0x11, 0x11, 0x11, 0x1C,
    0xFB, 0xAF, 0xFF, 0xFF, 0xFF, 0xFF, 0xFF, 0xCB, 0xFF, 0xFF, 0xFF, 0xFF, 0xFF, 0xFD, 0xBF, 0xD0,
    0x00, 0x00, 0x00, 0x00, 0x09, 0xFF, 0x00, 0x00, 0x00, 0x00, 0x00, 0x5F, 0xF5, 0x00, 0x00, 0x00,
    0x00, 0x00, 0xEF, 0xE1, 0x00, 0x00, 0x07, 0xB1, 0x04, 0xFF, 0xE6, 0x21, 0x4A, 0xFF, 0x50, 0x05,
    0xFF, 0xFF, 0xFF, 0xFF, 0x60, 0x00, 0x01, 0x8D, 0xFF, 0xD9, 0x20, 0x00, 0x00, 0x00, 0x00, 0x00,
    0x01, 0x00, 0x00, 0x05, 0xFE, 0x20, 0x06, 0xFE, 0x10, 0x00, 0x9F, 0xF5, 0x00, 0xAF, 0xF3, 0x00,
    0x02, 0xA9, 0x00, 0x03, 0xB8, 0x00, 0x00, 0x00, 0x00, 0x00, 0x00, 0x00, 0x00, 0x00, 0x00, 0x00,
    0x00, 0x00, 0x00, 0x00, 0x01, 0x8D, 0xFE, 0xC6, 0x00, 0x00, 0x04, 0xFF, 0xFF, 0xFF, 0xFC, 0x10,
    0x03, 0xFF, 0xD5, 0x12, 0x8F, 0xFB, 0x00, 0xCF, 0xD1, 0x00, 0x00, 0x6F, 0xF3, 0x3F, 0xF5, 0x00,
    0x00, 0x00, 0xEF, 0x88, 0xFF, 0x11, 0x11, 0x11, 0x1C, 0xFB, 0xAF, 0xFF, 0xFF, 0xFF, 0xFF, 0xFF,
    0xCB, 0xFF, 0xFF, 0xFF, 0xFF, 0xFF, 0xFD, 0xBF, 0xD0, 0x00, 0x00, 0x00, 0x00, 0x09, 0xFF, 0x00,
    0x00, 0x00, 0x00, 0x00, 0x5F, 0xF5, 0x00, 0x00, 0x00, 0x00, 0x00, 0xEF, 0xE1, 0x00, 0x00, 0x07,
    0xB1, 0x04, 0xFF, 0xE6, 0x21, 0x4A, 0xFF, 0x50, 0x05, 0xFF, 0xFF, 0xFF, 0xFF, 0x60, 0x00, 0x01,
    0x8D, 0xFF, 0xD9, 0x20, 0x00, 0x04, 0x43, 0x00, 0x00, 0x8F, 0xF5, 0x00, 0x00, 0xAF, 0xE1, 0x00,
    0x00, 0xCF, 0xA0, 0x00, 0x01, 0xBB, 0x20, 0x00, 0x00, 0x00, 0x00, 0x00, 0x00, 0x00, 0x00, 0x0D,
    0xFA, 0x00, 0x00, 0xDF, 0xA0, 0x00, 0x0D, 0xFA, 0x00, 0x00, 0xDF, 0xA0, 0x00, 0x0D, 0xFA, 0x00,
    0x00, 0xDF, 0xA0, 0x00, 0x0D, 0xFA, 0x00, 0x00, 0xDF, 0xA0, 0x00, 0x0D, 0xFA, 0x00, 0x00, 0xDF,
    0xA0, 0x00, 0x0D, 0xFA, 0x00, 0x00, 0xDF, 0xA0, 0x00, 0x0D, 0xFA, 0x00, 0x00, 0xDF, 0xA0, 0x00,
    0x0D, 0xFA, 0x00, 0x03, 0x44, 0x10, 0x03, 0xFF, 0xB0, 0x00, 0xCF, 0xC0, 0x00, 0x7F, 0xC0, 0x00,
    0x1B, 0xB1, 0x00, 0x00, 0x00, 0x00, 0x00, 0x00, 0x00, 0x00, 0x00, 0xDF, 0xA0, 0x00, 0x0D, 0xFA,
    0x00, 0x00, 0xDF, 0xA0, 0x00, 0x0D, 0xFA, 0x00, 0x00, 0xDF, 0xA0, 0x00, 0x0D, 0xFA, 0x00, 0x00,
    0xDF, 0xA0, 0x00, 0x0D, 0xFA, 0x00, 0x00, 0xDF, 0xA0, 0x00, 0x0D, 0xFA, 0x00, 0x00, 0xDF, 0xA0,
    0x00, 0x0D, 0xFA, 0x00, 0x00, 0xDF, 0xA0, 0x00, 0x0D, 0xFA, 0x00, 0x00, 0xDF, 0xA0, 0x00, 0x00,
    0x01, 0x41, 0x00, 0x00, 0x01, 0xEF, 0xC0, 0x00, 0x00, 0xCF, 0xAF, 0xB0, 0x00, 0xBF, 0x70, 0x9F,
    0x90, 0x5C, 0x80, 0x00, 0x9C, 0x40, 0x00, 0x00, 0x00, 0x00, 0x00, 0x00, 0x00, 0x00, 0x00, 0x00,
    0xDF, 0xA0, 0x00, 0x00, 0x0D, 0xFA, 0x00, 0x00, 0x00, 0xDF, 0xA0, 0x00, 0x00, 0x0D, 0xFA, 0x00,
    0x00, 0x00, 0xDF, 0xA0, 0x00, 0x00, 0x0D, 0xFA, 0x00, 0x00, 0x00, 0xDF, 0xA0, 0x00, 0x00, 0x0D,
    0xFA, 0x00, 0x00, 0x00, 0xDF, 0xA0, 0x00, 0x00, 0x0D, 0xFA, 0x00, 0x00, 0x00, 0xDF, 0xA0, 0x00,
    0x00, 0x0D, 0xFA, 0x00, 0x00, 0x00, 0xDF, 0xA0, 0x00, 0x00, 0x0D, 0xFA, 0x00, 0x00, 0x00, 0xDF,
    0xA0, 0x00, 0x04, 0x30, 0x00, 0x05, 0x30, 0x7F, 0xF3, 0x00, 0x9F, 0xF2, 0x8F, 0xF4, 0x00, 0x9F,
    0xF2, 0x06, 0x50, 0x00, 0x17, 0x40, 0x00, 0x00, 0x00, 0x00, 0x00, 0x00, 0x00, 0x00, 0x00, 0x00,
    0x00, 0x0D, 0xFA, 0x00, 0x00, 0x00, 0x0D, 0xFA, 0x00, 0x00, 0x00, 0x0D, 0xFA, 0x00, 0x00, 0x00,
    0x0D, 0xFA, 0x00, 0x00, 0x00, 0x0D, 0xFA, 0x00, 0x00, 0x00, 0x0D, 0xFA, 0x00, 0x00, 0x00, 0x0D,
    0xFA, 0x00, 0x00, 0x00, 0x0D, 0xFA, 0x00, 0x00, 0x00, 0x0D, 0xFA, 0x00, 0x00, 0x00, 0x0D, 0xFA,
    0x00, 0x00, 0x00, 0x0D, 0xFA, 0x00, 0x00, 0x00, 0x0D, 0xFA, 0x00, 0x00, 0x00, 0x0D, 0xFA, 0x00,
    0x00, 0x00, 0x0D, 0xFA, 0x00, 0x00, 0x00, 0x0D, 0xFA, 0x00, 0x00, 0x00, 0x0D, 0x94, 0x00, 0x00,
    0x00, 0x00, 0x00, 0x4F, 0xFF, 0xD4, 0x00, 0x7D, 0x10, 0x00, 0x28, 0xEF, 0xFF, 0xCD, 0xFD, 0x20,
    0x00, 0x00, 0x05, 0xEF, 0xFF, 0x80, 0x00, 0x00, 0x00, 0x03, 0xEF, 0xFF, 0xB0, 0x00, 0x00, 0x00,
    0x7F, 0xF7, 0xAF, 0xF7, 0x00, 0x00, 0x00, 0x3C, 0x20, 0x0C, 0xFF, 0x10, 0x00, 0x00, 0x00, 0x00,
    0x03, 0xFF, 0x80, 0x00, 0x00, 0x7D, 0xFE, 0xB4, 0xBF, 0xE0, 0x00, 0x2E, 0xFF, 0xFF, 0xFF, 0xFF,
    0xF2, 0x00, 0xDF, 0xF8, 0x31, 0x38, 0xFF, 0xF6, 0x08, 0xFF, 0x50, 0x00, 0x00, 0x5F, 0xF8, 0x0E,
    0xFC, 0x00, 0x00, 0x00, 0x0F, 0xF9, 0x2F, 0xF7, 0x00, 0x00, 0x00, 0x0E, 0xF9, 0x3F, 0xF4, 0x00,
    0x00, 0x00, 0x0E, 0xF9, 0x4F, 0xF4, 0x00, 0x00, 0x00, 0x0F, 0xF8, 0x2F, 0xF7, 0x00, 0x00, 0x00,
    0x2F, 0xF6, 0x0E, 0xFD, 0x00, 0x00, 0x00, 0x8F, 0xF2, 0x07, 0xFF, 0x70, 0x00, 0x02, 0xFF, 0xB0,
    0x00, 0xDF, 0xF9, 0x32, 0x5E, 0xFF, 0x20, 0x00, 0x1C, 0xFF, 0xFF, 0xFF, 0xE3, 0x00, 0x00, 0x00,
    0x6C, 0xEF, 0xD8, 0x10, 0x00, 0x00, 0x00, 0x31, 0x00, 0x01, 0x41, 0x00, 0x05, 0xFF, 0xFB, 0x53,
    0xBF, 0x30, 0x01, 0xFF, 0xBD, 0xFF, 0xFF, 0xC0, 0x00, 0x3C, 0x60, 0x03, 0x9B, 0x81, 0x00, 0x00,
    0x00, 0x00, 0x00, 0x00, 0x00, 0x00, 0x00, 0x00, 0x00, 0x00, 0x00, 0x00, 0x1F, 0xF5, 0x07, 0xDF,
    0xFC, 0x50, 0x01, 0xFF, 0x8D, 0xFF, 0xFF, 0xFF, 0x70, 0x1F, 0xFF, 0xF7, 0x32, 0x6E, 0xFF, 0x11,
    0xFF, 0xF3, 0x00, 0x00, 0x5F, 0xF5, 0x1F, 0xFF, 0x00, 0x00, 0x01, 0xFF, 0x81, 0xFF, 0x80, 0x00,
    0x00, 0x0F, 0xF8, 0x1F, 0xF7, 0x00, 0x00, 0x00, 0xFF, 0x91, 0xFF, 0x70, 0x00, 0x00, 0x0F, 0xF9,
    0x1F, 0xF7, 0x00, 0x00, 0x00, 0xFF, 0x91, 0xFF, 0x70, 0x00, 0x00, 0x0F, 0xF9, 0x1F, 0xF7, 0x00,
    0x00, 0x00, 0xFF, 0x91, 0xFF, 0x70, 0x00, 0x00, 0x0F, 0xF9, 0x1F, 0xF7, 0x00, 0x00, 0x00, 0xFF,
    0x91, 0xFF, 0x70, 0x00, 0x00, 0x0F, 0xF9, 0x1F, 0xF7, 0x00, 0x00, 0x00, 0xFF, 0x90, 0x00, 0x0C,
    0xFF, 0x30, 0x00, 0x00, 0x00, 0x00, 0x01, 0xDF, 0xC0, 0x00, 0x00, 0x00, 0x00, 0x00, 0x1E, 0xF7,
    0x00, 0x00, 0x00, 0x00, 0x00, 0x02, 0xFF, 0x20, 0x00, 0x00, 0x00, 0x00, 0x00, 0x00, 0x00, 0x00,
    0x00, 0x00, 0x00, 0x00, 0x00, 0x00, 0x00, 0x00, 0x00, 0x01, 0x8D, 0xFF, 0xD8, 0x10, 0x00, 0x00,
    0x4F, 0xFF, 0xFF, 0xFF, 0xF4, 0x00, 0x03, 0xFF, 0xE5, 0x22, 0x6E, 0xFF, 0x30, 0x0D, 0xFE, 0x10,
    0x00, 0x01, 0xEF, 0xD0, 0x4F, 0xF6, 0x00, 0x00, 0x00, 0x6F, 0xF3, 0x8F, 0xF0, 0x00, 0x00, 0x00,
    0x1F, 0xF8, 0xAF, 0xD0, 0x00, 0x00, 0x00, 0x0D, 0xFA, 0xBF, 0xC0, 0x00, 0x00, 0x00, 0x0D, 0xFB,
    0xAF, 0xD0, 0x00, 0x00, 0x00, 0x0D, 0xFA, 0x8F, 0xF0, 0x00, 0x00, 0x00, 0x0F, 0xF8, 0x4F, 0xF6,
    0x00, 0x00, 0x00, 0x6F, 0xF3, 0x0D, 0xFE, 0x10, 0x00, 0x01, 0xEF, 0xD0, 0x03, 0xFF, 0xE6, 0x22,
    0x6E, 0xFF, 0x30, 0x00, 0x4F, 0xFF, 0xFF, 0xFF, 0xF4, 0x00, 0x00, 0x01, 0x8D, 0xFF, 0xD8, 0x10,
    0x00, 0x00, 0x00, 0x00, 0x01, 0xEF, 0xD1, 0x00, 0x00, 0x00, 0x00, 0x0A, 0xFE, 0x10, 0x00, 0x00,
    0x00, 0x00, 0x5F, 0xE2, 0x00, 0x00, 0x00, 0x00, 0x01, 0xEF, 0x30, 0x00, 0x00, 0x00, 0x00, 0x00,
    0x00, 0x00, 0x00, 0x00, 0x00, 0x00, 0x00, 0x00, 0x00, 0x00, 0x00, 0x00, 0x01, 0x8D, 0xFF, 0xD8,
    0x10, 0x00, 0x00, 0x4F, 0xFF, 0xFF, 0xFF, 0xF4, 0x00, 0x03, 0xFF, 0xE5, 0x22, 0x6E, 0xFF, 0x30,
    0x0D, 0xFE, 0x10, 0x00, 0x01, 0xEF, 0xD0, 0x4F, 0xF6, 0x00, 0x00, 0x00, 0x6F, 0xF3, 0x8F, 0xF0,
    0x00, 0x00, 0x00, 0x1F, 0xF8, 0xAF, 0xD0, 0x00, 0x00, 0x00, 0x0D, 0xFA, 0xBF, 0xC0, 0x00, 0x00,
    0x00, 0x0D, 0xFB, 0xAF, 0xD0, 0x00, 0x00, 0x00, 0x0D, 0xFA, 0x8F, 0xF0, 0x00, 0x00, 0x00, 0x0F,
    0xF8, 0x4F, 0xF6, 0x00, 0x00, 0x00, 0x6F, 0xF3, 0x0D, 0xFE, 0x10, 0x00, 0x01, 0xEF, 0xD0, 0x03,
    0xFF, 0xE6, 0x22, 0x6E, 0xFF, 0x30, 0x00, 0x4F, 0xFF, 0xFF, 0xFF, 0xF4, 0x00, 0x00, 0x01, 0x8D,
    0xFF, 0xD8, 0x10, 0x00, 0x00, 0x00, 0x0B, 0xFA, 0x00, 0x00, 0x00, 0x00, 0x00, 0xAF, 0xDF, 0x80,
    0x00, 0x00, 0x00, 0x08, 0xFA, 0x0C, 0xF6, 0x00, 0x00, 0x00, 0x5F, 0xC0, 0x01, 0xDF, 0x40, 0x00,
    0x00, 0x00, 0x00, 0x00, 0x00, 0x00, 0x00, 0x00, 0x00, 0x00, 0x00, 0x00, 0x00, 0x00, 0x00, 0x01,
    0x8D, 0xFF, 0xD8, 0x10, 0x00, 0x00, 0x4F, 0xFF, 0xFF, 0xFF, 0xF4, 0x00, 0x03, 0xFF, 0xE5, 0x22,
    0x6E, 0xFF, 0x30, 0x0D, 0xFE, 0x10, 0x00, 0x01, 0xEF, 0xD0, 0x4F, 0xF6, 0x00, 0x00, 0x00, 0x6F,
    0xF3, 0x8F, 0xF0, 0x00, 0x00, 0x00, 0x1F, 0xF8, 0xAF, 0xD0, 0x00, 0x00, 0x00, 0x0D, 0xFA, 0xBF,
    0xC0, 0x00, 0x00, 0x00, 0x0D, 0xFB, 0xAF, 0xD0, 0x00, 0x00, 0x00, 0x0D, 0xFA, 0x8F, 0xF0, 0x00,
    0x00, 0x00, 0x0F, 0xF8, 0x4F, 0xF6, 0x00, 0x00, 0x00, 0x6F, 0xF3, 0x0D, 0xFE, 0x10, 0x00, 0x01,
    0xEF, 0xD0, 0x03, 0xFF, 0xE6, 0x22, 0x6E, 0xFF, 0x30, 0x00, 0x4F, 0xFF, 0xFF, 0xFF, 0xF4, 0x00,
    0x00, 0x01, 0x8D, 0xFF, 0xD8, 0x10, 0x00, 0x00, 0x2C, 0xFD, 0x71, 0x09, 0xF4, 0x00, 0x00, 0xEF,
    0xFF, 0xFF, 0xFF, 0xE0, 0x00, 0x04, 0xFA, 0x01, 0x7D, 0xFC, 0x30, 0x00, 0x00, 0x00, 0x00, 0x00,
    0x00, 0x00, 0x00, 0x00, 0x00, 0x00, 0x00, 0x00, 0x00, 0x00, 0x00, 0x01, 0x8D, 0xFF, 0xD8, 0x10,
    0x00, 0x00, 0x4F, 0xFF, 0xFF, 0xFF, 0xF4, 0x00, 0x03, 0xFF, 0xE5, 0x22, 0x6E, 0xFF, 0x30, 0x0D,
    0xFE, 0x10, 0x00, 0x01, 0xEF, 0xD0, 0x4F, 0xF6, 0x00, 0x00, 0x00, 0x6F, 0xF3, 0x8F, 0xF0, 0x00,
    0x00, 0x00, 0x1F, 0xF8, 0xAF, 0xD0, 0x00, 0x00, 0x00, 0x0D, 0xFA, 0xBF, 0xC0, 0x00, 0x00, 0x00,
    0x0D, 0xFB, 0xAF, 0xD0, 0x00, 0x00, 0x00, 0x0D, 0xFA, 0x8F, 0xF0, 0x00, 0x00, 0x00, 0x0F, 0xF8,
    0x4F, 0xF6, 0x00, 0x00, 0x00, 0x6F, 0xF3, 0x0D, 0xFE, 0x10, 0x00, 0x01, 0xEF, 0xD0, 0x03, 0xFF,
    0xE6, 0x22, 0x6E, 0xFF, 0x30, 0x00, 0x4F, 0xFF, 0xFF, 0xFF, 0xF4, 0x00, 0x00, 0x01, 0x8D, 0xFF,
    0xD8, 0x10, 0x00, 0x00, 0x00, 0x00, 0x00, 0x01, 0x00, 0x00, 0x00, 0x5F, 0xE2, 0x00, 0x6F, 0xE1,
    0x00, 0x00, 0x9F, 0xF5, 0x00, 0xAF, 0xF3, 0x00, 0x00, 0x2A, 0x90, 0x00, 0x3B, 0x80, 0x00, 0x00,
    0x00, 0x00, 0x00, 0x00, 0x00, 0x00, 0x00, 0x00, 0x00, 0x00, 0x00, 0x00, 0x00, 0x00, 0x01, 0x8D,
    0xFF, 0xD8, 0x10, 0x00, 0x00, 0x4F, 0xFF, 0xFF, 0xFF, 0xF4, 0x00, 0x03, 0xFF, 0xE5, 0x22, 0x6E,
    0xFF, 0x30, 0x0D, 0xFE, 0x10, 0x00, 0x01, 0xEF, 0xD0, 0x4F, 0xF6, 0x00, 0x00, 0x00, 0x6F, 0xF3,
    0x8F, 0xF0, 0x00, 0x00, 0x00, 0x1F, 0xF8, 0xAF, 0xD0, 0x00, 0x00, 0x00, 0x0D, 0xFA, 0xBF, 0xC0,
    0x00, 0x00, 0x00, 0x0D, 0xFB, 0xAF, 0xD0, 0x00, 0x00, 0x00, 0x0D, 0xFA, 0x8F, 0xF0, 0x00, 0x00,
    0x00, 0x0F, 0xF8, 0x4F, 0xF6, 0x00, 0x00, 0x00, 0x6F, 0xF3, 0x0D, 0xFE, 0x10, 0x00, 0x01, 0xEF,
    0xD0, 0x03, 0xFF, 0xE6, 0x22, 0x6E, 0xFF, 0x30, 0x00, 0x4F, 0xFF, 0xFF, 0xFF, 0xF4, 0x00, 0x00,
    0x01, 0x8D, 0xFF, 0xD8, 0x10, 0x00, 0x00, 0x00, 0x00, 0x00, 0x00, 0x00, 0x00, 0x00, 0x00, 0x00,
    0x04, 0xFE, 0x20, 0x00, 0x00, 0x00, 0x00, 0x00, 0xAF, 0xF6, 0x00, 0x00, 0x00, 0x00, 0x00, 0x04,
    0xED, 0x20, 0x00, 0x00, 0x00, 0x00, 0x00, 0x00, 0x00, 0x00, 0x00, 0x00, 0x00, 0x00, 0x00, 0x00,
    0x00, 0x00, 0x00, 0x00, 0x00, 0x00, 0x00, 0x00, 0x00, 0x00, 0x00, 0xFF, 0xFF, 0xFF, 0xFF, 0xFF,
    0xFF, 0xF9, 0x0F, 0xFF, 0xFF, 0xFF, 0xFF, 0xFF, 0xFF, 0x90, 0xFF, 0xFF, 0xFF, 0xFF, 0xFF, 0xFF,
    0xF9, 0x00, 0x00, 0x00, 0x00, 0x00, 0x00, 0x00, 0x00, 0x00, 0x00, 0x00, 0x00, 0x00, 0x00, 0x00,
    0x00, 0x00, 0x00, 0x00, 0x00, 0x00, 0x00, 0x00, 0x00, 0x00, 0x04, 0xED, 0x10, 0x00, 0x00, 0x00,
    0x00, 0x00, 0xAF, 0xF6, 0x00, 0x00, 0x00, 0x00, 0x00, 0x04, 0xFE, 0x20, 0x00, 0x00, 0x00, 0x00,
    0x00, 0x00, 0x00, 0x00, 0x00, 0x00, 0x00, 0x00, 0x00, 0x00, 0x00, 0x7F, 0x30, 0x00, 0x01, 0x8D,
    0xFF, 0xD9, 0xFA, 0x00, 0x00, 0x4F, 0xFF, 0xFF, 0xFF, 0xF7, 0x00, 0x03, 0xFF, 0xE5, 0x22, 0x7F,
    0xFF, 0x30, 0x0D, 0xFE, 0x10, 0x00, 0x8F, 0xFF, 0xD0, 0x4F, 0xF6, 0x00, 0x01, 0xFA, 0x6F, 0xF3,
    0x8F, 0xF0, 0x00, 0x08, 0xF2, 0x1F, 0xF8, 0xAF, 0xD0, 0x00, 0x1F, 0xA0, 0x0D, 0xFA, 0xBF, 0xC0,
    0x00, 0x8F, 0x20, 0x0D, 0xFB, 0xAF, 0xD0, 0x01, 0xFA, 0x00, 0x0D, 0xFA, 0x8F, 0xF0, 0x08, 0xF2,
    0x00, 0x0F, 0xF8, 0x4F, 0xF6, 0x1F, 0xA0, 0x00, 0x6F, 0xF3, 0x0D, 0xFE, 0xAF, 0x20, 0x01, 0xEF,
    0xD0, 0x03, 0xFF, 0xFF, 0x22, 0x6E, 0xFF, 0x30, 0x00, 0x4F, 0xFF, 0xFF, 0xFF, 0xF4, 0x00, 0x00,
    0x1F, 0xFD, 0xFF, 0xD8, 0x10, 0x00, 0x00, 0x8F, 0x20, 0x00, 0x00, 0x00, 0x00, 0x01, 0xFA, 0x00,
    0x00, 0x00, 0x00, 0x00, 0x00, 0x04, 0x43, 0x00, 0x00, 0x00, 0x00, 0x00, 0x8F, 0xF5, 0x00, 0x00,
    0x00, 0x00, 0x00, 0xAF, 0xE1, 0x00, 0x00, 0x00, 0x00, 0x00, 0xCF, 0xA0, 0x00, 0x00, 0x00, 0x00,
    0x01, 0xBB, 0x20, 0x00, 0x00, 0x00, 0x00, 0x00, 0x00, 0x00, 0x00, 0x00, 0x00, 0x00, 0x00, 0x00,
    0x00, 0x02, 0xFF, 0x60, 0x00, 0x00, 0x0F, 0xF8, 0x2F, 0xF6, 0x00, 0x00, 0x00, 0xFF, 0x82, 0xFF,
    0x60, 0x00, 0x00, 0x0F, 0xF8, 0x2F, 0xF6, 0x00, 0x00, 0x00, 0xFF, 0x82, 0xFF, 0x60, 0x00, 0x00,
    0x0F, 0xF8, 0x2F, 0xF6, 0x00, 0x00, 0x00, 0xFF, 0x82, 0xFF, 0x60, 0x00, 0x00, 0x0F, 0xF8, 0x2F,
    0xF6, 0x00, 0x00, 0x00, 0xFF, 0x82, 0xFF, 0x60, 0x00, 0x00, 0x0F, 0xF8, 0x1F, 0xF6, 0x00, 0x00,
    0x00, 0xFF, 0x80, 0xFF, 0x70, 0x00, 0x00, 0x0F, 0xF8, 0x0E, 0xFC, 0x00, 0x00, 0x09, 0xFF, 0x80,
    0x8F, 0xFB, 0x33, 0x5B, 0xFF, 0xF8, 0x01, 0xDF, 0xFF, 0xFF, 0xFB, 0xFF, 0x80, 0x01, 0x8D, 0xFE,
    0xC6, 0x0E, 0xF8, 0x00, 0x00, 0x00, 0x00, 0x34, 0x41, 0x00, 0x00, 0x00, 0x00, 0x3F, 0xFB, 0x00,
    0x00, 0x00, 0x00, 0x0C, 0xFC, 0x00, 0x00, 0x00, 0x00, 0x07, 0xFC, 0x00, 0x00, 0x00, 0x00, 0x01,
    0xBB, 0x10, 0x00, 0x00, 0x00, 0x00, 0x00, 0x00, 0x00, 0x00, 0x00, 0x00, 0x00, 0x00, 0x00, 0x00,
    0x02, 0xFF, 0x60, 0x00, 0x00, 0x0F, 0xF8, 0x2F, 0xF6, 0x00, 0x00, 0x00, 0xFF, 0x82, 0xFF, 0x60,
    0x00, 0x00, 0x0F, 0xF8, 0x2F, 0xF6, 0x00, 0x00, 0x00, 0xFF, 0x82, 0xFF, 0x60, 0x00, 0x00, 0x0F,
    0xF8, 0x2F, 0xF6, 0x00, 0x00, 0x00, 0xFF, 0x82, 0xFF, 0x60, 0x00, 0x00, 0x0F, 0xF8, 0x2F, 0xF6,
    0x00, 0x00, 0x00, 0xFF, 0x82, 0xFF, 0x60, 0x00, 0x00, 0x0F, 0xF8, 0x1F, 0xF6, 0x00, 0x00, 0x00,
    0xFF, 0x80, 0xFF, 0x70, 0x00, 0x00, 0x0F, 0xF8, 0x0E, 0xFC, 0x00, 0x00, 0x09, 0xFF, 0x80, 0x8F,
    0xFB, 0x33, 0x5B, 0xFF, 0xF8, 0x01, 0xDF, 0xFF, 0xFF, 0xFB, 0xFF, 0x80, 0x01, 0x8D, 0xFE, 0xC6,
    0x0E, 0xF8, 0x00, 0x00, 0x01, 0x41, 0x00, 0x00, 0x00, 0x00, 0x01, 0xEF, 0xC0, 0x00, 0x00, 0x00,
    0x00, 0xCF, 0xAF, 0xB0, 0x00, 0x00, 0x00, 0xBF, 0x70, 0x9F, 0x90, 0x00, 0x00, 0x5C, 0x80, 0x00,
    0x9C, 0x40, 0x00, 0x00, 0x00, 0x00, 0x00, 0x00, 0x00, 0x00, 0x00, 0x00, 0x00, 0x00, 0x00, 0x02,
    0xFF, 0x60, 0x00, 0x00, 0x0F, 0xF8, 0x2F, 0xF6, 0x00, 0x00, 0x00, 0xFF, 0x82, 0xFF, 0x60, 0x00,
    0x00, 0x0F, 0xF8, 0x2F, 0xF6, 0x00, 0x00, 0x00, 0xFF, 0x82, 0xFF, 0x60, 0x00, 0x00, 0x0F, 0xF8,
    0x2F, 0xF6, 0x00, 0x00, 0x00, 0xFF, 0x82, 0xFF, 0x60, 0x00, 0x00, 0x0F, 0xF8, 0x2F, 0xF6, 0x00,
    0x00, 0x00, 0xFF, 0x82, 0xFF, 0x60, 0x00, 0x00, 0x0F, 0xF8, 0x1F, 0xF6, 0x00, 0x00, 0x00, 0xFF,
    0x80, 0xFF, 0x70, 0x00, 0x00, 0x0F, 0xF8, 0x0E, 0xFC, 0x00, 0x00, 0x09, 0xFF, 0x80, 0x8F, 0xFB,
    0x33, 0x5B, 0xFF, 0xF8, 0x01, 0xDF, 0xFF, 0xFF, 0xFB, 0xFF, 0x80, 0x01, 0x8D, 0xFE, 0xC6, 0x0E,
    0xF8, 0x00, 0x04, 0x30, 0x00, 0x05, 0x30, 0x00, 0x07, 0xFF, 0x30, 0x09, 0xFF, 0x20, 0x00, 0x8F,
    0xF4, 0x00, 0x9F, 0xF2, 0x00, 0x00, 0x65, 0x00, 0x01, 0x74, 0x00, 0x00, 0x00, 0x00, 0x00, 0x00,
    0x00, 0x00, 0x00, 0x00, 0x00, 0x00, 0x00, 0x00, 0x2F, 0xF6, 0x00, 0x00, 0x00, 0xFF, 0x82, 0xFF,
    0x60, 0x00, 0x00, 0x0F, 0xF8, 0x2F, 0xF6, 0x00, 0x00, 0x00, 0xFF, 0x82, 0xFF, 0x60, 0x00, 0x00,
    0x0F, 0xF8, 0x2F, 0xF6, 0x00, 0x00, 0x00, 0xFF, 0x82, 0xFF, 0x60, 0x00, 0x00, 0x0F, 0xF8, 0x2F,
    0xF6, 0x00, 0x00, 0x00, 0xFF, 0x82, 0xFF, 0x60, 0x00, 0x00, 0x0F, 0xF8, 0x2F, 0xF6, 0x00, 0x00,
    0x00, 0xFF, 0x81, 0xFF, 0x60, 0x00, 0x00, 0x0F, 0xF8, 0x0F, 0xF7, 0x00, 0x00, 0x00, 0xFF, 0x80,
    0xEF, 0xC0, 0x00, 0x00, 0x9F, 0xF8, 0x08, 0xFF, 0xB3, 0x35, 0xBF, 0xFF, 0x80, 0x1D, 0xFF, 0xFF,
    0xFF, 0xBF, 0xF8, 0x00, 0x18, 0xDF, 0xEC, 0x60, 0xEF, 0x80, 0x00, 0x00, 0x00, 0x00, 0x34, 0x41,
    0x00, 0x00, 0x00, 0x00, 0x3F, 0xFB, 0x00, 0x00, 0x00, 0x00, 0x0C, 0xFC, 0x00, 0x00, 0x00, 0x00,
    0x07, 0xFC, 0x00, 0x00, 0x00, 0x00, 0x01, 0xBB, 0x10, 0x00, 0x00, 0x00, 0x00, 0x00, 0x00, 0x00,
    0x00, 0x00, 0x00, 0x00, 0x00, 0x00, 0x00, 0x08, 0xFF, 0x30, 0x00, 0x00, 0x0E, 0xFB, 0x2F, 0xF8,
    0x00, 0x00, 0x04, 0xFF, 0x60, 0xCF, 0xE0, 0x00, 0x00, 0x9F, 0xF1, 0x07, 0xFF, 0x30, 0x00, 0x0D,
    0xFB, 0x00, 0x1F, 0xF8, 0x00, 0x02, 0xFF, 0x50, 0x00, 0xBF, 0xE0, 0x00, 0x7F, 0xF0, 0x00, 0x06,
    0xFF, 0x30, 0x0C, 0xFA, 0x00, 0x00, 0x0F, 0xF8, 0x01, 0xFF, 0x50, 0x00, 0x00, 0xAF, 0xD0, 0x6F,
    0xF0, 0x00, 0x00, 0x04, 0xFF, 0x3B, 0xFA, 0x00, 0x00, 0x00, 0x0E, 0xF9, 0xFF, 0x40, 0x00, 0x00,
    0x00, 0x9F, 0xFF, 0xE0, 0x00, 0x00, 0x00, 0x03, 0xFF, 0xF9, 0x00, 0x00, 0x00, 0x00, 0x0E, 0xFF,
    0x40, 0x00, 0x00, 0x00, 0x00, 0xDF, 0xF0, 0x00, 0x00, 0x00, 0x00, 0x0B, 0xF9, 0x00, 0x00, 0x00,
    0x00, 0x01, 0xFF, 0x30, 0x00, 0x00, 0x00, 0x00, 0x8F, 0xD0, 0x00, 0x00, 0x00, 0x34, 0x8F, 0xF5,
    0x00, 0x00, 0x00, 0x0D, 0xFF, 0xFA, 0x00, 0x00, 0x00, 0x00, 0xBF, 0xE7, 0x00, 0x00, 0x00, 0x00,
    0xFF, 0x90, 0x00, 0x00, 0x00, 0x00, 0x0F, 0xF9, 0x00, 0x00, 0x00, 0x00, 0x00, 0xFF, 0x90, 0x00,
    0x00, 0x00, 0x00, 0x0F, 0xF9, 0x00, 0x00, 0x00, 0x00, 0x00, 0xFF, 0x90, 0x00, 0x00, 0x00, 0x00,
    0x0F, 0xF9, 0x00, 0x00, 0x00, 0x00, 0x00, 0xFF, 0x91, 0x9D, 0xFE, 0xB4, 0x00, 0x0F, 0xFC, 0xEF,
    0xFF, 0xFF, 0xF8, 0x00, 0xFF, 0xFF, 0x62, 0x26, 0xEF, 0xF5, 0x0F, 0xFF, 0x20, 0x00, 0x02, 0xFF,
    0xD0, 0xFF, 0xF0, 0x00, 0x00, 0x08, 0xFF, 0x2F, 0xFA, 0x00, 0x00, 0x00, 0x3F, 0xF6, 0xFF, 0x90,
    0x00, 0x00, 0x01, 0xFF, 0x7F, 0xF9, 0x00, 0x00, 0x00, 0x0F, 0xF8, 0xFF, 0x90, 0x00, 0x00, 0x01,
    0xFF, 0x7F, 0xF9, 0x00, 0x00, 0x00, 0x3F, 0xF6, 0xFF, 0xF0, 0x00, 0x00, 0x08, 0xFF, 0x2F, 0xFF,
    0x10, 0x00, 0x02, 0xFF, 0xD0, 0xFF, 0xFE, 0x62, 0x26, 0xEF, 0xF4, 0x0F, 0xFD, 0xFF, 0xFF, 0xFF,
    0xF7, 0x00, 0xFF, 0x92, 0x9D, 0xFE, 0xB4, 0x00, 0x0F, 0xF9, 0x00, 0x00, 0x00, 0x00, 0x00, 0xFF,
    0x90, 0x00, 0x00, 0x00, 0x00, 0x0F, 0xF9, 0x00, 0x00, 0x00, 0x00, 0x00, 0xFF, 0x90, 0x00, 0x00,
    0x00, 0x00, 0x0F, 0xF9, 0x00, 0x00, 0x00, 0x00, 0x00, 0xFF, 0x90, 0x00, 0x00, 0x00, 0x00, 0x00,
    0x00, 0x04, 0x30, 0x00, 0x05, 0x30, 0x00, 0x07, 0xFF, 0x30, 0x09, 0xFF, 0x20, 0x00, 0x8F, 0xF4,
    0x00, 0x9F, 0xF2, 0x00, 0x00, 0x65, 0x00, 0x01, 0x74, 0x00, 0x00, 0x00, 0x00, 0x00, 0x00, 0x00,
    0x00, 0x00, 0x00, 0x00, 0x00, 0x00, 0x00, 0x8F, 0xF3, 0x00, 0x00, 0x00, 0xEF, 0xB2, 0xFF, 0x80,
    0x00, 0x00, 0x4F, 0xF6, 0x0C, 0xFE, 0x00, 0x00, 0x09, 0xFF, 0x10, 0x7F, 0xF3, 0x00, 0x00, 0xDF,
    0xB0, 0x01, 0xFF, 0x80, 0x00, 0x2F, 0xF5, 0x00, 0x0B, 0xFE, 0x00, 0x07, 0xFF, 0x00, 0x00, 0x6F,
    0xF3, 0x00, 0xCF, 0xA0, 0x00, 0x00, 0xFF, 0x80, 0x1F, 0xF5, 0x00, 0x00, 0x0A, 0xFD, 0x06, 0xFF,
    0x00, 0x00, 0x00, 0x4F, 0xF3, 0xBF, 0xA0, 0x00, 0x00, 0x00, 0xEF, 0x9F, 0xF4, 0x00, 0x00, 0x00,
    0x09, 0xFF, 0xFE, 0x00, 0x00, 0x00, 0x00, 0x3F, 0xFF, 0x90, 0x00, 0x00, 0x00, 0x00, 0xEF, 0xF4,
    0x00, 0x00, 0x00, 0x00, 0x0D, 0xFF, 0x00, 0x00, 0x00, 0x00, 0x00, 0xBF, 0x90, 0x00, 0x00, 0x00,
    0x00, 0x1F, 0xF3, 0x00, 0x00, 0x00, 0x00, 0x08, 0xFD, 0x00, 0x00, 0x00, 0x03, 0x48, 0xFF, 0x50,
    0x00, 0x00, 0x00, 0xDF, 0xFF, 0xA0, 0x00, 0x00, 0x00, 0x0B, 0xFE, 0x70, 0x00, 0x00, 0x00, 0x00,
    0xDF, 0xBB, 0xBB, 0xBB, 0xDF, 0x0A, 0xD0, 0x00, 0x00, 0x09, 0xE0, 0xA8, 0x50, 0x00, 0x01, 0xBB,
    0x0A, 0x2B, 0x00, 0x00, 0x75, 0xB0, 0xA1, 0x93, 0x00, 0x0C, 0x0B, 0x0A, 0x12, 0xA0, 0x04, 0x80,
    0xB0, 0xA1, 0x0B, 0x10, 0xB1, 0x0B, 0x0A, 0x10, 0x47, 0x2A, 0x00, 0xB0, 0xA1, 0x00, 0xC9, 0x30,
    0x0B, 0x0A, 0x10, 0x08, 0xF0, 0x00, 0xB0, 0xA1, 0x00, 0x7F, 0x00, 0x0B, 0x0A, 0x10, 0x0C, 0xA3,
    0x00, 0xB0, 0xA1, 0x04, 0x82, 0x90, 0x0B, 0x0A, 0x10, 0xA1, 0x0B, 0x10, 0xB0, 0xA1, 0x2A, 0x00,
    0x57, 0x0B, 0x0A, 0x18, 0x40, 0x00, 0xC0, 0xB0, 0xA2, 0xC0, 0x00, 0x07, 0x4B, 0x0A, 0x86, 0x00,
    0x00, 0x1B, 0xB0, 0xAD, 0x00, 0x00, 0x00, 0xAD, 0x0E, 0xFB, 0xBB, 0xBB, 0xBE, 0xF0, 0xDF, 0xBB,
    0xBB, 0xBB, 0xDF, 0x0A, 0xD0, 0x00, 0x00, 0x09, 0xE0, 0xA8, 0x50, 0x00, 0x01, 0xBB, 0x0A, 0x2B,
    0x00, 0x00, 0x75, 0xB0, 0xA1, 0x93, 0x00, 0x0C, 0x0B, 0x0A, 0x12, 0xA0, 0x04, 0x80, 0xB0, 0xA1,
    0x0B, 0x10, 0xB1, 0x0B, 0x0A, 0x10, 0x47, 0x2A, 0x00, 0xB0, 0xA1, 0x00, 0xC9, 0x30, 0x0B, 0x0A,
    0x10, 0x08, 0xF0, 0x00, 0xB0, 0xA1, 0x00, 0x7F, 0x00, 0x0B, 0x0A, 0x10, 0x0C, 0xA3, 0x00, 0xB0,
    0xA1, 0x04, 0x82, 0x90, 0x0B, 0x0A, 0x10, 0xA1, 0x0B, 0x10, 0xB0, 0xA1, 0x2A, 0x00, 0x57, 0x0B,
    0x0A, 0x18, 0x40, 0x00, 0xC0, 0xB0, 0xA2, 0xC0, 0x00, 0x07, 0x4B, 0x0A, 0x86, 0x00, 0x00, 0x1B,
    0xB0, 0xAD, 0x00, 0x00, 0x00, 0xAD, 0x0E, 0xFB, 0xBB, 0xBB, 0xBE, 0xF0, 0xDF, 0xBB, 0xBB, 0xBB,
    0xDF, 0x0A, 0xD0, 0x00, 0x00, 0x09, 0xE0, 0xA8, 0x50, 0x00, 0x01, 0xBB, 0x0A, 0x2B, 0x00, 0x00,
    0x75, 0xB0, 0xA1, 0x93, 0x00, 0x0C, 0x0B, 0x0A, 0x12, 0xA0, 0x04, 0x80, 0xB0, 0xA1, 0x0B, 0x10,
    0xB1, 0x0B, 0x0A, 0x10, 0x47, 0x2A, 0x00, 0xB0, 0xA1, 0x00, 0xC9, 0x30, 0x0B, 0x0A, 0x10, 0x08,
    0xF0, 0x00, 0xB0, 0xA1, 0x00, 0x7F, 0x00, 0x0B, 0x0A, 0x10, 0x0C, 0xA3, 0x00, 0xB0, 0xA1, 0x04,
    0x82, 0x90, 0x0B, 0x0A, 0x10, 0xA1, 0x0B, 0x10, 0xB0, 0xA1, 0x2A, 0x00, 0x57, 0x0B, 0x0A, 0x18,
    0x40, 0x00, 0xC0, 0xB0, 0xA2, 0xC0, 0x00, 0x07, 0x4B, 0x0A, 0x86, 0x00, 0x00, 0x1B, 0xB0, 0xAD,
    0x00, 0x00, 0x00, 0xAD, 0x0E, 0xFB, 0xBB, 0xBB, 0xBE, 0xF0, 0xDF, 0xBB, 0xBB, 0xBB, 0xDF, 0x0A,
    0xD0, 0x00, 0x00, 0x09, 0xE0, 0xA8, 0x50, 0x00, 0x01, 0xBB, 0x0A, 0x2B, 0x00, 0x00, 0x75, 0xB0,
    0xA1, 0x93, 0x00, 0x0C, 0x0B, 0x0A, 0x12, 0xA0, 0x04, 0x80, 0xB0, 0xA1, 0x0B, 0x10, 0xB1, 0x0B,
    0x0A, 0x10, 0x47, 0x2A, 0x00, 0xB0, 0xA1, 0x00, 0xC9, 0x30, 0x0B, 0x0A, 0x10, 0x08, 0xF0, 0x00,
    0xB0, 0xA1, 0x00, 0x7F, 0x00, 0x0B, 0x0A, 0x10, 0x0C, 0xA3, 0x00, 0xB0, 0xA1, 0x04, 0x82, 0x90,
    0x0B, 0x0A, 0x10, 0xA1, 0x0B, 0x10, 0xB0, 0xA1, 0x2A, 0x00, 0x57, 0x0B, 0x0A, 0x18, 0x40, 0x00,
    0xC0, 0xB0, 0xA2, 0xC0, 0x00, 0x07, 0x4B, 0x0A, 0x86, 0x00, 0x00, 0x1B, 0xB0, 0xAD, 0x00, 0x00,
    0x00, 0xAD, 0x0E, 0xFB, 0xBB, 0xBB, 0xBE, 0xF0, 0xDF, 0xBB, 0xBB, 0xBB, 0xDF, 0x0A, 0xD0, 0x00,
    0x00, 0x09, 0xE0, 0xA8, 0x50, 0x00, 0x01, 0xBB, 0x0A, 0x2B, 0x00, 0x00, 0x75, 0xB0, 0xA1, 0x93,
    0x00, 0x0C, 0x0B, 0x0A, 0x12, 0xA0, 0x04, 0x80, 0xB0, 0xA1, 0x0B, 0x10, 0xB1, 0x0B, 0x0A, 0x10,
    0x47, 0x2A, 0x00, 0xB0, 0xA1, 0x00, 0xC9, 0x30, 0x0B, 0x0A, 0x10, 0x08, 0xF0, 0x00, 0xB0, 0xA1,
    0x00, 0x7F, 0x00, 0x0B, 0x0A, 0x10, 0x0C, 0xA3, 0x00, 0xB0, 0xA1, 0x04, 0x82, 0x90, 0x0B, 0x0A,
    0x10, 0xA1, 0x0B, 0x10, 0xB0, 0xA1, 0x2A, 0x00, 0x57, 0x0B, 0x0A, 0x18, 0x40, 0x00, 0xC0, 0xB0,
    0xA2, 0xC0, 0x00, 0x07, 0x4B, 0x0A, 0x86, 0x00, 0x00, 0x1B, 0xB0, 0xAD, 0x00, 0x00, 0x00, 0xAD,
    0x0E, 0xFB, 0xBB, 0xBB, 0xBE, 0xF0, 0xDF, 0xBB, 0xBB, 0xBB, 0xDF, 0x0A, 0xD0, 0x00, 0x00, 0x09,
    0xE0, 0xA8, 0x50, 0x00, 0x01, 0xBB, 0x0A, 0x2B, 0x00, 0x00, 0x75, 0xB0, 0xA1, 0x93, 0x00, 0x0C,
    0x0B, 0x0A, 0x12, 0xA0, 0x04, 0x80, 0xB0, 0xA1, 0x0B, 0x10, 0xB1, 0x0B, 0x0A, 0x10, 0x47, 0x2A,
    0x00, 0xB0, 0xA1, 0x00, 0xC9, 0x30, 0x0B, 0x0A, 0x10, 0x08, 0xF0, 0x00, 0xB0, 0xA1, 0x00, 0x7F,
    0x00, 0x0B, 0x0A, 0x10, 0x0C, 0xA3, 0x00, 0xB0, 0xA1, 0x04, 0x82, 0x90, 0x0B, 0x0A, 0x10, 0xA1,
    0x0B, 0x10, 0xB0, 0xA1, 0x2A, 0x00, 0x57, 0x0B, 0x0A, 0x18, 0x40, 0x00, 0xC0, 0xB0, 0xA2, 0xC0,
    0x00, 0x07, 0x4B, 0x0A, 0x86, 0x00, 0x00, 0x1B, 0xB0, 0xAD, 0x00, 0x00, 0x00, 0xAD, 0x0E, 0xFB,
    0xBB, 0xBB, 0xBE, 0xF0, 0xDF, 0xBB, 0xBB, 0xBB, 0xDF, 0x0A, 0xD0, 0x00, 0x00, 0x09, 0xE0, 0xA8,
    0x50, 0x00, 0x01, 0xBB, 0x0A, 0x2B, 0x00, 0x00, 0x75, 0xB0, 0xA1, 0x93, 0x00, 0x0C, 0x0B, 0x0A,
    0x12, 0xA0, 0x04, 0x80, 0xB0, 0xA1, 0x0B, 0x10, 0xB1, 0x0B, 0x0A, 0x10, 0x47, 0x2A, 0x00, 0xB0,
    0xA1, 0x00, 0xC9, 0x30, 0x0B, 0x0A, 0x10, 0x08, 0xF0, 0x00, 0xB0, 0xA1, 0x00, 0x7F, 0x00, 0x0B,
    0x0A, 0x10, 0x0C, 0xA3, 0x00, 0xB0, 0xA1, 0x04, 0x82, 0x90, 0x0B, 0x0A, 0x10, 0xA1, 0x0B, 0x10,
    0xB0, 0xA1, 0x2A, 0x00, 0x57, 0x0B, 0x0A, 0x18, 0x40, 0x00, 0xC0, 0xB0, 0xA2, 0xC0, 0x00, 0x07,
    0x4B, 0x0A, 0x86, 0x00, 0x00, 0x1B, 0xB0, 0xAD, 0x00, 0x00, 0x00, 0xAD, 0x0E, 0xFB, 0xBB, 0xBB,
    0xBE, 0xF0, 0xDF, 0xBB, 0xBB, 0xBB, 0xDF, 0x0A, 0xD0, 0x00, 0x00, 0x09, 0xE0, 0xA8, 0x50, 0x00,
    0x01, 0xBB, 0x0A, 0x2B, 0x00, 0x00, 0x75, 0xB0, 0xA1, 0x93, 0x00, 0x0C, 0x0B, 0x0A, 0x12, 0xA0,
    0x04, 0x80, 0xB0, 0xA1, 0x0B, 0x10, 0xB1, 0x0B, 0x0A, 0x10, 0x47, 0x2A, 0x00, 0xB0, 0xA1, 0x00,
    0xC9, 0x30, 0x0B, 0x0A, 0x10, 0x08, 0xF0, 0x00, 0xB0, 0xA1, 0x00, 0x7F, 0x00, 0x0B, 0x0A, 0x10,
    0x0C, 0xA3, 0x00, 0xB0, 0xA1, 0x04, 0x82, 0x90, 0x0B, 0x0A, 0x10, 0xA1, 0x0B, 0x10, 0xB0, 0xA1,
    0x2A, 0x00, 0x57, 0x0B, 0x0A, 0x18, 0x40, 0x00, 0xC0, 0xB0, 0xA2, 0xC0, 0x00, 0x07, 0x4B, 0x0A,
    0x86, 0x00, 0x00, 0x1B, 0xB0, 0xAD, 0x00, 0x00, 0x00, 0xAD, 0x0E, 0xFB, 0xBB, 0xBB, 0xBE, 0xF0,
    0xDF, 0xBB, 0xBB, 0xBB, 0xDF, 0x0A, 0xD0, 0x00, 0x00, 0x09, 0xE0, 0xA8, 0x50, 0x00, 0x01, 0xBB,
    0x0A, 0x2B, 0x00, 0x00, 0x75, 0xB0, 0xA1, 0x93, 0x00, 0x0C, 0x0B, 0x0A, 0x12, 0xA0, 0x04, 0x80,
    0xB0, 0xA1, 0x0B, 0x10, 0xB1, 0x0B, 0x0A, 0x10, 0x47, 0x2A, 0x00, 0xB0, 0xA1, 0x00, 0xC9, 0x30,
    0x0B, 0x0A, 0x10, 0x08, 0xF0, 0x00, 0xB0, 0xA1, 0x00, 0x7F, 0x00, 0x0B, 0x0A, 0x10, 0x0C, 0xA3,
    0x00, 0xB0, 0xA1, 0x04, 0x82, 0x90, 0x0B, 0x0A, 0x10, 0xA1, 0x0B, 0x10, 0xB0, 0xA1, 0x2A, 0x00,
    0x57, 0x0B, 0x0A, 0x18, 0x40, 0x00, 0xC0, 0xB0, 0xA2, 0xC0, 0x00, 0x07, 0x4B, 0x0A, 0x86, 0x00,
    0x00, 0x1B, 0xB0, 0xAD, 0x00, 0x00, 0x00, 0xAD, 0x0E, 0xFB, 0xBB, 0xBB, 0xBE, 0xF0, 0xDF, 0xBB,
    0xBB, 0xBB, 0xDF, 0x0A, 0xD0, 0x00, 0x00, 0x09, 0xE0, 0xA8, 0x50, 0x00, 0x01, 0xBB, 0x0A, 0x2B,
    0x00, 0x00, 0x75, 0xB0, 0xA1, 0x93, 0x00, 0x0C, 0x0B, 0x0A, 0x12, 0xA0, 0x04, 0x80, 0xB0, 0xA1,
    0x0B, 0x10, 0xB1, 0x0B, 0x0A, 0x10, 0x47, 0x2A, 0x00, 0xB0, 0xA1, 0x00, 0xC9, 0x30, 0x0B, 0x0A,
    0x10, 0x08, 0xF0, 0x00, 0xB0, 0xA1, 0x00, 0x7F, 0x00, 0x0B, 0x0A, 0x10, 0x0C, 0xA3, 0x00, 0xB0,
    0xA1, 0x04, 0x82, 0x90, 0x0B, 0x0A, 0x10, 0xA1, 0x0B, 0x10, 0xB0, 0xA1, 0x2A, 0x00, 0x57, 0x0B,
    0x0A, 0x18, 0x40, 0x00, 0xC0, 0xB0, 0xA2, 0xC0, 0x00, 0x07, 0x4B, 0x0A, 0x86, 0x00, 0x00, 0x1B,
    0xB0, 0xAD, 0x00, 0x00, 0x00, 0xAD, 0x0E, 0xFB, 0xBB, 0xBB, 0xBE, 0xF0, 0xDF, 0xBB, 0xBB, 0xBB,
    0xDF, 0x0A, 0xD0, 0x00, 0x00, 0x09, 0xE0, 0xA8, 0x50, 0x00, 0x01, 0xBB, 0x0A, 0x2B, 0x00, 0x00,
    0x75, 0xB0, 0xA1, 0x93, 0x00, 0x0C, 0x0B, 0x0A, 0x12, 0xA0, 0x04, 0x80, 0xB0, 0xA1, 0x0B, 0x10,
    0xB1, 0x0B, 0x0A, 0x10, 0x47, 0x2A, 0x00, 0xB0, 0xA1, 0x00, 0xC9, 0x30, 0x0B, 0x0A, 0x10, 0x08,
    0xF0, 0x00, 0xB0, 0xA1, 0x00, 0x7F, 0x00, 0x0B, 0x0A, 0x10, 0x0C, 0xA3, 0x00, 0xB0, 0xA1, 0x04,
    0x82, 0x90, 0x0B, 0x0A, 0x10, 0xA1, 0x0B, 0x10, 0xB0, 0xA1, 0x2A, 0x00, 0x57, 0x0B, 0x0A, 0x18,
    0x40, 0x00, 0xC0, 0xB0, 0xA2, 0xC0, 0x00, 0x07, 0x4B, 0x0A, 0x86, 0x00, 0x00, 0x1B, 0xB0, 0xAD,
    0x00, 0x00, 0x00, 0xAD, 0x0E, 0xFB, 0xBB, 0xBB, 0xBE, 0xF0, 0xDF, 0xBB, 0xBB, 0xBB, 0xDF, 0x0A,
    0xD0, 0x00, 0x00, 0x09, 0xE0, 0xA8, 0x50, 0x00, 0x01, 0xBB, 0x0A, 0x2B, 0x00, 0x00, 0x75, 0xB0,
    0xA1, 0x93, 0x00, 0x0C, 0x0B, 0x0A, 0x12, 0xA0, 0x04, 0x80, 0xB0, 0xA1, 0x0B, 0x10, 0xB1, 0x0B,
    0x0A, 0x10, 0x47, 0x2A, 0x00, 0xB0, 0xA1, 0x00, 0xC9, 0x30, 0x0B, 0x0A, 0x10, 0x08, 0xF0, 0x00,
    0xB0, 0xA1, 0x00, 0x7F, 0x00, 0x0B, 0x0A, 0x10, 0x0C, 0xA3, 0x00, 0xB0, 0xA1, 0x04, 0x82, 0x90,
    0x0B, 0x0A, 0x10, 0xA1, 0x0B, 0x10, 0xB0, 0xA1, 0x2A, 0x00, 0x57, 0x0B, 0x0A, 0x18, 0x40, 0x00,
    0xC0, 0xB0, 0xA2, 0xC0, 0x00, 0x07, 0x4B, 0x0A, 0x86, 0x00, 0x00, 0x1B, 0xB0, 0xAD, 0x00, 0x00,
    0x00, 0xAD, 0x0E, 0xFB, 0xBB, 0xBB, 0xBE, 0xF0, 0xDF, 0xBB, 0xBB, 0xBB, 0xDF, 0x0A, 0xD0, 0x00,
    0x00, 0x09, 0xE0, 0xA8, 0x50, 0x00, 0x01, 0xBB, 0x0A, 0x2B, 0x00, 0x00, 0x75, 0xB0, 0xA1, 0x93,
    0x00, 0x0C, 0x0B, 0x0A, 0x12, 0xA0, 0x04, 0x80, 0xB0, 0xA1, 0x0B, 0x10, 0xB1, 0x0B, 0x0A, 0x10,
    0x47, 0x2A, 0x00, 0xB0, 0xA1, 0x00, 0xC9, 0x30, 0x0B, 0x0A, 0x10, 0x08, 0xF0, 0x00, 0xB0, 0xA1,
    0x00, 0x7F, 0x00, 0x0B, 0x0A, 0x10, 0x0C, 0xA3, 0x00, 0xB0, 0xA1, 0x04, 0x82, 0x90, 0x0B, 0x0A,
    0x10, 0xA1, 0x0B, 0x10, 0xB0, 0xA1, 0x2A, 0x00, 0x57, 0x0B, 0x0A, 0x18, 0x40, 0x00, 0xC0, 0xB0,
    0xA2, 0xC0, 0x00, 0x07, 0x4B, 0x0A, 0x86, 0x00, 0x00, 0x1B, 0xB0, 0xAD, 0x00, 0x00, 0x00, 0xAD,
    0x0E, 0xFB, 0xBB, 0xBB, 0xBE, 0xF0, 0xDF, 0xBB, 0xBB, 0xBB, 0xDF, 0x0A, 0xD0, 0x00, 0x00, 0x09,
    0xE0, 0xA8, 0x50, 0x00, 0x01, 0xBB, 0x0A, 0x2B, 0x00, 0x00, 0x75, 0xB0, 0xA1, 0x93, 0x00, 0x0C,
    0x0B, 0x0A, 0x12, 0xA0, 0x04, 0x80, 0xB0, 0xA1, 0x0B, 0x10, 0xB1, 0x0B, 0x0A, 0x10, 0x47, 0x2A,
    0x00, 0xB0, 0xA1, 0x00, 0xC9, 0x30, 0x0B, 0x0A, 0x10, 0x08, 0xF0, 0x00, 0xB0, 0xA1, 0x00, 0x7F,
    0x00, 0x0B, 0x0A, 0x10, 0x0C, 0xA3, 0x00, 0xB0, 0xA1, 0x04, 0x82, 0x90, 0x0B, 0x0A, 0x10, 0xA1,
    0x0B, 0x10, 0xB0, 0xA1, 0x2A, 0x00, 0x57, 0x0B, 0x0A, 0x18, 0x40, 0x00, 0xC0, 0xB0, 0xA2, 0xC0,
    0x00, 0x07, 0x4B, 0x0A, 0x86, 0x00, 0x00, 0x1B, 0xB0, 0xAD, 0x00, 0x00, 0x00, 0xAD, 0x0E, 0xFB,
    0xBB, 0xBB, 0xBE, 0xF0, 0x00, 0x00, 0x00, 0x00, 0x9F, 0xA0, 0x00, 0xFF, 0xF1, 0x00, 0x9F, 0xA0,
    0x00, 0x00, 0x00, 0x00, 0x00, 0x00, 0x00, 0x00, 0x00, 0x00, 0x00, 0x00, 0x00, 0x00, 0x00, 0x00,
    0x00, 0x00, 0x00, 0x00, 0x00, 0x00, 0x00, 0x00, 0x00, 0x00, 0x00, 0x04, 0xFF, 0x30, 0x04, 0xFF,
    0x30, 0x04, 0xFF, 0x20, 0x07, 0xFF, 0x00, 0x0C, 0xFA, 0x00, 0x4F, 0xF2, 0x00, 0x2B, 0x50, 0x00,
    0xDF, 0xBB, 0xBB, 0xBB, 0xDF, 0x0A, 0xD0, 0x00, 0x00, 0x09, 0xE0, 0xA8, 0x50, 0x00, 0x01, 0xBB,
    0x0A, 0x2B, 0x00, 0x00, 0x75, 0xB0, 0xA1, 0x93, 0x00, 0x0C, 0x0B, 0x0A, 0x12, 0xA0, 0x04, 0x80,
    0xB0, 0xA1, 0x0B, 0x10, 0xB1, 0x0B, 0x0A, 0x10, 0x47, 0x2A, 0x00, 0xB0, 0xA1, 0x00, 0xC9, 0x30,
    0x0B, 0x0A, 0x10, 0x08, 0xF0, 0x00, 0xB0, 0xA1, 0x00, 0x7F, 0x00, 0x0B, 0x0A, 0x10, 0x0C, 0xA3,
    0x00, 0xB0, 0xA1, 0x04, 0x82, 0x90, 0x0B, 0x0A, 0x10, 0xA1, 0x0B, 0x10, 0xB0, 0xA1, 0x2A, 0x00,
    0x57, 0x0B, 0x0A, 0x18, 0x40, 0x00, 0xC0, 0xB0, 0xA2, 0xC0, 0x00, 0x07, 0x4B, 0x0A, 0x86, 0x00,
    0x00, 0x1B, 0xB0, 0xAD, 0x00, 0x00, 0x00, 0xAD, 0x0E, 0xFB, 0xBB, 0xBB, 0xBE, 0xF0, 0xDF, 0xBB,
    0xBB, 0xBB, 0xDF, 0x0A, 0xD0, 0x00, 0x00, 0x09, 0xE0, 0xA8, 0x50, 0x00, 0x01, 0xBB, 0x0A, 0x2B,
    0x00, 0x00, 0x75, 0xB0, 0xA1, 0x93, 0x00, 0x0C, 0x0B, 0x0A, 0x12, 0xA0, 0x04, 0x80, 0xB0, 0xA1,
    0x0B, 0x10, 0xB1, 0x0B, 0x0A, 0x10, 0x47, 0x2A, 0x00, 0xB0, 0xA1, 0x00, 0xC9, 0x30, 0x0B, 0x0A,
    0x10, 0x08, 0xF0, 0x00, 0xB0, 0xA1, 0x00, 0x7F, 0x00, 0x0B, 0x0A, 0x10, 0x0C, 0xA3, 0x00, 0xB0,
    0xA1, 0x04, 0x82, 0x90, 0x0B, 0x0A, 0x10, 0xA1, 0x0B, 0x10, 0xB0, 0xA1, 0x2A, 0x00, 0x57, 0x0B,
    0x0A, 0x18, 0x40, 0x00, 0xC0, 0xB0, 0xA2, 0xC0, 0x00, 0x07, 0x4B, 0x0A, 0x86, 0x00, 0x00, 0x1B,
    0xB0, 0xAD, 0x00, 0x00, 0x00, 0xAD, 0x0E, 0xFB, 0xBB, 0xBB, 0xBE, 0xF0, 0xDF, 0xBB, 0xBB, 0xBB,
    0xDF, 0x0A, 0xD0, 0x00, 0x00, 0x09, 0xE0, 0xA8, 0x50, 0x00, 0x01, 0xBB, 0x0A, 0x2B, 0x00, 0x00,
    0x75, 0xB0, 0xA1, 0x93, 0x00, 0x0C, 0x0B, 0x0A, 0x12, 0xA0, 0x04, 0x80, 0xB0, 0xA1, 0x0B, 0x10,
    0xB1, 0x0B, 0x0A, 0x10, 0x47, 0x2A, 0x00, 0xB0, 0xA1, 0x00, 0xC9, 0x30, 0x0B, 0x0A, 0x10, 0x08,
    0xF0, 0x00, 0xB0, 0xA1, 0x00, 0x7F, 0x00, 0x0B, 0x0A, 0x10, 0x0C, 0xA3, 0x00, 0xB0, 0xA1, 0x04,
    0x82, 0x90, 0x0B, 0x0A, 0x10, 0xA1, 0x0B, 0x10, 0xB0, 0xA1, 0x2A, 0x00, 0x57, 0x0B, 0x0A, 0x18,
    0x40, 0x00, 0xC0, 0xB0, 0xA2, 0xC0, 0x00, 0x07, 0x4B, 0x0A, 0x86, 0x00, 0x00, 0x1B, 0xB0, 0xAD,
    0x00, 0x00, 0x00, 0xAD, 0x0E, 0xFB, 0xBB, 0xBB, 0xBE, 0xF0, 0xDF, 0xBB, 0xBB, 0xBB, 0xDF, 0x0A,
    0xD0, 0x00, 0x00, 0x09, 0xE0, 0xA8, 0x50, 0x00, 0x01, 0xBB, 0x0A, 0x2B, 0x00, 0x00, 0x75, 0xB0,
    0xA1, 0x93, 0x00, 0x0C, 0x0B, 0x0A, 0x12, 0xA0, 0x04, 0x80, 0xB0, 0xA1, 0x0B, 0x10, 0xB1, 0x0B,
    0x0A, 0x10, 0x47, 0x2A, 0x00, 0xB0, 0xA1, 0x00, 0xC9, 0x30, 0x0B, 0x0A, 0x10, 0x08, 0xF0, 0x00,
    0xB0, 0xA1, 0x00, 0x7F, 0x00, 0x0B, 0x0A, 0x10, 0x0C, 0xA3, 0x00, 0xB0, 0xA1, 0x04, 0x82, 0x90,
    0x0B, 0x0A, 0x10, 0xA1, 0x0B, 0x10, 0xB0, 0xA1, 0x2A, 0x00, 0x57, 0x0B, 0x0A, 0x18, 0x40, 0x00,
    0xC0, 0xB0, 0xA2, 0xC0, 0x00, 0x07, 0x4B, 0x0A, 0x86, 0x00, 0x00, 0x1B, 0xB0, 0xAD, 0x00, 0x00,
    0x00, 0xAD, 0x0E, 0xFB, 0xBB, 0xBB, 0xBE, 0xF0, 0xDF, 0xBB, 0xBB, 0xBB, 0xDF, 0x0A, 0xD0, 0x00,
    0x00, 0x09, 0xE0, 0xA8, 0x50, 0x00, 0x01, 0xBB, 0x0A, 0x2B, 0x00, 0x00, 0x75, 0xB0, 0xA1, 0x93,
    0x00, 0x0C, 0x0B, 0x0A, 0x12, 0xA0, 0x04, 0x80, 0xB0, 0xA1, 0x0B, 0x10, 0xB1, 0x0B, 0x0A, 0x10,
    0x47, 0x2A, 0x00, 0xB0, 0xA1, 0x00, 0xC9, 0x30, 0x0B, 0x0A, 0x10, 0x08, 0xF0, 0x00, 0xB0, 0xA1,
    0x00, 0x7F, 0x00, 0x0B, 0x0A, 0x10, 0x0C, 0xA3, 0x00, 0xB0, 0xA1, 0x04, 0x82, 0x90, 0x0B, 0x0A,
    0x10, 0xA1, 0x0B, 0x10, 0xB0, 0xA1, 0x2A, 0x00, 0x57, 0x0B, 0x0A, 0x18, 0x40, 0x00, 0xC0, 0xB0,
    0xA2, 0xC0, 0x00, 0x07, 0x4B, 0x0A, 0x86, 0x00, 0x00, 0x1B, 0xB0, 0xAD, 0x00, 0x00, 0x00, 0xAD,
    0x0E, 0xFB, 0xBB, 0xBB, 0xBE, 0xF0, 0x0D, 0xF7, 0x0F, 0xF2, 0x1F, 0xD0, 0x4F, 0x80, 0x6F, 0x30,
    0x00, 0x00, 0x08, 0xFF, 0x00, 0x00, 0x00, 0x00, 0x0A, 0xFA, 0x00, 0x00, 0x00, 0x00, 0x0D, 0xF4,
    0x00, 0x00, 0x1B, 0xC2, 0x0F, 0xE0, 0x3C, 0xA0, 0x6F, 0xF8, 0x00, 0x00, 0xAF, 0xF4, 0x2D, 0xE3,
    0x00, 0x00, 0x5F, 0xD1, 0x00, 0x00, 0x00, 0x00, 0x00, 0x00, 0x00, 0x06, 0x84, 0x00, 0x00, 0x00,
    0x00, 0x00, 0x00, 0x00, 0x0E, 0xF5, 0x00, 0x00, 0x00, 0x00, 0x00, 0x00, 0x00, 0x0F, 0xF0, 0x00,
    0x00, 0x00, 0x00, 0x00, 0x00, 0x00, 0x3F, 0xA0, 0x03, 0xFF, 0x70, 0x00, 0x00, 0x00, 0x00, 0x5F,
    0x50, 0x09, 0xFF, 0xD0, 0x00, 0x00, 0x00, 0x00, 0x38, 0x10, 0x0E, 0xFF, 0xF3, 0x00, 0x00, 0x00,
    0x00, 0x00, 0x00, 0x5F, 0xFE, 0xFA, 0x00, 0x00, 0x00, 0x00, 0x00, 0x00, 0xBF, 0xB6, 0xFF, 0x00,
    0x00, 0x00, 0x00, 0x00, 0x01, 0xFF, 0x51, 0xFF, 0x60, 0x00, 0x00, 0x00, 0x00, 0x07, 0xFF, 0x00,
    0xBF, 0xC0, 0x00, 0x00, 0x00, 0x00, 0x0D, 0xF9, 0x00, 0x5F, 0xF2, 0x00, 0x00, 0x00, 0x00, 0x3F,
    0xF4, 0x00, 0x0F, 0xF8, 0x00, 0x00, 0x00, 0x00, 0xAF, 0xE0, 0x00, 0x09, 0xFE, 0x00, 0x00, 0x00,
    0x00, 0xFF, 0x80, 0x00, 0x03, 0xFF, 0x40, 0x00, 0x00, 0x06, 0xFF, 0x20, 0x00, 0x00, 0xEF, 0xA0,
    0x00, 0x00, 0x0D, 0xFF, 0x22, 0x22, 0x22, 0xBF, 0xF1, 0x00, 0x00, 0x2F, 0xFF, 0xFF, 0xFF, 0xFF,
    0xFF, 0xF6, 0x00, 0x00, 0x8F, 0xFF, 0xFF, 0xFF, 0xFF, 0xFF, 0xFC, 0x00, 0x00, 0xEF, 0xB0, 0x00,
    0x00, 0x00, 0x06, 0xFF, 0x30, 0x04, 0xFF, 0x50, 0x00, 0x00, 0x00, 0x01, 0xFF, 0x90, 0x0A, 0xFF,
    0x00, 0x00, 0x00, 0x00, 0x00, 0xBF, 0xE0, 0x1F, 0xFA, 0x00, 0x00, 0x00, 0x00, 0x00, 0x5F, 0xF5,
    0x6F, 0xF4, 0x00, 0x00, 0x00, 0x00, 0x00, 0x0F, 0xFB, 0x8F, 0xB0, 0xEF, 0xF1, 0x8F, 0xB0, 0x06,
    0x84, 0x00, 0x00, 0x00, 0x00, 0x00, 0x00, 0x00, 0x0E, 0xF5, 0x00, 0x00, 0x00, 0x00, 0x00, 0x00,
    0x00, 0x0F, 0xF0, 0x00, 0x00, 0x00, 0x00, 0x00, 0x00, 0x00, 0x3F, 0xA0, 0x0B, 0xFF, 0xFF, 0xFF,
    0xFF, 0xFF, 0xFD, 0x5F, 0x50, 0x0B, 0xFF, 0xFF, 0xFF, 0xFF, 0xFF, 0xFD, 0x38, 0x10, 0x0B, 0xFF,
    0x22, 0x22, 0x22, 0x22, 0x22, 0x00, 0x00, 0x0B, 0xFF, 0x00, 0x00, 0x00, 0x00, 0x00, 0x00, 0x00,
    0x0B, 0xFF, 0x00, 0x00, 0x00, 0x00, 0x00, 0x00, 0x00, 0x0B, 0xFF, 0x00, 0x00, 0x00, 0x00, 0x00,
    0x00, 0x00, 0x0B, 0xFF, 0x00, 0x00, 0x00, 0x00, 0x00, 0x00, 0x00, 0x0B, 0xFF, 0x00, 0x00, 0x00,
    0x00, 0x00, 0x00, 0x00, 0x0B, 0xFF, 0x22, 0x22, 0x22, 0x22, 0x10, 0x00, 0x00, 0x0B, 0xFF, 0xFF,
    0xFF, 0xFF, 0xFF, 0x90, 0x00, 0x00, 0x0B, 0xFF, 0xFF, 0xFF, 0xFF, 0xFF, 0x90, 0x00, 0x00, 0x0B,
    0xFF, 0x00, 0x00, 0x00, 0x00, 0x00, 0x00, 0x00, 0x0B, 0xFF, 0x00, 0x00, 0x00, 0x00, 0x00, 0x00,
    0x00, 0x0B, 0xFF, 0x00, 0x00, 0x00, 0x00, 0x00, 0x00, 0x00, 0x0B, 0xFF, 0x00, 0x00, 0x00, 0x00,
    0x00, 0x00, 0x00, 0x0B, 0xFF, 0x00, 0x00, 0x00, 0x00, 0x00, 0x00, 0x00, 0x0B, 0xFF, 0x00, 0x00,
    0x00, 0x00, 0x00, 0x00, 0x00, 0x0B, 0xFF, 0x22, 0x22, 0x22, 0x22, 0x22, 0x00, 0x00, 0x0B, 0xFF,
    0xFF, 0xFF, 0xFF, 0xFF, 0xFF, 0x00, 0x00, 0x0B, 0xFF, 0xFF, 0xFF, 0xFF, 0xFF, 0xFF, 0x0D, 0xF7,
    0x00, 0x00, 0x00, 0x00, 0x00, 0x00, 0x00, 0x00, 0x00, 0xFF, 0x20, 0x00, 0x00, 0x00, 0x00, 0x00,
    0x00, 0x00, 0x00, 0x1F, 0xD0, 0x0B, 0xFF, 0x00, 0x00, 0x00, 0x00, 0x00, 0xFF, 0x94, 0xF8, 0x00,
    0xBF, 0xF0, 0x00, 0x00, 0x00, 0x00, 0x0F, 0xF9, 0x6F, 0x30, 0x0B, 0xFF, 0x00, 0x00, 0x00, 0x00,
    0x00, 0xFF, 0x90, 0x00, 0x00, 0xBF, 0xF0, 0x00, 0x00, 0x00, 0x00, 0x0F, 0xF9, 0x00, 0x00, 0x0B,
    0xFF, 0x00, 0x00, 0x00, 0x00, 0x00, 0xFF, 0x90, 0x00, 0x00, 0xBF, 0xF0, 0x00, 0x00, 0x00, 0x00,
    0x0F, 0xF9, 0x00, 0x00, 0x0B, 0xFF, 0x00, 0x00, 0x00, 0x00, 0x00, 0xFF, 0x90, 0x00, 0x00, 0xBF,
    0xF0, 0x00, 0x00, 0x00, 0x00, 0x0F, 0xF9, 0x00, 0x00, 0x0B, 0xFF, 0x22, 0x22, 0x22, 0x22, 0x22,
    0xFF, 0x90, 0x00, 0x00, 0xBF, 0xFF, 0xFF, 0xFF, 0xFF, 0xFF, 0xFF, 0xF9, 0x00, 0x00, 0x0B, 0xFF,
    0xFF, 0xFF, 0xFF, 0xFF, 0xFF, 0xFF, 0x90, 0x00, 0x00, 0xBF, 0xF0, 0x00, 0x00, 0x00, 0x00, 0x0F,
    0xF9, 0x00, 0x00, 0x0B, 0xFF, 0x00, 0x00, 0x00, 0x00, 0x00, 0xFF, 0x90, 0x00, 0x00, 0xBF, 0xF0,
    0x00, 0x00, 0x00, 0x00, 0x0F, 0xF9, 0x00, 0x00, 0x0B, 0xFF, 0x00, 0x00, 0x00, 0x00, 0x00, 0xFF,
    0x90, 0x00, 0x00, 0xBF, 0xF0, 0x00, 0x00, 0x00, 0x00, 0x0F, 0xF9, 0x00, 0x00, 0x0B, 0xFF, 0x00,
    0x00, 0x00, 0x00, 0x00, 0xFF, 0x90, 0x00, 0x00, 0xBF, 0xF0, 0x00, 0x00, 0x00, 0x00, 0x0F, 0xF9,
    0x00, 0x00, 0x0B, 0xFF, 0x00, 0x00, 0x00, 0x00, 0x00, 0xFF, 0x90, 0x00, 0x00, 0xBF, 0xF0, 0x00,
    0x00, 0x00, 0x00, 0x0F, 0xF9, 0x06, 0x84, 0x00, 0x00, 0x00, 0xEF, 0x50, 0x00, 0x00, 0x0F, 0xF0,
    0x00, 0x00, 0x03, 0xFA, 0x00, 0x8F, 0xF2, 0x5F, 0x50, 0x08, 0xFF, 0x23, 0x81, 0x00, 0x8F, 0xF2,
    0x00, 0x00, 0x08, 0xFF, 0x20, 0x00, 0x00, 0x8F, 0xF2, 0x00, 0x00, 0x08, 0xFF, 0x20, 0x00, 0x00,
    0x8F, 0xF2, 0x00, 0x00, 0x08, 0xFF, 0x20, 0x00, 0x00, 0x8F, 0xF2, 0x00, 0x00, 0x08, 0xFF, 0x20,
    0x00, 0x00, 0x8F, 0xF2, 0x00, 0x00, 0x08, 0xFF, 0x20, 0x00, 0x00, 0x8F, 0xF2, 0x00, 0x00, 0x08,
    0xFF, 0x20, 0x00, 0x00, 0x8F, 0xF2, 0x00, 0x00, 0x08, 0xFF, 0x20, 0x00, 0x00, 0x8F, 0xF2, 0x00,
    0x00, 0x08, 0xFF, 0x20, 0x00, 0x00, 0x8F, 0xF2, 0x00, 0x00, 0x08, 0xFF, 0x20, 0xDF, 0xBB, 0xBB,
    0xBB, 0xDF, 0x0A, 0xD0, 0x00, 0x00, 0x09, 0xE0, 0xA8, 0x50, 0x00, 0x01, 0xBB, 0x0A, 0x2B, 0x00,
    0x00, 0x75, 0xB0, 0xA1, 0x93, 0x00, 0x0C, 0x0B, 0x0A, 0x12, 0xA0, 0x04, 0x80, 0xB0, 0xA1, 0x0B,
    0x10, 0xB1, 0x0B, 0x0A, 0x10, 0x47, 0x2A, 0x00, 0xB0, 0xA1, 0x00, 0xC9, 0x30, 0x0B, 0x0A, 0x10,
    0x08, 0xF0, 0x00, 0xB0, 0xA1, 0x00, 0x7F, 0x00, 0x0B, 0x0A, 0x10, 0x0C, 0xA3, 0x00, 0xB0, 0xA1,
    0x04, 0x82, 0x90, 0x0B, 0x0A, 0x10, 0xA1, 0x0B, 0x10, 0xB0, 0xA1, 0x2A, 0x00, 0x57, 0x0B, 0x0A,
    0x18, 0x40, 0x00, 0xC0, 0xB0, 0xA2, 0xC0, 0x00, 0x07, 0x4B, 0x0A, 0x86, 0x00, 0x00, 0x1B, 0xB0,
    0xAD, 0x00, 0x00, 0x00, 0xAD, 0x0E, 0xFB, 0xBB, 0xBB, 0xBE, 0xF0, 0x03, 0x42, 0x00, 0x00, 0x00,
    0x00, 0x00, 0x00, 0x00, 0x00, 0xDF, 0x60, 0x00, 0x00, 0x00, 0x00, 0x00, 0x00, 0x00, 0x0F, 0xF1,
    0x00, 0x00, 0x00, 0x00, 0x00, 0x00, 0x00, 0x02, 0xFC, 0x00, 0x00, 0x5B, 0xEF, 0xEC, 0x71, 0x00,
    0x00, 0x4F, 0x70, 0x02, 0xDF, 0xFF, 0xFF, 0xFF, 0xE5, 0x00, 0x05, 0xC1, 0x02, 0xEF, 0xFB, 0x64,
    0x59, 0xFF, 0xF6, 0x00, 0x00, 0x00, 0xCF, 0xF5, 0x00, 0x00, 0x02, 0xDF, 0xF2, 0x00, 0x00, 0x5F,
    0xF7, 0x00, 0x00, 0x00, 0x02, 0xFF, 0xA0, 0x00, 0x0C, 0xFE, 0x00, 0x00, 0x00, 0x00, 0x0A, 0xFF,
    0x10, 0x00, 0xFF, 0x90, 0x00, 0x00, 0x00, 0x00, 0x5F, 0xF4, 0x00, 0x3F, 0xF6, 0x00, 0x00, 0x00,
    0x00, 0x01, 0xFF, 0x80, 0x05, 0xFF, 0x40, 0x00, 0x00, 0x00, 0x00, 0x0F, 0xF9, 0x00, 0x5F, 0xF3,
    0x00, 0x00, 0x00, 0x00, 0x00, 0xFF, 0xA0, 0x05, 0xFF, 0x30, 0x00, 0x00, 0x00, 0x00, 0x0F, 0xFA,
    0x00, 0x5F, 0xF4, 0x00, 0x00, 0x00, 0x00, 0x00, 0xFF, 0x90, 0x03, 0xFF, 0x60, 0x00, 0x00, 0x00,
    0x00, 0x1F, 0xF8, 0x00, 0x0F, 0xF9, 0x00, 0x00, 0x00, 0x00, 0x04, 0xFF, 0x50, 0x00, 0xCF, 0xE0,
    0x00, 0x00, 0x00, 0x00, 0x9F, 0xF1, 0x00, 0x06, 0xFF, 0x70, 0x00, 0x00, 0x00, 0x2F, 0xFA, 0x00,
    0x00, 0x0C, 0xFF, 0x50, 0x00, 0x00, 0x1D, 0xFF, 0x20, 0x00, 0x00, 0x2E, 0xFF, 0xB5, 0x45, 0x8F,
    0xFF, 0x60, 0x00, 0x00, 0x00, 0x2D, 0xFF, 0xFF, 0xFF, 0xFF, 0x60, 0x00, 0x00, 0x00, 0x00, 0x05,
    0xBE, 0xFE, 0xC7, 0x10, 0x00, 0x00, 0xDF, 0xBB, 0xBB, 0xBB, 0xDF, 0x0A, 0xD0, 0x00, 0x00, 0x09,
    0xE0, 0xA8, 0x50, 0x00, 0x01, 0xBB, 0x0A, 0x2B, 0x00, 0x00, 0x75, 0xB0, 0xA1, 0x93, 0x00, 0x0C,
    0x0B, 0x0A, 0x12, 0xA0, 0x04, 0x80, 0xB0, 0xA1, 0x0B, 0x10, 0xB1, 0x0B, 0x0A, 0x10, 0x47, 0x2A,
    0x00, 0xB0, 0xA1, 0x00, 0xC9, 0x30, 0x0B, 0x0A, 0x10, 0x08, 0xF0, 0x00, 0xB0, 0xA1, 0x00, 0x7F,
    0x00, 0x0B, 0x0A, 0x10, 0x0C, 0xA3, 0x00, 0xB0, 0xA1, 0x04, 0x82, 0x90, 0x0B, 0x0A, 0x10, 0xA1,
    0x0B, 0x10, 0xB0, 0xA1, 0x2A, 0x00, 0x57, 0x0B, 0x0A, 0x18, 0x40, 0x00, 0xC0, 0xB0, 0xA2, 0xC0,
    0x00, 0x07, 0x4B, 0x0A, 0x86, 0x00, 0x00, 0x1B, 0xB0, 0xAD, 0x00, 0x00, 0x00, 0xAD, 0x0E, 0xFB,
    0xBB, 0xBB, 0xBE, 0xF0, 0x09, 0xC6, 0x00, 0x00, 0x00, 0x00, 0x00, 0x00, 0x00, 0x00, 0x0E, 0xF3,
    0x00, 0x00, 0x00, 0x00, 0x00, 0x00, 0x00, 0x00, 0x1F, 0xE8, 0xFF, 0x70, 0x00, 0x00, 0x00, 0x00,
    0xAF, 0xF4, 0x3F, 0x90, 0xEF, 0xF1, 0x00, 0x00, 0x00, 0x03, 0xFF, 0xC0, 0x6F, 0x40, 0x6F, 0xF8,
    0x00, 0x00, 0x00, 0x0B, 0xFF, 0x30, 0x14, 0x00, 0x0D, 0xFF, 0x10, 0x00, 0x00, 0x3F, 0xFA, 0x00,
    0x00, 0x00, 0x05, 0xFF, 0x80, 0x00, 0x00, 0xBF, 0xF2, 0x00, 0x00, 0x00, 0x00, 0xCF, 0xF1, 0x00,
    0x04, 0xFF, 0x80, 0x00, 0x00, 0x00, 0x00, 0x3F, 0xF9, 0x00, 0x0C, 0xFE, 0x10, 0x00, 0x00, 0x00,
    0x00, 0x0B, 0xFF, 0x10, 0x4F, 0xF7, 0x00, 0x00, 0x00, 0x00, 0x00, 0x02, 0xFF, 0x90, 0xCF, 0xE0,
    0x00, 0x00, 0x00, 0x00, 0x00, 0x00, 0x9F, 0xF7, 0xFF, 0x50, 0x00, 0x00, 0x00, 0x00, 0x00, 0x00,
    0x1F, 0xFF, 0xFC, 0x00, 0x00, 0x00, 0x00, 0x00, 0x00, 0x00, 0x08, 0xFF, 0xF4, 0x00, 0x00, 0x00,
    0x00, 0x00, 0x00, 0x00, 0x00, 0xFF, 0xC0, 0x00, 0x00, 0x00, 0x00, 0x00, 0x00, 0x00, 0x00, 0xFF,
    0xB0, 0x00, 0x00, 0x00, 0x00, 0x00, 0x00, 0x00, 0x00, 0xFF, 0xB0, 0x00, 0x00, 0x00, 0x00, 0x00,
    0x00, 0x00, 0x00, 0xFF, 0xB0, 0x00, 0x00, 0x00, 0x00, 0x00, 0x00, 0x00, 0x00, 0xFF, 0xB0, 0x00,
    0x00, 0x00, 0x00, 0x00, 0x00, 0x00, 0x00, 0xFF, 0xB0, 0x00, 0x00, 0x00, 0x00, 0x00, 0x00, 0x00,
    0x00, 0xFF, 0xB0, 0x00, 0x00, 0x00, 0x00, 0x00, 0x00, 0x00, 0x00, 0xFF, 0xB0, 0x00, 0x00, 0x00,
    0x03, 0x42, 0x00, 0x00, 0x00, 0x00, 0x00, 0x00, 0x00, 0x0D, 0xF6, 0x00, 0x00, 0x00, 0x00, 0x00,
    0x00, 0x00, 0x0F, 0xF1, 0x00, 0x00, 0x00, 0x00, 0x00, 0x00, 0x00, 0x2F, 0xC0, 0x00, 0x18, 0xCE,
    0xFD, 0x93, 0x00, 0x00, 0x4F, 0x70, 0x05, 0xFF, 0xFF, 0xFF, 0xFF, 0x90, 0x00, 0x5C, 0x10, 0x6F,
    0xFE, 0x73, 0x35, 0xCF, 0xFB, 0x00, 0x00, 0x02, 0xFF, 0xC0, 0x00, 0x00, 0x08, 0xFF, 0x70, 0x00,
    0x09, 0xFF, 0x20, 0x00, 0x00, 0x00, 0xCF, 0xE0, 0x00, 0x0F, 0xFA, 0x00, 0x00, 0x00, 0x00, 0x5F,
    0xF5, 0x00, 0x3F, 0xF6, 0x00, 0x00, 0x00, 0x00, 0x1F, 0xF9, 0x00, 0x5F, 0xF4, 0x00, 0x00, 0x00,
    0x00, 0x0F, 0xFB, 0x00, 0x6F, 0xF3, 0x00, 0x00, 0x00, 0x00, 0x0E, 0xFC, 0x00, 0x7F, 0xF3, 0x00,
    0x00, 0x00, 0x00, 0x0E, 0xFC, 0x00, 0x6F, 0xF3, 0x00, 0x00, 0x00, 0x00, 0x0E, 0xFC, 0x00, 0x5F,
    0xF4, 0x00, 0x00, 0x00, 0x00, 0x0F, 0xFB, 0x00, 0x2F, 0xF6, 0x00, 0x00, 0x00, 0x00, 0x1F, 0xF8,
    0x00, 0x0E, 0xF9, 0x00, 0x00, 0x00, 0x00, 0x4F, 0xF4, 0x00, 0x08, 0xFE, 0x00, 0x00, 0x00, 0x00,
    0x8F, 0xE0, 0x00, 0x01, 0xFF, 0x60, 0x00, 0x00, 0x01, 0xEF, 0x70, 0x00, 0x00, 0x7F, 0xE2, 0x00,
    0x00, 0x0B, 0xFD, 0x00, 0x00, 0x02, 0x2C, 0xFF, 0xA2, 0x07, 0xFF, 0xF4, 0x21, 0x00, 0x6F, 0xFF,
    0xFF, 0xFB, 0x0F, 0xFF, 0xFF, 0xFB, 0x00, 0x6F, 0xFF, 0xFF, 0xF9, 0x0F, 0xFF, 0xFF, 0xFB, 0x00,
    0x00, 0x02, 0x44, 0x00, 0x00, 0x00, 0x00, 0x08, 0xFD, 0x00, 0x00, 0x00, 0x00, 0x0B, 0xF8, 0x00,
    0x00, 0x00, 0x10, 0x0E, 0xF3, 0x01, 0x00, 0x3F, 0xF4, 0x0B, 0xA0, 0x6F, 0xE1, 0x6F, 0xF7, 0x00,
    0x00, 0xAF, 0xF3, 0x09, 0x91, 0x00, 0x00, 0x2B, 0x80, 0x00, 0x00, 0x00, 0x00, 0x00, 0x00, 0x00,
    0x00, 0x00, 0x00, 0x00, 0x00, 0x00, 0x00, 0x5F, 0xF3, 0x00, 0x00, 0x00, 0x00, 0x5F, 0xF3, 0x00,
    0x00, 0x00, 0x00, 0x5F, 0xF3, 0x00, 0x00, 0x00, 0x00, 0x5F, 0xF3, 0x00, 0x00, 0x00, 0x00, 0x5F,
    0xF3, 0x00, 0x00, 0x00, 0x00, 0x5F, 0xF3, 0x00, 0x00, 0x00, 0x00, 0x5F, 0xF3, 0x00, 0x00, 0x00,
    0x00, 0x5F, 0xF3, 0x00, 0x00, 0x00, 0x00, 0x5F, 0xF3, 0x00, 0x00, 0x00, 0x00, 0x5F, 0xF3, 0x00,
    0x00, 0x00, 0x00, 0x5F, 0xF3, 0x00, 0x00, 0x00, 0x00, 0x4F, 0xF4, 0x00, 0x00, 0x00, 0x00, 0x2F,
    0xFB, 0x33, 0x00, 0x00, 0x00, 0x0C, 0xFF, 0xFF, 0x00, 0x00, 0x00, 0x01, 0xAE, 0xFD, 0x00, 0x00,
    0x00, 0x00, 0x03, 0xFF, 0x70, 0x00, 0x00, 0x00, 0x00, 0x00, 0x00, 0x09, 0xFF, 0xD0, 0x00, 0x00,
    0x00, 0x00, 0x00, 0x00, 0x0E, 0xFF, 0xF3, 0x00, 0x00, 0x00, 0x00, 0x00, 0x00, 0x5F, 0xFE, 0xFA,
    0x00, 0x00, 0x00, 0x00, 0x00, 0x00, 0xBF, 0xB6, 0xFF, 0x00, 0x00, 0x00, 0x00, 0x00, 0x01, 0xFF,
    0x51, 0xFF, 0x60, 0x00, 0x00, 0x00, 0x00, 0x07, 0xFF, 0x00, 0xBF, 0xC0, 0x00, 0x00, 0x00, 0x00,
    0x0D, 0xF9, 0x00, 0x5F, 0xF2, 0x00, 0x00, 0x00, 0x00, 0x3F, 0xF4, 0x00, 0x0F, 0xF8, 0x00, 0x00,
    0x00, 0x00, 0xAF, 0xE0, 0x00, 0x09, 0xFE, 0x00, 0x00, 0x00, 0x00, 0xFF, 0x80, 0x00, 0x03, 0xFF,
    0x40, 0x00, 0x00, 0x06, 0xFF, 0x20, 0x00, 0x00, 0xEF, 0xA0, 0x00, 0x00, 0x0D, 0xFF, 0x22, 0x22,
    0x22, 0xBF, 0xF1, 0x00, 0x00, 0x2F, 0xFF, 0xFF, 0xFF, 0xFF, 0xFF, 0xF6, 0x00, 0x00, 0x8F, 0xFF,
    0xFF, 0xFF, 0xFF, 0xFF, 0xFC, 0x00, 0x00, 0xEF, 0xB0, 0x00, 0x00, 0x00, 0x06, 0xFF, 0x30, 0x04,
    0xFF, 0x50, 0x00, 0x00, 0x00, 0x01, 0xFF, 0x90, 0x0A, 0xFF, 0x00, 0x00, 0x00, 0x00, 0x00, 0xBF,
    0xE0, 0x1F, 0xFA, 0x00, 0x00, 0x00, 0x00, 0x00, 0x5F, 0xF5, 0x6F, 0xF4, 0x00, 0x00, 0x00, 0x00,
    0x00, 0x0F, 0xFB, 0xBF, 0xFF, 0xFF, 0xFF, 0xDA, 0x50, 0x00, 0xBF, 0xFF, 0xFF, 0xFF, 0xFF, 0xFB,
    0x00, 0xBF, 0xF2, 0x22, 0x23, 0x5C, 0xFF, 0x90, 0xBF, 0xF0, 0x00, 0x00, 0x00, 0xCF, 0xF0, 0xBF,
    0xF0, 0x00, 0x00, 0x00, 0x6F, 0xF3, 0xBF, 0xF0, 0x00, 0x00, 0x00, 0x5F, 0xF4, 0xBF, 0xF0, 0x00,
    0x00, 0x00, 0x7F, 0xF2, 0xBF, 0xF0, 0x00, 0x00, 0x01, 0xEF, 0xD0, 0xBF, 0xF2, 0x44, 0x44, 0x8E,
    0xFF, 0x30, 0xBF, 0xFF, 0xFF, 0xFF, 0xFF, 0xD2, 0x00, 0xBF, 0xFF, 0xFF, 0xFF, 0xFF, 0xFB, 0x10,
    0xBF, 0xF0, 0x00, 0x00, 0x16, 0xFF, 0xD0, 0xBF, 0xF0, 0x00, 0x00, 0x00, 0x4F, 0xF7, 0xBF, 0xF0,
    0x00, 0x00, 0x00, 0x0E, 0xFB, 0xBF, 0xF0, 0x00, 0x00, 0x00, 0x0C, 0xFD, 0xBF, 0xF0, 0x00, 0x00,
    0x00, 0x0E, 0xFB, 0xBF, 0xF0, 0x00, 0x00, 0x00, 0x7F, 0xF7, 0xBF, 0xF2, 0x22, 0x22, 0x4A, 0xFF,
    0xE1, 0xBF, 0xFF, 0xFF, 0xFF, 0xFF, 0xFD, 0x20, 0xBF, 0xFF, 0xFF, 0xFF, 0xEB, 0x60, 0x00, 0x9F,
    0xFF, 0xFF, 0xFF, 0xFF, 0xFF, 0xA9, 0xFF, 0xFF, 0xFF, 0xFF, 0xFF, 0xFA, 0x9F, 0xF3, 0x22, 0x22,
    0x22, 0x22, 0x19, 0xFF, 0x10, 0x00, 0x00, 0x00, 0x00, 0x9F, 0xF1, 0x00, 0x00, 0x00, 0x00, 0x09,
    0xFF, 0x10, 0x00, 0x00, 0x00, 0x00, 0x9F, 0xF1, 0x00, 0x00, 0x00, 0x00, 0x09, 0xFF, 0x10, 0x00,
    0x00, 0x00, 0x00, 0x9F, 0xF1, 0x00, 0x00, 0x00, 0x00, 0x09, 0xFF, 0x10, 0x00, 0x00, 0x00, 0x00,
    0x9F, 0xF1, 0x00, 0x00, 0x00, 0x00, 0x09, 0xFF, 0x10, 0x00, 0x00, 0x00, 0x00, 0x9F, 0xF1, 0x00,
    0x00, 0x00, 0x00, 0x09, 0xFF, 0x10, 0x00, 0x00, 0x00, 0x00, 0x9F, 0xF1, 0x00, 0x00, 0x00, 0x00,
    0x09, 0xFF, 0x10, 0x00, 0x00, 0x00, 0x00, 0x9F, 0xF1, 0x00, 0x00, 0x00, 0x00, 0x09, 0xFF, 0x10,
    0x00, 0x00, 0x00, 0x00, 0x9F, 0xF1, 0x00, 0x00, 0x00, 0x00, 0x09, 0xFF, 0x10, 0x00, 0x00, 0x00,
    0x00, 0x00, 0x00, 0x00, 0x00, 0x6F, 0xF5, 0x00, 0x00, 0x00, 0x00, 0x00, 0x00, 0x00, 0x00, 0xCF,
    0xFC, 0x00, 0x00, 0x00, 0x00, 0x00, 0x00, 0x00, 0x03, 0xFF, 0xFF, 0x20, 0x00, 0x00, 0x00, 0x00,
    0x00, 0x00, 0x0A, 0xFE, 0xEF, 0x80, 0x00, 0x00, 0x00, 0x00, 0x00, 0x00, 0x1F, 0xF7, 0x8F, 0xE0,
    0x00, 0x00, 0x00, 0x00, 0x00, 0x00, 0x7F, 0xF1, 0x2F, 0xF5, 0x00, 0x00, 0x00, 0x00, 0x00, 0x00,
    0xEF, 0xA0, 0x0C, 0xFB, 0x00, 0x00, 0x00, 0x00, 0x00, 0x05, 0xFF, 0x30, 0x06, 0xFF, 0x20, 0x00,
    0x00, 0x00, 0x00, 0x0B, 0xFD, 0x00, 0x00, 0xFF, 0x80, 0x00, 0x00, 0x00, 0x00, 0x2F, 0xF6, 0x00,
    0x00, 0xAF, 0xE0, 0x00, 0x00, 0x00, 0x00, 0x9F, 0xF0, 0x00, 0x00, 0x4F, 0xF5, 0x00, 0x00, 0x00,
    0x00, 0xFF, 0x90, 0x00, 0x00, 0x0D, 0xFB, 0x00, 0x00, 0x00, 0x06, 0xFF, 0x30, 0x00, 0x00, 0x07,
    0xFF, 0x10, 0x00, 0x00, 0x0D, 0xFC, 0x00, 0x00, 0x00, 0x01, 0xFF, 0x80, 0x00, 0x00, 0x4F, 0xF6,
    0x00, 0x00, 0x00, 0x00, 0xBF, 0xE0, 0x00, 0x00, 0xAF, 0xE0, 0x00, 0x00, 0x00, 0x00, 0x5F, 0xF4,
    0x00, 0x01, 0xFF, 0x90, 0x00, 0x00, 0x00, 0x00, 0x0E, 0xFB, 0x00, 0x08, 0xFF, 0x42, 0x22, 0x22,
    0x22, 0x22, 0x2B, 0xFF, 0x10, 0x0E, 0xFF, 0xFF, 0xFF, 0xFF, 0xFF, 0xFF, 0xFF, 0xFF, 0x70, 0x5F,
    0xFF, 0xFF, 0xFF, 0xFF, 0xFF, 0xFF, 0xFF, 0xFF, 0xE0, 0xBF, 0xFF, 0xFF, 0xFF, 0xFF, 0xFF, 0xDB,
    0xFF, 0xFF, 0xFF, 0xFF, 0xFF, 0xFD, 0xBF, 0xF2, 0x22, 0x22, 0x22, 0x22, 0x2B, 0xFF, 0x00, 0x00,
    0x00, 0x00, 0x00, 0xBF, 0xF0, 0x00, 0x00, 0x00, 0x00, 0x0B, 0xFF, 0x00, 0x00, 0x00, 0x00, 0x00,
    0xBF, 0xF0, 0x00, 0x00, 0x00, 0x00, 0x0B, 0xFF, 0x00, 0x00, 0x00, 0x00, 0x00, 0xBF, 0xF2, 0x22,
    0x22, 0x22, 0x21, 0x0B, 0xFF, 0xFF, 0xFF, 0xFF, 0xFF, 0x90, 0xBF, 0xFF, 0xFF, 0xFF, 0xFF, 0xF9,
    0x0B, 0xFF, 0x00, 0x00, 0x00, 0x00, 0x00, 0xBF, 0xF0, 0x00, 0x00, 0x00, 0x00, 0x0B, 0xFF, 0x00,
    0x00, 0x00, 0x00, 0x00, 0xBF, 0xF0, 0x00, 0x00, 0x00, 0x00, 0x0B, 0xFF, 0x00, 0x00, 0x00, 0x00,
    0x00, 0xBF, 0xF0, 0x00, 0x00, 0x00, 0x00, 0x0B, 0xFF, 0x22, 0x22, 0x22, 0x22, 0x22, 0xBF, 0xFF,
    0xFF, 0xFF, 0xFF, 0xFF, 0xFB, 0xFF, 0xFF, 0xFF, 0xFF, 0xFF, 0xFF, 0xAF, 0xFF, 0xFF, 0xFF, 0xFF,
    0xFF, 0xFF, 0x3A, 0xFF, 0xFF, 0xFF, 0xFF, 0xFF, 0xFF, 0xF3, 0x12, 0x22, 0x22, 0x22, 0x22, 0x5F,
    0xFD, 0x00, 0x00, 0x00, 0x00, 0x00, 0x0C, 0xFF, 0x20, 0x00, 0x00, 0x00, 0x00, 0x08, 0xFF, 0x70,
    0x00, 0x00, 0x00, 0x00, 0x03, 0xFF, 0xC0, 0x00, 0x00, 0x00, 0x00, 0x00, 0xDF, 0xF2, 0x00, 0x00,
    0x00, 0x00, 0x00, 0x9F, 0xF6, 0x00, 0x00, 0x00, 0x00, 0x00, 0x4F, 0xFB, 0x00, 0x00, 0x00, 0x00,
    0x00, 0x0E, 0xFE, 0x10, 0x00, 0x00, 0x00, 0x00, 0x0A, 0xFF, 0x50, 0x00, 0x00, 0x00, 0x00, 0x05,
    0xFF, 0xA0, 0x00, 0x00, 0x00, 0x00, 0x01, 0xEF, 0xE1, 0x00, 0x00, 0x00, 0x00, 0x00, 0xBF, 0xF4,
    0x00, 0x00, 0x00, 0x00, 0x00, 0x6F, 0xF9, 0x00, 0x00, 0x00, 0x00, 0x00, 0x2F, 0xFD, 0x00, 0x00,
    0x00, 0x00, 0x00, 0x0C, 0xFF, 0x30, 0x00, 0x00, 0x00, 0x00, 0x07, 0xFF, 0xA2, 0x22, 0x22, 0x22,
    0x22, 0x21, 0xCF, 0xFF, 0xFF, 0xFF, 0xFF, 0xFF, 0xFF, 0xAD, 0xFF, 0xFF, 0xFF, 0xFF, 0xFF, 0xFF,
    0xFA, 0xBF, 0xF0, 0x00, 0x00, 0x00, 0x00, 0x0F, 0xF9, 0xBF, 0xF0, 0x00, 0x00, 0x00, 0x00, 0x0F,
    0xF9, 0xBF, 0xF0, 0x00, 0x00, 0x00, 0x00, 0x0F, 0xF9, 0xBF, 0xF0, 0x00, 0x00, 0x00, 0x00, 0x0F,
    0xF9, 0xBF, 0xF0, 0x00, 0x00, 0x00, 0x00, 0x0F, 0xF9, 0xBF, 0xF0, 0x00, 0x00, 0x00, 0x00, 0x0F,
    0xF9, 0xBF, 0xF0, 0x00, 0x00, 0x00, 0x00, 0x0F, 0xF9, 0xBF, 0xF0, 0x00, 0x00, 0x00, 0x00, 0x0F,
    0xF9, 0xBF, 0xF2, 0x22, 0x22, 0x22, 0x22, 0x2F, 0xF9, 0xBF, 0xFF, 0xFF, 0xFF, 0xFF, 0xFF, 0xFF,
    0xF9, 0xBF, 0xFF, 0xFF, 0xFF, 0xFF, 0xFF, 0xFF, 0xF9, 0xBF, 0xF0, 0x00, 0x00, 0x00, 0x00, 0x0F,
    0xF9, 0xBF, 0xF0, 0x00, 0x00, 0x00, 0x00, 0x0F, 0xF9, 0xBF, 0xF0, 0x00, 0x00, 0x00, 0x00, 0x0F,
    0xF9, 0xBF, 0xF0, 0x00, 0x00, 0x00, 0x00, 0x0F, 0xF9, 0xBF, 0xF0, 0x00, 0x00, 0x00, 0x00, 0x0F,
    0xF9, 0xBF, 0xF0, 0x00, 0x00, 0x00, 0x00, 0x0F, 0xF9, 0xBF, 0xF0, 0x00, 0x00, 0x00, 0x00, 0x0F,
    0xF9, 0xBF, 0xF0, 0x00, 0x00, 0x00, 0x00, 0x0F, 0xF9, 0xBF, 0xF0, 0x00, 0x00, 0x00, 0x00, 0x0F,
    0xF9, 0x00, 0x00, 0x07, 0xCE, 0xFE, 0xB6, 0x00, 0x00, 0x00, 0x00, 0x4E, 0xFF, 0xFF, 0xFF, 0xFD,
    0x30, 0x00, 0x00, 0x5F, 0xFF, 0x95, 0x45, 0xAF, 0xFF, 0x30, 0x00, 0x1E, 0xFE, 0x20, 0x00, 0x00,
    0x4F, 0xFE, 0x00, 0x09, 0xFF, 0x30, 0x00, 0x00, 0x00, 0x5F, 0xF7, 0x00, 0xFF, 0xB0, 0x00, 0x00,
    0x00, 0x00, 0xDF, 0xD0, 0x4F, 0xF5, 0x00, 0x00, 0x00, 0x00, 0x08, 0xFF, 0x17, 0xFF, 0x20, 0x00,
    0x00, 0x00, 0x00, 0x5F, 0xF4, 0x8F, 0xF1, 0x00, 0x11, 0x11, 0x11, 0x04, 0xFF, 0x59, 0xFF, 0x00,
    0xEF, 0xFF, 0xFF, 0xF2, 0x3F, 0xF6, 0x9F, 0xF0, 0x0E, 0xFF, 0xFF, 0xFF, 0x23, 0xFF, 0x68, 0xFF,
    0x10, 0x00, 0x00, 0x00, 0x00, 0x3F, 0xF5, 0x7F, 0xF3, 0x00, 0x00, 0x00, 0x00, 0x05, 0xFF, 0x44,
    0xFF, 0x60, 0x00, 0x00, 0x00, 0x00, 0x8F, 0xF1, 0x0F, 0xFC, 0x00, 0x00, 0x00, 0x00, 0x0D, 0xFD,
    0x00, 0x9F, 0xF3, 0x00, 0x00, 0x00, 0x05, 0xFF, 0x70, 0x01, 0xFF, 0xE2, 0x00, 0x00, 0x03, 0xFF,
    0xE0, 0x00, 0x05, 0xFF, 0xF9, 0x54, 0x5A, 0xFF, 0xF3, 0x00, 0x00, 0x04, 0xEF, 0xFF, 0xFF, 0xFF,
    0xE3, 0x00, 0x00, 0x00, 0x01, 0x7C, 0xEF, 0xEB, 0x60, 0x00, 0x00, 0x8F, 0xF2, 0x8F, 0xF2, 0x8F,
    0xF2, 0x8F, 0xF2, 0x8F, 0xF2, 0x8F, 0xF2, 0x8F, 0xF2, 0x8F, 0xF2, 0x8F, 0xF2, 0x8F, 0xF2, 0x8F,
    0xF2, 0x8F, 0xF2, 0x8F, 0xF2, 0x8F, 0xF2, 0x8F, 0xF2, 0x8F, 0xF2, 0x8F, 0xF2, 0x8F, 0xF2, 0x8F,
    0xF2, 0x8F, 0xF2, 0xBF, 0xF0, 0x00, 0x00, 0x00, 0x0A, 0xFF, 0x80, 0xBF, 0xF0, 0x00, 0x00, 0x00,
    0x8F, 0xFA, 0x00, 0xBF, 0xF0, 0x00, 0x00, 0x07, 0xFF, 0xB0, 0x00, 0xBF, 0xF0, 0x00, 0x00, 0x5F,
    0xFD, 0x00, 0x00, 0xBF, 0xF0, 0x00, 0x04, 0xFF, 0xE1, 0x00, 0x00, 0xBF, 0xF0, 0x00, 0x2F, 0xFE,
    0x20, 0x00, 0x00, 0xBF, 0xF0, 0x01, 0xEF, 0xF3, 0x00, 0x00, 0x00, 0xBF, 0xF0, 0x1D, 0xFF, 0x50,
    0x00, 0x00, 0x00, 0xBF, 0xF0, 0xCF, 0xF7, 0x00, 0x00, 0x00, 0x00, 0xBF, 0xFB, 0xFF, 0xFA, 0x00,
    0x00, 0x00, 0x00, 0xBF, 0xFF, 0xFF, 0xFF, 0x60, 0x00, 0x00, 0x00, 0xBF, 0xFF, 0x91, 0xEF, 0xF3,
    0x00, 0x00, 0x00, 0xBF, 0xFA, 0x00, 0x4F, 0xFD, 0x00, 0x00, 0x00, 0xBF, 0xF0, 0x00, 0x07, 0xFF,
    0xA0, 0x00, 0x00, 0xBF, 0xF0, 0x00, 0x00, 0xBF, 0xF6, 0x00, 0x00, 0xBF, 0xF0, 0x00, 0x00, 0x1E,
    0xFF, 0x30, 0x00, 0xBF, 0xF0, 0x00, 0x00, 0x03, 0xFF, 0xD0, 0x00, 0xBF, 0xF0, 0x00, 0x00, 0x00,
    0x7F, 0xFA, 0x00, 0xBF, 0xF0, 0x00, 0x00, 0x00, 0x0B, 0xFF, 0x60, 0xBF, 0xF0, 0x00, 0x00, 0x00,
    0x01, 0xEF, 0xF3, 0x00, 0x00, 0x00, 0x03, 0xFF, 0x70, 0x00, 0x00, 0x00, 0x00, 0x00, 0x00, 0x09,
    0xFF, 0xD0, 0x00, 0x00, 0x00, 0x00, 0x00, 0x00, 0x0F, 0xFF, 0xF3, 0x00, 0x00, 0x00, 0x00, 0x00,
    0x00, 0x5F, 0xFF, 0xF9, 0x00, 0x00, 0x00, 0x00, 0x00, 0x00, 0xBF, 0xEC, 0xFE, 0x00, 0x00, 0x00,
    0x00, 0x00, 0x01, 0xFF, 0x96, 0xFF, 0x40, 0x00, 0x00, 0x00, 0x00, 0x06, 0xFF, 0x41, 0xFF, 0xA0,
    0x00, 0x00, 0x00, 0x00, 0x0C, 0xFE, 0x00, 0xAF, 0xF0, 0x00, 0x00, 0x00, 0x00, 0x2F, 0xF8, 0x00,
    0x5F, 0xF6, 0x00, 0x00, 0x00, 0x00, 0x8F, 0xF3, 0x00, 0x0F, 0xFB, 0x00, 0x00, 0x00, 0x00, 0xDF,
    0xD0, 0x00, 0x0A, 0xFF, 0x10, 0x00, 0x00, 0x03, 0xFF, 0x70, 0x00, 0x04, 0xFF, 0x70, 0x00, 0x00,
    0x09, 0xFF, 0x20, 0x00, 0x00, 0xEF, 0xD0, 0x00, 0x00, 0x0E, 0xFC, 0x00, 0x00, 0x00, 0x9F, 0xF3,
    0x00, 0x00, 0x5F, 0xF7, 0x00, 0x00, 0x00, 0x3F, 0xF8, 0x00, 0x00, 0xAF, 0xF1, 0x00, 0x00, 0x00,
    0x0D, 0xFE, 0x00, 0x01, 0xFF, 0xB0, 0x00, 0x00, 0x00, 0x08, 0xFF, 0x40, 0x06, 0xFF, 0x60, 0x00,
    0x00, 0x00, 0x02, 0xFF, 0xA0, 0x0C, 0xFF, 0x10, 0x00, 0x00, 0x00, 0x00, 0xDF, 0xF0, 0x2F, 0xFB,
    0x00, 0x00, 0x00, 0x00, 0x00, 0x7F, 0xF5, 0xBF, 0xFE, 0x00, 0x00, 0x00, 0x00, 0x00, 0x00, 0x7F,
    0xFF, 0x2B, 0xFF, 0xF4, 0x00, 0x00, 0x00, 0x00, 0x00, 0x0D, 0xFF, 0xF2, 0xBF, 0xFF, 0xB0, 0x00,
    0x00, 0x00, 0x00, 0x04, 0xFF, 0xFF, 0x2B, 0xFF, 0xFF, 0x10, 0x00, 0x00, 0x00, 0x00, 0xAF, 0xFF,
    0xF2, 0xBF, 0xCF, 0xF8, 0x00, 0x00, 0x00, 0x00, 0x1F, 0xFB, 0xFF, 0x2B, 0xFB, 0xAF, 0xE0, 0x00,
    0x00, 0x00, 0x07, 0xFF, 0x6F, 0xF2, 0xBF, 0xC3, 0xFF, 0x40, 0x00, 0x00, 0x00, 0xDF, 0xA5, 0xFF,
    0x2B, 0xFC, 0x0D, 0xFB, 0x00, 0x00, 0x00, 0x4F, 0xF4, 0x5F, 0xF2, 0xBF, 0xD0, 0x6F, 0xF1, 0x00,
    0x00, 0x0A, 0xFD, 0x06, 0xFF, 0x2B, 0xFD, 0x01, 0xFF, 0x70, 0x00, 0x01, 0xFF, 0x70, 0x6F, 0xF2,
    0xBF, 0xE0, 0x09, 0xFE, 0x00, 0x00, 0x7F, 0xF1, 0x07, 0xFF, 0x2B, 0xFE, 0x00, 0x3F, 0xF4, 0x00,
    0x0D, 0xFA, 0x00, 0x7F, 0xF2, 0xBF, 0xE0, 0x00, 0xCF, 0xB0, 0x04, 0xFF, 0x30, 0x07, 0xFF, 0x2B,
    0xFF, 0x00, 0x06, 0xFF, 0x10, 0xAF, 0xD0, 0x00, 0x8F, 0xF2, 0xBF, 0xF0, 0x00, 0x0F, 0xF7, 0x1F,
    0xF6, 0x00, 0x08, 0xFF, 0x2B, 0xFF, 0x00, 0x00, 0x9F, 0xE7, 0xFF, 0x10, 0x00, 0x8F, 0xF2, 0xBF,
    0xF0, 0x00, 0x03, 0xFF, 0xFF, 0x90, 0x00, 0x08, 0xFF, 0x2B, 0xFF, 0x00, 0x00, 0x0C, 0xFF, 0xF3,
    0x00, 0x00, 0x8F, 0xF2, 0xBF, 0xF0, 0x00, 0x00, 0x6F, 0xFC, 0x00, 0x00, 0x08, 0xFF, 0x2B, 0xFF,
    0x00, 0x00, 0x00, 0xFF, 0x60, 0x00, 0x00, 0x8F, 0xF2, 0xBF, 0xF4, 0x00, 0x00, 0x00, 0x00, 0x0F,
    0xFA, 0xBF, 0xFE, 0x00, 0x00, 0x00, 0x00, 0x0F, 0xFA, 0xBF, 0xFF, 0x90, 0x00, 0x00, 0x00, 0x0F,
    0xFA, 0xBF, 0xFF, 0xF3, 0x00, 0x00, 0x00, 0x0F, 0xFA, 0xBF, 0xFF, 0xFD, 0x00, 0x00, 0x00, 0x0F,
    0xFA, 0xBF, 0xF7, 0xFF, 0x80, 0x00, 0x00, 0x0F, 0xFA, 0xBF, 0xF0, 0xCF, 0xF3, 0x00, 0x00, 0x0F,
    0xFA, 0xBF, 0xF0, 0x2F, 0xFC, 0x00, 0x00, 0x0F, 0xFA, 0xBF, 0xF0, 0x08, 0xFF, 0x70, 0x00, 0x0F,
    0xFA, 0xBF, 0xF0, 0x00, 0xDF, 0xF2, 0x00, 0x0F, 0xFA, 0xBF, 0xF0, 0x00, 0x3F, 0xFC, 0x00, 0x0F,
    0xFA, 0xBF, 0xF0, 0x00, 0x08, 0xFF, 0x60, 0x0F, 0xFA, 0xBF, 0xF0, 0x00, 0x00, 0xDF, 0xF2, 0x0F,
    0xFA, 0xBF, 0xF0, 0x00, 0x00, 0x4F, 0xFB, 0x0F, 0xFA, 0xBF, 0xF0, 0x00, 0x00, 0x09, 0xFF, 0x6F,
    0xFA, 0xBF, 0xF0, 0x00, 0x00, 0x00, 0xEF, 0xEF, 0xFA, 0xBF, 0xF0, 0x00, 0x00, 0x00, 0x4F, 0xFF,
    0xFA, 0xBF, 0xF0, 0x00, 0x00, 0x00, 0x0A, 0xFF, 0xFA, 0xBF, 0xF0, 0x00, 0x00, 0x00, 0x01, 0xEF,
    0xFA, 0xBF, 0xF0, 0x00, 0x00, 0x00, 0x00, 0x5F, 0xFA, 0x4F, 0xFF, 0xFF, 0xFF, 0xFF, 0xFF, 0xF3,
    0x4F, 0xFF, 0xFF, 0xFF, 0xFF, 0xFF, 0xF3, 0x02, 0x22, 0x22, 0x22, 0x22, 0x22, 0x20, 0x00, 0x00,
    0x00, 0x00, 0x00, 0x00, 0x00, 0x00, 0x00, 0x00, 0x00, 0x00, 0x00, 0x00, 0x00, 0x00, 0x00, 0x00,
    0x00, 0x00, 0x00, 0x00, 0x00, 0x00, 0x00, 0x00, 0x00, 0x00, 0x00, 0x00, 0x00, 0x00, 0x00, 0x00,
    0x00, 0x00, 0x22, 0x22, 0x22, 0x22, 0x22, 0x00, 0x02, 0xFF, 0xFF, 0xFF, 0xFF, 0xFF, 0x20, 0x02,
    0xFF, 0xFF, 0xFF, 0xFF, 0xFF, 0x20, 0x00, 0x00, 0x00, 0x00, 0x00, 0x00, 0x00, 0x00, 0x00, 0x00,
    0x00, 0x00, 0x00, 0x00, 0x00, 0x00, 0x00, 0x00, 0x00, 0x00, 0x00, 0x00, 0x00, 0x00, 0x00, 0x00,
    0x00, 0x00, 0x00, 0x00, 0x00, 0x00, 0x00, 0x00, 0x00, 0x00, 0x00, 0x00, 0x00, 0x00, 0x00, 0x00,
    0x02, 0x22, 0x22, 0x22, 0x22, 0x22, 0x21, 0x5F, 0xFF, 0xFF, 0xFF, 0xFF, 0xFF, 0xF7, 0x5F, 0xFF,
    0xFF, 0xFF, 0xFF, 0xFF, 0xF7, 0x00, 0x00, 0x05, 0xBE, 0xFE, 0xC7, 0x10, 0x00, 0x00, 0x00, 0x2D,
    0xFF, 0xFF, 0xFF, 0xFE, 0x50, 0x00, 0x00, 0x2E, 0xFF, 0xB6, 0x45, 0x9F, 0xFF, 0x60, 0x00, 0x0C,
    0xFF, 0x50, 0x00, 0x00, 0x2D, 0xFF, 0x20, 0x05, 0xFF, 0x70, 0x00, 0x00, 0x00, 0x2F, 0xFA, 0x00,
    0xCF, 0xE0, 0x00, 0x00, 0x00, 0x00, 0xAF, 0xF1, 0x0F, 0xF9, 0x00, 0x00, 0x00, 0x00, 0x05, 0xFF,
    0x43, 0xFF, 0x60, 0x00, 0x00, 0x00, 0x00, 0x1F, 0xF8, 0x5F, 0xF4, 0x00, 0x00, 0x00, 0x00, 0x00,
    0xFF, 0x95, 0xFF, 0x30, 0x00, 0x00, 0x00, 0x00, 0x0F, 0xFA, 0x5F, 0xF3, 0x00, 0x00, 0x00, 0x00,
    0x00, 0xFF, 0xA5, 0xFF, 0x40, 0x00, 0x00, 0x00, 0x00, 0x0F, 0xF9, 0x3F, 0xF6, 0x00, 0x00, 0x00,
    0x00, 0x01, 0xFF, 0x80, 0xFF, 0x90, 0x00, 0x00, 0x00, 0x00, 0x4F, 0xF5, 0x0C, 0xFE, 0x00, 0x00,
    0x00, 0x00, 0x09, 0xFF, 0x10, 0x6F, 0xF7, 0x00, 0x00, 0x00, 0x02, 0xFF, 0xA0, 0x00, 0xCF, 0xF5,
    0x00, 0x00, 0x01, 0xDF, 0xF2, 0x00, 0x02, 0xEF, 0xFB, 0x54, 0x58, 0xFF, 0xF6, 0x00, 0x00, 0x02,
    0xDF, 0xFF, 0xFF, 0xFF, 0xF6, 0x00, 0x00, 0x00, 0x00, 0x5B, 0xEF, 0xEC, 0x71, 0x00, 0x00, 0x9F,
    0xFF, 0xFF, 0xFF, 0xFF, 0xFF, 0xFF, 0xF8, 0x9F, 0xFF, 0xFF, 0xFF, 0xFF, 0xFF, 0xFF, 0xF8, 0x9F,
    0xF3, 0x22, 0x22, 0x22, 0x22, 0x3F, 0xF8, 0x9F, 0xF1, 0x00, 0x00, 0x00, 0x00, 0x1F, 0xF8, 0x9F,
    0xF1, 0x00, 0x00, 0x00, 0x00, 0x1F, 0xF8, 0x9F, 0xF1, 0x00, 0x00, 0x00, 0x00, 0x1F, 0xF8, 0x9F,
    0xF1, 0x00, 0x00, 0x00, 0x00, 0x1F, 0xF8, 0x9F, 0xF1, 0x00, 0x00, 0x00, 0x00, 0x1F, 0xF8, 0x9F,
    0xF1, 0x00, 0x00, 0x00, 0x00, 0x1F, 0xF8, 0x9F, 0xF1, 0x00, 0x00, 0x00, 0x00, 0x1F, 0xF8, 0x9F,
    0xF1, 0x00, 0x00, 0x00, 0x00, 0x1F, 0xF8, 0x9F, 0xF1, 0x00, 0x00, 0x00, 0x00, 0x1F, 0xF8, 0x9F,
    0xF1, 0x00, 0x00, 0x00, 0x00, 0x1F, 0xF8, 0x9F, 0xF1, 0x00, 0x00, 0x00, 0x00, 0x1F, 0xF8, 0x9F,
    0xF1, 0x00, 0x00, 0x00, 0x00, 0x1F, 0xF8, 0x9F, 0xF1, 0x00, 0x00, 0x00, 0x00, 0x1F, 0xF8, 0x9F,
    0xF1, 0x00, 0x00, 0x00, 0x00, 0x1F, 0xF8, 0x9F, 0xF1, 0x00, 0x00, 0x00, 0x00, 0x1F, 0xF8, 0x9F,
    0xF1, 0x00, 0x00, 0x00, 0x00, 0x1F, 0xF8, 0x9F, 0xF1, 0x00, 0x00, 0x00, 0x00, 0x1F, 0xF8, 0xBF,
    0xFF, 0xFF, 0xFF, 0xED, 0x82, 0x00, 0x0B, 0xFF, 0xFF, 0xFF, 0xFF, 0xFF, 0xF8, 0x00, 0xBF, 0xF2,
    0x22, 0x22, 0x37, 0xEF, 0xF7, 0x0B, 0xFF, 0x00, 0x00, 0x00, 0x01, 0xDF, 0xF1, 0xBF, 0xF0, 0x00,
    0x00, 0x00, 0x05, 0xFF, 0x6B, 0xFF, 0x00, 0x00, 0x00, 0x00, 0x1F, 0xF9, 0xBF, 0xF0, 0x00, 0x00,
    0x00, 0x00, 0xFF, 0x9B, 0xFF, 0x00, 0x00, 0x00, 0x00, 0x4F, 0xF7, 0xBF, 0xF0, 0x00, 0x00, 0x00,
    0x0C, 0xFF, 0x2B, 0xFF, 0x22, 0x22, 0x23, 0x6D, 0xFF, 0x90, 0xBF, 0xFF, 0xFF, 0xFF, 0xFF, 0xFF,
    0xA0, 0x0B, 0xFF, 0xFF, 0xFF, 0xFE, 0xD9, 0x40, 0x00, 0xBF, 0xF0, 0x00, 0x00, 0x00, 0x00, 0x00,
    0x0B, 0xFF, 0x00, 0x00, 0x00, 0x00, 0x00, 0x00, 0xBF, 0xF0, 0x00, 0x00, 0x00, 0x00, 0x00, 0x0B,
    0xFF, 0x00, 0x00, 0x00, 0x00, 0x00, 0x00, 0xBF, 0xF0, 0x00, 0x00, 0x00, 0x00, 0x00, 0x0B, 0xFF,
    0x00, 0x00, 0x00, 0x00, 0x00, 0x00, 0xBF, 0xF0, 0x00, 0x00, 0x00, 0x00, 0x00, 0x0B, 0xFF, 0x00,
    0x00, 0x00, 0x00, 0x00, 0x00, 0xDF, 0xBB, 0xBB, 0xBB, 0xDF, 0x0A, 0xD0, 0x00, 0x00, 0x09, 0xE0,
    0xA8, 0x50, 0x00, 0x01, 0xBB, 0x0A, 0x2B, 0x00, 0x00, 0x75, 0xB0, 0xA1, 0x93, 0x00, 0x0C, 0x0B,
    0x0A, 0x12, 0xA0, 0x04, 0x80, 0xB0, 0xA1, 0x0B, 0x10, 0xB1, 0x0B, 0x0A, 0x10, 0x47, 0x2A, 0x00,
    0xB0, 0xA1, 0x00, 0xC9, 0x30, 0x0B, 0x0A, 0x10, 0x08, 0xF0, 0x00, 0xB0, 0xA1, 0x00, 0x7F, 0x00,
    0x0B, 0x0A, 0x10, 0x0C, 0xA3, 0x00, 0xB0, 0xA1, 0x04, 0x82, 0x90, 0x0B, 0x0A, 0x10, 0xA1, 0x0B,
    0x10, 0xB0, 0xA1, 0x2A, 0x00, 0x57, 0x0B, 0x0A, 0x18, 0x40, 0x00, 0xC0, 0xB0, 0xA2, 0xC0, 0x00,
    0x07, 0x4B, 0x0A, 0x86, 0x00, 0x00, 0x1B, 0xB0, 0xAD, 0x00, 0x00, 0x00, 0xAD, 0x0E, 0xFB, 0xBB,
    0xBB, 0xBE, 0xF0, 0x0F, 0xFF, 0xFF, 0xFF, 0xFF, 0xFF, 0xFF, 0x40, 0xFF, 0xFF, 0xFF, 0xFF, 0xFF,
    0xFF, 0xF4, 0x0A, 0xFF, 0xA2, 0x22, 0x22, 0x22, 0x22, 0x00, 0x0C, 0xFF, 0x50, 0x00, 0x00, 0x00,
    0x00, 0x00, 0x1E, 0xFF, 0x20, 0x00, 0x00, 0x00, 0x00, 0x00, 0x2F, 0xFD, 0x00, 0x00, 0x00, 0x00,
    0x00, 0x00, 0x5F, 0xFB, 0x00, 0x00, 0x00, 0x00, 0x00, 0x00, 0x7F, 0xF7, 0x00, 0x00, 0x00, 0x00,
    0x00, 0x00, 0xAF, 0xF4, 0x00, 0x00, 0x00, 0x00, 0x00, 0x00, 0xDF, 0xE2, 0x00, 0x00, 0x00, 0x00,
    0x00, 0x0D, 0xFE, 0x10, 0x00, 0x00, 0x00, 0x00, 0x0B, 0xFF, 0x40, 0x00, 0x00, 0x00, 0x00, 0x08,
    0xFF, 0x70, 0x00, 0x00, 0x00, 0x00, 0x05, 0xFF, 0xA0, 0x00, 0x00, 0x00, 0x00, 0x03, 0xFF, 0xD0,
    0x00, 0x00, 0x00, 0x00, 0x01, 0xEF, 0xF2, 0x00, 0x00, 0x00, 0x00, 0x00, 0xCF, 0xF5, 0x00, 0x00,
    0x00, 0x00, 0x00, 0x9F, 0xFA, 0x22, 0x22, 0x22, 0x22, 0x22, 0x0F, 0xFF, 0xFF, 0xFF, 0xFF, 0xFF,
    0xFF, 0xF0, 0xFF, 0xFF, 0xFF, 0xFF, 0xFF, 0xFF, 0xFF, 0x5F, 0xFF, 0xFF, 0xFF, 0xFF, 0xFF, 0xFF,
    0xFF, 0x15, 0xFF, 0xFF, 0xFF, 0xFF, 0xFF, 0xFF, 0xFF, 0xF1, 0x02, 0x22, 0x22, 0x2F, 0xFD, 0x22,
    0x22, 0x22, 0x00, 0x00, 0x00, 0x00, 0xFF, 0xA0, 0x00, 0x00, 0x00, 0x00, 0x00, 0x00, 0x0F, 0xFA,
    0x00, 0x00, 0x00, 0x00, 0x00, 0x00, 0x00, 0xFF, 0xA0, 0x00, 0x00, 0x00, 0x00, 0x00, 0x00, 0x0F,
    0xFA, 0x00, 0x00, 0x00, 0x00, 0x00, 0x00, 0x00, 0xFF, 0xA0, 0x00, 0x00, 0x00, 0x00, 0x00, 0x00,
    0x0F, 0xFA, 0x00, 0x00, 0x00, 0x00, 0x00, 0x00, 0x00, 0xFF, 0xA0, 0x00, 0x00, 0x00, 0x00, 0x00,
    0x00, 0x0F, 0xFA, 0x00, 0x00, 0x00, 0x00, 0x00, 0x00, 0x00, 0xFF, 0xA0, 0x00, 0x00, 0x00, 0x00,
    0x00, 0x00, 0x0F, 0xFA, 0x00, 0x00, 0x00, 0x00, 0x00, 0x00, 0x00, 0xFF, 0xA0, 0x00, 0x00, 0x00,
    0x00, 0x00, 0x00, 0x0F, 0xFA, 0x00, 0x00, 0x00, 0x00, 0x00, 0x00, 0x00, 0xFF, 0xA0, 0x00, 0x00,
    0x00, 0x00, 0x00, 0x00, 0x0F, 0xFA, 0x00, 0x00, 0x00, 0x00, 0x00, 0x00, 0x00, 0xFF, 0xA0, 0x00,
    0x00, 0x00, 0x00, 0x00, 0x00, 0x0F, 0xFA, 0x00, 0x00, 0x00, 0x00, 0x00, 0x00, 0x00, 0xFF, 0xA0,
    0x00, 0x00, 0x00, 0x8F, 0xF7, 0x00, 0x00, 0x00, 0x00, 0x0A, 0xFF, 0x40, 0xEF, 0xF1, 0x00, 0x00,
    0x00, 0x03, 0xFF, 0xC0, 0x06, 0xFF, 0x80, 0x00, 0x00, 0x00, 0xBF, 0xF3, 0x00, 0x0D, 0xFF, 0x10,
    0x00, 0x00, 0x3F, 0xFA, 0x00, 0x00, 0x5F, 0xF8, 0x00, 0x00, 0x0B, 0xFF, 0x20, 0x00, 0x00, 0xCF,
    0xF1, 0x00, 0x04, 0xFF, 0x80, 0x00, 0x00, 0x03, 0xFF, 0x90, 0x00, 0xCF, 0xE1, 0x00, 0x00, 0x00,
    0x0B, 0xFF, 0x10, 0x4F, 0xF7, 0x00, 0x00, 0x00, 0x00, 0x2F, 0xF9, 0x0C, 0xFE, 0x00, 0x00, 0x00,
    0x00, 0x00, 0x9F, 0xF7, 0xFF, 0x50, 0x00, 0x00, 0x00, 0x00, 0x01, 0xFF, 0xFF, 0xC0, 0x00, 0x00,
    0x00, 0x00, 0x00, 0x08, 0xFF, 0xF4, 0x00, 0x00, 0x00, 0x00, 0x00, 0x00, 0x0F, 0xFC, 0x00, 0x00,
    0x00, 0x00, 0x00, 0x00, 0x00, 0xFF, 0xB0, 0x00, 0x00, 0x00, 0x00, 0x00, 0x00, 0x0F, 0xFB, 0x00,
    0x00, 0x00, 0x00, 0x00, 0x00, 0x00, 0xFF, 0xB0, 0x00, 0x00, 0x00, 0x00, 0x00, 0x00, 0x0F, 0xFB,
    0x00, 0x00, 0x00, 0x00, 0x00, 0x00, 0x00, 0xFF, 0xB0, 0x00, 0x00, 0x00, 0x00, 0x00, 0x00, 0x0F,
    0xFB, 0x00, 0x00, 0x00, 0x00, 0x00, 0x00, 0x00, 0xFF, 0xB0, 0x00, 0x00, 0x00, 0x00, 0x00, 0x00,
    0x03, 0xFF, 0x60, 0x00, 0x00, 0x00, 0x00, 0x00, 0x00, 0x00, 0x3F, 0xF6, 0x00, 0x00, 0x00, 0x00,
    0x00, 0x00, 0x00, 0x03, 0xFF, 0x60, 0x00, 0x00, 0x00, 0x00, 0x00, 0x04, 0xAD, 0xFF, 0xFF, 0xEB,
    0x60, 0x00, 0x00, 0x00, 0x2C, 0xFF, 0xFF, 0xFF, 0xFF, 0xFF, 0xE3, 0x00, 0x00, 0x2E, 0xFF, 0xA5,
    0x7F, 0xF9, 0x49, 0xFF, 0xF4, 0x00, 0x0C, 0xFF, 0x30, 0x03, 0xFF, 0x60, 0x02, 0xEF, 0xE0, 0x04,
    0xFF, 0x60, 0x00, 0x3F, 0xF6, 0x00, 0x03, 0xFF, 0x70, 0xAF, 0xF0, 0x00, 0x03, 0xFF, 0x60, 0x00,
    0x0D, 0xFD, 0x0D, 0xFC, 0x00, 0x00, 0x3F, 0xF6, 0x00, 0x00, 0x9F, 0xF0, 0xEF, 0xB0, 0x00, 0x03,
    0xFF, 0x60, 0x00, 0x08, 0xFF, 0x1D, 0xFB, 0x00, 0x00, 0x3F, 0xF6, 0x00, 0x00, 0xAF, 0xF0, 0xAF,
    0xE0, 0x00, 0x03, 0xFF, 0x60, 0x00, 0x0D, 0xFD, 0x05, 0xFF, 0x50, 0x00, 0x3F, 0xF6, 0x00, 0x04,
    0xFF, 0x70, 0x0D, 0xFE, 0x30, 0x03, 0xFF, 0x60, 0x02, 0xDF, 0xE1, 0x00, 0x2F, 0xFF, 0x95, 0x7F,
    0xF9, 0x49, 0xFF, 0xF4, 0x00, 0x00, 0x2D, 0xFF, 0xFF, 0xFF, 0xFF, 0xFF, 0xD3, 0x00, 0x00, 0x00,
    0x05, 0xAE, 0xFF, 0xFF, 0xDB, 0x50, 0x00, 0x00, 0x00, 0x00, 0x00, 0x03, 0xFF, 0x60, 0x00, 0x00,
    0x00, 0x00, 0x00, 0x00, 0x00, 0x3F, 0xF6, 0x00, 0x00, 0x00, 0x00, 0x0B, 0xFF, 0x50, 0x00, 0x00,
    0x00, 0x0B, 0xFF, 0x50, 0x2F, 0xFE, 0x00, 0x00, 0x00, 0x05, 0xFF, 0xB0, 0x00, 0x7F, 0xF9, 0x00,
    0x00, 0x00, 0xEF, 0xF2, 0x00, 0x00, 0xDF, 0xF3, 0x00, 0x00, 0x9F, 0xF7, 0x00, 0x00, 0x03, 0xFF,
    0xD0, 0x00, 0x3F, 0xFC, 0x00, 0x00, 0x00, 0x09, 0xFF, 0x70, 0x0D, 0xFF, 0x30, 0x00, 0x00, 0x00,
    0x0E, 0xFF, 0x17, 0xFF, 0x80, 0x00, 0x00, 0x00, 0x00, 0x4F, 0xFC, 0xFF, 0xD0, 0x00, 0x00, 0x00,
    0x00, 0x00, 0xAF, 0xFF, 0xF4, 0x00, 0x00, 0x00, 0x00, 0x00, 0x01, 0xFF, 0xFA, 0x00, 0x00, 0x00,
    0x00, 0x00, 0x00, 0x2F, 0xFF, 0xB0, 0x00, 0x00, 0x00, 0x00, 0x00, 0x0C, 0xFF, 0xFF, 0x60, 0x00,
    0x00, 0x00, 0x00, 0x06, 0xFF, 0xAE, 0xFE, 0x10, 0x00, 0x00, 0x00, 0x01, 0xFF, 0xE1, 0x5F, 0xFA,
    0x00, 0x00, 0x00, 0x00, 0xBF, 0xF5, 0x00, 0xBF, 0xF4, 0x00, 0x00, 0x00, 0x5F, 0xFB, 0x00, 0x02,
    0xFF, 0xE0, 0x00, 0x00, 0x1E, 0xFF, 0x20, 0x00, 0x07, 0xFF, 0x90, 0x00, 0x09, 0xFF, 0x70, 0x00,
    0x00, 0x0D, 0xFF, 0x30, 0x04, 0xFF, 0xD0, 0x00, 0x00, 0x00, 0x3F, 0xFD, 0x00, 0xDF, 0xF3, 0x00,
    0x00, 0x00, 0x00, 0x9F, 0xF7, 0xCF, 0xD0, 0x00, 0x0D, 0xFD, 0x00, 0x00, 0xBF, 0xFC, 0xFD, 0x00,
    0x00, 0xDF, 0xD0, 0x00, 0x0B, 0xFF, 0xCF, 0xD0, 0x00, 0x0D, 0xFD, 0x00, 0x00, 0xBF, 0xFC, 0xFD,
    0x00, 0x00, 0xDF, 0xD0, 0x00, 0x0B, 0xFF, 0xCF, 0xD0, 0x00, 0x0D, 0xFD, 0x00, 0x00, 0xBF, 0xFC,
    0xFD, 0x00, 0x00, 0xDF, 0xD0, 0x00, 0x0B, 0xFF, 0xCF, 0xD0, 0x00, 0x0D, 0xFD, 0x00, 0x00, 0xBF,
    0xFB, 0xFE, 0x00, 0x00, 0xDF, 0xD0, 0x00, 0x0B, 0xFF, 0xAF, 0xF0, 0x00, 0x0D, 0xFD, 0x00, 0x00,
    0xDF, 0xD7, 0xFF, 0x30, 0x00, 0xDF, 0xD0, 0x00, 0x1F, 0xFB, 0x2F, 0xFB, 0x00, 0x0D, 0xFD, 0x00,
    0x08, 0xFF, 0x50, 0xAF, 0xF7, 0x00, 0xDF, 0xD0, 0x06, 0xFF, 0xD0, 0x01, 0xDF, 0xFC, 0x5F, 0xFF,
    0x5B, 0xFF, 0xE2, 0x00, 0x01, 0xCF, 0xFF, 0xFF, 0xFF, 0xFF, 0xC2, 0x00, 0x00, 0x00, 0x4A, 0xEF,
    0xFF, 0xEA, 0x40, 0x00, 0x00, 0x00, 0x00, 0x00, 0xDF, 0xD0, 0x00, 0x00, 0x00, 0x00, 0x00, 0x00,
    0x0D, 0xFD, 0x00, 0x00, 0x00, 0x00, 0x00, 0x00, 0x00, 0xDF, 0xD0, 0x00, 0x00, 0x00, 0x00, 0x00,
    0x00, 0x0D, 0xFD, 0x00, 0x00, 0x00, 0x00, 0x00, 0x00, 0x00, 0xDF, 0xD0, 0x00, 0x00, 0x00, 0x00,
    0x00, 0x18, 0xCE, 0xFD, 0x93, 0x00, 0x00, 0x00, 0x05, 0xFF, 0xFF, 0xFF, 0xFF, 0x90, 0x00, 0x00,
    0x6F, 0xFE, 0x73, 0x35, 0xCF, 0xFB, 0x00, 0x02, 0xFF, 0xC0, 0x00, 0x00, 0x08, 0xFF, 0x70, 0x09,
    0xFF, 0x20, 0x00, 0x00, 0x00, 0xCF, 0xE0, 0x0F, 0xFA, 0x00, 0x00, 0x00, 0x00, 0x5F, 0xF5, 0x3F,
    0xF6, 0x00, 0x00, 0x00, 0x00, 0x1F, 0xF9, 0x5F, 0xF4, 0x00, 0x00, 0x00, 0x00, 0x0F, 0xFB, 0x6F,
    0xF3, 0x00, 0x00, 0x00, 0x00, 0x0E, 0xFC, 0x7F, 0xF3, 0x00, 0x00, 0x00, 0x00, 0x0E, 0xFC, 0x6F,
    0xF3, 0x00, 0x00, 0x00, 0x00, 0x0E, 0xFC, 0x5F, 0xF4, 0x00, 0x00, 0x00, 0x00, 0x0F, 0xFB, 0x2F,
    0xF6, 0x00, 0x00, 0x00, 0x00, 0x1F, 0xF8, 0x0E, 0xF9, 0x00, 0x00, 0x00, 0x00, 0x4F, 0xF4, 0x08,
    0xFE, 0x00, 0x00, 0x00, 0x00, 0x8F, 0xE0, 0x01, 0xFF, 0x60, 0x00, 0x00, 0x01, 0xEF, 0x70, 0x00,
    0x7F, 0xE2, 0x00, 0x00, 0x0B, 0xFD, 0x00, 0x02, 0x2C, 0xFF, 0xA2, 0x07, 0xFF, 0xF4, 0x21, 0x6F,
    0xFF, 0xFF, 0xFB, 0x0F, 0xFF, 0xFF, 0xFB, 0x6F, 0xFF, 0xFF, 0xF9, 0x0F, 0xFF, 0xFF, 0xFB, 0x18,
    0x70, 0x00, 0x29, 0x60, 0x8F, 0xF4, 0x00, 0xAF, 0xF3, 0x6F, 0xF2, 0x00, 0x8F, 0xF1, 0x02, 0x10,
    0x00, 0x03, 0x10, 0x00, 0x00, 0x00, 0x00, 0x00, 0x00, 0x08, 0xFF, 0x20, 0x00, 0x00, 0x08, 0xFF,
    0x20, 0x00, 0x00, 0x08, 0xFF, 0x20, 0x00, 0x00, 0x08, 0xFF, 0x20, 0x00, 0x00, 0x08, 0xFF, 0x20,
    0x00, 0x00, 0x08, 0xFF, 0x20, 0x00, 0x00, 0x08, 0xFF, 0x20, 0x00, 0x00, 0x08, 0xFF, 0x20, 0x00,
    0x00, 0x08, 0xFF, 0x20, 0x00, 0x00, 0x08, 0xFF, 0x20, 0x00, 0x00, 0x08, 0xFF, 0x20, 0x00, 0x00,
    0x08, 0xFF, 0x20, 0x00, 0x00, 0x08, 0xFF, 0x20, 0x00, 0x00, 0x08, 0xFF, 0x20, 0x00, 0x00, 0x08,
    0xFF, 0x20, 0x00, 0x00, 0x08, 0xFF, 0x20, 0x00, 0x00, 0x08, 0xFF, 0x20, 0x00, 0x00, 0x08, 0xFF,
    0x20, 0x00, 0x00, 0x08, 0xFF, 0x20, 0x00, 0x00, 0x08, 0xFF, 0x20, 0x00, 0x00, 0x00, 0x18, 0x70,
    0x00, 0x29, 0x60, 0x00, 0x00, 0x00, 0x08, 0xFF, 0x40, 0x0A, 0xFF, 0x30, 0x00, 0x00, 0x00, 0x6F,
    0xF2, 0x00, 0x8F, 0xF1, 0x00, 0x00, 0x00, 0x00, 0x21, 0x00, 0x00, 0x31, 0x00, 0x00, 0x00, 0x00,
    0x00, 0x00, 0x00, 0x00, 0x00, 0x00, 0x08, 0xFF, 0x70, 0x00, 0x00, 0x00, 0x00, 0xAF, 0xF4, 0x0E,
    0xFF, 0x10, 0x00, 0x00, 0x00, 0x3F, 0xFC, 0x00, 0x6F, 0xF8, 0x00, 0x00, 0x00, 0x0B, 0xFF, 0x30,
    0x00, 0xDF, 0xF1, 0x00, 0x00, 0x03, 0xFF, 0xA0, 0x00, 0x05, 0xFF, 0x80, 0x00, 0x00, 0xBF, 0xF2,
    0x00, 0x00, 0x0C, 0xFF, 0x10, 0x00, 0x4F, 0xF8, 0x00, 0x00, 0x00, 0x3F, 0xF9, 0x00, 0x0C, 0xFE,
    0x10, 0x00, 0x00, 0x00, 0xBF, 0xF1, 0x04, 0xFF, 0x70, 0x00, 0x00, 0x00, 0x02, 0xFF, 0x90, 0xCF,
    0xE0, 0x00, 0x00, 0x00, 0x00, 0x09, 0xFF, 0x7F, 0xF5, 0x00, 0x00, 0x00, 0x00, 0x00, 0x1F, 0xFF,
    0xFC, 0x00, 0x00, 0x00, 0x00, 0x00, 0x00, 0x8F, 0xFF, 0x40, 0x00, 0x00, 0x00, 0x00, 0x00, 0x00,
    0xFF, 0xC0, 0x00, 0x00, 0x00, 0x00, 0x00, 0x00, 0x0F, 0xFB, 0x00, 0x00, 0x00, 0x00, 0x00, 0x00,
    0x00, 0xFF, 0xB0, 0x00, 0x00, 0x00, 0x00, 0x00, 0x00, 0x0F, 0xFB, 0x00, 0x00, 0x00, 0x00, 0x00,
    0x00, 0x00, 0xFF, 0xB0, 0x00, 0x00, 0x00, 0x00, 0x00, 0x00, 0x0F, 0xFB, 0x00, 0x00, 0x00, 0x00,
    0x00, 0x00, 0x00, 0xFF, 0xB0, 0x00, 0x00, 0x00, 0x00, 0x00, 0x00, 0x0F, 0xFB, 0x00, 0x00, 0x00,
    0x00, 0x00, 0x00, 0x00, 0x0D, 0xF7, 0x00, 0x00, 0x00, 0x00, 0x00, 0x00, 0xFF, 0x20, 0x00, 0x00,
    0x00, 0x00, 0x00, 0x1F, 0xD0, 0x00, 0x00, 0x00, 0x00, 0x00, 0x04, 0xF8, 0x00, 0x00, 0x00, 0x00,
    0x00, 0x00, 0x6F, 0x30, 0x00, 0x00, 0x00, 0x00, 0x00, 0x00, 0x00, 0x00, 0x00, 0x00, 0x00, 0x00,
    0x00, 0x00, 0x00, 0x00, 0x00, 0x00, 0x00, 0x4B, 0xEF, 0xD7, 0x07, 0xFC, 0x00, 0x00, 0x8F, 0xFF,
    0xFF, 0xFC, 0x9F, 0xC0, 0x00, 0x5F, 0xFD, 0x51, 0x28, 0xFF, 0xFC, 0x00, 0x0D, 0xFE, 0x10, 0x00,
    0x07, 0xFF, 0xC0, 0x03, 0xFF, 0x80, 0x00, 0x00, 0x0F, 0xFC, 0x00, 0x6F, 0xF2, 0x00, 0x00, 0x00,
    0xFF, 0xC0, 0x08, 0xFF, 0x00, 0x00, 0x00, 0x0F, 0xFC, 0x00, 0x9F, 0xE0, 0x00, 0x00, 0x00, 0xCF,
    0xC0, 0x09, 0xFF, 0x00, 0x00, 0x00, 0x0E, 0xFC, 0x00, 0x8F, 0xF1, 0x00, 0x00, 0x00, 0xFF, 0xC0,
    0x05, 0xFF, 0x50, 0x00, 0x00, 0x0F, 0xFC, 0x00, 0x0F, 0xFD, 0x00, 0x00, 0x06, 0xFF, 0xD0, 0x00,
    0x7F, 0xFC, 0x41, 0x28, 0xFF, 0xFF, 0x61, 0x00, 0xAF, 0xFF, 0xFF, 0xFC, 0x5F, 0xFF, 0x70, 0x00,
    0x5C, 0xFF, 0xD7, 0x00, 0x8E, 0xF6, 0x00, 0x00, 0x00, 0xDF, 0x70, 0x00, 0x00, 0x00, 0x00, 0x0F,
    0xF2, 0x00, 0x00, 0x00, 0x00, 0x01, 0xFD, 0x00, 0x00, 0x00, 0x00, 0x00, 0x4F, 0x80, 0x00, 0x00,
    0x00, 0x00, 0x06, 0xF3, 0x00, 0x00, 0x00, 0x00, 0x00, 0x00, 0x00, 0x00, 0x00, 0x00, 0x00, 0x00,
    0x00, 0x00, 0x00, 0x00, 0x02, 0x8C, 0xFF, 0xEC, 0x70, 0x00, 0x05, 0xFF, 0xFF, 0xFF, 0xFF, 0xE3,
    0x01, 0xFF, 0xE6, 0x21, 0x27, 0xFF, 0xE0, 0x5F, 0xF5, 0x00, 0x00, 0x05, 0xFF, 0x54, 0xFF, 0x40,
    0x00, 0x00, 0x06, 0x62, 0x0D, 0xFD, 0x51, 0x00, 0x00, 0x00, 0x00, 0x1A, 0xFF, 0xFF, 0xFF, 0x40,
    0x00, 0x02, 0xCF, 0xFF, 0xFF, 0xF4, 0x00, 0x01, 0xEF, 0xD4, 0x10, 0x00, 0x00, 0x00, 0x7F, 0xF1,
    0x00, 0x00, 0x00, 0x00, 0x09, 0xFF, 0x00, 0x00, 0x00, 0x08, 0xA7, 0x7F, 0xF4, 0x00, 0x00, 0x03,
    0xFF, 0x81, 0xFF, 0xF7, 0x31, 0x27, 0xFF, 0xF2, 0x04, 0xEF, 0xFF, 0xFF, 0xFF, 0xF4, 0x00, 0x01,
    0x7C, 0xEF, 0xFC, 0x71, 0x00, 0x00, 0x00, 0x06, 0x84, 0x00, 0x00, 0x00, 0x00, 0x0E, 0xF5, 0x00,
    0x00, 0x00, 0x00, 0x0F, 0xF0, 0x00, 0x00, 0x00, 0x00, 0x3F, 0xA0, 0x00, 0x00, 0x00, 0x00, 0x5F,
    0x50, 0x00, 0x00, 0x00, 0x00, 0x38, 0x10, 0x00, 0x00, 0x00, 0x00, 0x00, 0x00, 0x00, 0x00, 0x00,
    0x00, 0x00, 0x00, 0x00, 0x00, 0xFF, 0x40, 0x8D, 0xFF, 0xC6, 0x00, 0xFF, 0x8D, 0xFF, 0xFF, 0xFF,
    0xA0, 0xFF, 0xFE, 0x62, 0x25, 0xDF, 0xF3, 0xFF, 0xF1, 0x00, 0x00, 0x2F, 0xF8, 0xFF, 0xF0, 0x00,
    0x00, 0x0D, 0xFB, 0xFF, 0xB0, 0x00, 0x00, 0x0B, 0xFC, 0xFF, 0x90, 0x00, 0x00, 0x0B, 0xFC, 0xFF,
    0x80, 0x00, 0x00, 0x0B, 0xFC, 0xFF, 0x80, 0x00, 0x00, 0x0B, 0xFC, 0xFF, 0x80, 0x00, 0x00, 0x0B,
    0xFC, 0xFF, 0x80, 0x00, 0x00, 0x0B, 0xFC, 0xFF, 0x80, 0x00, 0x00, 0x0B, 0xFC, 0xFF, 0x80, 0x00,
    0x00, 0x0B, 0xFC, 0xFF, 0x80, 0x00, 0x00, 0x0B, 0xFC, 0xFF, 0x80, 0x00, 0x00, 0x0B, 0xFC, 0x00,
    0x00, 0x00, 0x00, 0x0B, 0xFC, 0x00, 0x00, 0x00, 0x00, 0x0B, 0xFC, 0x00, 0x00, 0x00, 0x00, 0x0B,
    0xFC, 0x00, 0x00, 0x00, 0x00, 0x0B, 0xFC, 0x00, 0x00, 0x00, 0x00, 0x0B, 0xFC, 0x00, 0x00, 0x00,
    0x00, 0x0B, 0xFC, 0x00, 0xDF, 0x70, 0x00, 0x0F, 0xF2, 0x00, 0x01, 0xFD, 0x00, 0x00, 0x4F, 0x80,
    0x00, 0x06, 0xF3, 0x00, 0x00, 0x00, 0x00, 0x00, 0x00, 0x00, 0x00, 0x05, 0xFF, 0x30, 0x00, 0x5F,
    0xF3, 0x00, 0x05, 0xFF, 0x30, 0x00, 0x5F, 0xF3, 0x00, 0x05, 0xFF, 0x30, 0x00, 0x5F, 0xF3, 0x00,
    0x05, 0xFF, 0x30, 0x00, 0x5F, 0xF3, 0x00, 0x05, 0xFF, 0x30, 0x00, 0x5F, 0xF3, 0x00, 0x05, 0xFF,
    0x30, 0x00, 0x4F, 0xF4, 0x00, 0x02, 0xFF, 0xB3, 0x30, 0x0C, 0xFF, 0xFF, 0x00, 0x1A, 0xEF, 0xD0,
    0x00, 0x00, 0x02, 0x44, 0x00, 0x00, 0x00, 0x00, 0x00, 0x8F, 0xD0, 0x00, 0x00, 0x00, 0x00, 0x0B,
    0xF8, 0x00, 0x00, 0x00, 0x01, 0x00, 0xEF, 0x30, 0x10, 0x00, 0x3F, 0xF4, 0x0B, 0xA0, 0x6F, 0xE1,
    0x06, 0xFF, 0x70, 0x00, 0x0A, 0xFF, 0x30, 0x09, 0x91, 0x00, 0x00, 0x2B, 0x80, 0x00, 0x00, 0x00,
    0x00, 0x00, 0x00, 0x00, 0x00, 0x00, 0x00, 0x00, 0x00, 0x00, 0x00, 0xFF, 0x80, 0x00, 0x02, 0xFF,
    0x80, 0x0F, 0xF8, 0x00, 0x00, 0x0D, 0xFE, 0x00, 0xFF, 0x80, 0x00, 0x00, 0x7F, 0xF3, 0x0F, 0xF8,
    0x00, 0x00, 0x02, 0xFF, 0x70, 0xFF, 0x80, 0x00, 0x00, 0x0F, 0xFA, 0x0F, 0xF8, 0x00, 0x00, 0x00,
    0xCF, 0xC0, 0xFF, 0x80, 0x00, 0x00, 0x0B, 0xFD, 0x0F, 0xF8, 0x00, 0x00, 0x00, 0xBF, 0xD0, 0xFF,
    0x80, 0x00, 0x00, 0x0D, 0xFC, 0x0F, 0xF8, 0x00, 0x00, 0x01, 0xFF, 0x90, 0xEF, 0xA0, 0x00, 0x00,
    0x6F, 0xF5, 0x0A, 0xFE, 0x00, 0x00, 0x1E, 0xFE, 0x00, 0x4F, 0xFC, 0x31, 0x5E, 0xFF, 0x50, 0x00,
    0x9F, 0xFF, 0xFF, 0xFF, 0x60, 0x00, 0x00, 0x5B, 0xEF, 0xEA, 0x30, 0x00, 0x00, 0x04, 0xBE, 0xFD,
    0x70, 0x7F, 0xC0, 0x00, 0x08, 0xFF, 0xFF, 0xFF, 0xC9, 0xFC, 0x00, 0x05, 0xFF, 0xD5, 0x12, 0x8F,
    0xFF, 0xC0, 0x00, 0xDF, 0xE1, 0x00, 0x00, 0x7F, 0xFC, 0x00, 0x3F, 0xF8, 0x00, 0x00, 0x00, 0xFF,
    0xC0, 0x06, 0xFF, 0x20, 0x00, 0x00, 0x0F, 0xFC, 0x00, 0x8F, 0xF0, 0x00, 0x00, 0x00, 0xFF, 0xC0,
    0x09, 0xFE, 0x00, 0x00, 0x00, 0x0C, 0xFC, 0x00, 0x9F, 0xF0, 0x00, 0x00, 0x00, 0xEF, 0xC0, 0x08,
    0xFF, 0x10, 0x00, 0x00, 0x0F, 0xFC, 0x00, 0x5F, 0xF5, 0x00, 0x00, 0x00, 0xFF, 0xC0, 0x00, 0xFF,
    0xD0, 0x00, 0x00, 0x6F, 0xFD, 0x00, 0x07, 0xFF, 0xC4, 0x12, 0x8F, 0xFF, 0xF6, 0x10, 0x0A, 0xFF,
    0xFF, 0xFF, 0xC5, 0xFF, 0xF7, 0x00, 0x05, 0xCF, 0xFD, 0x70, 0x08, 0xEF, 0x60, 0x00, 0x05, 0xBE,
    0xFE, 0xA3, 0x00, 0x00, 0x01, 0xBF, 0xFF, 0xFF, 0xFF, 0x80, 0x00, 0x0C, 0xFF, 0x82, 0x14, 0xCF,
    0xF6, 0x00, 0x5F, 0xF6, 0x00, 0x00, 0x0D, 0xFD, 0x00, 0xAF, 0xE0, 0x00, 0x00, 0x07, 0xFF, 0x00,
    0xCF, 0xB0, 0x00, 0x00, 0x07, 0xFF, 0x00, 0xCF, 0xB0, 0x00, 0x00, 0x0C, 0xFC, 0x00, 0xCF, 0xB0,
    0x01, 0x13, 0xAF, 0xF3, 0x00, 0xCF, 0xB0, 0x0F, 0xFF, 0xFF, 0x30, 0x00, 0xCF, 0xB0, 0x0F, 0xFF,
    0xFF, 0xB1, 0x00, 0xCF, 0xB0, 0x00, 0x01, 0x5E, 0xFD, 0x00, 0xCF, 0xB0, 0x00, 0x00, 0x03, 0xFF,
    0x80, 0xCF, 0xB0, 0x00, 0x00, 0x00, 0xBF, 0xD0, 0xCF, 0xB0, 0x00, 0x00, 0x00, 0x8F, 0xF0, 0xCF,
    0xB0, 0x00, 0x00, 0x00, 0x8F, 0xF0, 0xCF, 0xF0, 0x00, 0x00, 0x00, 0xCF, 0xD0, 0xCF, 0xF1, 0x00,
    0x00, 0x04, 0xFF, 0x80, 0xCF, 0xFE, 0x73, 0x12, 0x8F, 0xFE, 0x10, 0xCF, 0xFF, 0xFF, 0xFF, 0xFF,
    0xE3, 0x00, 0xCF, 0xB2, 0x9D, 0xFE, 0xC7, 0x10, 0x00, 0xCF, 0xB0, 0x00, 0x00, 0x00, 0x00, 0x00,
    0xCF, 0xB0, 0x00, 0x00, 0x00, 0x00, 0x00, 0xCF, 0xB0, 0x00, 0x00, 0x00, 0x00, 0x00, 0xCF, 0xB0,
    0x00, 0x00, 0x00, 0x00, 0x00, 0xCF, 0xB0, 0x00, 0x00, 0x00, 0x00, 0x00, 0x2F, 0xF6, 0x00, 0x00,
    0x00, 0x3F, 0xF6, 0x0D, 0xFC, 0x00, 0x00, 0x00, 0x8F, 0xF0, 0x07, 0xFF, 0x10, 0x00, 0x00, 0xDF,
    0xA0, 0x01, 0xFF, 0x70, 0x00, 0x03, 0xFF, 0x40, 0x00, 0xBF, 0xC0, 0x00, 0x08, 0xFE, 0x00, 0x00,
    0x5F, 0xF2, 0x00, 0x0E, 0xF9, 0x00, 0x00, 0x0F, 0xF7, 0x00, 0x3F, 0xF3, 0x00, 0x00, 0x0A, 0xFD,
    0x00, 0x9F, 0xD0, 0x00, 0x00, 0x04, 0xFF, 0x20, 0xEF, 0x70, 0x00, 0x00, 0x00, 0xEF, 0x83, 0xFF,
    0x20, 0x00, 0x00, 0x00, 0x8F, 0xD9, 0xFC, 0x00, 0x00, 0x00, 0x00, 0x2F, 0xFF, 0xF6, 0x00, 0x00,
    0x00, 0x00, 0x0D, 0xFF, 0xF1, 0x00, 0x00, 0x00, 0x00, 0x08, 0xFF, 0xE0, 0x00, 0x00, 0x00, 0x00,
    0x04, 0xFF, 0xB0, 0x00, 0x00, 0x00, 0x00, 0x02, 0xFF, 0x60, 0x00, 0x00, 0x00, 0x00, 0x02, 0xFF,
    0x60, 0x00, 0x00, 0x00, 0x00, 0x02, 0xFF, 0x60, 0x00, 0x00, 0x00, 0x00, 0x02, 0xFF, 0x60, 0x00,
    0x00, 0x00, 0x00, 0x02, 0xFF, 0x60, 0x00, 0x00, 0x00, 0x00, 0x02, 0xFF, 0x60, 0x00, 0x00, 0x00,
    0x01, 0x8C, 0xFF, 0xDB, 0x50, 0x00, 0x00, 0x2E, 0xFF, 0xFF, 0xFF, 0xE0, 0x00, 0x00, 0xAF, 0xF8,
    0x32, 0x47, 0xB0, 0x00, 0x00, 0xEF, 0xB0, 0x00, 0x00, 0x00, 0x00, 0x00, 0xEF, 0xC0, 0x00, 0x00,
    0x00, 0x00, 0x00, 0x9F, 0xFB, 0x20, 0x00, 0x00, 0x00, 0x00, 0x0B, 0xFF, 0xFC, 0x50, 0x00, 0x00,
    0x00, 0x00, 0x9F, 0xFF, 0xFE, 0x40, 0x00, 0x00, 0x3D, 0xFE, 0xBD, 0xFF, 0xF7, 0x00, 0x03, 0xFF,
    0x80, 0x00, 0x4F, 0xFF, 0x40, 0x0D, 0xFB, 0x00, 0x00, 0x03, 0xFF, 0xD0, 0x4F, 0xF4, 0x00, 0x00,
    0x00, 0x8F, 0xF3, 0x8F, 0xF0, 0x00, 0x00, 0x00, 0x2F, 0xF6, 0xAF, 0xE0, 0x00, 0x00, 0x00, 0x0F,
    0xF8, 0xAF, 0xF0, 0x00, 0x00, 0x00, 0x1F, 0xF8, 0x8F, 0xF1, 0x00, 0x00, 0x00, 0x3F, 0xF6, 0x4F,
    0xF6, 0x00, 0x00, 0x00, 0x7F, 0xF2, 0x0E, 0xFE, 0x10, 0x00, 0x02, 0xEF, 0xC0, 0x04, 0xFF, 0xD5,
    0x12, 0x6E, 0xFF, 0x30, 0x00, 0x6F, 0xFF, 0xFF, 0xFF, 0xF4, 0x00, 0x00, 0x02, 0x9D, 0xFF, 0xD8,
    0x10, 0x00, 0x00, 0x28, 0xCF, 0xFE, 0xC7, 0x00, 0x00, 0x5F, 0xFF, 0xFF, 0xFF, 0xFE, 0x30, 0x1F,
    0xFE, 0x62, 0x12, 0x7F, 0xFE, 0x05, 0xFF, 0x50, 0x00, 0x00, 0x5F, 0xF5, 0x4F, 0xF4, 0x00, 0x00,
    0x00, 0x66, 0x20, 0xDF, 0xD5, 0x10, 0x00, 0x00, 0x00, 0x01, 0xAF, 0xFF, 0xFF, 0xF4, 0x00, 0x00,
    0x2C, 0xFF, 0xFF, 0xFF, 0x40, 0x00, 0x1E, 0xFD, 0x41, 0x00, 0x00, 0x00, 0x07, 0xFF, 0x10, 0x00,
    0x00, 0x00, 0x00, 0x9F, 0xF0, 0x00, 0x00, 0x00, 0x8A, 0x77, 0xFF, 0x40, 0x00, 0x00, 0x3F, 0xF8,
    0x1F, 0xFF, 0x73, 0x12, 0x7F, 0xFF, 0x20, 0x4E, 0xFF, 0xFF, 0xFF, 0xFF, 0x40, 0x00, 0x17, 0xCE,
    0xFF, 0xC7, 0x10, 0x00, 0x8F, 0xFF, 0xFF, 0xFF, 0xFF, 0xFF, 0x38, 0xFF, 0xFF, 0xFF, 0xFF, 0xFF,
    0xF2, 0x01, 0x11, 0x11, 0x11, 0x4F, 0xF7, 0x00, 0x00, 0x00, 0x00, 0x2E, 0xFA, 0x00, 0x00, 0x00,
    0x00, 0x1D, 0xFC, 0x00, 0x00, 0x00, 0x00, 0x0C, 0xFE, 0x10, 0x00, 0x00, 0x00, 0x0B, 0xFF, 0x30,
    0x00, 0x00, 0x00, 0x08, 0xFF, 0x50, 0x00, 0x00, 0x00, 0x03, 0xFF, 0x80, 0x00, 0x00, 0x00, 0x00,
    0xDF, 0xC0, 0x00, 0x00, 0x00, 0x00, 0x5F, 0xF2, 0x00, 0x00, 0x00, 0x00, 0x0C, 0xFB, 0x00, 0x00,
    0x00, 0x00, 0x01, 0xFF, 0x50, 0x00, 0x00, 0x00, 0x00, 0x4F, 0xF2, 0x00, 0x00, 0x00, 0x00, 0x06,
    0xFF, 0x20, 0x00, 0x00, 0x00, 0x00, 0x5F, 0xF3, 0x00, 0x00, 0x00, 0x00, 0x02, 0xFF, 0xA0, 0x00,
    0x00, 0x00, 0x00, 0x0B, 0xFF, 0xD7, 0x20, 0x00, 0x00, 0x00, 0x0A, 0xFF, 0xFF, 0xE9, 0x20, 0x00,
    0x00, 0x02, 0x7C, 0xFF, 0xFF, 0x30, 0x00, 0x00, 0x00, 0x01, 0x8F, 0xF8, 0x00, 0x00, 0x00, 0x00,
    0x00, 0xEF, 0x80, 0x00, 0x00, 0x00, 0x00, 0x2F, 0xF2, 0x00, 0x00, 0x00, 0x00, 0x0D, 0xF8, 0x00,
    0x00, 0x00, 0x00, 0x00, 0x6A, 0x00, 0x00, 0xFF, 0x40, 0x8D, 0xFF, 0xC6, 0x00, 0xFF, 0x8D, 0xFF,
    0xFF, 0xFF, 0xA0, 0xFF, 0xFE, 0x62, 0x25, 0xDF, 0xF3, 0xFF, 0xF1, 0x00, 0x00, 0x2F, 0xF8, 0xFF,
    0xF0, 0x00, 0x00, 0x0D, 0xFB, 0xFF, 0xB0, 0x00, 0x00, 0x0B, 0xFC, 0xFF, 0x90, 0x00, 0x00, 0x0B,
    0xFC, 0xFF, 0x80, 0x00, 0x00, 0x0B, 0xFC, 0xFF, 0x80, 0x00, 0x00, 0x0B, 0xFC, 0xFF, 0x80, 0x00,
    0x00, 0x0B, 0xFC, 0xFF, 0x80, 0x00, 0x00, 0x0B, 0xFC, 0xFF, 0x80, 0x00, 0x00, 0x0B, 0xFC, 0xFF,
    0x80, 0x00, 0x00, 0x0B, 0xFC, 0xFF, 0x80, 0x00, 0x00, 0x0B, 0xFC, 0xFF, 0x80, 0x00, 0x00, 0x0B,
    0xFC, 0x00, 0x00, 0x00, 0x00, 0x0B, 0xFC, 0x00, 0x00, 0x00, 0x00, 0x0B, 0xFC, 0x00, 0x00, 0x00,
    0x00, 0x0B, 0xFC, 0x00, 0x00, 0x00, 0x00, 0x0B, 0xFC, 0x00, 0x00, 0x00, 0x00, 0x0B, 0xFC, 0x00,
    0x00, 0x00, 0x00, 0x0B, 0xFC, 0x00, 0x01, 0x8D, 0xFF, 0xD7, 0x00, 0x00, 0x00, 0x2E, 0xFF, 0xFF,
    0xFF, 0xD1, 0x00, 0x00, 0xDF, 0xF6, 0x01, 0x7F, 0xFC, 0x00, 0x06, 0xFF, 0x40, 0x00, 0x06, 0xFF,
    0x50, 0x0C, 0xFC, 0x00, 0x00, 0x00, 0xDF, 0xB0, 0x0F, 0xF7, 0x00, 0x00, 0x00, 0x9F, 0xF0, 0x2F,
    0xF5, 0x00, 0x00, 0x00, 0x6F, 0xF1, 0x4F, 0xF3, 0x00, 0x00, 0x00, 0x5F, 0xF3, 0x4F, 0xF3, 0x00,
    0x00, 0x00, 0x4F, 0xF3, 0x5F, 0xFF, 0xFF, 0xFF, 0xFF, 0xFF, 0xF4, 0x5F, 0xFF, 0xFF, 0xFF, 0xFF,
    0xFF, 0xF4, 0x4F, 0xF3, 0x00, 0x00, 0x00, 0x4F, 0xF3, 0x4F, 0xF4, 0x00, 0x00, 0x00, 0x5F, 0xF3,
    0x2F, 0xF5, 0x00, 0x00, 0x00, 0x6F, 0xF1, 0x0F, 0xF9, 0x00, 0x00, 0x00, 0xAF, 0xE0, 0x0B, 0xFD,
    0x00, 0x00, 0x00, 0xEF, 0xA0, 0x05, 0xFF, 0x60, 0x00, 0x06, 0xFF, 0x40, 0x00, 0xCF, 0xF6, 0x01,
    0x6F, 0xFC, 0x00, 0x00, 0x1D, 0xFF, 0xFF, 0xFF, 0xD1, 0x00, 0x00, 0x00, 0x7D, 0xFF, 0xC7, 0x00,
    0x00, 0x5F, 0xF3, 0x00, 0x05, 0xFF, 0x30, 0x00, 0x5F, 0xF3, 0x00, 0x05, 0xFF, 0x30, 0x00, 0x5F,
    0xF3, 0x00, 0x05, 0xFF, 0x30, 0x00, 0x5F, 0xF3, 0x00, 0x05, 0xFF, 0x30, 0x00, 0x5F, 0xF3, 0x00,
    0x05, 0xFF, 0x30, 0x00, 0x5F, 0xF3, 0x00, 0x04, 0xFF, 0x40, 0x00, 0x2F, 0xFB, 0x33, 0x00, 0xCF,
    0xFF, 0xF0, 0x01, 0xAE, 0xFD, 0x00, 0xEF, 0xA0, 0x00, 0x00, 0x2E, 0xFE, 0x1E, 0xFA, 0x00, 0x00,
    0x0D, 0xFF, 0x30, 0xEF, 0xA0, 0x00, 0x0A, 0xFF, 0x50, 0x0E, 0xFA, 0x00, 0x07, 0xFF, 0x80, 0x00,
    0xEF, 0xA0, 0x04, 0xFF, 0xB0, 0x00, 0x0E, 0xFA, 0x02, 0xEF, 0xD0, 0x00, 0x00, 0xEF, 0xE3, 0xDF,
    0xF2, 0x00, 0x00, 0x0E, 0xFF, 0xFF, 0xF6, 0x00, 0x00, 0x00, 0xEF, 0xFF, 0xFF, 0xD1, 0x00, 0x00,
    0x0E, 0xFA, 0x06, 0xFF, 0xD0, 0x00, 0x00, 0xEF, 0xA0, 0x07, 0xFF, 0xC0, 0x00, 0x0E, 0xFA, 0x00,
    0x08, 0xFF, 0xA0, 0x00, 0xEF, 0xA0, 0x00, 0x0A, 0xFF, 0x90, 0x0E, 0xFA, 0x00, 0x00, 0x0B, 0xFF,
    0x80, 0xEF, 0xA0, 0x00, 0x00, 0x0C, 0xFF, 0x60, 0x00, 0xAF, 0xE8, 0x00, 0x00, 0x00, 0x00, 0x00,
    0x0B, 0xFF, 0xF9, 0x00, 0x00, 0x00, 0x00, 0x00, 0x13, 0xEF, 0xF1, 0x00, 0x00, 0x00, 0x00, 0x00,
    0x06, 0xFF, 0x70, 0x00, 0x00, 0x00, 0x00, 0x00, 0x0F, 0xFD, 0x00, 0x00, 0x00, 0x00, 0x00, 0x00,
    0x9F, 0xF3, 0x00, 0x00, 0x00, 0x00, 0x00, 0x04, 0xFF, 0x90, 0x00, 0x00, 0x00, 0x00, 0x00, 0x6F,
    0xFF, 0x00, 0x00, 0x00, 0x00, 0x00, 0x0C, 0xFF, 0xF5, 0x00, 0x00, 0x00, 0x00, 0x02, 0xFF, 0xFF,
    0xC0, 0x00, 0x00, 0x00, 0x00, 0x8F, 0xFC, 0xFF, 0x20, 0x00, 0x00, 0x00, 0x0E, 0xFC, 0x3F, 0xF8,
    0x00, 0x00, 0x00, 0x04, 0xFF, 0x60, 0xDF, 0xE0, 0x00, 0x00, 0x00, 0xAF, 0xF1, 0x07, 0xFF, 0x40,
    0x00, 0x00, 0x0F, 0xFA, 0x00, 0x1F, 0xFA, 0x00, 0x00, 0x06, 0xFF, 0x50, 0x00, 0xBF, 0xF1, 0x00,
    0x00, 0xCF, 0xE0, 0x00, 0x04, 0xFF, 0x70, 0x00, 0x2F, 0xF9, 0x00, 0x00, 0x0E, 0xFD, 0x00, 0x08,
    0xFF, 0x30, 0x00, 0x00, 0x8F, 0xF8, 0x20, 0xEF, 0xD0, 0x00, 0x00, 0x01, 0xFF, 0xFC, 0x4F, 0xF8,
    0x00, 0x00, 0x00, 0x04, 0xDF, 0xB0, 0xEF, 0xA0, 0x00, 0x00, 0x0C, 0xFC, 0xEF, 0xA0, 0x00, 0x00,
    0x0C, 0xFC, 0xEF, 0xA0, 0x00, 0x00, 0x0C, 0xFC, 0xEF, 0xA0, 0x00, 0x00, 0x0C, 0xFC, 0xEF, 0xA0,
    0x00, 0x00, 0x0C, 0xFC, 0xEF, 0xA0, 0x00, 0x00, 0x0C, 0xFC, 0xEF, 0xA0, 0x00, 0x00, 0x0C, 0xFC,
    0xEF, 0xA0, 0x00, 0x00, 0x0D, 0xFC, 0xEF, 0xF0, 0x00, 0x00, 0x0F, 0xFC, 0xEF, 0xF0, 0x00, 0x00,
    0x0F, 0xFC, 0xEF, 0xF0, 0x00, 0x00, 0x0F, 0xFC, 0xEF, 0xF2, 0x00, 0x00, 0x2F, 0xFC, 0xEF, 0xFD,
    0x41, 0x26, 0xEF, 0xFC, 0xEF, 0xFF, 0xFF, 0xFF, 0xEC, 0xFC, 0xEF, 0xB8, 0xDF, 0xEA, 0x29, 0xFC,
    0xEF, 0xA0, 0x00, 0x00, 0x00, 0x00, 0xEF, 0xA0, 0x00, 0x00, 0x00, 0x00, 0xEF, 0xA0, 0x00, 0x00,
    0x00, 0x00, 0xEF, 0xA0, 0x00, 0x00, 0x00, 0x00, 0xEF, 0xA0, 0x00, 0x00, 0x00, 0x00, 0xEF, 0xA0,
    0x00, 0x00, 0x00, 0x00, 0x5F, 0xF3, 0x00, 0x00, 0x00, 0xBF, 0xE0, 0x0F, 0xF8, 0x00, 0x00, 0x00,
    0xFF, 0x80, 0x0A, 0xFD, 0x00, 0x00, 0x05, 0xFF, 0x20, 0x04, 0xFF, 0x30, 0x00, 0x0A, 0xFD, 0x00,
    0x00, 0xEF, 0x80, 0x00, 0x0F, 0xF7, 0x00, 0x00, 0x9F, 0xD0, 0x00, 0x4F, 0xF1, 0x00, 0x00, 0x3F,
    0xF2, 0x00, 0x9F, 0xC0, 0x00, 0x00, 0x0D, 0xF8, 0x00, 0xEF, 0x60, 0x00, 0x00, 0x08, 0xFD, 0x03,
    0xFF, 0x10, 0x00, 0x00, 0x02, 0xFF, 0x29, 0xFA, 0x00, 0x00, 0x00, 0x00, 0xCF, 0x7E, 0xF5, 0x00,
    0x00, 0x00, 0x00, 0x7F, 0xFF, 0xF0, 0x00, 0x00, 0x00, 0x00, 0x1F, 0xFF, 0x90, 0x00, 0x00, 0x00,
    0x00, 0x0B, 0xFF, 0x40, 0x00, 0x00, 0x00, 0x00, 0x05, 0xFF, 0x00, 0x00, 0x00, 0x00, 0x01, 0x7C,
    0xEF, 0xFD, 0xB3, 0x00, 0x5F, 0xFF, 0xFF, 0xFF, 0xF4, 0x03, 0xFF, 0xE7, 0x31, 0x13, 0x61, 0x09,
    0xFF, 0x20, 0x00, 0x00, 0x00, 0x0A, 0xFD, 0x00, 0x00, 0x00, 0x00, 0x07, 0xFF, 0x30, 0x00, 0x00,
    0x00, 0x00, 0xBF, 0xE8, 0x31, 0x11, 0x00, 0x00, 0x07, 0xEF, 0xFF, 0xFF, 0x40, 0x00, 0x08, 0xEF,
    0xFF, 0xFF, 0x40, 0x01, 0xDF, 0xE7, 0x21, 0x00, 0x00, 0x0C, 0xFD, 0x10, 0x00, 0x00, 0x00, 0x4F,
    0xF4, 0x00, 0x00, 0x00, 0x00, 0x8F, 0xF0, 0x00, 0x00, 0x00, 0x00, 0x9F, 0xF0, 0x00, 0x00, 0x00,
    0x00, 0x8F, 0xF1, 0x00, 0x00, 0x00, 0x00, 0x4F, 0xF8, 0x00, 0x00, 0x00, 0x00, 0x0D, 0xFF, 0x60,
    0x00, 0x00, 0x00, 0x03, 0xEF, 0xFE, 0x83, 0x00, 0x00, 0x00, 0x1A, 0xFF, 0xFF, 0xFA, 0x40, 0x00,
    0x00, 0x15, 0xAE, 0xFF, 0xF6, 0x00, 0x00, 0x00, 0x00, 0x3E, 0xFC, 0x00, 0x00, 0x00, 0x00, 0x0A,
    0xFB, 0x00, 0x00, 0x00, 0x00, 0x1E, 0xF5, 0x00, 0x00, 0x00, 0x00, 0xBF, 0xB0, 0x00, 0x00, 0x00,
    0x00, 0x4C, 0x10, 0x00, 0x01, 0x8D, 0xFF, 0xD8, 0x10, 0x00, 0x00, 0x4F, 0xFF, 0xFF, 0xFF, 0xF4,
    0x00, 0x03, 0xFF, 0xE5, 0x22, 0x6E, 0xFF, 0x30, 0x0D, 0xFE, 0x10, 0x00, 0x01, 0xEF, 0xD0, 0x4F,
    0xF6, 0x00, 0x00, 0x00, 0x6F, 0xF3, 0x8F, 0xF0, 0x00, 0x00, 0x00, 0x1F, 0xF8, 0xAF, 0xD0, 0x00,
    0x00, 0x00, 0x0D, 0xFA, 0xBF, 0xC0, 0x00, 0x00, 0x00, 0x0D, 0xFB, 0xAF, 0xD0, 0x00, 0x00, 0x00,
    0x0D, 0xFA, 0x8F, 0xF0, 0x00, 0x00, 0x00, 0x0F, 0xF8, 0x4F, 0xF6, 0x00, 0x00, 0x00, 0x6F, 0xF3,
    0x0D, 0xFE, 0x10, 0x00, 0x01, 0xEF, 0xD0, 0x03, 0xFF, 0xE6, 0x22, 0x6E, 0xFF, 0x30, 0x00, 0x4F,
    0xFF, 0xFF, 0xFF, 0xF4, 0x00, 0x00, 0x01, 0x8D, 0xFF, 0xD8, 0x10, 0x00, 0x7F, 0xFF, 0xFF, 0xFF,
    0xFF, 0xFF, 0xFF, 0xF8, 0x07, 0xFF, 0xFF, 0xFF, 0xFF, 0xFF, 0xFF, 0xFF, 0x80, 0x01, 0x3F, 0xF8,
    0x11, 0x11, 0x3F, 0xF8, 0x10, 0x00, 0x02, 0xFF, 0x60, 0x00, 0x01, 0xFF, 0x60, 0x00, 0x00, 0x2F,
    0xF6, 0x00, 0x00, 0x1F, 0xF6, 0x00, 0x00, 0x02, 0xFF, 0x60, 0x00, 0x01, 0xFF, 0x60, 0x00, 0x00,
    0x2F, 0xF6, 0x00, 0x00, 0x1F, 0xF6, 0x00, 0x00, 0x02, 0xFF, 0x60, 0x00, 0x01, 0xFF, 0x60, 0x00,
    0x00, 0x2F, 0xF6, 0x00, 0x00, 0x1F, 0xF6, 0x00, 0x00, 0x02, 0xFF, 0x60, 0x00, 0x01, 0xFF, 0x60,
    0x00, 0x00, 0x2F, 0xF6, 0x00, 0x00, 0x1F, 0xF6, 0x00, 0x00, 0x02, 0xFF, 0x60, 0x00, 0x01, 0xFF,
    0x70, 0x00, 0x00, 0x2F, 0xF6, 0x00, 0x00, 0x0E, 0xFE, 0x43, 0x10, 0x02, 0xFF, 0x60, 0x00, 0x00,
    0x8F, 0xFF, 0xF4, 0x00, 0x2F, 0xF6, 0x00, 0x00, 0x00, 0x8E, 0xFE, 0x30, 0x00, 0x06, 0xCF, 0xFD,
    0x81, 0x00, 0x00, 0x0B, 0xFF, 0xFF, 0xFF, 0xE3, 0x00, 0x0A, 0xFF, 0x92, 0x26, 0xEF, 0xF1, 0x04,
    0xFF, 0x90, 0x00, 0x03, 0xFF, 0x90, 0xAF, 0xF1, 0x00, 0x00, 0x0B, 0xFF, 0x0D, 0xFC, 0x00, 0x00,
    0x00, 0x5F, 0xF3, 0xFF, 0xA0, 0x00, 0x00, 0x03, 0xFF, 0x5F, 0xF8, 0x00, 0x00, 0x00, 0x2F, 0xF6,
    0xFF, 0x80, 0x00, 0x00, 0x02, 0xFF, 0x6F, 0xF9, 0x00, 0x00, 0x00, 0x4F, 0xF5, 0xFF, 0xE0, 0x00,
    0x00, 0x09, 0xFF, 0x2F, 0xFF, 0x10, 0x00, 0x02, 0xFF, 0xC0, 0xFF, 0xFD, 0x52, 0x26, 0xEF, 0xF5,
    0x0F, 0xFD, 0xFF, 0xFF, 0xFF, 0xF8, 0x00, 0xFF, 0x82, 0x9D, 0xFE, 0xB4, 0x00, 0x0F, 0xF8, 0x00,
    0x00, 0x00, 0x00, 0x00, 0xFF, 0x80, 0x00, 0x00, 0x00, 0x00, 0x0F, 0xF8, 0x00, 0x00, 0x00, 0x00,
    0x00, 0xFF, 0x80, 0x00, 0x00, 0x00, 0x00, 0x0F, 0xF8, 0x00, 0x00, 0x00, 0x00, 0x00, 0xFF, 0x80,
    0x00, 0x00, 0x00, 0x00, 0x00, 0x00, 0x01, 0x8D, 0xFE, 0xC7, 0x10, 0x00, 0x04, 0xFF, 0xFF, 0xFF,
    0xFE, 0x20, 0x02, 0xFF, 0xE5, 0x12, 0x6E, 0xFE, 0x00, 0xBF, 0xE1, 0x00, 0x00, 0x4F, 0xF5, 0x2F,
    0xF8, 0x00, 0x00, 0x00, 0xEF, 0x86, 0xFF, 0x20, 0x00, 0x00, 0x00, 0x00, 0x9F, 0xF0, 0x00, 0x00,
    0x00, 0x00, 0x09, 0xFE, 0x00, 0x00, 0x00, 0x00, 0x00, 0x8F, 0xF0, 0x00, 0x00, 0x00, 0x00, 0x06,
    0xFF, 0x30, 0x00, 0x00, 0x00, 0x00, 0x2F, 0xFC, 0x00, 0x00, 0x00, 0x00, 0x00, 0xAF, 0xFB, 0x10,
    0x00, 0x00, 0x00, 0x00, 0xCF, 0xFF, 0x83, 0x00, 0x00, 0x00, 0x00, 0x9F, 0xFF, 0xFE, 0x92, 0x00,
    0x00, 0x00, 0x17, 0xCF, 0xFF, 0xF2, 0x00, 0x00, 0x00, 0x00, 0x17, 0xFF, 0x70, 0x00, 0x00, 0x00,
    0x00, 0x0E, 0xF7, 0x00, 0x00, 0x00, 0x00, 0x02, 0xFF, 0x20, 0x00, 0x00, 0x00, 0x00, 0xDF, 0x80,
    0x00, 0x00, 0x00, 0x00, 0x06, 0xA0, 0x00, 0x00, 0x01, 0x8D, 0xFF, 0xFF, 0xFF, 0xFF, 0xB0, 0x05,
    0xFF, 0xFF, 0xFF, 0xFF, 0xFF, 0xFB, 0x03, 0xFF, 0xD5, 0x24, 0x8F, 0xF6, 0x11, 0x10, 0xDF, 0xE1,
    0x00, 0x00, 0x2F, 0xF3, 0x00, 0x4F, 0xF6, 0x00, 0x00, 0x00, 0x8F, 0xC0, 0x08, 0xFF, 0x10, 0x00,
    0x00, 0x03, 0xFF, 0x30, 0x9F, 0xF0, 0x00, 0x00, 0x00, 0x1F, 0xF6, 0x0A, 0xFD, 0x00, 0x00, 0x00,
    0x00, 0xFF, 0x80, 0x9F, 0xF0, 0x00, 0x00, 0x00, 0x1F, 0xF8, 0x07, 0xFF, 0x10, 0x00, 0x00, 0x04,
    0xFF, 0x60, 0x3F, 0xF7, 0x00, 0x00, 0x00, 0x9F, 0xF1, 0x00, 0xCF, 0xE1, 0x00, 0x00, 0x3F, 0xFB,
    0x00, 0x03, 0xFF, 0xE5, 0x22, 0x6E, 0xFF, 0x20, 0x00, 0x04, 0xFF, 0xFF, 0xFF, 0xFE, 0x30, 0x00,
    0x00, 0x01, 0x8D, 0xFF, 0xD7, 0x00, 0x00, 0x00, 0xEF, 0xFF, 0xFF, 0xFF, 0xFF, 0xFF, 0x7E, 0xFF,
    0xFF, 0xFF, 0xFF, 0xFF, 0xF7, 0x00, 0x00, 0x3F, 0xF7, 0x00, 0x00, 0x00, 0x00, 0x02, 0xFF, 0x60,
    0x00, 0x00, 0x00, 0x00, 0x2F, 0xF6, 0x00, 0x00, 0x00, 0x00, 0x02, 0xFF, 0x60, 0x00, 0x00, 0x00,
    0x00, 0x2F, 0xF6, 0x00, 0x00, 0x00, 0x00, 0x02, 0xFF, 0x60, 0x00, 0x00, 0x00, 0x00, 0x2F, 0xF6,
    0x00, 0x00, 0x00, 0x00, 0x02, 0xFF, 0x60, 0x00, 0x00, 0x00, 0x00, 0x2F, 0xF6, 0x00, 0x00, 0x00,
    0x00, 0x01, 0xFF, 0x70, 0x00, 0x00, 0x00, 0x00, 0x0F, 0xFD, 0x34, 0x10, 0x00, 0x00, 0x00, 0x9F,
    0xFF, 0xF6, 0x00, 0x00, 0x00, 0x00, 0x9E, 0xFD, 0x40, 0x00, 0x0F, 0xF8, 0x00, 0x00, 0x2F, 0xF8,
    0x00, 0xFF, 0x80, 0x00, 0x00, 0xDF, 0xE0, 0x0F, 0xF8, 0x00, 0x00, 0x07, 0xFF, 0x30, 0xFF, 0x80,
    0x00, 0x00, 0x2F, 0xF7, 0x0F, 0xF8, 0x00, 0x00, 0x00, 0xFF, 0xA0, 0xFF, 0x80, 0x00, 0x00, 0x0C,
    0xFC, 0x0F, 0xF8, 0x00, 0x00, 0x00, 0xBF, 0xD0, 0xFF, 0x80, 0x00, 0x00, 0x0B, 0xFD, 0x0F, 0xF8,
    0x00, 0x00, 0x00, 0xDF, 0xC0, 0xFF, 0x80, 0x00, 0x00, 0x1F, 0xF9, 0x0E, 0xFA, 0x00, 0x00, 0x06,
    0xFF, 0x50, 0xAF, 0xE0, 0x00, 0x01, 0xEF, 0xE0, 0x04, 0xFF, 0xC3, 0x15, 0xEF, 0xF5, 0x00, 0x09,
    0xFF, 0xFF, 0xFF, 0xF6, 0x00, 0x00, 0x05, 0xBE, 0xFE, 0xA3, 0x00, 0x00, 0x00, 0x1B, 0x20, 0x00,
    0x2B, 0xFF, 0xC6, 0x00, 0x00, 0x01, 0xDF, 0xC0, 0x01, 0xEF, 0xFF, 0xFF, 0xC1, 0x00, 0x09, 0xFF,
    0x60, 0x06, 0xFF, 0x42, 0x7F, 0xFD, 0x00, 0x2F, 0xFB, 0x00, 0x08, 0xFF, 0x00, 0x04, 0xFF, 0x90,
    0x7F, 0xF3, 0x00, 0x08, 0xFF, 0x00, 0x00, 0xBF, 0xF0, 0xAF, 0xF0, 0x00, 0x08, 0xFF, 0x00, 0x00,
    0x4F, 0xF5, 0xCF, 0xD0, 0x00, 0x08, 0xFF, 0x00, 0x00, 0x0F, 0xF7, 0xCF, 0xC0, 0x00, 0x08, 0xFF,
    0x00, 0x00, 0x0F, 0xF8, 0xAF, 0xE0, 0x00, 0x08, 0xFF, 0x00, 0x00, 0x2F, 0xF7, 0x7F, 0xF3, 0x00,
    0x08, 0xFF, 0x00, 0x00, 0x7F, 0xF3, 0x2F, 0xFB, 0x00, 0x08, 0xFF, 0x00, 0x01, 0xEF, 0xE0, 0x0A,
    0xFF, 0x80, 0x08, 0xFF, 0x00, 0x1C, 0xFF, 0x60, 0x00, 0xDF, 0xFD, 0x6B, 0xFF, 0x48, 0xEF, 0xFA,
    0x00, 0x00, 0x1A, 0xFF, 0xFF, 0xFF, 0xFF, 0xFF, 0x70, 0x00, 0x00, 0x00, 0x38, 0xCF, 0xFF, 0xEB,
    0x71, 0x00, 0x00, 0x00, 0x00, 0x00, 0x08, 0xFF, 0x00, 0x00, 0x00, 0x00, 0x00, 0x00, 0x00, 0x08,
    0xFF, 0x00, 0x00, 0x00, 0x00, 0x00, 0x00, 0x00, 0x08, 0xFF, 0x00, 0x00, 0x00, 0x00, 0x00, 0x00,
    0x00, 0x08, 0xFF, 0x00, 0x00, 0x00, 0x00, 0x00, 0x00, 0x00, 0x08, 0xFF, 0x00, 0x00, 0x00, 0x00,
    0x00, 0x00, 0x00, 0x08, 0xFF, 0x00, 0x00, 0x00, 0x00, 0x00, 0x00, 0x00, 0x08, 0xFF, 0x00, 0x00,
    0x00, 0x00, 0xAF, 0xE7, 0x00, 0x00, 0x00, 0x7F, 0xF1, 0x0C, 0xFF, 0xF8, 0x00, 0x00, 0x0E, 0xF9,
    0x00, 0x23, 0xCF, 0xF2, 0x00, 0x07, 0xFF, 0x20, 0x00, 0x01, 0xEF, 0xA0, 0x00, 0xEF, 0xA0, 0x00,
    0x00, 0x07, 0xFF, 0x10, 0x6F, 0xF2, 0x00, 0x00, 0x00, 0x0F, 0xF8, 0x0D, 0xFB, 0x00, 0x00, 0x00,
    0x00, 0x9F, 0xE6, 0xFF, 0x30, 0x00, 0x00, 0x00, 0x02, 0xFF, 0xFF, 0xB0, 0x00, 0x00, 0x00, 0x00,
    0x0B, 0xFF, 0xF4, 0x00, 0x00, 0x00, 0x00, 0x00, 0x4F, 0xFF, 0x00, 0x00, 0x00, 0x00, 0x00, 0x04,
    0xFF, 0xF0, 0x00, 0x00, 0x00, 0x00, 0x00, 0xCF, 0xFF, 0x20, 0x00, 0x00, 0x00, 0x00, 0x4F, 0xFF,
    0xF9, 0x00, 0x00, 0x00, 0x00, 0x0B, 0xFD, 0x8F, 0xF0, 0x00, 0x00, 0x00, 0x03, 0xFF, 0x61, 0xFF,
    0x70, 0x00, 0x00, 0x00, 0xBF, 0xE0, 0x0A, 0xFD, 0x00, 0x00, 0x00, 0x3F, 0xF7, 0x00, 0x3F, 0xF5,
    0x00, 0x00, 0x0A, 0xFE, 0x00, 0x00, 0xCF, 0xD0, 0x00, 0x02, 0xFF, 0x80, 0x00, 0x04, 0xFF, 0xA4,
    0x20, 0xAF, 0xF1, 0x00, 0x00, 0x0A, 0xFF, 0xF5, 0x2F, 0xF9, 0x00, 0x00, 0x00, 0x09, 0xEE, 0x00,
    0xBF, 0xD0, 0x00, 0x0A, 0xFE, 0x00, 0x0A, 0xFF, 0x00, 0xBF, 0xD0, 0x00, 0x0A, 0xFE, 0x00, 0x05,
    0xFF, 0x60, 0xBF, 0xD0, 0x00, 0x0A, 0xFE, 0x00, 0x00, 0xEF, 0xB0, 0xBF, 0xD0, 0x00, 0x0A, 0xFE,
    0x00, 0x00, 0xAF, 0xF0, 0xBF, 0xD0, 0x00, 0x0A, 0xFE, 0x00, 0x00, 0x6F, 0xF3, 0xBF, 0xD0, 0x00,
    0x0A, 0xFE, 0x00, 0x00, 0x3F, 0xF4, 0xAF, 0xD0, 0x00, 0x0A, 0xFE, 0x00, 0x00, 0x2F, 0xF6, 0xAF,
    0xE0, 0x00, 0x0A, 0xFE, 0x00, 0x00, 0x2F, 0xF6, 0x8F, 0xF0, 0x00, 0x0A, 0xFE, 0x00, 0x00, 0x4F,
    0xF4, 0x5F, 0xF4, 0x00, 0x0A, 0xFE, 0x00, 0x00, 0x9F, 0xF1, 0x1F, 0xFB, 0x00, 0x0A, 0xFE, 0x00,
    0x02, 0xFF, 0xB0, 0x08, 0xFF, 0x80, 0x0A, 0xFE, 0x00, 0x2D, 0xFF, 0x40, 0x00, 0xCF, 0xFC, 0x6C,
    0xFF, 0x49, 0xFF, 0xF8, 0x00, 0x00, 0x0A, 0xFF, 0xFF, 0xFF, 0xFF, 0xFF, 0x60, 0x00, 0x00, 0x00,
    0x28, 0xCF, 0xFF, 0xDB, 0x71, 0x00, 0x00, 0x00, 0x00, 0x00, 0x0A, 0xFE, 0x00, 0x00, 0x00, 0x00,
    0x00, 0x00, 0x00, 0x0A, 0xFE, 0x00, 0x00, 0x00, 0x00, 0x00, 0x00, 0x00, 0x0A, 0xFE, 0x00, 0x00,
    0x00, 0x00, 0x00, 0x00, 0x00, 0x0A, 0xFE, 0x00, 0x00, 0x00, 0x00, 0x00, 0x00, 0x00, 0x0A, 0xFE,
    0x00, 0x00, 0x00, 0x00, 0x00, 0x00, 0x00, 0x0A, 0xFE, 0x00, 0x00, 0x00, 0x00, 0x00, 0xBF, 0xE0,
    0x00, 0x00, 0x00, 0x00, 0x00, 0xEF, 0xB0, 0x00, 0x3F, 0xF8, 0x00, 0x00, 0x00, 0x00, 0x00, 0x07,
    0xFF, 0x30, 0x08, 0xFF, 0x20, 0x00, 0x00, 0x00, 0x00, 0x00, 0x2F, 0xF9, 0x00, 0xDF, 0xC0, 0x00,
    0x00, 0x00, 0x00, 0x00, 0x00, 0xCF, 0xD0, 0x1F, 0xF8, 0x00, 0x00, 0x09, 0xFA, 0x00, 0x00, 0x08,
    0xFF, 0x13, 0xFF, 0x50, 0x00, 0x00, 0xCF, 0xC0, 0x00, 0x00, 0x5F, 0xF4, 0x4F, 0xF4, 0x00, 0x00,
    0x0C, 0xFC, 0x00, 0x00, 0x03, 0xFF, 0x54, 0xFF, 0x30, 0x00, 0x00, 0xCF, 0xC0, 0x00, 0x00, 0x3F,
    0xF5, 0x3F, 0xF4, 0x00, 0x00, 0x0C, 0xFC, 0x00, 0x00, 0x04, 0xFF, 0x42, 0xFF, 0x60, 0x00, 0x00,
    0xDF, 0xD0, 0x00, 0x00, 0x6F, 0xF2, 0x0E, 0xFA, 0x00, 0x00, 0x0F, 0xFF, 0x00, 0x00, 0x0A, 0xFE,
    0x00, 0x9F, 0xF1, 0x00, 0x06, 0xFF, 0xF6, 0x00, 0x01, 0xFF, 0xA0, 0x01, 0xFF, 0xD3, 0x26, 0xFF,
    0x5F, 0xF6, 0x23, 0xCF, 0xF2, 0x00, 0x06, 0xFF, 0xFF, 0xFF, 0x70, 0x7F, 0xFF, 0xFF, 0xF6, 0x00,
    0x00, 0x04, 0xCF, 0xFC, 0x50, 0x00, 0x5C, 0xFF, 0xB4, 0x00, 0x00, 0x00, 0x00, 0x00, 0x01, 0x00,
    0x5F, 0xE2, 0x00, 0x6F, 0xE1, 0x9F, 0xF5, 0x00, 0xAF, 0xF3, 0x2A, 0x90, 0x00, 0x3B, 0x80, 0x00,
    0x00, 0x00, 0x00, 0x00, 0x00, 0x00, 0x00, 0x00, 0x00, 0x00, 0x05, 0xFF, 0x30, 0x00, 0x00, 0x05,
    0xFF, 0x30, 0x00, 0x00, 0x05, 0xFF, 0x30, 0x00, 0x00, 0x05, 0xFF, 0x30, 0x00, 0x00, 0x05, 0xFF,
    0x30, 0x00, 0x00, 0x05, 0xFF, 0x30, 0x00, 0x00, 0x05, 0xFF, 0x30, 0x00, 0x00, 0x05, 0xFF, 0x30,
    0x00, 0x00, 0x05, 0xFF, 0x30, 0x00, 0x00, 0x05, 0xFF, 0x30, 0x00, 0x00, 0x05, 0xFF, 0x30, 0x00,
    0x00, 0x04, 0xFF, 0x40, 0x00, 0x00, 0x02, 0xFF, 0xB3, 0x30, 0x00, 0x00, 0xCF, 0xFF, 0xF0, 0x00,
    0x00, 0x1A, 0xEF, 0xD0, 0x00, 0x00, 0x00, 0x00, 0x01, 0x00, 0x00, 0x05, 0xFE, 0x20, 0x06, 0xFE,
    0x10, 0x00, 0x9F, 0xF5, 0x00, 0xAF, 0xF3, 0x00, 0x02, 0xA9, 0x00, 0x03, 0xB8, 0x00, 0x00, 0x00,
    0x00, 0x00, 0x00, 0x00, 0x00, 0x00, 0x00, 0x00, 0x00, 0x00, 0x00, 0x0F, 0xF8, 0x00, 0x00, 0x2F,
    0xF8, 0x00, 0xFF, 0x80, 0x00, 0x00, 0xDF, 0xE0, 0x0F, 0xF8, 0x00, 0x00, 0x07, 0xFF, 0x30, 0xFF,
    0x80, 0x00, 0x00, 0x2F, 0xF7, 0x0F, 0xF8, 0x00, 0x00, 0x00, 0xFF, 0xA0, 0xFF, 0x80, 0x00, 0x00,
    0x0C, 0xFC, 0x0F, 0xF8, 0x00, 0x00, 0x00, 0xBF, 0xD0, 0xFF, 0x80, 0x00, 0x00, 0x0B, 0xFD, 0x0F,
    0xF8, 0x00, 0x00, 0x00, 0xDF, 0xC0, 0xFF, 0x80, 0x00, 0x00, 0x1F, 0xF9, 0x0E, 0xFA, 0x00, 0x00,
    0x06, 0xFF, 0x50, 0xAF, 0xE0, 0x00, 0x01, 0xEF, 0xE0, 0x04, 0xFF, 0xC3, 0x15, 0xEF, 0xF5, 0x00,
    0x09, 0xFF, 0xFF, 0xFF, 0xF6, 0x00, 0x00, 0x05, 0xBE, 0xFE, 0xA3, 0x00, 0x00, 0x00, 0x00, 0x00,
    0xDF, 0x70, 0x00, 0x00, 0x00, 0x00, 0x00, 0xFF, 0x20, 0x00, 0x00, 0x00, 0x00, 0x01, 0xFD, 0x00,
    0x00, 0x00, 0x00, 0x00, 0x04, 0xF8, 0x00, 0x00, 0x00, 0x00, 0x00, 0x06, 0xF3, 0x00, 0x00, 0x00,
    0x00, 0x00, 0x00, 0x00, 0x00, 0x00, 0x00, 0x00, 0x00, 0x00, 0x00, 0x00, 0x00, 0x00, 0x00, 0x01,
    0x8D, 0xFF, 0xD8, 0x10, 0x00, 0x00, 0x4F, 0xFF, 0xFF, 0xFF, 0xF4, 0x00, 0x03, 0xFF, 0xE5, 0x22,
    0x6E, 0xFF, 0x30, 0x0D, 0xFE, 0x10, 0x00, 0x01, 0xEF, 0xD0, 0x4F, 0xF6, 0x00, 0x00, 0x00, 0x6F,
    0xF3, 0x8F, 0xF0, 0x00, 0x00, 0x00, 0x1F, 0xF8, 0xAF, 0xD0, 0x00, 0x00, 0x00, 0x0D, 0xFA, 0xBF,
    0xC0, 0x00, 0x00, 0x00, 0x0D, 0xFB, 0xAF, 0xD0, 0x00, 0x00, 0x00, 0x0D, 0xFA, 0x8F, 0xF0, 0x00,
    0x00, 0x00, 0x0F, 0xF8, 0x4F, 0xF6, 0x00, 0x00, 0x00, 0x6F, 0xF3, 0x0D, 0xFE, 0x10, 0x00, 0x01,
    0xEF, 0xD0, 0x03, 0xFF, 0xE6, 0x22, 0x6E, 0xFF, 0x30, 0x00, 0x4F, 0xFF, 0xFF, 0xFF, 0xF4, 0x00,
    0x00, 0x01, 0x8D, 0xFF, 0xD8, 0x10, 0x00, 0x00, 0x00, 0x00, 0xDF, 0x70, 0x00, 0x00, 0x00, 0x00,
    0x0F, 0xF2, 0x00, 0x00, 0x00, 0x00, 0x01, 0xFD, 0x00, 0x00, 0x00, 0x00, 0x00, 0x4F, 0x80, 0x00,
    0x00, 0x00, 0x00, 0x06, 0xF3, 0x00, 0x00, 0x00, 0x00, 0x00, 0x00, 0x00, 0x00, 0x00, 0x00, 0x00,
    0x00, 0x00, 0x00, 0x00, 0x00, 0xFF, 0x80, 0x00, 0x02, 0xFF, 0x80, 0x0F, 0xF8, 0x00, 0x00, 0x0D,
    0xFE, 0x00, 0xFF, 0x80, 0x00, 0x00, 0x7F, 0xF3, 0x0F, 0xF8, 0x00, 0x00, 0x02, 0xFF, 0x70, 0xFF,
    0x80, 0x00, 0x00, 0x0F, 0xFA, 0x0F, 0xF8, 0x00, 0x00, 0x00, 0xCF, 0xC0, 0xFF, 0x80, 0x00, 0x00,
    0x0B, 0xFD, 0x0F, 0xF8, 0x00, 0x00, 0x00, 0xBF, 0xD0, 0xFF, 0x80, 0x00, 0x00, 0x0D, 0xFC, 0x0F,
    0xF8, 0x00, 0x00, 0x01, 0xFF, 0x90, 0xEF, 0xA0, 0x00, 0x00, 0x6F, 0xF5, 0x0A, 0xFE, 0x00, 0x00,
    0x1E, 0xFE, 0x00, 0x4F, 0xFC, 0x31, 0x5E, 0xFF, 0x50, 0x00, 0x9F, 0xFF, 0xFF, 0xFF, 0x60, 0x00,
    0x00, 0x5B, 0xEF, 0xEA, 0x30, 0x00, 0x00, 0x00, 0x00, 0x00, 0x00, 0xDF, 0x70, 0x00, 0x00, 0x00,
    0x00, 0x00, 0x00, 0x00, 0x00, 0x0F, 0xF2, 0x00, 0x00, 0x00, 0x00, 0x00, 0x00, 0x00, 0x00, 0x01,
    0xFD, 0x00, 0x00, 0x00, 0x00, 0x00, 0x00, 0x00, 0x00, 0x00, 0x4F, 0x80, 0x00, 0x00, 0x00, 0x00,
    0x00, 0x00, 0x00, 0x00, 0x06, 0xF3, 0x00, 0x00, 0x00, 0x00, 0x00, 0x00, 0x00, 0x00, 0x00, 0x00,
    0x00, 0x00, 0x00, 0x00, 0x00, 0x00, 0x00, 0x00, 0x00, 0x00, 0x00, 0x00, 0x00, 0x00, 0x00, 0x00,
    0x0B, 0xFE, 0x00, 0x00, 0x00, 0x00, 0x00, 0x0E, 0xFB, 0x00, 0x03, 0xFF, 0x80, 0x00, 0x00, 0x00,
    0x00, 0x00, 0x7F, 0xF3, 0x00, 0x8F, 0xF2, 0x00, 0x00, 0x00, 0x00, 0x00, 0x02, 0xFF, 0x90, 0x0D,
    0xFC, 0x00, 0x00, 0x00, 0x00, 0x00, 0x00, 0x0C, 0xFD, 0x01, 0xFF, 0x80, 0x00, 0x00, 0x9F, 0xA0,
    0x00, 0x00, 0x8F, 0xF1, 0x3F, 0xF5, 0x00, 0x00, 0x0C, 0xFC, 0x00, 0x00, 0x05, 0xFF, 0x44, 0xFF,
    0x40, 0x00, 0x00, 0xCF, 0xC0, 0x00, 0x00, 0x3F, 0xF5, 0x4F, 0xF3, 0x00, 0x00, 0x0C, 0xFC, 0x00,
    0x00, 0x03, 0xFF, 0x53, 0xFF, 0x40, 0x00, 0x00, 0xCF, 0xC0, 0x00, 0x00, 0x4F, 0xF4, 0x2F, 0xF6,
    0x00, 0x00, 0x0D, 0xFD, 0x00, 0x00, 0x06, 0xFF, 0x20, 0xEF, 0xA0, 0x00, 0x00, 0xFF, 0xF0, 0x00,
    0x00, 0xAF, 0xE0, 0x09, 0xFF, 0x10, 0x00, 0x6F, 0xFF, 0x60, 0x00, 0x1F, 0xFA, 0x00, 0x1F, 0xFD,
    0x32, 0x6F, 0xF5, 0xFF, 0x62, 0x3C, 0xFF, 0x20, 0x00, 0x6F, 0xFF, 0xFF, 0xF7, 0x07, 0xFF, 0xFF,
    0xFF, 0x60, 0x00, 0x00, 0x4C, 0xFF, 0xC5, 0x00, 0x05, 0xCF, 0xFB, 0x40, 0x00, 0xDF, 0xBB, 0xBB,
    0xBB, 0xDF, 0x0A, 0xD0, 0x00, 0x00, 0x09, 0xE0, 0xA8, 0x50, 0x00, 0x01, 0xBB, 0x0A, 0x2B, 0x00,
    0x00, 0x75, 0xB0, 0xA1, 0x93, 0x00, 0x0C, 0x0B, 0x0A, 0x12, 0xA0, 0x04, 0x80, 0xB0, 0xA1, 0x0B,
    0x10, 0xB1, 0x0B, 0x0A, 0x10, 0x47, 0x2A, 0x00, 0xB0, 0xA1, 0x00, 0xC9, 0x30, 0x0B, 0x0A, 0x10,
    0x08, 0xF0, 0x00, 0xB0, 0xA1, 0x00, 0x7F, 0x00, 0x0B, 0x0A, 0x10, 0x0C, 0xA3, 0x00, 0xB0, 0xA1,
    0x04, 0x82, 0x90, 0x0B, 0x0A, 0x10, 0xA1, 0x0B, 0x10, 0xB0, 0xA1, 0x2A, 0x00, 0x57, 0x0B, 0x0A,
    0x18, 0x40, 0x00, 0xC0, 0xB0, 0xA2, 0xC0, 0x00, 0x07, 0x4B, 0x0A, 0x86, 0x00, 0x00, 0x1B, 0xB0,
    0xAD, 0x00, 0x00, 0x00, 0xAD, 0x0E, 0xFB, 0xBB, 0xBB, 0xBE, 0xF0, 0xDF, 0xBB, 0xBB, 0xBB, 0xDF,
    0x0A, 0xD0, 0x00, 0x00, 0x09, 0xE0, 0xA8, 0x50, 0x00, 0x01, 0xBB, 0x0A, 0x2B, 0x00, 0x00, 0x75,
    0xB0, 0xA1, 0x93, 0x00, 0x0C, 0x0B, 0x0A, 0x12, 0xA0, 0x04, 0x80, 0xB0, 0xA1, 0x0B, 0x10, 0xB1,
    0x0B, 0x0A, 0x10, 0x47, 0x2A, 0x00, 0xB0, 0xA1, 0x00, 0xC9, 0x30, 0x0B, 0x0A, 0x10, 0x08, 0xF0,
    0x00, 0xB0, 0xA1, 0x00, 0x7F, 0x00, 0x0B, 0x0A, 0x10, 0x0C, 0xA3, 0x00, 0xB0, 0xA1, 0x04, 0x82,
    0x90, 0x0B, 0x0A, 0x10, 0xA1, 0x0B, 0x10, 0xB0, 0xA1, 0x2A, 0x00, 0x57, 0x0B, 0x0A, 0x18, 0x40,
    0x00, 0xC0, 0xB0, 0xA2, 0xC0, 0x00, 0x07, 0x4B, 0x0A, 0x86, 0x00, 0x00, 0x1B, 0xB0, 0xAD, 0x00,
    0x00, 0x00, 0xAD, 0x0E, 0xFB, 0xBB, 0xBB, 0xBE, 0xF0, 0x00, 0x00, 0x04, 0xBE, 0xFC, 0x60, 0x00,
    0x00, 0x00, 0x05, 0xFF, 0xFF, 0xFF, 0x90, 0x00, 0x00, 0x00, 0xFF, 0xD4, 0x3B, 0xFF, 0x30, 0x00,
    0x00, 0x5F, 0xF4, 0x00, 0x1F, 0xF8, 0x00, 0x00, 0x06, 0xFF, 0x10, 0x00, 0xDF, 0xA0, 0x00, 0x00,
    0x6F, 0xF2, 0x00, 0x0D, 0xFB, 0x00, 0x00, 0x04, 0xFF, 0x50, 0x00, 0xDF, 0xB0, 0x00, 0x00, 0x0E,
    0xFD, 0x00, 0x0D, 0xFB, 0x00, 0x00, 0x00, 0x6F, 0xFB, 0x10, 0xDF, 0xB0, 0x05, 0xFF, 0x30, 0x9F,
    0xFE, 0x8F, 0xFE, 0x54, 0x5F, 0xF3, 0x00, 0x7F, 0xFF, 0xFF, 0xFF, 0x95, 0xFF, 0x30, 0x00, 0x16,
    0xBF, 0xFF, 0xD6, 0x5F, 0xF3, 0x00, 0x00, 0x00, 0xDF, 0xB0, 0x05, 0xFF, 0x30, 0x00, 0x00, 0x0D,
    0xFB, 0x00, 0x4F, 0xF4, 0x00, 0x00, 0x00, 0xDF, 0xA0, 0x01, 0xFF, 0x80, 0x00, 0x00, 0x0F, 0xF8,
    0x00, 0x0C, 0xFE, 0x10, 0x00, 0x07, 0xFF, 0x30, 0x00, 0x3F, 0xFE, 0x63, 0x38, 0xFF, 0xB0, 0x00,
    0x00, 0x6F, 0xFF, 0xFF, 0xFF, 0xD1, 0x00, 0x00, 0x00, 0x29, 0xDF, 0xEC, 0x70, 0x00, 0x00, 0x5E,
    0xFB, 0x20, 0x00, 0x00, 0x00, 0x1B, 0xEE, 0x54, 0xFF, 0xFD, 0x00, 0x00, 0x00, 0x0D, 0xFF, 0xF3,
    0x05, 0xAF, 0xF7, 0x00, 0x00, 0x06, 0xFF, 0xA5, 0x00, 0x00, 0xDF, 0xE0, 0x00, 0x00, 0xDF, 0xD0,
    0x00, 0x00, 0x05, 0xFF, 0x50, 0x00, 0x4F, 0xF5, 0x00, 0x00, 0x00, 0x0D, 0xFC, 0x00, 0x0C, 0xFD,
    0x00, 0x00, 0x00, 0x00, 0x6F, 0xF3, 0x03, 0xFF, 0x60, 0x00, 0x00, 0x00, 0x00, 0xEF, 0xA0, 0xAF,
    0xE0, 0x00, 0x00, 0x00, 0x00, 0x08, 0xFF, 0x3F, 0xF7, 0x00, 0x00, 0x00, 0x00, 0x00, 0x1F, 0xFF,
    0xFF, 0x10, 0x00, 0x00, 0x00, 0x00, 0x00, 0x9F, 0xFF, 0x90, 0x00, 0x00, 0x00, 0x00, 0x00, 0x02,
    0xFF, 0xF2, 0x00, 0x00, 0x00, 0x00, 0x00, 0x00, 0x0F, 0xFF, 0x00, 0x00, 0x00, 0x00, 0x00, 0x00,
    0x00, 0xDF, 0xD0, 0x00, 0x00, 0x00, 0x00, 0x00, 0x00, 0x0D, 0xFD, 0x00, 0x00, 0x00, 0x00, 0x00,
    0x00, 0x00, 0xDF, 0xD0, 0x00, 0x00, 0x00, 0x00, 0x00, 0x00, 0x0D, 0xFD, 0x00, 0x00, 0x00, 0x00,
    0x00, 0x00, 0x00, 0xDF, 0xD0, 0x00, 0x00, 0x00, 0x00, 0x00, 0x00, 0x0D, 0xFD, 0x00, 0x00, 0x00,
    0x00, 0x00, 0x00, 0x00, 0xDF, 0xD0, 0x00, 0x00, 0x00, 0x0D, 0xF7, 0x00, 0x00, 0x00, 0x00, 0x00,
    0x00, 0x00, 0x00, 0x0F, 0xF2, 0x00, 0x00, 0x00, 0x00, 0x00, 0x00, 0x00, 0x00, 0x1F, 0xD5, 0xEF,
    0xB2, 0x00, 0x00, 0x00, 0x01, 0xBE, 0xE5, 0x4F, 0x84, 0xFF, 0xFD, 0x00, 0x00, 0x00, 0x0D, 0xFF,
    0xF3, 0x6F, 0x30, 0x5A, 0xFF, 0x70, 0x00, 0x00, 0x6F, 0xFA, 0x50, 0x00, 0x00, 0x00, 0xDF, 0xE0,
    0x00, 0x00, 0xDF, 0xD0, 0x00, 0x00, 0x00, 0x00, 0x5F, 0xF5, 0x00, 0x04, 0xFF, 0x50, 0x00, 0x00,
    0x00, 0x00, 0x0D, 0xFC, 0x00, 0x0C, 0xFD, 0x00, 0x00, 0x00, 0x00, 0x00, 0x06, 0xFF, 0x30, 0x3F,
    0xF6, 0x00, 0x00, 0x00, 0x00, 0x00, 0x00, 0xEF, 0xA0, 0xAF, 0xE0, 0x00, 0x00, 0x00, 0x00, 0x00,
    0x00, 0x8F, 0xF3, 0xFF, 0x70, 0x00, 0x00, 0x00, 0x00, 0x00, 0x00, 0x1F, 0xFF, 0xFF, 0x10, 0x00,
    0x00, 0x00, 0x00, 0x00, 0x00, 0x09, 0xFF, 0xF9, 0x00, 0x00, 0x00, 0x00, 0x00, 0x00, 0x00, 0x02,
    0xFF, 0xF2, 0x00, 0x00, 0x00, 0x00, 0x00, 0x00, 0x00, 0x00, 0xFF, 0xF0, 0x00, 0x00, 0x00, 0x00,
    0x00, 0x00, 0x00, 0x00, 0xDF, 0xD0, 0x00, 0x00, 0x00, 0x00, 0x00, 0x00, 0x00, 0x00, 0xDF, 0xD0,
    0x00, 0x00, 0x00, 0x00, 0x00, 0x00, 0x00, 0x00, 0xDF, 0xD0, 0x00, 0x00, 0x00, 0x00, 0x00, 0x00,
    0x00, 0x00, 0xDF, 0xD0, 0x00, 0x00, 0x00, 0x00, 0x00, 0x00, 0x00, 0x00, 0xDF, 0xD0, 0x00, 0x00,
    0x00, 0x00, 0x00, 0x00, 0x00, 0x00, 0xDF, 0xD0, 0x00, 0x00, 0x00, 0x00, 0x00, 0x00, 0x00, 0x00,
    0xDF, 0xD0, 0x00, 0x00, 0x00, 0xDF, 0xBB, 0xBB, 0xBB, 0xDF, 0x0A, 0xD0, 0x00, 0x00, 0x09, 0xE0,
    0xA8, 0x50, 0x00, 0x01, 0xBB, 0x0A, 0x2B, 0x00, 0x00, 0x75, 0xB0, 0xA1, 0x93, 0x00, 0x0C, 0x0B,
    0x0A, 0x12, 0xA0, 0x04, 0x80, 0xB0, 0xA1, 0x0B, 0x10, 0xB1, 0x0B, 0x0A, 0x10, 0x47, 0x2A, 0x00,
    0xB0, 0xA1, 0x00, 0xC9, 0x30, 0x0B, 0x0A, 0x10, 0x08, 0xF0, 0x00, 0xB0, 0xA1, 0x00, 0x7F, 0x00,
    0x0B, 0x0A, 0x10, 0x0C, 0xA3, 0x00, 0xB0, 0xA1, 0x04, 0x82, 0x90, 0x0B, 0x0A, 0x10, 0xA1, 0x0B,
    0x10, 0xB0, 0xA1, 0x2A, 0x00, 0x57, 0x0B, 0x0A, 0x18, 0x40, 0x00, 0xC0, 0xB0, 0xA2, 0xC0, 0x00,
    0x07, 0x4B, 0x0A, 0x86, 0x00, 0x00, 0x1B, 0xB0, 0xAD, 0x00, 0x00, 0x00, 0xAD, 0x0E, 0xFB, 0xBB,
    0xBB, 0xBE, 0xF0, 0xDF, 0xBB, 0xBB, 0xBB, 0xDF, 0x0A, 0xD0, 0x00, 0x00, 0x09, 0xE0, 0xA8, 0x50,
    0x00, 0x01, 0xBB, 0x0A, 0x2B, 0x00, 0x00, 0x75, 0xB0, 0xA1, 0x93, 0x00, 0x0C, 0x0B, 0x0A, 0x12,
    0xA0, 0x04, 0x80, 0xB0, 0xA1, 0x0B, 0x10, 0xB1, 0x0B, 0x0A, 0x10, 0x47, 0x2A, 0x00, 0xB0, 0xA1,
    0x00, 0xC9, 0x30, 0x0B, 0x0A, 0x10, 0x08, 0xF0, 0x00, 0xB0, 0xA1, 0x00, 0x7F, 0x00, 0x0B, 0x0A,
    0x10, 0x0C, 0xA3, 0x00, 0xB0, 0xA1, 0x04, 0x82, 0x90, 0x0B, 0x0A, 0x10, 0xA1, 0x0B, 0x10, 0xB0,
    0xA1, 0x2A, 0x00, 0x57, 0x0B, 0x0A, 0x18, 0x40, 0x00, 0xC0, 0xB0, 0xA2, 0xC0, 0x00, 0x07, 0x4B,
    0x0A, 0x86, 0x00, 0x00, 0x1B, 0xB0, 0xAD, 0x00, 0x00, 0x00, 0xAD, 0x0E, 0xFB, 0xBB, 0xBB, 0xBE,
    0xF0, 0xFF, 0xFF, 0xFF, 0xFF, 0xFF, 0xFF, 0xFF, 0xFF, 0xFF, 0xFF, 0x6F, 0xFF, 0xFF, 0xFF, 0xFF,
    0xFF, 0xFF, 0xFF, 0xFF, 0xFF, 0xF6, 0x19, 0xFF, 0x41, 0x11, 0x11, 0x11, 0x11, 0x13, 0xFF, 0xA1,
    0x00, 0xCF, 0xD0, 0x00, 0x00, 0x00, 0x00, 0x00, 0x0C, 0xFE, 0x00, 0x0F, 0xF9, 0x00, 0x00, 0x03,
    0x30, 0x00, 0x00, 0x8F, 0xF2, 0x03, 0xFF, 0x60, 0x00, 0x03, 0xFF, 0x50, 0x00, 0x04, 0xFF, 0x40,
    0x4F, 0xF5, 0x00, 0x00, 0x3F, 0xF5, 0x00, 0x00, 0x3F, 0xF5, 0x04, 0xFF, 0x40, 0x00, 0x03, 0xFF,
    0x50, 0x00, 0x02, 0xFF, 0x50, 0x2F, 0xF5, 0x00, 0x00, 0x3F, 0xF5, 0x00, 0x00, 0x3F, 0xF4, 0x01,
    0xFF, 0x70, 0x00, 0x04, 0xFF, 0x60, 0x00, 0x05, 0xFF, 0x30, 0x0D, 0xFA, 0x00, 0x00, 0x7F, 0xF9,
    0x00, 0x00, 0x8F, 0xF0, 0x00, 0x9F, 0xF0, 0x00, 0x0D, 0xFF, 0xE0, 0x00, 0x0E, 0xFB, 0x00, 0x02,
    0xFF, 0xB2, 0x3B, 0xFB, 0x9F, 0xC4, 0x19, 0xFF, 0x30, 0x00, 0x08, 0xFF, 0xFF, 0xFE, 0x11, 0xDF,
    0xFF, 0xFF, 0xA0, 0x00, 0x00, 0x06, 0xDF, 0xE9, 0x10, 0x01, 0x9E, 0xFD, 0x70, 0x00, 0x00, 0xDF,
    0xBB, 0xBB, 0xBB, 0xDF, 0x0A, 0xD0, 0x00, 0x00, 0x09, 0xE0, 0xA8, 0x50, 0x00, 0x01, 0xBB, 0x0A,
    0x2B, 0x00, 0x00, 0x75, 0xB0, 0xA1, 0x93, 0x00, 0x0C, 0x0B, 0x0A, 0x12, 0xA0, 0x04, 0x80, 0xB0,
    0xA1, 0x0B, 0x10, 0xB1, 0x0B, 0x0A, 0x10, 0x47, 0x2A, 0x00, 0xB0, 0xA1, 0x00, 0xC9, 0x30, 0x0B,
    0x0A, 0x10, 0x08, 0xF0, 0x00, 0xB0, 0xA1, 0x00, 0x7F, 0x00, 0x0B, 0x0A, 0x10, 0x0C, 0xA3, 0x00,
    0xB0, 0xA1, 0x04, 0x82, 0x90, 0x0B, 0x0A, 0x10, 0xA1, 0x0B, 0x10, 0xB0, 0xA1, 0x2A, 0x00, 0x57,
    0x0B, 0x0A, 0x18, 0x40, 0x00, 0xC0, 0xB0, 0xA2, 0xC0, 0x00, 0x07, 0x4B, 0x0A, 0x86, 0x00, 0x00,
    0x1B, 0xB0, 0xAD, 0x00, 0x00, 0x00, 0xAD, 0x0E, 0xFB, 0xBB, 0xBB, 0xBE, 0xF0, 0xDF, 0xBB, 0xBB,
    0xBB, 0xDF, 0x0A, 0xD0, 0x00, 0x00, 0x09, 0xE0, 0xA8, 0x50, 0x00, 0x01, 0xBB, 0x0A, 0x2B, 0x00,
    0x00, 0x75, 0xB0, 0xA1, 0x93, 0x00, 0x0C, 0x0B, 0x0A, 0x12, 0xA0, 0x04, 0x80, 0xB0, 0xA1, 0x0B,
    0x10, 0xB1, 0x0B, 0x0A, 0x10, 0x47, 0x2A, 0x00, 0xB0, 0xA1, 0x00, 0xC9, 0x30, 0x0B, 0x0A, 0x10,
    0x08, 0xF0, 0x00, 0xB0, 0xA1, 0x00, 0x7F, 0x00, 0x0B, 0x0A, 0x10, 0x0C, 0xA3, 0x00, 0xB0, 0xA1,
    0x04, 0x82, 0x90, 0x0B, 0x0A, 0x10, 0xA1, 0x0B, 0x10, 0xB0, 0xA1, 0x2A, 0x00, 0x57, 0x0B, 0x0A,
    0x18, 0x40, 0x00, 0xC0, 0xB0, 0xA2, 0xC0, 0x00, 0x07, 0x4B, 0x0A, 0x86, 0x00, 0x00, 0x1B, 0xB0,
    0xAD, 0x00, 0x00, 0x00, 0xAD, 0x0E, 0xFB, 0xBB, 0xBB, 0xBE, 0xF0, 0xDF, 0xBB, 0xBB, 0xBB, 0xDF,
    0x0A, 0xD0, 0x00, 0x00, 0x09, 0xE0, 0xA8, 0x50, 0x00, 0x01, 0xBB, 0x0A, 0x2B, 0x00, 0x00, 0x75,
    0xB0, 0xA1, 0x93, 0x00, 0x0C, 0x0B, 0x0A, 0x12, 0xA0, 0x04, 0x80, 0xB0, 0xA1, 0x0B, 0x10, 0xB1,
    0x0B, 0x0A, 0x10, 0x47, 0x2A, 0x00, 0xB0, 0xA1, 0x00, 0xC9, 0x30, 0x0B, 0x0A, 0x10, 0x08, 0xF0,
    0x00, 0xB0, 0xA1, 0x00, 0x7F, 0x00, 0x0B, 0x0A, 0x10, 0x0C, 0xA3, 0x00, 0xB0, 0xA1, 0x04, 0x82,
    0x90, 0x0B, 0x0A, 0x10, 0xA1, 0x0B, 0x10, 0xB0, 0xA1, 0x2A, 0x00, 0x57, 0x0B, 0x0A, 0x18, 0x40,
    0x00, 0xC0, 0xB0, 0xA2, 0xC0, 0x00, 0x07, 0x4B, 0x0A, 0x86, 0x00, 0x00, 0x1B, 0xB0, 0xAD, 0x00,
    0x00, 0x00, 0xAD, 0x0E, 0xFB, 0xBB, 0xBB, 0xBE, 0xF0, 0xDF, 0xBB, 0xBB, 0xBB, 0xDF, 0x0A, 0xD0,
    0x00, 0x00, 0x09, 0xE0, 0xA8, 0x50, 0x00, 0x01, 0xBB, 0x0A, 0x2B, 0x00, 0x00, 0x75, 0xB0, 0xA1,
    0x93, 0x00, 0x0C, 0x0B, 0x0A, 0x12, 0xA0, 0x04, 0x80, 0xB0, 0xA1, 0x0B, 0x10, 0xB1, 0x0B, 0x0A,
    0x10, 0x47, 0x2A, 0x00, 0xB0, 0xA1, 0x00, 0xC9, 0x30, 0x0B, 0x0A, 0x10, 0x08, 0xF0, 0x00, 0xB0,
    0xA1, 0x00, 0x7F, 0x00, 0x0B, 0x0A, 0x10, 0x0C, 0xA3, 0x00, 0xB0, 0xA1, 0x04, 0x82, 0x90, 0x0B,
    0x0A, 0x10, 0xA1, 0x0B, 0x10, 0xB0, 0xA1, 0x2A, 0x00, 0x57, 0x0B, 0x0A, 0x18, 0x40, 0x00, 0xC0,
    0xB0, 0xA2, 0xC0, 0x00, 0x07, 0x4B, 0x0A, 0x86, 0x00, 0x00, 0x1B, 0xB0, 0xAD, 0x00, 0x00, 0x00,
    0xAD, 0x0E, 0xFB, 0xBB, 0xBB, 0xBE, 0xF0, 0xDF, 0xBB, 0xBB, 0xBB, 0xDF, 0x0A, 0xD0, 0x00, 0x00,
    0x09, 0xE0, 0xA8, 0x50, 0x00, 0x01, 0xBB, 0x0A, 0x2B, 0x00, 0x00, 0x75, 0xB0, 0xA1, 0x93, 0x00,
    0x0C, 0x0B, 0x0A, 0x12, 0xA0, 0x04, 0x80, 0xB0, 0xA1, 0x0B, 0x10, 0xB1, 0x0B, 0x0A, 0x10, 0x47,
    0x2A, 0x00, 0xB0, 0xA1, 0x00, 0xC9, 0x30, 0x0B, 0x0A, 0x10, 0x08, 0xF0, 0x00, 0xB0, 0xA1, 0x00,
    0x7F, 0x00, 0x0B, 0x0A, 0x10, 0x0C, 0xA3, 0x00, 0xB0, 0xA1, 0x04, 0x82, 0x90, 0x0B, 0x0A, 0x10,
    0xA1, 0x0B, 0x10, 0xB0, 0xA1, 0x2A, 0x00, 0x57, 0x0B, 0x0A, 0x18, 0x40, 0x00, 0xC0, 0xB0, 0xA2,
    0xC0, 0x00, 0x07, 0x4B, 0x0A, 0x86, 0x00, 0x00, 0x1B, 0xB0, 0xAD, 0x00, 0x00, 0x00, 0xAD, 0x0E,
    0xFB, 0xBB, 0xBB, 0xBE, 0xF0, 0xDF, 0xBB, 0xBB, 0xBB, 0xDF, 0x0A, 0xD0, 0x00, 0x00, 0x09, 0xE0,
    0xA8, 0x50, 0x00, 0x01, 0xBB, 0x0A, 0x2B, 0x00, 0x00, 0x75, 0xB0, 0xA1, 0x93, 0x00, 0x0C, 0x0B,
    0x0A, 0x12, 0xA0, 0x04, 0x80, 0xB0, 0xA1, 0x0B, 0x10, 0xB1, 0x0B, 0x0A, 0x10, 0x47, 0x2A, 0x00,
    0xB0, 0xA1, 0x00, 0xC9, 0x30, 0x0B, 0x0A, 0x10, 0x08, 0xF0, 0x00, 0xB0, 0xA1, 0x00, 0x7F, 0x00,
    0x0B, 0x0A, 0x10, 0x0C, 0xA3, 0x00, 0xB0, 0xA1, 0x04, 0x82, 0x90, 0x0B, 0x0A, 0x10, 0xA1, 0x0B,
    0x10, 0xB0, 0xA1, 0x2A, 0x00, 0x57, 0x0B, 0x0A, 0x18, 0x40, 0x00, 0xC0, 0xB0, 0xA2, 0xC0, 0x00,
    0x07, 0x4B, 0x0A, 0x86, 0x00, 0x00, 0x1B, 0xB0, 0xAD, 0x00, 0x00, 0x00, 0xAD, 0x0E, 0xFB, 0xBB,
    0xBB, 0xBE, 0xF0, 0xDF, 0xBB, 0xBB, 0xBB, 0xDF, 0x0A, 0xD0, 0x00, 0x00, 0x09, 0xE0, 0xA8, 0x50,
    0x00, 0x01, 0xBB, 0x0A, 0x2B, 0x00, 0x00, 0x75, 0xB0, 0xA1, 0x93, 0x00, 0x0C, 0x0B, 0x0A, 0x12,
    0xA0, 0x04, 0x80, 0xB0, 0xA1, 0x0B, 0x10, 0xB1, 0x0B, 0x0A, 0x10, 0x47, 0x2A, 0x00, 0xB0, 0xA1,
    0x00, 0xC9, 0x30, 0x0B, 0x0A, 0x10, 0x08, 0xF0, 0x00, 0xB0, 0xA1, 0x00, 0x7F, 0x00, 0x0B, 0x0A,
    0x10, 0x0C, 0xA3, 0x00, 0xB0, 0xA1, 0x04, 0x82, 0x90, 0x0B, 0x0A, 0x10, 0xA1, 0x0B, 0x10, 0xB0,
    0xA1, 0x2A, 0x00, 0x57, 0x0B, 0x0A, 0x18, 0x40, 0x00, 0xC0, 0xB0, 0xA2, 0xC0, 0x00, 0x07, 0x4B,
    0x0A, 0x86, 0x00, 0x00, 0x1B, 0xB0, 0xAD, 0x00, 0x00, 0x00, 0xAD, 0x0E, 0xFB, 0xBB, 0xBB, 0xBE,
    0xF0, 0xDF, 0xBB, 0xBB, 0xBB, 0xDF, 0x0A, 0xD0, 0x00, 0x00, 0x09, 0xE0, 0xA8, 0x50, 0x00, 0x01,
    0xBB, 0x0A, 0x2B, 0x00, 0x00, 0x75, 0xB0, 0xA1, 0x93, 0x00, 0x0C, 0x0B, 0x0A, 0x12, 0xA0, 0x04,
    0x80, 0xB0, 0xA1, 0x0B, 0x10, 0xB1, 0x0B, 0x0A, 0x10, 0x47, 0x2A, 0x00, 0xB0, 0xA1, 0x00, 0xC9,
    0x30, 0x0B, 0x0A, 0x10, 0x08, 0xF0, 0x00, 0xB0, 0xA1, 0x00, 0x7F, 0x00, 0x0B, 0x0A, 0x10, 0x0C,
    0xA3, 0x00, 0xB0, 0xA1, 0x04, 0x82, 0x90, 0x0B, 0x0A, 0x10, 0xA1, 0x0B, 0x10, 0xB0, 0xA1, 0x2A,
    0x00, 0x57, 0x0B, 0x0A, 0x18, 0x40, 0x00, 0xC0, 0xB0, 0xA2, 0xC0, 0x00, 0x07, 0x4B, 0x0A, 0x86,
    0x00, 0x00, 0x1B, 0xB0, 0xAD, 0x00, 0x00, 0x00, 0xAD, 0x0E, 0xFB, 0xBB, 0xBB, 0xBE, 0xF0, 0xDF,
    0xBB, 0xBB, 0xBB, 0xDF, 0x0A, 0xD0, 0x00, 0x00, 0x09, 0xE0, 0xA8, 0x50, 0x00, 0x01, 0xBB, 0x0A,
    0x2B, 0x00, 0x00, 0x75, 0xB0, 0xA1, 0x93, 0x00, 0x0C, 0x0B, 0x0A, 0x12, 0xA0, 0x04, 0x80, 0xB0,
    0xA1, 0x0B, 0x10, 0xB1, 0x0B, 0x0A, 0x10, 0x47, 0x2A, 0x00, 0xB0, 0xA1, 0x00, 0xC9, 0x30, 0x0B,
    0x0A, 0x10, 0x08, 0xF0, 0x00, 0xB0, 0xA1, 0x00, 0x7F, 0x00, 0x0B, 0x0A, 0x10, 0x0C, 0xA3, 0x00,
    0xB0, 0xA1, 0x04, 0x82, 0x90, 0x0B, 0x0A, 0x10, 0xA1, 0x0B, 0x10, 0xB0, 0xA1, 0x2A, 0x00, 0x57,
    0x0B, 0x0A, 0x18, 0x40, 0x00, 0xC0, 0xB0, 0xA2, 0xC0, 0x00, 0x07, 0x4B, 0x0A, 0x86, 0x00, 0x00,
    0x1B, 0xB0, 0xAD, 0x00, 0x00, 0x00, 0xAD, 0x0E, 0xFB, 0xBB, 0xBB, 0xBE, 0xF0, 0xDF, 0xBB, 0xBB,
    0xBB, 0xDF, 0x0A, 0xD0, 0x00, 0x00, 0x09, 0xE0, 0xA8, 0x50, 0x00, 0x01, 0xBB, 0x0A, 0x2B, 0x00,
    0x00, 0x75, 0xB0, 0xA1, 0x93, 0x00, 0x0C, 0x0B, 0x0A, 0x12, 0xA0, 0x04, 0x80, 0xB0, 0xA1, 0x0B,
    0x10, 0xB1, 0x0B, 0x0A, 0x10, 0x47, 0x2A, 0x00, 0xB0, 0xA1, 0x00, 0xC9, 0x30, 0x0B, 0x0A, 0x10,
    0x08, 0xF0, 0x00, 0xB0, 0xA1, 0x00, 0x7F, 0x00, 0x0B, 0x0A, 0x10, 0x0C, 0xA3, 0x00, 0xB0, 0xA1,
    0x04, 0x82, 0x90, 0x0B, 0x0A, 0x10, 0xA1, 0x0B, 0x10, 0xB0, 0xA1, 0x2A, 0x00, 0x57, 0x0B, 0x0A,
    0x18, 0x40, 0x00, 0xC0, 0xB0, 0xA2, 0xC0, 0x00, 0x07, 0x4B, 0x0A, 0x86, 0x00, 0x00, 0x1B, 0xB0,
    0xAD, 0x00, 0x00, 0x00, 0xAD, 0x0E, 0xFB, 0xBB, 0xBB, 0xBE, 0xF0, 0xDF, 0xBB, 0xBB, 0xBB, 0xDF,
    0x0A, 0xD0, 0x00, 0x00, 0x09, 0xE0, 0xA8, 0x50, 0x00, 0x01, 0xBB, 0x0A, 0x2B, 0x00, 0x00, 0x75,
    0xB0, 0xA1, 0x93, 0x00, 0x0C, 0x0B, 0x0A, 0x12, 0xA0, 0x04, 0x80, 0xB0, 0xA1, 0x0B, 0x10, 0xB1,
    0x0B, 0x0A, 0x10, 0x47, 0x2A, 0x00, 0xB0, 0xA1, 0x00, 0xC9, 0x30, 0x0B, 0x0A, 0x10, 0x08, 0xF0,
    0x00, 0xB0, 0xA1, 0x00, 0x7F, 0x00, 0x0B, 0x0A, 0x10, 0x0C, 0xA3, 0x00, 0xB0, 0xA1, 0x04, 0x82,
    0x90, 0x0B, 0x0A, 0x10, 0xA1, 0x0B, 0x10, 0xB0, 0xA1, 0x2A, 0x00, 0x57, 0x0B, 0x0A, 0x18, 0x40,
    0x00, 0xC0, 0xB0, 0xA2, 0xC0, 0x00, 0x07, 0x4B, 0x0A, 0x86, 0x00, 0x00, 0x1B, 0xB0, 0xAD, 0x00,
    0x00, 0x00, 0xAD, 0x0E, 0xFB, 0xBB, 0xBB, 0xBE, 0xF0, 0xDF, 0xBB, 0xBB, 0xBB, 0xDF, 0x0A, 0xD0,
    0x00, 0x00, 0x09, 0xE0, 0xA8, 0x50, 0x00, 0x01, 0xBB, 0x0A, 0x2B, 0x00, 0x00, 0x75, 0xB0, 0xA1,
    0x93, 0x00, 0x0C, 0x0B, 0x0A, 0x12, 0xA0, 0x04, 0x80, 0xB0, 0xA1, 0x0B, 0x10, 0xB1, 0x0B, 0x0A,
    0x10, 0x47, 0x2A, 0x00, 0xB0, 0xA1, 0x00, 0xC9, 0x30, 0x0B, 0x0A, 0x10, 0x08, 0xF0, 0x00, 0xB0,
    0xA1, 0x00, 0x7F, 0x00, 0x0B, 0x0A, 0x10, 0x0C, 0xA3, 0x00, 0xB0, 0xA1, 0x04, 0x82, 0x90, 0x0B,
    0x0A, 0x10, 0xA1, 0x0B, 0x10, 0xB0, 0xA1, 0x2A, 0x00, 0x57, 0x0B, 0x0A, 0x18, 0x40, 0x00, 0xC0,
    0xB0, 0xA2, 0xC0, 0x00, 0x07, 0x4B, 0x0A, 0x86, 0x00, 0x00, 0x1B, 0xB0, 0xAD, 0x00, 0x00, 0x00,
    0xAD, 0x0E, 0xFB, 0xBB, 0xBB, 0xBE, 0xF0, 0xDF, 0xBB, 0xBB, 0xBB, 0xDF, 0x0A, 0xD0, 0x00, 0x00,
    0x09, 0xE0, 0xA8, 0x50, 0x00, 0x01, 0xBB, 0x0A, 0x2B, 0x00, 0x00, 0x75, 0xB0, 0xA1, 0x93, 0x00,
    0x0C, 0x0B, 0x0A, 0x12, 0xA0, 0x04, 0x80, 0xB0, 0xA1, 0x0B, 0x10, 0xB1, 0x0B, 0x0A, 0x10, 0x47,
    0x2A, 0x00, 0xB0, 0xA1, 0x00, 0xC9, 0x30, 0x0B, 0x0A, 0x10, 0x08, 0xF0, 0x00, 0xB0, 0xA1, 0x00,
    0x7F, 0x00, 0x0B, 0x0A, 0x10, 0x0C, 0xA3, 0x00, 0xB0, 0xA1, 0x04, 0x82, 0x90, 0x0B, 0x0A, 0x10,
    0xA1, 0x0B, 0x10, 0xB0, 0xA1, 0x2A, 0x00, 0x57, 0x0B, 0x0A, 0x18, 0x40, 0x00, 0xC0, 0xB0, 0xA2,
    0xC0, 0x00, 0x07, 0x4B, 0x0A, 0x86, 0x00, 0x00, 0x1B, 0xB0, 0xAD, 0x00, 0x00, 0x00, 0xAD, 0x0E,
    0xFB, 0xBB, 0xBB, 0xBE, 0xF0, 0xDF, 0xBB, 0xBB, 0xBB, 0xDF, 0x0A, 0xD0, 0x00, 0x00, 0x09, 0xE0,
    0xA8, 0x50, 0x00, 0x01, 0xBB, 0x0A, 0x2B, 0x00, 0x00, 0x75, 0xB0, 0xA1, 0x93, 0x00, 0x0C, 0x0B,
    0x0A, 0x12, 0xA0, 0x04, 0x80, 0xB0, 0xA1, 0x0B, 0x10, 0xB1, 0x0B, 0x0A, 0x10, 0x47, 0x2A, 0x00,
    0xB0, 0xA1, 0x00, 0xC9, 0x30, 0x0B, 0x0A, 0x10, 0x08, 0xF0, 0x00, 0xB0, 0xA1, 0x00, 0x7F, 0x00,
    0x0B, 0x0A, 0x10, 0x0C, 0xA3, 0x00, 0xB0, 0xA1, 0x04, 0x82, 0x90, 0x0B, 0x0A, 0x10, 0xA1, 0x0B,
    0x10, 0xB0, 0xA1, 0x2A, 0x00, 0x57, 0x0B, 0x0A, 0x18, 0x40, 0x00, 0xC0, 0xB0, 0xA2, 0xC0, 0x00,
    0x07, 0x4B, 0x0A, 0x86, 0x00, 0x00, 0x1B, 0xB0, 0xAD, 0x00, 0x00, 0x00, 0xAD, 0x0E, 0xFB, 0xBB,
    0xBB, 0xBE, 0xF0, 0xDF, 0xBB, 0xBB, 0xBB, 0xDF, 0x0A, 0xD0, 0x00, 0x00, 0x09, 0xE0, 0xA8, 0x50,
    0x00, 0x01, 0xBB, 0x0A, 0x2B, 0x00, 0x00, 0x75, 0xB0, 0xA1, 0x93, 0x00, 0x0C, 0x0B, 0x0A, 0x12,
    0xA0, 0x04, 0x80, 0xB0, 0xA1, 0x0B, 0x10, 0xB1, 0x0B, 0x0A, 0x10, 0x47, 0x2A, 0x00, 0xB0, 0xA1,
    0x00, 0xC9, 0x30, 0x0B, 0x0A, 0x10, 0x08, 0xF0, 0x00, 0xB0, 0xA1, 0x00, 0x7F, 0x00, 0x0B, 0x0A,
    0x10, 0x0C, 0xA3, 0x00, 0xB0, 0xA1, 0x04, 0x82, 0x90, 0x0B, 0x0A, 0x10, 0xA1, 0x0B, 0x10, 0xB0,
    0xA1, 0x2A, 0x00, 0x57, 0x0B, 0x0A, 0x18, 0x40, 0x00, 0xC0, 0xB0, 0xA2, 0xC0, 0x00, 0x07, 0x4B,
    0x0A, 0x86, 0x00, 0x00, 0x1B, 0xB0, 0xAD, 0x00, 0x00, 0x00, 0xAD, 0x0E, 0xFB, 0xBB, 0xBB, 0xBE,
    0xF0, 0xDF, 0xBB, 0xBB, 0xBB, 0xDF, 0x0A, 0xD0, 0x00, 0x00, 0x09, 0xE0, 0xA8, 0x50, 0x00, 0x01,
    0xBB, 0x0A, 0x2B, 0x00, 0x00, 0x75, 0xB0, 0xA1, 0x93, 0x00, 0x0C, 0x0B, 0x0A, 0x12, 0xA0, 0x04,
    0x80, 0xB0, 0xA1, 0x0B, 0x10, 0xB1, 0x0B, 0x0A, 0x10, 0x47, 0x2A, 0x00, 0xB0, 0xA1, 0x00, 0xC9,
    0x30, 0x0B, 0x0A, 0x10, 0x08, 0xF0, 0x00, 0xB0, 0xA1, 0x00, 0x7F, 0x00, 0x0B, 0x0A, 0x10, 0x0C,
    0xA3, 0x00, 0xB0, 0xA1, 0x04, 0x82, 0x90, 0x0B, 0x0A, 0x10, 0xA1, 0x0B, 0x10, 0xB0, 0xA1, 0x2A,
    0x00, 0x57, 0x0B, 0x0A, 0x18, 0x40, 0x00, 0xC0, 0xB0, 0xA2, 0xC0, 0x00, 0x07, 0x4B, 0x0A, 0x86,
    0x00, 0x00, 0x1B, 0xB0, 0xAD, 0x00, 0x00, 0x00, 0xAD, 0x0E, 0xFB, 0xBB, 0xBB, 0xBE, 0xF0, 0xDF,
    0xBB, 0xBB, 0xBB, 0xDF, 0x0A, 0xD0, 0x00, 0x00, 0x09, 0xE0, 0xA8, 0x50, 0x00, 0x01, 0xBB, 0x0A,
    0x2B, 0x00, 0x00, 0x75, 0xB0, 0xA1, 0x93, 0x00, 0x0C, 0x0B, 0x0A, 0x12, 0xA0, 0x04, 0x80, 0xB0,
    0xA1, 0x0B, 0x10, 0xB1, 0x0B, 0x0A, 0x10, 0x47, 0x2A, 0x00, 0xB0, 0xA1, 0x00, 0xC9, 0x30, 0x0B,
    0x0A, 0x10, 0x08, 0xF0, 0x00, 0xB0, 0xA1, 0x00, 0x7F, 0x00, 0x0B, 0x0A, 0x10, 0x0C, 0xA3, 0x00,
    0xB0, 0xA1, 0x04, 0x82, 0x90, 0x0B, 0x0A, 0x10, 0xA1, 0x0B, 0x10, 0xB0, 0xA1, 0x2A, 0x00, 0x57,
    0x0B, 0x0A, 0x18, 0x40, 0x00, 0xC0, 0xB0, 0xA2, 0xC0, 0x00, 0x07, 0x4B, 0x0A, 0x86, 0x00, 0x00,
    0x1B, 0xB0, 0xAD, 0x00, 0x00, 0x00, 0xAD, 0x0E, 0xFB, 0xBB, 0xBB, 0xBE, 0xF0, 0xDF, 0xBB, 0xBB,
    0xBB, 0xDF, 0x0A, 0xD0, 0x00, 0x00, 0x09, 0xE0, 0xA8, 0x50, 0x00, 0x01, 0xBB, 0x0A, 0x2B, 0x00,
    0x00, 0x75, 0xB0, 0xA1, 0x93, 0x00, 0x0C, 0x0B, 0x0A, 0x12, 0xA0, 0x04, 0x80, 0xB0, 0xA1, 0x0B,
    0x10, 0xB1, 0x0B, 0x0A, 0x10, 0x47, 0x2A, 0x00, 0xB0, 0xA1, 0x00, 0xC9, 0x30, 0x0B, 0x0A, 0x10,
    0x08, 0xF0, 0x00, 0xB0, 0xA1, 0x00, 0x7F, 0x00, 0x0B, 0x0A, 0x10, 0x0C, 0xA3, 0x00, 0xB0, 0xA1,
    0x04, 0x82, 0x90, 0x0B, 0x0A, 0x10, 0xA1, 0x0B, 0x10, 0xB0, 0xA1, 0x2A, 0x00, 0x57, 0x0B, 0x0A,
    0x18, 0x40, 0x00, 0xC0, 0xB0, 0xA2, 0xC0, 0x00, 0x07, 0x4B, 0x0A, 0x86, 0x00, 0x00, 0x1B, 0xB0,
    0xAD, 0x00, 0x00, 0x00, 0xAD, 0x0E, 0xFB, 0xBB, 0xBB, 0xBE, 0xF0, 0xDF, 0xBB, 0xBB, 0xBB, 0xDF,
    0x0A, 0xD0, 0x00, 0x00, 0x09, 0xE0, 0xA8, 0x50, 0x00, 0x01, 0xBB, 0x0A, 0x2B, 0x00, 0x00, 0x75,
    0xB0, 0xA1, 0x93, 0x00, 0x0C, 0x0B, 0x0A, 0x12, 0xA0, 0x04, 0x80, 0xB0, 0xA1, 0x0B, 0x10, 0xB1,
    0x0B, 0x0A, 0x10, 0x47, 0x2A, 0x00, 0xB0, 0xA1, 0x00, 0xC9, 0x30, 0x0B, 0x0A, 0x10, 0x08, 0xF0,
    0x00, 0xB0, 0xA1, 0x00, 0x7F, 0x00, 0x0B, 0x0A, 0x10, 0x0C, 0xA3, 0x00, 0xB0, 0xA1, 0x04, 0x82,
    0x90, 0x0B, 0x0A, 0x10, 0xA1, 0x0B, 0x10, 0xB0, 0xA1, 0x2A, 0x00, 0x57, 0x0B, 0x0A, 0x18, 0x40,
    0x00, 0xC0, 0xB0, 0xA2, 0xC0, 0x00, 0x07, 0x4B, 0x0A, 0x86, 0x00, 0x00, 0x1B, 0xB0, 0xAD, 0x00,
    0x00, 0x00, 0xAD, 0x0E, 0xFB, 0xBB, 0xBB, 0xBE, 0xF0, 0xDF, 0xBB, 0xBB, 0xBB, 0xDF, 0x0A, 0xD0,
    0x00, 0x00, 0x09, 0xE0, 0xA8, 0x50, 0x00, 0x01, 0xBB, 0x0A, 0x2B, 0x00, 0x00, 0x75, 0xB0, 0xA1,
    0x93, 0x00, 0x0C, 0x0B, 0x0A, 0x12, 0xA0, 0x04, 0x80, 0xB0, 0xA1, 0x0B, 0x10, 0xB1, 0x0B, 0x0A,
    0x10, 0x47, 0x2A, 0x00, 0xB0, 0xA1, 0x00, 0xC9, 0x30, 0x0B, 0x0A, 0x10, 0x08, 0xF0, 0x00, 0xB0,
    0xA1, 0x00, 0x7F, 0x00, 0x0B, 0x0A, 0x10, 0x0C, 0xA3, 0x00, 0xB0, 0xA1, 0x04, 0x82, 0x90, 0x0B,
    0x0A, 0x10, 0xA1, 0x0B, 0x10, 0xB0, 0xA1, 0x2A, 0x00, 0x57, 0x0B, 0x0A, 0x18, 0x40, 0x00, 0xC0,
    0xB0, 0xA2, 0xC0, 0x00, 0x07, 0x4B, 0x0A, 0x86, 0x00, 0x00, 0x1B, 0xB0, 0xAD, 0x00, 0x00, 0x00,
    0xAD, 0x0E, 0xFB, 0xBB, 0xBB, 0xBE, 0xF0, 0xDF, 0xBB, 0xBB, 0xBB, 0xDF, 0x0A, 0xD0, 0x00, 0x00,
    0x09, 0xE0, 0xA8, 0x50, 0x00, 0x01, 0xBB, 0x0A, 0x2B, 0x00, 0x00, 0x75, 0xB0, 0xA1, 0x93, 0x00,
    0x0C, 0x0B, 0x0A, 0x12, 0xA0, 0x04, 0x80, 0xB0, 0xA1, 0x0B, 0x10, 0xB1, 0x0B, 0x0A, 0x10, 0x47,
    0x2A, 0x00, 0xB0, 0xA1, 0x00, 0xC9, 0x30, 0x0B, 0x0A, 0x10, 0x08, 0xF0, 0x00, 0xB0, 0xA1, 0x00,
    0x7F, 0x00, 0x0B, 0x0A, 0x10, 0x0C, 0xA3, 0x00, 0xB0, 0xA1, 0x04, 0x82, 0x90, 0x0B, 0x0A, 0x10,
    0xA1, 0x0B, 0x10, 0xB0, 0xA1, 0x2A, 0x00, 0x57, 0x0B, 0x0A, 0x18, 0x40, 0x00, 0xC0, 0xB0, 0xA2,
    0xC0, 0x00, 0x07, 0x4B, 0x0A, 0x86, 0x00, 0x00, 0x1B, 0xB0, 0xAD, 0x00, 0x00, 0x00, 0xAD, 0x0E,
    0xFB, 0xBB, 0xBB, 0xBE, 0xF0, 0xDF, 0xBB, 0xBB, 0xBB, 0xDF, 0x0A, 0xD0, 0x00, 0x00, 0x09, 0xE0,
    0xA8, 0x50, 0x00, 0x01, 0xBB, 0x0A, 0x2B, 0x00, 0x00, 0x75, 0xB0, 0xA1, 0x93, 0x00, 0x0C, 0x0B,
    0x0A, 0x12, 0xA0, 0x04, 0x80, 0xB0, 0xA1, 0x0B, 0x10, 0xB1, 0x0B, 0x0A, 0x10, 0x47, 0x2A, 0x00,
    0xB0, 0xA1, 0x00, 0xC9, 0x30, 0x0B, 0x0A, 0x10, 0x08, 0xF0, 0x00, 0xB0, 0xA1, 0x00, 0x7F, 0x00,
    0x0B, 0x0A, 0x10, 0x0C, 0xA3, 0x00, 0xB0, 0xA1, 0x04, 0x82, 0x90, 0x0B, 0x0A, 0x10, 0xA1, 0x0B,
    0x10, 0xB0, 0xA1, 0x2A, 0x00, 0x57, 0x0B, 0x0A, 0x18, 0x40, 0x00, 0xC0, 0xB0, 0xA2, 0xC0, 0x00,
    0x07, 0x4B, 0x0A, 0x86, 0x00, 0x00, 0x1B, 0xB0, 0xAD, 0x00, 0x00, 0x00, 0xAD, 0x0E, 0xFB, 0xBB,
    0xBB, 0xBE, 0xF0, 0xDF, 0xBB, 0xBB, 0xBB, 0xDF, 0x0A, 0xD0, 0x00, 0x00, 0x09, 0xE0, 0xA8, 0x50,
    0x00, 0x01, 0xBB, 0x0A, 0x2B, 0x00, 0x00, 0x75, 0xB0, 0xA1, 0x93, 0x00, 0x0C, 0x0B, 0x0A, 0x12,
    0xA0, 0x04, 0x80, 0xB0, 0xA1, 0x0B, 0x10, 0xB1, 0x0B, 0x0A, 0x10, 0x47, 0x2A, 0x00, 0xB0, 0xA1,
    0x00, 0xC9, 0x30, 0x0B, 0x0A, 0x10, 0x08, 0xF0, 0x00, 0xB0, 0xA1, 0x00, 0x7F, 0x00, 0x0B, 0x0A,
    0x10, 0x0C, 0xA3, 0x00, 0xB0, 0xA1, 0x04, 0x82, 0x90, 0x0B, 0x0A, 0x10, 0xA1, 0x0B, 0x10, 0xB0,
    0xA1, 0x2A, 0x00, 0x57, 0x0B, 0x0A, 0x18, 0x40, 0x00, 0xC0, 0xB0, 0xA2, 0xC0, 0x00, 0x07, 0x4B,
    0x0A, 0x86, 0x00, 0x00, 0x1B, 0xB0, 0xAD, 0x00, 0x00, 0x00, 0xAD, 0x0E, 0xFB, 0xBB, 0xBB, 0xBE,
    0xF0, 0xDF, 0xBB, 0xBB, 0xBB, 0xDF, 0x0A, 0xD0, 0x00, 0x00, 0x09, 0xE0, 0xA8, 0x50, 0x00, 0x01,
    0xBB, 0x0A, 0x2B, 0x00, 0x00, 0x75, 0xB0, 0xA1, 0x93, 0x00, 0x0C, 0x0B, 0x0A, 0x12, 0xA0, 0x04,
    0x80, 0xB0, 0xA1, 0x0B, 0x10, 0xB1, 0x0B, 0x0A, 0x10, 0x47, 0x2A, 0x00, 0xB0, 0xA1, 0x00, 0xC9,
    0x30, 0x0B, 0x0A, 0x10, 0x08, 0xF0, 0x00, 0xB0, 0xA1, 0x00, 0x7F, 0x00, 0x0B, 0x0A, 0x10, 0x0C,
    0xA3, 0x00, 0xB0, 0xA1, 0x04, 0x82, 0x90, 0x0B, 0x0A, 0x10, 0xA1, 0x0B, 0x10, 0xB0, 0xA1, 0x2A,
    0x00, 0x57, 0x0B, 0x0A, 0x18, 0x40, 0x00, 0xC0, 0xB0, 0xA2, 0xC0, 0x00, 0x07, 0x4B, 0x0A, 0x86,
    0x00, 0x00, 0x1B, 0xB0, 0xAD, 0x00, 0x00, 0x00, 0xAD, 0x0E, 0xFB, 0xBB, 0xBB, 0xBE, 0xF0, 0xDF,
    0xBB, 0xBB, 0xBB, 0xDF, 0x0A, 0xD0, 0x00, 0x00, 0x09, 0xE0, 0xA8, 0x50, 0x00, 0x01, 0xBB, 0x0A,
    0x2B, 0x00, 0x00, 0x75, 0xB0, 0xA1, 0x93, 0x00, 0x0C, 0x0B, 0x0A, 0x12, 0xA0, 0x04, 0x80, 0xB0,
    0xA1, 0x0B, 0x10, 0xB1, 0x0B, 0x0A, 0x10, 0x47, 0x2A, 0x00, 0xB0, 0xA1, 0x00, 0xC9, 0x30, 0x0B,
    0x0A, 0x10, 0x08, 0xF0, 0x00, 0xB0, 0xA1, 0x00, 0x7F, 0x00, 0x0B, 0x0A, 0x10, 0x0C, 0xA3, 0x00,
    0xB0, 0xA1, 0x04, 0x82, 0x90, 0x0B, 0x0A, 0x10, 0xA1, 0x0B, 0x10, 0xB0, 0xA1, 0x2A, 0x00, 0x57,
    0x0B, 0x0A, 0x18, 0x40, 0x00, 0xC0, 0xB0, 0xA2, 0xC0, 0x00, 0x07, 0x4B, 0x0A, 0x86, 0x00, 0x00,
    0x1B, 0xB0, 0xAD, 0x00, 0x00, 0x00, 0xAD, 0x0E, 0xFB, 0xBB, 0xBB, 0xBE, 0xF0, 0xDF, 0xBB, 0xBB,
    0xBB, 0xDF, 0x0A, 0xD0, 0x00, 0x00, 0x09, 0xE0, 0xA8, 0x50, 0x00, 0x01, 0xBB, 0x0A, 0x2B, 0x00,
    0x00, 0x75, 0xB0, 0xA1, 0x93, 0x00, 0x0C, 0x0B, 0x0A, 0x12, 0xA0, 0x04, 0x80, 0xB0, 0xA1, 0x0B,
    0x10, 0xB1, 0x0B, 0x0A, 0x10, 0x47, 0x2A, 0x00, 0xB0, 0xA1, 0x00, 0xC9, 0x30, 0x0B, 0x0A, 0x10,
    0x08, 0xF0, 0x00, 0xB0, 0xA1, 0x00, 0x7F, 0x00, 0x0B, 0x0A, 0x10, 0x0C, 0xA3, 0x00, 0xB0, 0xA1,
    0x04, 0x82, 0x90, 0x0B, 0x0A, 0x10, 0xA1, 0x0B, 0x10, 0xB0, 0xA1, 0x2A, 0x00, 0x57, 0x0B, 0x0A,
    0x18, 0x40, 0x00, 0xC0, 0xB0, 0xA2, 0xC0, 0x00, 0x07, 0x4B, 0x0A, 0x86, 0x00, 0x00, 0x1B, 0xB0,
    0xAD, 0x00, 0x00, 0x00, 0xAD, 0x0E, 0xFB, 0xBB, 0xBB, 0xBE, 0xF0, 0xDF, 0xBB, 0xBB, 0xBB, 0xDF,
    0x0A, 0xD0, 0x00, 0x00, 0x09, 0xE0, 0xA8, 0x50, 0x00, 0x01, 0xBB, 0x0A, 0x2B, 0x00, 0x00, 0x75,
    0xB0, 0xA1, 0x93, 0x00, 0x0C, 0x0B, 0x0A, 0x12, 0xA0, 0x04, 0x80, 0xB0, 0xA1, 0x0B, 0x10, 0xB1,
    0x0B, 0x0A, 0x10, 0x47, 0x2A, 0x00, 0xB0, 0xA1, 0x00, 0xC9, 0x30, 0x0B, 0x0A, 0x10, 0x08, 0xF0,
    0x00, 0xB0, 0xA1, 0x00, 0x7F, 0x00, 0x0B, 0x0A, 0x10, 0x0C, 0xA3, 0x00, 0xB0, 0xA1, 0x04, 0x82,
    0x90, 0x0B, 0x0A, 0x10, 0xA1, 0x0B, 0x10, 0xB0, 0xA1, 0x2A, 0x00, 0x57, 0x0B, 0x0A, 0x18, 0x40,
    0x00, 0xC0, 0xB0, 0xA2, 0xC0, 0x00, 0x07, 0x4B, 0x0A, 0x86, 0x00, 0x00, 0x1B, 0xB0, 0xAD, 0x00,
    0x00, 0x00, 0xAD, 0x0E, 0xFB, 0xBB, 0xBB, 0xBE, 0xF0, 0xDF, 0xBB, 0xBB, 0xBB, 0xDF, 0x0A, 0xD0,
    0x00, 0x00, 0x09, 0xE0, 0xA8, 0x50, 0x00, 0x01, 0xBB, 0x0A, 0x2B, 0x00, 0x00, 0x75, 0xB0, 0xA1,
    0x93, 0x00, 0x0C, 0x0B, 0x0A, 0x12, 0xA0, 0x04, 0x80, 0xB0, 0xA1, 0x0B, 0x10, 0xB1, 0x0B, 0x0A,
    0x10, 0x47, 0x2A, 0x00, 0xB0, 0xA1, 0x00, 0xC9, 0x30, 0x0B, 0x0A, 0x10, 0x08, 0xF0, 0x00, 0xB0,
    0xA1, 0x00, 0x7F, 0x00, 0x0B, 0x0A, 0x10, 0x0C, 0xA3, 0x00, 0xB0, 0xA1, 0x04, 0x82, 0x90, 0x0B,
    0x0A, 0x10, 0xA1, 0x0B, 0x10, 0xB0, 0xA1, 0x2A, 0x00, 0x57, 0x0B, 0x0A, 0x18, 0x40, 0x00, 0xC0,
    0xB0, 0xA2, 0xC0, 0x00, 0x07, 0x4B, 0x0A, 0x86, 0x00, 0x00, 0x1B, 0xB0, 0xAD, 0x00, 0x00, 0x00,
    0xAD, 0x0E, 0xFB, 0xBB, 0xBB, 0xBE, 0xF0, 0xDF, 0xBB, 0xBB, 0xBB, 0xDF, 0x0A, 0xD0, 0x00, 0x00,
    0x09, 0xE0, 0xA8, 0x50, 0x00, 0x01, 0xBB, 0x0A, 0x2B, 0x00, 0x00, 0x75, 0xB0, 0xA1, 0x93, 0x00,
    0x0C, 0x0B, 0x0A, 0x12, 0xA0, 0x04, 0x80, 0xB0, 0xA1, 0x0B, 0x10, 0xB1, 0x0B, 0x0A, 0x10, 0x47,
    0x2A, 0x00, 0xB0, 0xA1, 0x00, 0xC9, 0x30, 0x0B, 0x0A, 0x10, 0x08, 0xF0, 0x00, 0xB0, 0xA1, 0x00,
    0x7F, 0x00, 0x0B, 0x0A, 0x10, 0x0C, 0xA3, 0x00, 0xB0, 0xA1, 0x04, 0x82, 0x90, 0x0B, 0x0A, 0x10,
    0xA1, 0x0B, 0x10, 0xB0, 0xA1, 0x2A, 0x00, 0x57, 0x0B, 0x0A, 0x18, 0x40, 0x00, 0xC0, 0xB0, 0xA2,
    0xC0, 0x00, 0x07, 0x4B, 0x0A, 0x86, 0x00, 0x00, 0x1B, 0xB0, 0xAD, 0x00, 0x00, 0x00, 0xAD, 0x0E,
    0xFB, 0xBB, 0xBB, 0xBE, 0xF0, 0xDF, 0xBB, 0xBB, 0xBB, 0xDF, 0x0A, 0xD0, 0x00, 0x00, 0x09, 0xE0,
    0xA8, 0x50, 0x00, 0x01, 0xBB, 0x0A, 0x2B, 0x00, 0x00, 0x75, 0xB0, 0xA1, 0x93, 0x00, 0x0C, 0x0B,
    0x0A, 0x12, 0xA0, 0x04, 0x80, 0xB0, 0xA1, 0x0B, 0x10, 0xB1, 0x0B, 0x0A, 0x10, 0x47, 0x2A, 0x00,
    0xB0, 0xA1, 0x00, 0xC9, 0x30, 0x0B, 0x0A, 0x10, 0x08, 0xF0, 0x00, 0xB0, 0xA1, 0x00, 0x7F, 0x00,
    0x0B, 0x0A, 0x10, 0x0C, 0xA3, 0x00, 0xB0, 0xA1, 0x04, 0x82, 0x90, 0x0B, 0x0A, 0x10, 0xA1, 0x0B,
    0x10, 0xB0, 0xA1, 0x2A, 0x00, 0x57, 0x0B, 0x0A, 0x18, 0x40, 0x00, 0xC0, 0xB0, 0xA2, 0xC0, 0x00,
    0x07, 0x4B, 0x0A, 0x86, 0x00, 0x00, 0x1B, 0xB0, 0xAD, 0x00, 0x00, 0x00, 0xAD, 0x0E, 0xFB, 0xBB,
    0xBB, 0xBE, 0xF0, 0xDF, 0xBB, 0xBB, 0xBB, 0xDF, 0x0A, 0xD0, 0x00, 0x00, 0x09, 0xE0, 0xA8, 0x50,
    0x00, 0x01, 0xBB, 0x0A, 0x2B, 0x00, 0x00, 0x75, 0xB0, 0xA1, 0x93, 0x00, 0x0C, 0x0B, 0x0A, 0x12,
    0xA0, 0x04, 0x80, 0xB0, 0xA1, 0x0B, 0x10, 0xB1, 0x0B, 0x0A, 0x10, 0x47, 0x2A, 0x00, 0xB0, 0xA1,
    0x00, 0xC9, 0x30, 0x0B, 0x0A, 0x10, 0x08, 0xF0, 0x00, 0xB0, 0xA1, 0x00, 0x7F, 0x00, 0x0B, 0x0A,
    0x10, 0x0C, 0xA3, 0x00, 0xB0, 0xA1, 0x04, 0x82, 0x90, 0x0B, 0x0A, 0x10, 0xA1, 0x0B, 0x10, 0xB0,
    0xA1, 0x2A, 0x00, 0x57, 0x0B, 0x0A, 0x18, 0x40, 0x00, 0xC0, 0xB0, 0xA2, 0xC0, 0x00, 0x07, 0x4B,
    0x0A, 0x86, 0x00, 0x00, 0x1B, 0xB0, 0xAD, 0x00, 0x00, 0x00, 0xAD, 0x0E, 0xFB, 0xBB, 0xBB, 0xBE,
    0xF0, 0xDF, 0xBB, 0xBB, 0xBB, 0xDF, 0x0A, 0xD0, 0x00, 0x00, 0x09, 0xE0, 0xA8, 0x50, 0x00, 0x01,
    0xBB, 0x0A, 0x2B, 0x00, 0x00, 0x75, 0xB0, 0xA1, 0x93, 0x00, 0x0C, 0x0B, 0x0A, 0x12, 0xA0, 0x04,
    0x80, 0xB0, 0xA1, 0x0B, 0x10, 0xB1, 0x0B, 0x0A, 0x10, 0x47, 0x2A, 0x00, 0xB0, 0xA1, 0x00, 0xC9,
    0x30, 0x0B, 0x0A, 0x10, 0x08, 0xF0, 0x00, 0xB0, 0xA1, 0x00, 0x7F, 0x00, 0x0B, 0x0A, 0x10, 0x0C,
    0xA3, 0x00, 0xB0, 0xA1, 0x04, 0x82, 0x90, 0x0B, 0x0A, 0x10, 0xA1, 0x0B, 0x10, 0xB0, 0xA1, 0x2A,
    0x00, 0x57, 0x0B, 0x0A, 0x18, 0x40, 0x00, 0xC0, 0xB0, 0xA2, 0xC0, 0x00, 0x07, 0x4B, 0x0A, 0x86,
    0x00, 0x00, 0x1B, 0xB0, 0xAD, 0x00, 0x00, 0x00, 0xAD, 0x0E, 0xFB, 0xBB, 0xBB, 0xBE, 0xF0, 0xDF,
    0xBB, 0xBB, 0xBB, 0xDF, 0x0A, 0xD0, 0x00, 0x00, 0x09, 0xE0, 0xA8, 0x50, 0x00, 0x01, 0xBB, 0x0A,
    0x2B, 0x00, 0x00, 0x75, 0xB0, 0xA1, 0x93, 0x00, 0x0C, 0x0B, 0x0A, 0x12, 0xA0, 0x04, 0x80, 0xB0,
    0xA1, 0x0B, 0x10, 0xB1, 0x0B, 0x0A, 0x10, 0x47, 0x2A, 0x00, 0xB0, 0xA1, 0x00, 0xC9, 0x30, 0x0B,
    0x0A, 0x10, 0x08, 0xF0, 0x00, 0xB0, 0xA1, 0x00, 0x7F, 0x00, 0x0B, 0x0A, 0x10, 0x0C, 0xA3, 0x00,
    0xB0, 0xA1, 0x04, 0x82, 0x90, 0x0B, 0x0A, 0x10, 0xA1, 0x0B, 0x10, 0xB0, 0xA1, 0x2A, 0x00, 0x57,
    0x0B, 0x0A, 0x18, 0x40, 0x00, 0xC0, 0xB0, 0xA2, 0xC0, 0x00, 0x07, 0x4B, 0x0A, 0x86, 0x00, 0x00,
    0x1B, 0xB0, 0xAD, 0x00, 0x00, 0x00, 0xAD, 0x0E, 0xFB, 0xBB, 0xBB, 0xBE, 0xF0, 0xDF, 0xBB, 0xBB,
    0xBB, 0xDF, 0x0A, 0xD0, 0x00, 0x00, 0x09, 0xE0, 0xA8, 0x50, 0x00, 0x01, 0xBB, 0x0A, 0x2B, 0x00,
    0x00, 0x75, 0xB0, 0xA1, 0x93, 0x00, 0x0C, 0x0B, 0x0A, 0x12, 0xA0, 0x04, 0x80, 0xB0, 0xA1, 0x0B,
    0x10, 0xB1, 0x0B, 0x0A, 0x10, 0x47, 0x2A, 0x00, 0xB0, 0xA1, 0x00, 0xC9, 0x30, 0x0B, 0x0A, 0x10,
    0x08, 0xF0, 0x00, 0xB0, 0xA1, 0x00, 0x7F, 0x00, 0x0B, 0x0A, 0x10, 0x0C, 0xA3, 0x00, 0xB0, 0xA1,
    0x04, 0x82, 0x90, 0x0B, 0x0A, 0x10, 0xA1, 0x0B, 0x10, 0xB0, 0xA1, 0x2A, 0x00, 0x57, 0x0B, 0x0A,
    0x18, 0x40, 0x00, 0xC0, 0xB0, 0xA2, 0xC0, 0x00, 0x07, 0x4B, 0x0A, 0x86, 0x00, 0x00, 0x1B, 0xB0,
    0xAD, 0x00, 0x00, 0x00, 0xAD, 0x0E, 0xFB, 0xBB, 0xBB, 0xBE, 0xF0, 0xDF, 0xBB, 0xBB, 0xBB, 0xDF,
    0x0A, 0xD0, 0x00, 0x00, 0x09, 0xE0, 0xA8, 0x50, 0x00, 0x01, 0xBB, 0x0A, 0x2B, 0x00, 0x00, 0x75,
    0xB0, 0xA1, 0x93, 0x00, 0x0C, 0x0B, 0x0A, 0x12, 0xA0, 0x04, 0x80, 0xB0, 0xA1, 0x0B, 0x10, 0xB1,
    0x0B, 0x0A, 0x10, 0x47, 0x2A, 0x00, 0xB0, 0xA1, 0x00, 0xC9, 0x30, 0x0B, 0x0A, 0x10, 0x08, 0xF0,
    0x00, 0xB0, 0xA1, 0x00, 0x7F, 0x00, 0x0B, 0x0A, 0x10, 0x0C, 0xA3, 0x00, 0xB0, 0xA1, 0x04, 0x82,
    0x90, 0x0B, 0x0A, 0x10, 0xA1, 0x0B, 0x10, 0xB0, 0xA1, 0x2A, 0x00, 0x57, 0x0B, 0x0A, 0x18, 0x40,
    0x00, 0xC0, 0xB0, 0xA2, 0xC0, 0x00, 0x07, 0x4B, 0x0A, 0x86, 0x00, 0x00, 0x1B, 0xB0, 0xAD, 0x00,
    0x00, 0x00, 0xAD, 0x0E, 0xFB, 0xBB, 0xBB, 0xBE, 0xF0, 0xDF, 0xBB, 0xBB, 0xBB, 0xDF, 0x0A, 0xD0,
    0x00, 0x00, 0x09, 0xE0, 0xA8, 0x50, 0x00, 0x01, 0xBB, 0x0A, 0x2B, 0x00, 0x00, 0x75, 0xB0, 0xA1,
    0x93, 0x00, 0x0C, 0x0B, 0x0A, 0x12, 0xA0, 0x04, 0x80, 0xB0, 0xA1, 0x0B, 0x10, 0xB1, 0x0B, 0x0A,
    0x10, 0x47, 0x2A, 0x00, 0xB0, 0xA1, 0x00, 0xC9, 0x30, 0x0B, 0x0A, 0x10, 0x08, 0xF0, 0x00, 0xB0,
    0xA1, 0x00, 0x7F, 0x00, 0x0B, 0x0A, 0x10, 0x0C, 0xA3, 0x00, 0xB0, 0xA1, 0x04, 0x82, 0x90, 0x0B,
    0x0A, 0x10, 0xA1, 0x0B, 0x10, 0xB0, 0xA1, 0x2A, 0x00, 0x57, 0x0B, 0x0A, 0x18, 0x40, 0x00, 0xC0,
    0xB0, 0xA2, 0xC0, 0x00, 0x07, 0x4B, 0x0A, 0x86, 0x00, 0x00, 0x1B, 0xB0, 0xAD, 0x00, 0x00, 0x00,
    0xAD, 0x0E, 0xFB, 0xBB, 0xBB, 0xBE, 0xF0, 0xDF, 0xBB, 0xBB, 0xBB, 0xDF, 0x0A, 0xD0, 0x00, 0x00,
    0x09, 0xE0, 0xA8, 0x50, 0x00, 0x01, 0xBB, 0x0A, 0x2B, 0x00, 0x00, 0x75, 0xB0, 0xA1, 0x93, 0x00,
    0x0C, 0x0B, 0x0A, 0x12, 0xA0, 0x04, 0x80, 0xB0, 0xA1, 0x0B, 0x10, 0xB1, 0x0B, 0x0A, 0x10, 0x47,
    0x2A, 0x00, 0xB0, 0xA1, 0x00, 0xC9, 0x30, 0x0B, 0x0A, 0x10, 0x08, 0xF0, 0x00, 0xB0, 0xA1, 0x00,
    0x7F, 0x00, 0x0B, 0x0A, 0x10, 0x0C, 0xA3, 0x00, 0xB0, 0xA1, 0x04, 0x82, 0x90, 0x0B, 0x0A, 0x10,
    0xA1, 0x0B, 0x10, 0xB0, 0xA1, 0x2A, 0x00, 0x57, 0x0B, 0x0A, 0x18, 0x40, 0x00, 0xC0, 0xB0, 0xA2,
    0xC0, 0x00, 0x07, 0x4B, 0x0A, 0x86, 0x00, 0x00, 0x1B, 0xB0, 0xAD, 0x00, 0x00, 0x00, 0xAD, 0x0E,
    0xFB, 0xBB, 0xBB, 0xBE, 0xF0, 0xDF, 0xBB, 0xBB, 0xBB, 0xDF, 0x0A, 0xD0, 0x00, 0x00, 0x09, 0xE0,
    0xA8, 0x50, 0x00, 0x01, 0xBB, 0x0A, 0x2B, 0x00, 0x00, 0x75, 0xB0, 0xA1, 0x93, 0x00, 0x0C, 0x0B,
    0x0A, 0x12, 0xA0, 0x04, 0x80, 0xB0, 0xA1, 0x0B, 0x10, 0xB1, 0x0B, 0x0A, 0x10, 0x47, 0x2A, 0x00,
    0xB0, 0xA1, 0x00, 0xC9, 0x30, 0x0B, 0x0A, 0x10, 0x08, 0xF0, 0x00, 0xB0, 0xA1, 0x00, 0x7F, 0x00,
    0x0B, 0x0A, 0x10, 0x0C, 0xA3, 0x00, 0xB0, 0xA1, 0x04, 0x82, 0x90, 0x0B, 0x0A, 0x10, 0xA1, 0x0B,
    0x10, 0xB0, 0xA1, 0x2A, 0x00, 0x57, 0x0B, 0x0A, 0x18, 0x40, 0x00, 0xC0, 0xB0, 0xA2, 0xC0, 0x00,
    0x07, 0x4B, 0x0A, 0x86, 0x00, 0x00, 0x1B, 0xB0, 0xAD, 0x00, 0x00, 0x00, 0xAD, 0x0E, 0xFB, 0xBB,
    0xBB, 0xBE, 0xF0, 0xDF, 0xBB, 0xBB, 0xBB, 0xDF, 0x0A, 0xD0, 0x00, 0x00, 0x09, 0xE0, 0xA8, 0x50,
    0x00, 0x01, 0xBB, 0x0A, 0x2B, 0x00, 0x00, 0x75, 0xB0, 0xA1, 0x93, 0x00, 0x0C, 0x0B, 0x0A, 0x12,
    0xA0, 0x04, 0x80, 0xB0, 0xA1, 0x0B, 0x10, 0xB1, 0x0B, 0x0A, 0x10, 0x47, 0x2A, 0x00, 0xB0, 0xA1,
    0x00, 0xC9, 0x30, 0x0B, 0x0A, 0x10, 0x08, 0xF0, 0x00, 0xB0, 0xA1, 0x00, 0x7F, 0x00, 0x0B, 0x0A,
    0x10, 0x0C, 0xA3, 0x00, 0xB0, 0xA1, 0x04, 0x82, 0x90, 0x0B, 0x0A, 0x10, 0xA1, 0x0B, 0x10, 0xB0,
    0xA1, 0x2A, 0x00, 0x57, 0x0B, 0x0A, 0x18, 0x40, 0x00, 0xC0, 0xB0, 0xA2, 0xC0, 0x00, 0x07, 0x4B,
    0x0A, 0x86, 0x00, 0x00, 0x1B, 0xB0, 0xAD, 0x00, 0x00, 0x00, 0xAD, 0x0E, 0xFB, 0xBB, 0xBB, 0xBE,
    0xF0, 0xDF, 0xBB, 0xBB, 0xBB, 0xDF, 0x0A, 0xD0, 0x00, 0x00, 0x09, 0xE0, 0xA8, 0x50, 0x00, 0x01,
    0xBB, 0x0A, 0x2B, 0x00, 0x00, 0x75, 0xB0, 0xA1, 0x93, 0x00, 0x0C, 0x0B, 0x0A, 0x12, 0xA0, 0x04,
    0x80, 0xB0, 0xA1, 0x0B, 0x10, 0xB1, 0x0B, 0x0A, 0x10, 0x47, 0x2A, 0x00, 0xB0, 0xA1, 0x00, 0xC9,
    0x30, 0x0B, 0x0A, 0x10, 0x08, 0xF0, 0x00, 0xB0, 0xA1, 0x00, 0x7F, 0x00, 0x0B, 0x0A, 0x10, 0x0C,
    0xA3, 0x00, 0xB0, 0xA1, 0x04, 0x82, 0x90, 0x0B, 0x0A, 0x10, 0xA1, 0x0B, 0x10, 0xB0, 0xA1, 0x2A,
    0x00, 0x57, 0x0B, 0x0A, 0x18, 0x40, 0x00, 0xC0, 0xB0, 0xA2, 0xC0, 0x00, 0x07, 0x4B, 0x0A, 0x86,
    0x00, 0x00, 0x1B, 0xB0, 0xAD, 0x00, 0x00, 0x00, 0xAD, 0x0E, 0xFB, 0xBB, 0xBB, 0xBE, 0xF0, 0xDF,
    0xBB, 0xBB, 0xBB, 0xDF, 0x0A, 0xD0, 0x00, 0x00, 0x09, 0xE0, 0xA8, 0x50, 0x00, 0x01, 0xBB, 0x0A,
    0x2B, 0x00, 0x00, 0x75, 0xB0, 0xA1, 0x93, 0x00, 0x0C, 0x0B, 0x0A, 0x12, 0xA0, 0x04, 0x80, 0xB0,
    0xA1, 0x0B, 0x10, 0xB1, 0x0B, 0x0A, 0x10, 0x47, 0x2A, 0x00, 0xB0, 0xA1, 0x00, 0xC9, 0x30, 0x0B,
    0x0A, 0x10, 0x08, 0xF0, 0x00, 0xB0, 0xA1, 0x00, 0x7F, 0x00, 0x0B, 0x0A, 0x10, 0x0C, 0xA3, 0x00,
    0xB0, 0xA1, 0x04, 0x82, 0x90, 0x0B, 0x0A, 0x10, 0xA1, 0x0B, 0x10, 0xB0, 0xA1, 0x2A, 0x00, 0x57,
    0x0B, 0x0A, 0x18, 0x40, 0x00, 0xC0, 0xB0, 0xA2, 0xC0, 0x00, 0x07, 0x4B, 0x0A, 0x86, 0x00, 0x00,
    0x1B, 0xB0, 0xAD, 0x00, 0x00, 0x00, 0xAD, 0x0E, 0xFB, 0xBB, 0xBB, 0xBE, 0xF0, 0x00, 0x78, 0x70,
    0x00, 0x00, 0x00, 0x00, 0x05, 0xFF, 0x80, 0x00, 0x00, 0x00, 0x00, 0x07, 0xFF, 0x20, 0x00, 0x00,
    0x00, 0x00, 0x09, 0xFC, 0x00, 0x00, 0x00, 0x00, 0x00, 0x07, 0x82, 0x00, 0x00, 0x00, 0x00, 0x00,
    0x00, 0x00, 0x00, 0x00, 0xBF, 0xFF, 0xFF, 0xFF, 0xFF, 0xFF, 0xDB, 0xFF, 0xFF, 0xFF, 0xFF, 0xFF,
    0xFD, 0xBF, 0xF2, 0x22, 0x22, 0x22, 0x22, 0x2B, 0xFF, 0x00, 0x00, 0x00, 0x00, 0x00, 0xBF, 0xF0,
    0x00, 0x00, 0x00, 0x00, 0x0B, 0xFF, 0x00, 0x00, 0x00, 0x00, 0x00, 0xBF, 0xF0, 0x00, 0x00, 0x00,
    0x00, 0x0B, 0xFF, 0x00, 0x00, 0x00, 0x00, 0x00, 0xBF, 0xF2, 0x22, 0x22, 0x22, 0x21, 0x0B, 0xFF,
    0xFF, 0xFF, 0xFF, 0xFF, 0x90, 0xBF, 0xFF, 0xFF, 0xFF, 0xFF, 0xF9, 0x0B, 0xFF, 0x00, 0x00, 0x00,
    0x00, 0x00, 0xBF, 0xF0, 0x00, 0x00, 0x00, 0x00, 0x0B, 0xFF, 0x00, 0x00, 0x00, 0x00, 0x00, 0xBF,
    0xF0, 0x00, 0x00, 0x00, 0x00, 0x0B, 0xFF, 0x00, 0x00, 0x00, 0x00, 0x00, 0xBF, 0xF0, 0x00, 0x00,
    0x00, 0x00, 0x0B, 0xFF, 0x22, 0x22, 0x22, 0x22, 0x22, 0xBF, 0xFF, 0xFF, 0xFF, 0xFF, 0xFF, 0xFB,
    0xFF, 0xFF, 0xFF, 0xFF, 0xFF, 0xFF, 0x00, 0x18, 0x70, 0x00, 0x29, 0x60, 0x00, 0x08, 0xFF, 0x40,
    0x0A, 0xFF, 0x30, 0x00, 0x6F, 0xF2, 0x00, 0x8F, 0xF1, 0x00, 0x00, 0x21, 0x00, 0x00, 0x31, 0x00,
    0x00, 0x00, 0x00, 0x00, 0x00, 0x00, 0x0B, 0xFF, 0xFF, 0xFF, 0xFF, 0xFF, 0xFD, 0xBF, 0xFF, 0xFF,
    0xFF, 0xFF, 0xFF, 0xDB, 0xFF, 0x22, 0x22, 0x22, 0x22, 0x22, 0xBF, 0xF0, 0x00, 0x00, 0x00, 0x00,
    0x0B, 0xFF, 0x00, 0x00, 0x00, 0x00, 0x00, 0xBF, 0xF0, 0x00, 0x00, 0x00, 0x00, 0x0B, 0xFF, 0x00,
    0x00, 0x00, 0x00, 0x00, 0xBF, 0xF0, 0x00, 0x00, 0x00, 0x00, 0x0B, 0xFF, 0x22, 0x22, 0x22, 0x22,
    0x10, 0xBF, 0xFF, 0xFF, 0xFF, 0xFF, 0xF9, 0x0B, 0xFF, 0xFF, 0xFF, 0xFF, 0xFF, 0x90, 0xBF, 0xF0,
    0x00, 0x00, 0x00, 0x00, 0x0B, 0xFF, 0x00, 0x00, 0x00, 0x00, 0x00, 0xBF, 0xF0, 0x00, 0x00, 0x00,
    0x00, 0x0B, 0xFF, 0x00, 0x00, 0x00, 0x00, 0x00, 0xBF, 0xF0, 0x00, 0x00, 0x00, 0x00, 0x0B, 0xFF,
    0x00, 0x00, 0x00, 0x00, 0x00, 0xBF, 0xF2, 0x22, 0x22, 0x22, 0x22, 0x2B, 0xFF, 0xFF, 0xFF, 0xFF,
    0xFF, 0xFF, 0xBF, 0xFF, 0xFF, 0xFF, 0xFF, 0xFF, 0xF0, 0x6F, 0xFF, 0xFF, 0xFF, 0xFF, 0xFF, 0xFF,
    0xFF, 0x00, 0x00, 0x6F, 0xFF, 0xFF, 0xFF, 0xFF, 0xFF, 0xFF, 0xFF, 0x00, 0x00, 0x12, 0x22, 0x22,
    0xEF, 0xF2, 0x22, 0x22, 0x22, 0x00, 0x00, 0x00, 0x00, 0x00, 0xBF, 0xE0, 0x00, 0x00, 0x00, 0x00,
    0x00, 0x00, 0x00, 0x00, 0xBF, 0xE0, 0x00, 0x00, 0x00, 0x00, 0x00, 0x00, 0x00, 0x00, 0xBF, 0xE0,
    0x00, 0x00, 0x00, 0x00, 0x00, 0x00, 0x00, 0x00, 0xBF, 0xE0, 0x00, 0x00, 0x00, 0x00, 0x00, 0x00,
    0x00, 0x00, 0xBF, 0xE0, 0x00, 0x00, 0x00, 0x00, 0x00, 0x00, 0x00, 0x00, 0xBF, 0xF7, 0xBD, 0xFF,
    0xDA, 0x40, 0x00, 0x00, 0x00, 0x00, 0xBF, 0xFF, 0xFF, 0xFF, 0xFF, 0xFB, 0x10, 0x00, 0x00, 0x00,
    0xBF, 0xFC, 0x86, 0x55, 0x8D, 0xFF, 0xC0, 0x00, 0x00, 0x00, 0xBF, 0xF0, 0x00, 0x00, 0x00, 0xAF,
    0xF6, 0x00, 0x00, 0x00, 0xBF, 0xE0, 0x00, 0x00, 0x00, 0x1F, 0xFB, 0x00, 0x00, 0x00, 0xBF, 0xE0,
    0x00, 0x00, 0x00, 0x0C, 0xFD, 0x00, 0x00, 0x00, 0xBF, 0xE0, 0x00, 0x00, 0x00, 0x0C, 0xFE, 0x00,
    0x00, 0x00, 0xBF, 0xE0, 0x00, 0x00, 0x00, 0x0E, 0xFC, 0x00, 0x00, 0x00, 0xBF, 0xE0, 0x00, 0x00,
    0x00, 0x5F, 0xF7, 0x00, 0x00, 0x00, 0xBF, 0xE0, 0x00, 0x00, 0x27, 0xFF, 0xE1, 0x00, 0x00, 0x00,
    0xBF, 0xE0, 0x00, 0x0E, 0xFF, 0xFD, 0x30, 0x00, 0x00, 0x00, 0xBF, 0xE0, 0x00, 0x0D, 0xEB, 0x60,
    0x00, 0x00, 0x00, 0x00, 0x06, 0x87, 0x10, 0x00, 0x00, 0x00, 0x05, 0xFF, 0x70, 0x00, 0x00, 0x00,
    0x01, 0xEF, 0x80, 0x00, 0x00, 0x00, 0x00, 0xAF, 0xA0, 0x00, 0x00, 0x00, 0x00, 0x17, 0x70, 0x00,
    0x00, 0x00, 0x00, 0x00, 0x00, 0x00, 0x00, 0x00, 0x9F, 0xFF, 0xFF, 0xFF, 0xFF, 0xFF, 0xA9, 0xFF,
    0xFF, 0xFF, 0xFF, 0xFF, 0xFA, 0x9F, 0xF3, 0x22, 0x22, 0x22, 0x22, 0x19, 0xFF, 0x10, 0x00, 0x00,
    0x00, 0x00, 0x9F, 0xF1, 0x00, 0x00, 0x00, 0x00, 0x09, 0xFF, 0x10, 0x00, 0x00, 0x00, 0x00, 0x9F,
    0xF1, 0x00, 0x00, 0x00, 0x00, 0x09, 0xFF, 0x10, 0x00, 0x00, 0x00, 0x00, 0x9F, 0xF1, 0x00, 0x00,
    0x00, 0x00, 0x09, 0xFF, 0x10, 0x00, 0x00, 0x00, 0x00, 0x9F, 0xF1, 0x00, 0x00, 0x00, 0x00, 0x09,
    0xFF, 0x10, 0x00, 0x00, 0x00, 0x00, 0x9F, 0xF1, 0x00, 0x00, 0x00, 0x00, 0x09, 0xFF, 0x10, 0x00,
    0x00, 0x00, 0x00, 0x9F, 0xF1, 0x00, 0x00, 0x00, 0x00, 0x09, 0xFF, 0x10, 0x00, 0x00, 0x00, 0x00,
    0x9F, 0xF1, 0x00, 0x00, 0x00, 0x00, 0x09, 0xFF, 0x10, 0x00, 0x00, 0x00, 0x00, 0x9F, 0xF1, 0x00,
    0x00, 0x00, 0x00, 0x09, 0xFF, 0x10, 0x00, 0x00, 0x00, 0x00, 0x00, 0x00, 0x06, 0xBE, 0xFE, 0xC8,
    0x10, 0x00, 0x00, 0x03, 0xDF, 0xFF, 0xFF, 0xFF, 0xF5, 0x00, 0x00, 0x3F, 0xFF, 0xA5, 0x34, 0x7E,
    0xFF, 0x40, 0x00, 0xDF, 0xF4, 0x00, 0x00, 0x01, 0xEF, 0xE0, 0x06, 0xFF, 0x60, 0x00, 0x00, 0x00,
    0x5F, 0xF6, 0x0C, 0xFE, 0x00, 0x00, 0x00, 0x00, 0x0E, 0xFB, 0x0F, 0xF9, 0x00, 0x00, 0x00, 0x00,
    0x0B, 0xFE, 0x3F, 0xF7, 0x00, 0x00, 0x00, 0x00, 0x00, 0x00, 0x4F, 0xF7, 0x22, 0x22, 0x22, 0x20,
    0x00, 0x00, 0x5F, 0xFF, 0xFF, 0xFF, 0xFF, 0xF1, 0x00, 0x00, 0x5F, 0xFF, 0xFF, 0xFF, 0xFF, 0xF1,
    0x00, 0x00, 0x4F, 0xF6, 0x00, 0x00, 0x00, 0x00, 0x00, 0x00, 0x3F, 0xF7, 0x00, 0x00, 0x00, 0x00,
    0x00, 0x00, 0x0F, 0xFA, 0x00, 0x00, 0x00, 0x00, 0x0B, 0xFE, 0x0C, 0xFE, 0x00, 0x00, 0x00, 0x00,
    0x0E, 0xFB, 0x06, 0xFF, 0x70, 0x00, 0x00, 0x00, 0x5F, 0xF6, 0x00, 0xDF, 0xF3, 0x00, 0x00, 0x01,
    0xEF, 0xE0, 0x00, 0x3F, 0xFF, 0x94, 0x24, 0x7E, 0xFF, 0x30, 0x00, 0x03, 0xDF, 0xFF, 0xFF, 0xFF,
    0xE4, 0x00, 0x00, 0x00, 0x06, 0xBE, 0xFE, 0xC7, 0x10, 0x00, 0x00, 0x01, 0x7C, 0xEF, 0xEC, 0x71,
    0x00, 0x00, 0x06, 0xFF, 0xFF, 0xFF, 0xFF, 0xE4, 0x00, 0x05, 0xFF, 0xE7, 0x43, 0x48, 0xEF, 0xF3,
    0x00, 0xEF, 0xE1, 0x00, 0x00, 0x01, 0xEF, 0xD0, 0x2F, 0xF8, 0x00, 0x00, 0x00, 0x06, 0xFF, 0x43,
    0xFF, 0x60, 0x00, 0x00, 0x00, 0x2F, 0xF7, 0x1F, 0xFB, 0x00, 0x00, 0x00, 0x00, 0x00, 0x00, 0xAF,
    0xFA, 0x10, 0x00, 0x00, 0x00, 0x00, 0x01, 0xDF, 0xFF, 0xA5, 0x00, 0x00, 0x00, 0x00, 0x00, 0x8F,
    0xFF, 0xFF, 0xB5, 0x00, 0x00, 0x00, 0x00, 0x17, 0xCF, 0xFF, 0xFD, 0x30, 0x00, 0x00, 0x00, 0x00,
    0x16, 0xDF, 0xFF, 0x50, 0x00, 0x00, 0x00, 0x00, 0x00, 0x5F, 0xFF, 0x10, 0x00, 0x00, 0x00, 0x00,
    0x00, 0x6F, 0xF6, 0xDF, 0xC0, 0x00, 0x00, 0x00, 0x02, 0xFF, 0x8A, 0xFF, 0x10, 0x00, 0x00, 0x00,
    0x3F, 0xF7, 0x4F, 0xFB, 0x00, 0x00, 0x00, 0x0B, 0xFF, 0x30, 0x8F, 0xFE, 0x84, 0x23, 0x6C, 0xFF,
    0xB0, 0x00, 0x7F, 0xFF, 0xFF, 0xFF, 0xFF, 0xA0, 0x00, 0x00, 0x17, 0xCE, 0xFF, 0xD9, 0x30, 0x00,
    0x8F, 0xF2, 0x8F, 0xF2, 0x8F, 0xF2, 0x8F, 0xF2, 0x8F, 0xF2, 0x8F, 0xF2, 0x8F, 0xF2, 0x8F, 0xF2,
    0x8F, 0xF2, 0x8F, 0xF2, 0x8F, 0xF2, 0x8F, 0xF2, 0x8F, 0xF2, 0x8F, 0xF2, 0x8F, 0xF2, 0x8F, 0xF2,
    0x8F, 0xF2, 0x8F, 0xF2, 0x8F, 0xF2, 0x8F, 0xF2, 0x18, 0x70, 0x00, 0x29, 0x60, 0x8F, 0xF4, 0x00,
    0xAF, 0xF3, 0x6F, 0xF2, 0x00, 0x8F, 0xF1, 0x02, 0x10, 0x00, 0x03, 0x10, 0x00, 0x00, 0x00, 0x00,
    0x00, 0x00, 0x08, 0xFF, 0x20, 0x00, 0x00, 0x08, 0xFF, 0x20, 0x00, 0x00, 0x08, 0xFF, 0x20, 0x00,
    0x00, 0x08, 0xFF, 0x20, 0x00, 0x00, 0x08, 0xFF, 0x20, 0x00, 0x00, 0x08, 0xFF, 0x20, 0x00, 0x00,
    0x08, 0xFF, 0x20, 0x00, 0x00, 0x08, 0xFF, 0x20, 0x00, 0x00, 0x08, 0xFF, 0x20, 0x00, 0x00, 0x08,
    0xFF, 0x20, 0x00, 0x00, 0x08, 0xFF, 0x20, 0x00, 0x00, 0x08, 0xFF, 0x20, 0x00, 0x00, 0x08, 0xFF,
    0x20, 0x00, 0x00, 0x08, 0xFF, 0x20, 0x00, 0x00, 0x08, 0xFF, 0x20, 0x00, 0x00, 0x08, 0xFF, 0x20,
    0x00, 0x00, 0x08, 0xFF, 0x20, 0x00, 0x00, 0x08, 0xFF, 0x20, 0x00, 0x00, 0x08, 0xFF, 0x20, 0x00,
    0x00, 0x08, 0xFF, 0x20, 0x00, 0x00, 0x00, 0x00, 0x00, 0x00, 0x5F, 0xF4, 0x00, 0x00, 0x00, 0x00,
    0x00, 0x5F, 0xF4, 0x00, 0x00, 0x00, 0x00, 0x00, 0x5F, 0xF4, 0x00, 0x00, 0x00, 0x00, 0x00, 0x5F,
    0xF4, 0x00, 0x00, 0x00, 0x00, 0x00, 0x5F, 0xF4, 0x00, 0x00, 0x00, 0x00, 0x00, 0x5F, 0xF4, 0x00,
    0x00, 0x00, 0x00, 0x00, 0x5F, 0xF4, 0x00, 0x00, 0x00, 0x00, 0x00, 0x5F, 0xF4, 0x00, 0x00, 0x00,
    0x00, 0x00, 0x5F, 0xF4, 0x00, 0x00, 0x00, 0x00, 0x00, 0x5F, 0xF4, 0x00, 0x00, 0x00, 0x00, 0x00,
    0x5F, 0xF4, 0x00, 0x00, 0x00, 0x00, 0x00, 0x5F, 0xF4, 0x00, 0x00, 0x00, 0x00, 0x00, 0x5F, 0xF4,
    0x00, 0x00, 0x00, 0x00, 0x00, 0x5F, 0xF4, 0x3F, 0xF6, 0x00, 0x00, 0x00, 0x6F, 0xF3, 0x1F, 0xF9,
    0x00, 0x00, 0x00, 0x9F, 0xF1, 0x0D, 0xFF, 0x20, 0x00, 0x02, 0xFF, 0xC0, 0x05, 0xFF, 0xE6, 0x33,
    0x7E, 0xFF, 0x40, 0x00, 0x7F, 0xFF, 0xFF, 0xFF, 0xF6, 0x00, 0x00, 0x02, 0x9D, 0xFF, 0xD9, 0x20,
    0x00, 0x00, 0x00, 0x0E, 0xFF, 0xFF, 0xFF, 0xFF, 0xFF, 0xF4, 0x00, 0x00, 0x00, 0x00, 0x00, 0x00,
    0x00, 0x00, 0xFF, 0xFF, 0xFF, 0xFF, 0xFF, 0xFF, 0x40, 0x00, 0x00, 0x00, 0x00, 0x00, 0x00, 0x00,
    0x0F, 0xFC, 0x22, 0x22, 0x22, 0x8F, 0xF4, 0x00, 0x00, 0x00, 0x00, 0x00, 0x00, 0x00, 0x00, 0xFF,
    0x90, 0x00, 0x00, 0x06, 0xFF, 0x40, 0x00, 0x00, 0x00, 0x00, 0x00, 0x00, 0x00, 0x0F, 0xF8, 0x00,
    0x00, 0x00, 0x6F, 0xF4, 0x00, 0x00, 0x00, 0x00, 0x00, 0x00, 0x00, 0x01, 0xFF, 0x70, 0x00, 0x00,
    0x06, 0xFF, 0x40, 0x00, 0x00, 0x00, 0x00, 0x00, 0x00, 0x00, 0x2F, 0xF7, 0x00, 0x00, 0x00, 0x6F,
    0xF4, 0x00, 0x00, 0x00, 0x00, 0x00, 0x00, 0x00, 0x02, 0xFF, 0x60, 0x00, 0x00, 0x06, 0xFF, 0x40,
    0x00, 0x00, 0x00, 0x00, 0x00, 0x00, 0x00, 0x3F, 0xF5, 0x00, 0x00, 0x00, 0x6F, 0xFF, 0xFF, 0xFF,
    0xFD, 0xA4, 0x00, 0x00, 0x00, 0x04, 0xFF, 0x40, 0x00, 0x00, 0x06, 0xFF, 0xFF, 0xFF, 0xFF, 0xFF,
    0xFB, 0x00, 0x00, 0x00, 0x5F, 0xF4, 0x00, 0x00, 0x00, 0x6F, 0xF7, 0x22, 0x22, 0x36, 0xCF, 0xFB,
    0x00, 0x00, 0x06, 0xFF, 0x20, 0x00, 0x00, 0x06, 0xFF, 0x40, 0x00, 0x00, 0x00, 0xBF, 0xF4, 0x00,
    0x00, 0x7F, 0xF1, 0x00, 0x00, 0x00, 0x6F, 0xF4, 0x00, 0x00, 0x00, 0x01, 0xFF, 0x90, 0x00, 0x09,
    0xFF, 0x00, 0x00, 0x00, 0x06, 0xFF, 0x40, 0x00, 0x00, 0x00, 0x0D, 0xFC, 0x00, 0x00, 0xCF, 0xC0,
    0x00, 0x00, 0x00, 0x6F, 0xF4, 0x00, 0x00, 0x00, 0x00, 0xDF, 0xC0, 0x00, 0x0F, 0xF9, 0x00, 0x00,
    0x00, 0x06, 0xFF, 0x40, 0x00, 0x00, 0x00, 0x1F, 0xFA, 0x00, 0x07, 0xFF, 0x40, 0x00, 0x00, 0x00,
    0x6F, 0xF4, 0x00, 0x00, 0x00, 0x0A, 0xFF, 0x40, 0x49, 0xFF, 0xD0, 0x00, 0x00, 0x00, 0x06, 0xFF,
    0x52, 0x22, 0x22, 0x5C, 0xFF, 0xB0, 0x5F, 0xFF, 0xF3, 0x00, 0x00, 0x00, 0x00, 0x6F, 0xFF, 0xFF,
    0xFF, 0xFF, 0xFF, 0xB0, 0x05, 0xFE, 0xA2, 0x00, 0x00, 0x00, 0x00, 0x06, 0xFF, 0xFF, 0xFF, 0xFF,
    0xEA, 0x40, 0x00, 0x9F, 0xF1, 0x00, 0x00, 0x00, 0x00, 0x2F, 0xF8, 0x00, 0x00, 0x00, 0x00, 0x00,
    0x00, 0x9F, 0xF1, 0x00, 0x00, 0x00, 0x00, 0x2F, 0xF8, 0x00, 0x00, 0x00, 0x00, 0x00, 0x00, 0x9F,
    0xF1, 0x00, 0x00, 0x00, 0x00, 0x2F, 0xF8, 0x00, 0x00, 0x00, 0x00, 0x00, 0x00, 0x9F, 0xF1, 0x00,
    0x00, 0x00, 0x00, 0x2F, 0xF8, 0x00, 0x00, 0x00, 0x00, 0x00, 0x00, 0x9F, 0xF1, 0x00, 0x00, 0x00,
    0x00, 0x2F, 0xF8, 0x00, 0x00, 0x00, 0x00, 0x00, 0x00, 0x9F, 0xF1, 0x00, 0x00, 0x00, 0x00, 0x2F,
    0xF8, 0x00, 0x00, 0x00, 0x00, 0x00, 0x00, 0x9F, 0xF1, 0x00, 0x00, 0x00, 0x00, 0x2F, 0xF8, 0x00,
    0x00, 0x00, 0x00, 0x00, 0x00, 0x9F, 0xF1, 0x00, 0x00, 0x00, 0x00, 0x2F, 0xF8, 0x00, 0x00, 0x00,
    0x00, 0x00, 0x00, 0x9F, 0xF3, 0x22, 0x22, 0x22, 0x22, 0x4F, 0xFA, 0x22, 0x22, 0x10, 0x00, 0x00,
    0x00, 0x9F, 0xFF, 0xFF, 0xFF, 0xFF, 0xFF, 0xFF, 0xFF, 0xFF, 0xFF, 0xFF, 0xE9, 0x20, 0x00, 0x9F,
    0xFF, 0xFF, 0xFF, 0xFF, 0xFF, 0xFF, 0xFF, 0xFF, 0xFF, 0xFF, 0xFF, 0xF6, 0x00, 0x9F, 0xF1, 0x00,
    0x00, 0x00, 0x00, 0x2F, 0xF8, 0x00, 0x00, 0x01, 0x6E, 0xFF, 0x30, 0x9F, 0xF1, 0x00, 0x00, 0x00,
    0x00, 0x2F, 0xF8, 0x00, 0x00, 0x00, 0x02, 0xFF, 0xB0, 0x9F, 0xF1, 0x00, 0x00, 0x00, 0x00, 0x2F,
    0xF8, 0x00, 0x00, 0x00, 0x00, 0xBF, 0xE0, 0x9F, 0xF1, 0x00, 0x00, 0x00, 0x00, 0x2F, 0xF8, 0x00,
    0x00, 0x00, 0x00, 0x9F, 0xF0, 0x9F, 0xF1, 0x00, 0x00, 0x00, 0x00, 0x2F, 0xF8, 0x00, 0x00, 0x00,
    0x00, 0xCF, 0xE0, 0x9F, 0xF1, 0x00, 0x00, 0x00, 0x00, 0x2F, 0xF8, 0x00, 0x00, 0x00, 0x06, 0xFF,
    0xA0, 0x9F, 0xF1, 0x00, 0x00, 0x00, 0x00, 0x2F, 0xFA, 0x44, 0x44, 0x46, 0xBF, 0xFF, 0x20, 0x9F,
    0xF1, 0x00, 0x00, 0x00, 0x00, 0x2F, 0xFF, 0xFF, 0xFF, 0xFF, 0xFF, 0xE3, 0x00, 0x9F, 0xF1, 0x00,
    0x00, 0x00, 0x00, 0x2F, 0xFF, 0xFF, 0xFF, 0xFE, 0xB7, 0x00, 0x00, 0x2F, 0xFF, 0xFF, 0xFF, 0xFF,
    0xFF, 0xFF, 0xFF, 0x40, 0x00, 0x02, 0xFF, 0xFF, 0xFF, 0xFF, 0xFF, 0xFF, 0xFF, 0xF4, 0x00, 0x00,
    0x02, 0x22, 0x22, 0xBF, 0xF3, 0x22, 0x22, 0x22, 0x00, 0x00, 0x00, 0x00, 0x00, 0x09, 0xFF, 0x10,
    0x00, 0x00, 0x00, 0x00, 0x00, 0x00, 0x00, 0x00, 0x9F, 0xF1, 0x00, 0x00, 0x00, 0x00, 0x00, 0x00,
    0x00, 0x00, 0x09, 0xFF, 0x10, 0x00, 0x00, 0x00, 0x00, 0x00, 0x00, 0x00, 0x00, 0x9F, 0xF1, 0x00,
    0x00, 0x00, 0x00, 0x00, 0x00, 0x00, 0x00, 0x09, 0xFF, 0x10, 0x00, 0x00, 0x00, 0x00, 0x00, 0x00,
    0x00, 0x00, 0x9F, 0xF9, 0xBD, 0xFF, 0xED, 0x94, 0x00, 0x00, 0x00, 0x00, 0x09, 0xFF, 0xFF, 0xFF,
    0xFF, 0xFF, 0xFA, 0x00, 0x00, 0x00, 0x00, 0x9F, 0xFB, 0x74, 0x32, 0x36, 0xDF, 0xF8, 0x00, 0x00,
    0x00, 0x09, 0xFF, 0x10, 0x00, 0x00, 0x00, 0xDF, 0xF0, 0x00, 0x00, 0x00, 0x9F, 0xF1, 0x00, 0x00,
    0x00, 0x06, 0xFF, 0x40, 0x00, 0x00, 0x09, 0xFF, 0x10, 0x00, 0x00, 0x00, 0x4F, 0xF5, 0x00, 0x00,
    0x00, 0x9F, 0xF1, 0x00, 0x00, 0x00, 0x03, 0xFF, 0x60, 0x00, 0x00, 0x09, 0xFF, 0x10, 0x00, 0x00,
    0x00, 0x3F, 0xF6, 0x00, 0x00, 0x00, 0x9F, 0xF1, 0x00, 0x00, 0x00, 0x03, 0xFF, 0x60, 0x00, 0x00,
    0x09, 0xFF, 0x10, 0x00, 0x00, 0x00, 0x3F, 0xF6, 0x00, 0x00, 0x00, 0x9F, 0xF1, 0x00, 0x00, 0x00,
    0x03, 0xFF, 0x60, 0x00, 0x00, 0x09, 0xFF, 0x10, 0x00, 0x00, 0x00, 0x3F, 0xF6, 0x00, 0x00, 0x00,
    0x03, 0x44, 0x10, 0x00, 0x00, 0x00, 0x00, 0x00, 0x3F, 0xFB, 0x00, 0x00, 0x00, 0x00, 0x00, 0x00,
    0xCF, 0xC0, 0x00, 0x00, 0x00, 0x00, 0x00, 0x07, 0xFC, 0x00, 0x00, 0x00, 0x00, 0x00, 0x00, 0x1B,
    0xB1, 0x00, 0x00, 0x00, 0x00, 0x00, 0x00, 0x00, 0x00, 0x00, 0x00, 0x00, 0x00, 0xBF, 0xF0, 0x00,
    0x00, 0x00, 0x0A, 0xFF, 0x80, 0xBF, 0xF0, 0x00, 0x00, 0x00, 0x8F, 0xFA, 0x00, 0xBF, 0xF0, 0x00,
    0x00, 0x07, 0xFF, 0xB0, 0x00, 0xBF, 0xF0, 0x00, 0x00, 0x5F, 0xFD, 0x00, 0x00, 0xBF, 0xF0, 0x00,
    0x04, 0xFF, 0xE1, 0x00, 0x00, 0xBF, 0xF0, 0x00, 0x2F, 0xFE, 0x20, 0x00, 0x00, 0xBF, 0xF0, 0x01,
    0xEF, 0xF3, 0x00, 0x00, 0x00, 0xBF, 0xF0, 0x1D, 0xFF, 0x50, 0x00, 0x00, 0x00, 0xBF, 0xF0, 0xCF,
    0xF7, 0x00, 0x00, 0x00, 0x00, 0xBF, 0xFB, 0xFF, 0xFA, 0x00, 0x00, 0x00, 0x00, 0xBF, 0xFF, 0xFF,
    0xFF, 0x60, 0x00, 0x00, 0x00, 0xBF, 0xFF, 0x91, 0xEF, 0xF3, 0x00, 0x00, 0x00, 0xBF, 0xFA, 0x00,
    0x4F, 0xFD, 0x00, 0x00, 0x00, 0xBF, 0xF0, 0x00, 0x07, 0xFF, 0xA0, 0x00, 0x00, 0xBF, 0xF0, 0x00,
    0x00, 0xBF, 0xF6, 0x00, 0x00, 0xBF, 0xF0, 0x00, 0x00, 0x1E, 0xFF, 0x30, 0x00, 0xBF, 0xF0, 0x00,
    0x00, 0x03, 0xFF, 0xD0, 0x00, 0xBF, 0xF0, 0x00, 0x00, 0x00, 0x7F, 0xFA, 0x00, 0xBF, 0xF0, 0x00,
    0x00, 0x00, 0x0B, 0xFF, 0x60, 0xBF, 0xF0, 0x00, 0x00, 0x00, 0x01, 0xEF, 0xF3, 0x00, 0x00, 0x78,
    0x70, 0x00, 0x00, 0x00, 0x00, 0x00, 0x00, 0x5F, 0xF8, 0x00, 0x00, 0x00, 0x00, 0x00, 0x00, 0x07,
    0xFF, 0x20, 0x00, 0x00, 0x00, 0x00, 0x00, 0x00, 0x9F, 0xC0, 0x00, 0x00, 0x00, 0x00, 0x00, 0x00,
    0x07, 0x82, 0x00, 0x00, 0x00, 0x00, 0x00, 0x00, 0x00, 0x00, 0x00, 0x00, 0x00, 0x9F, 0xF1, 0x00,
    0x00, 0x00, 0x00, 0x7F, 0xF8, 0x9F, 0xF1, 0x00, 0x00, 0x00, 0x02, 0xFF, 0xF8, 0x9F, 0xF1, 0x00,
    0x00, 0x00, 0x0B, 0xFF, 0xF8, 0x9F, 0xF1, 0x00, 0x00, 0x00, 0x5F, 0xFF, 0xF8, 0x9F, 0xF1, 0x00,
    0x00, 0x01, 0xEF, 0xFF, 0xF8, 0x9F, 0xF1, 0x00, 0x00, 0x0A, 0xFF, 0x6F, 0xF8, 0x9F, 0xF1, 0x00,
    0x00, 0x4F, 0xFA, 0x2F, 0xF8, 0x9F, 0xF1, 0x00, 0x00, 0xDF, 0xE1, 0x2F, 0xF8, 0x9F, 0xF1, 0x00,
    0x08, 0xFF, 0x50, 0x2F, 0xF8, 0x9F, 0xF1, 0x00, 0x3F, 0xFB, 0x00, 0x2F, 0xF8, 0x9F, 0xF1, 0x00,
    0xCF, 0xF2, 0x00, 0x2F, 0xF8, 0x9F, 0xF1, 0x07, 0xFF, 0x70, 0x00, 0x2F, 0xF8, 0x9F, 0xF1, 0x2F,
    0xFC, 0x00, 0x00, 0x2F, 0xF8, 0x9F, 0xF1, 0xBF, 0xF3, 0x00, 0x00, 0x2F, 0xF8, 0x9F, 0xF6, 0xFF,
    0x80, 0x00, 0x00, 0x2F, 0xF8, 0x9F, 0xFF, 0xFE, 0x00, 0x00, 0x00, 0x2F, 0xF8, 0x9F, 0xFF, 0xF4,
    0x00, 0x00, 0x00, 0x2F, 0xF8, 0x9F, 0xFF, 0xA0, 0x00, 0x00, 0x00, 0x2F, 0xF8, 0x9F, 0xFE, 0x10,
    0x00, 0x00, 0x00, 0x2F, 0xF8, 0x9F, 0xF6, 0x00, 0x00, 0x00, 0x00, 0x2F, 0xF8, 0x00, 0x00, 0x43,
    0x00, 0x00, 0x43, 0x00, 0x00, 0x00, 0x02, 0xFE, 0x00, 0x03, 0xFD, 0x00, 0x00, 0x00, 0x00, 0xDF,
    0x70, 0x0B, 0xF9, 0x00, 0x00, 0x00, 0x00, 0x4F, 0xFE, 0xFF, 0xD1, 0x00, 0x00, 0x00, 0x00, 0x02,
    0x8B, 0xA7, 0x00, 0x00, 0x00, 0x00, 0x00, 0x00, 0x00, 0x00, 0x00, 0x00, 0x00, 0xBF, 0xF3, 0x00,
    0x00, 0x00, 0x00, 0x7F, 0xF9, 0x4F, 0xFA, 0x00, 0x00, 0x00, 0x00, 0xDF, 0xF2, 0x0C, 0xFF, 0x20,
    0x00, 0x00, 0x04, 0xFF, 0xB0, 0x05, 0xFF, 0x90, 0x00, 0x00, 0x0A, 0xFF, 0x40, 0x00, 0xDF, 0xF1,
    0x00, 0x00, 0x1F, 0xFD, 0x00, 0x00, 0x6F, 0xF7, 0x00, 0x00, 0x7F, 0xF6, 0x00, 0x00, 0x0E, 0xFE,
    0x00, 0x00, 0xDF, 0xF0, 0x00, 0x00, 0x07, 0xFF, 0x60, 0x04, 0xFF, 0x90, 0x00, 0x00, 0x00, 0xEF,
    0xD0, 0x0A, 0xFF, 0x20, 0x00, 0x00, 0x00, 0x8F, 0xF4, 0x1F, 0xFB, 0x00, 0x00, 0x00, 0x00, 0x1F,
    0xFB, 0x7F, 0xF4, 0x00, 0x00, 0x00, 0x00, 0x09, 0xFF, 0xFF, 0xD0, 0x00, 0x00, 0x00, 0x00, 0x02,
    0xFF, 0xFF, 0x60, 0x00, 0x00, 0x00, 0x00, 0x00, 0xAF, 0xFF, 0x00, 0x00, 0x00, 0x00, 0x00, 0x00,
    0x5F, 0xFA, 0x00, 0x00, 0x00, 0x00, 0x00, 0x00, 0x9F, 0xF2, 0x00, 0x00, 0x00, 0x00, 0x00, 0x01,
    0xFF, 0xB0, 0x00, 0x00, 0x00, 0x00, 0x12, 0x3D, 0xFF, 0x30, 0x00, 0x00, 0x00, 0x00, 0x6F, 0xFF,
    0xF7, 0x00, 0x00, 0x00, 0x00, 0x00, 0x6F, 0xFC, 0x40, 0x00, 0x00, 0x00, 0x00, 0x9F, 0xF1, 0x00,
    0x00, 0x00, 0x00, 0x2F, 0xF8, 0x9F, 0xF1, 0x00, 0x00, 0x00, 0x00, 0x2F, 0xF8, 0x9F, 0xF1, 0x00,
    0x00, 0x00, 0x00, 0x2F, 0xF8, 0x9F, 0xF1, 0x00, 0x00, 0x00, 0x00, 0x2F, 0xF8, 0x9F, 0xF1, 0x00,
    0x00, 0x00, 0x00, 0x2F, 0xF8, 0x9F, 0xF1, 0x00, 0x00, 0x00, 0x00, 0x2F, 0xF8, 0x9F, 0xF1, 0x00,
    0x00, 0x00, 0x00, 0x2F, 0xF8, 0x9F, 0xF1, 0x00, 0x00, 0x00, 0x00, 0x2F, 0xF8, 0x9F, 0xF1, 0x00,
    0x00, 0x00, 0x00, 0x2F, 0xF8, 0x9F, 0xF1, 0x00, 0x00, 0x00, 0x00, 0x2F, 0xF8, 0x9F, 0xF1, 0x00,
    0x00, 0x00, 0x00, 0x2F, 0xF8, 0x9F, 0xF1, 0x00, 0x00, 0x00, 0x00, 0x2F, 0xF8, 0x9F, 0xF1, 0x00,
    0x00, 0x00, 0x00, 0x2F, 0xF8, 0x9F, 0xF1, 0x00, 0x00, 0x00, 0x00, 0x2F, 0xF8, 0x9F, 0xF1, 0x00,
    0x00, 0x00, 0x00, 0x2F, 0xF8, 0x9F, 0xF1, 0x00, 0x00, 0x00, 0x00, 0x2F, 0xF8, 0x9F, 0xF1, 0x00,
    0x00, 0x00, 0x00, 0x2F, 0xF8, 0x9F, 0xF3, 0x22, 0x22, 0x22, 0x22, 0x4F, 0xF8, 0x9F, 0xFF, 0xFF,
    0xFF, 0xFF, 0xFF, 0xFF, 0xF8, 0x9F, 0xFF, 0xFF, 0xFF, 0xFF, 0xFF, 0xFF, 0xF8, 0x00, 0x00, 0x00,
    0x4F, 0xF5, 0x00, 0x00, 0x00, 0x00, 0x00, 0x00, 0x4F, 0xF5, 0x00, 0x00, 0x00, 0x00, 0x00, 0x00,
    0x4F, 0xF5, 0x00, 0x00, 0x00, 0x00, 0x00, 0x00, 0x4F, 0xF5, 0x00, 0x00, 0x00, 0x00, 0x00, 0x00,
    0x4F, 0xF5, 0x00, 0x00, 0x00, 0x00, 0x00, 0x00, 0x03, 0xFF, 0x70, 0x00, 0x00, 0x00, 0x00, 0x00,
    0x00, 0x09, 0xFF, 0xD0, 0x00, 0x00, 0x00, 0x00, 0x00, 0x00, 0x0E, 0xFF, 0xF3, 0x00, 0x00, 0x00,
    0x00, 0x00, 0x00, 0x5F, 0xFE, 0xFA, 0x00, 0x00, 0x00, 0x00, 0x00, 0x00, 0xBF, 0xB6, 0xFF, 0x00,
    0x00, 0x00, 0x00, 0x00, 0x01, 0xFF, 0x51, 0xFF, 0x60, 0x00, 0x00, 0x00, 0x00, 0x07, 0xFF, 0x00,
    0xBF, 0xC0, 0x00, 0x00, 0x00, 0x00, 0x0D, 0xF9, 0x00, 0x5F, 0xF2, 0x00, 0x00, 0x00, 0x00, 0x3F,
    0xF4, 0x00, 0x0F, 0xF8, 0x00, 0x00, 0x00, 0x00, 0xAF, 0xE0, 0x00, 0x09, 0xFE, 0x00, 0x00, 0x00,
    0x00, 0xFF, 0x80, 0x00, 0x03, 0xFF, 0x40, 0x00, 0x00, 0x06, 0xFF, 0x20, 0x00, 0x00, 0xEF, 0xA0,
    0x00, 0x00, 0x0D, 0xFF, 0x22, 0x22, 0x22, 0xBF, 0xF1, 0x00, 0x00, 0x2F, 0xFF, 0xFF, 0xFF, 0xFF,
    0xFF, 0xF6, 0x00, 0x00, 0x8F, 0xFF, 0xFF, 0xFF, 0xFF, 0xFF, 0xFC, 0x00, 0x00, 0xEF, 0xB0, 0x00,
    0x00, 0x00, 0x06, 0xFF, 0x30, 0x04, 0xFF, 0x50, 0x00, 0x00, 0x00, 0x01, 0xFF, 0x90, 0x0A, 0xFF,
    0x00, 0x00, 0x00, 0x00, 0x00, 0xBF, 0xE0, 0x1F, 0xFA, 0x00, 0x00, 0x00, 0x00, 0x00, 0x5F, 0xF5,
    0x6F, 0xF4, 0x00, 0x00, 0x00, 0x00, 0x00, 0x0F, 0xFB, 0xFF, 0xFF, 0xFF, 0xFF, 0xFF, 0xFF, 0x70,
    0x0F, 0xFF, 0xFF, 0xFF, 0xFF, 0xFF, 0xF7, 0x00, 0xFF, 0xF2, 0x22, 0x22, 0x22, 0x22, 0x10, 0x0F,
    0xFF, 0x00, 0x00, 0x00, 0x00, 0x00, 0x00, 0xFF, 0xF0, 0x00, 0x00, 0x00, 0x00, 0x00, 0x0F, 0xFF,
    0x00, 0x00, 0x00, 0x00, 0x00, 0x00, 0xFF, 0xF0, 0x00, 0x00, 0x00, 0x00, 0x00, 0x0F, 0xFF, 0x22,
    0x22, 0x21, 0x00, 0x00, 0x00, 0xFF, 0xFF, 0xFF, 0xFF, 0xFF, 0xB4, 0x00, 0x0F, 0xFF, 0xFF, 0xFF,
    0xFF, 0xFF, 0xF9, 0x00, 0xFF, 0xF0, 0x00, 0x00, 0x15, 0xDF, 0xF7, 0x0F, 0xFF, 0x00, 0x00, 0x00,
    0x00, 0xDF, 0xE0, 0xFF, 0xF0, 0x00, 0x00, 0x00, 0x06, 0xFF, 0x4F, 0xFF, 0x00, 0x00, 0x00, 0x00,
    0x3F, 0xF6, 0xFF, 0xF0, 0x00, 0x00, 0x00, 0x04, 0xFF, 0x5F, 0xFF, 0x00, 0x00, 0x00, 0x00, 0x8F,
    0xF3, 0xFF, 0xF0, 0x00, 0x00, 0x00, 0x2F, 0xFE, 0x0F, 0xFF, 0x22, 0x22, 0x23, 0x7F, 0xFF, 0x50,
    0xFF, 0xFF, 0xFF, 0xFF, 0xFF, 0xFF, 0x60, 0x0F, 0xFF, 0xFF, 0xFF, 0xFF, 0xD8, 0x20, 0x00, 0xBF,
    0xFF, 0xFF, 0xFF, 0xDA, 0x50, 0x00, 0xBF, 0xFF, 0xFF, 0xFF, 0xFF, 0xFB, 0x00, 0xBF, 0xF2, 0x22,
    0x23, 0x5C, 0xFF, 0x90, 0xBF, 0xF0, 0x00, 0x00, 0x00, 0xCF, 0xF0, 0xBF, 0xF0, 0x00, 0x00, 0x00,
    0x6F, 0xF3, 0xBF, 0xF0, 0x00, 0x00, 0x00, 0x5F, 0xF4, 0xBF, 0xF0, 0x00, 0x00, 0x00, 0x7F, 0xF2,
    0xBF, 0xF0, 0x00, 0x00, 0x01, 0xEF, 0xD0, 0xBF, 0xF2, 0x44, 0x44, 0x8E, 0xFF, 0x30, 0xBF, 0xFF,
    0xFF, 0xFF, 0xFF, 0xD2, 0x00, 0xBF, 0xFF, 0xFF, 0xFF, 0xFF, 0xFB, 0x10, 0xBF, 0xF0, 0x00, 0x00,
    0x16, 0xFF, 0xD0, 0xBF, 0xF0, 0x00, 0x00, 0x00, 0x4F, 0xF7, 0xBF, 0xF0, 0x00, 0x00, 0x00, 0x0E,
    0xFB, 0xBF, 0xF0, 0x00, 0x00, 0x00, 0x0C, 0xFD, 0xBF, 0xF0, 0x00, 0x00, 0x00, 0x0E, 0xFB, 0xBF,
    0xF0, 0x00, 0x00, 0x00, 0x7F, 0xF7, 0xBF, 0xF2, 0x22, 0x22, 0x4A, 0xFF, 0xE1, 0xBF, 0xFF, 0xFF,
    0xFF, 0xFF, 0xFD, 0x20, 0xBF, 0xFF, 0xFF, 0xFF, 0xEB, 0x60, 0x00, 0x9F, 0xFF, 0xFF, 0xFF, 0xFF,
    0xFF, 0xA9, 0xFF, 0xFF, 0xFF, 0xFF, 0xFF, 0xFA, 0x9F, 0xF3, 0x22, 0x22, 0x22, 0x22, 0x19, 0xFF,
    0x10, 0x00, 0x00, 0x00, 0x00, 0x9F, 0xF1, 0x00, 0x00, 0x00, 0x00, 0x09, 0xFF, 0x10, 0x00, 0x00,
    0x00, 0x00, 0x9F, 0xF1, 0x00, 0x00, 0x00, 0x00, 0x09, 0xFF, 0x10, 0x00, 0x00, 0x00, 0x00, 0x9F,
    0xF1, 0x00, 0x00, 0x00, 0x00, 0x09, 0xFF, 0x10, 0x00, 0x00, 0x00, 0x00, 0x9F, 0xF1, 0x00, 0x00,
    0x00, 0x00, 0x09, 0xFF, 0x10, 0x00, 0x00, 0x00, 0x00, 0x9F, 0xF1, 0x00, 0x00, 0x00, 0x00, 0x09,
    0xFF, 0x10, 0x00, 0x00, 0x00, 0x00, 0x9F, 0xF1, 0x00, 0x00, 0x00, 0x00, 0x09, 0xFF, 0x10, 0x00,
    0x00, 0x00, 0x00, 0x9F, 0xF1, 0x00, 0x00, 0x00, 0x00, 0x09, 0xFF, 0x10, 0x00, 0x00, 0x00, 0x00,
    0x9F, 0xF1, 0x00, 0x00, 0x00, 0x00, 0x09, 0xFF, 0x10, 0x00, 0x00, 0x00, 0x00, 0x00, 0x00, 0x04,
    0xFF, 0xFF, 0xFF, 0xFF, 0xFF, 0xFA, 0x00, 0x00, 0x00, 0x00, 0x5F, 0xFF, 0xFF, 0xFF, 0xFF, 0xFF,
    0xA0, 0x00, 0x00, 0x00, 0x06, 0xFF, 0x62, 0x22, 0x22, 0x2F, 0xFA, 0x00, 0x00, 0x00, 0x00, 0x6F,
    0xF3, 0x00, 0x00, 0x00, 0xFF, 0xA0, 0x00, 0x00, 0x00, 0x07, 0xFF, 0x20, 0x00, 0x00, 0x0F, 0xFA,
    0x00, 0x00, 0x00, 0x00, 0x8F, 0xF1, 0x00, 0x00, 0x00, 0xFF, 0xA0, 0x00, 0x00, 0x00, 0x09, 0xFF,
    0x00, 0x00, 0x00, 0x0F, 0xFA, 0x00, 0x00, 0x00, 0x00, 0xAF, 0xF0, 0x00, 0x00, 0x00, 0xFF, 0xA0,
    0x00, 0x00, 0x00, 0x0B, 0xFF, 0x00, 0x00, 0x00, 0x0F, 0xFA, 0x00, 0x00, 0x00, 0x00, 0xCF, 0xE0,
    0x00, 0x00, 0x00, 0xFF, 0xA0, 0x00, 0x00, 0x00, 0x0E, 0xFC, 0x00, 0x00, 0x00, 0x0F, 0xFA, 0x00,
    0x00, 0x00, 0x00, 0xFF, 0x90, 0x00, 0x00, 0x00, 0xFF, 0xA0, 0x00, 0x00, 0x00, 0x4F, 0xF6, 0x00,
    0x00, 0x00, 0x0F, 0xFA, 0x00, 0x00, 0x00, 0x08, 0xFF, 0x20, 0x00, 0x00, 0x00, 0xFF, 0xA0, 0x00,
    0x00, 0x00, 0xDF, 0xE0, 0x00, 0x00, 0x00, 0x0F, 0xFA, 0x00, 0x00, 0x00, 0x3F, 0xF8, 0x00, 0x00,
    0x00, 0x00, 0xFF, 0xA0, 0x00, 0x00, 0x0B, 0xFF, 0x10, 0x00, 0x00, 0x00, 0x0F, 0xFA, 0x00, 0x00,
    0x39, 0xFF, 0xA2, 0x22, 0x22, 0x22, 0x22, 0xFF, 0xD2, 0x20, 0x4F, 0xFF, 0xFF, 0xFF, 0xFF, 0xFF,
    0xFF, 0xFF, 0xFF, 0xFF, 0x44, 0xFF, 0xFF, 0xFF, 0xFF, 0xFF, 0xFF, 0xFF, 0xFF, 0xFF, 0xF4, 0x4F,
    0xF5, 0x00, 0x00, 0x00, 0x00, 0x00, 0x00, 0x06, 0xFF, 0x44, 0xFF, 0x50, 0x00, 0x00, 0x00, 0x00,
    0x00, 0x00, 0x6F, 0xF3, 0x4F, 0xF5, 0x00, 0x00, 0x00, 0x00, 0x00, 0x00, 0x06, 0xFF, 0x34, 0xFF,
    0x50, 0x00, 0x00, 0x00, 0x00, 0x00, 0x00, 0x6F, 0xF3, 0x4F, 0xF5, 0x00, 0x00, 0x00, 0x00, 0x00,
    0x00, 0x05, 0xFF, 0x30, 0xBF, 0xFF, 0xFF, 0xFF, 0xFF, 0xFF, 0xDB, 0xFF, 0xFF, 0xFF, 0xFF, 0xFF,
    0xFD, 0xBF, 0xF2, 0x22, 0x22, 0x22, 0x22, 0x2B, 0xFF, 0x00, 0x00, 0x00, 0x00, 0x00, 0xBF, 0xF0,
    0x00, 0x00, 0x00, 0x00, 0x0B, 0xFF, 0x00, 0x00, 0x00, 0x00, 0x00, 0xBF, 0xF0, 0x00, 0x00, 0x00,
    0x00, 0x0B, 0xFF, 0x00, 0x00, 0x00, 0x00, 0x00, 0xBF, 0xF2, 0x22, 0x22, 0x22, 0x21, 0x0B, 0xFF,
    0xFF, 0xFF, 0xFF, 0xFF, 0x90, 0xBF, 0xFF, 0xFF, 0xFF, 0xFF, 0xF9, 0x0B, 0xFF, 0x00, 0x00, 0x00,
    0x00, 0x00, 0xBF, 0xF0, 0x00, 0x00, 0x00, 0x00, 0x0B, 0xFF, 0x00, 0x00, 0x00, 0x00, 0x00, 0xBF,
    0xF0, 0x00, 0x00, 0x00, 0x00, 0x0B, 0xFF, 0x00, 0x00, 0x00, 0x00, 0x00, 0xBF, 0xF0, 0x00, 0x00,
    0x00, 0x00, 0x0B, 0xFF, 0x22, 0x22, 0x22, 0x22, 0x22, 0xBF, 0xFF, 0xFF, 0xFF, 0xFF, 0xFF, 0xFB,
    0xFF, 0xFF, 0xFF, 0xFF, 0xFF, 0xFF, 0x0C, 0xFF, 0x40, 0x00, 0x00, 0x07, 0xFF, 0x20, 0x00, 0x00,
    0x0B, 0xFF, 0x60, 0x02, 0xFF, 0xD0, 0x00, 0x00, 0x07, 0xFF, 0x20, 0x00, 0x00, 0x4F, 0xFB, 0x00,
    0x00, 0x7F, 0xF7, 0x00, 0x00, 0x07, 0xFF, 0x20, 0x00, 0x00, 0xDF, 0xF2, 0x00, 0x00, 0x0D, 0xFF,
    0x20, 0x00, 0x07, 0xFF, 0x20, 0x00, 0x07, 0xFF, 0x70, 0x00, 0x00, 0x03, 0xFF, 0xB0, 0x00, 0x07,
    0xFF, 0x20, 0x00, 0x2F, 0xFC, 0x00, 0x00, 0x00, 0x00, 0x8F, 0xF4, 0x00, 0x07, 0xFF, 0x20, 0x00,
    0xBF, 0xF2, 0x00, 0x00, 0x00, 0x00, 0x0D, 0xFD, 0x00, 0x07, 0xFF, 0x20, 0x04, 0xFF, 0x70, 0x00,
    0x00, 0x00, 0x00, 0x04, 0xFF, 0x70, 0x07, 0xFF, 0x20, 0x0D, 0xFD, 0x00, 0x00, 0x00, 0x00, 0x00,
    0x00, 0x9F, 0xF4, 0x3A, 0xFF, 0x53, 0x8F, 0xF3, 0x00, 0x00, 0x00, 0x00, 0x00, 0x00, 0x1F, 0xFF,
    0xFF, 0xFF, 0xFF, 0xFF, 0xF0, 0x00, 0x00, 0x00, 0x00, 0x00, 0x00, 0x8F, 0xFF, 0xFF, 0xFF, 0xFF,
    0xFF, 0xF2, 0x00, 0x00, 0x00, 0x00, 0x00, 0x02, 0xFF, 0xE1, 0x07, 0xFF, 0x20, 0x5F, 0xFC, 0x00,
    0x00, 0x00, 0x00, 0x00, 0x0C, 0xFF, 0x50, 0x07, 0xFF, 0x20, 0x0B, 0xFF, 0x60, 0x00, 0x00, 0x00,
    0x00, 0x7F, 0xFB, 0x00, 0x07, 0xFF, 0x20, 0x02, 0xFF, 0xF1, 0x00, 0x00, 0x00, 0x02, 0xFF, 0xF2,
    0x00, 0x07, 0xFF, 0x20, 0x00, 0x7F, 0xFB, 0x00, 0x00, 0x00, 0x0B, 0xFF, 0x70, 0x00, 0x07, 0xFF,
    0x20, 0x00, 0x0D, 0xFF, 0x50, 0x00, 0x00, 0x5F, 0xFD, 0x00, 0x00, 0x07, 0xFF, 0x20, 0x00, 0x03,
    0xFF, 0xE1, 0x00, 0x01, 0xEF, 0xF3, 0x00, 0x00, 0x07, 0xFF, 0x20, 0x00, 0x00, 0x9F, 0xFA, 0x00,
    0x0A, 0xFF, 0x90, 0x00, 0x00, 0x07, 0xFF, 0x20, 0x00, 0x00, 0x1E, 0xFF, 0x40, 0x4F, 0xFE, 0x10,
    0x00, 0x00, 0x07, 0xFF, 0x20, 0x00, 0x00, 0x05, 0xFF, 0xD0, 0x00, 0x02, 0x8D, 0xFF, 0xEB, 0x71,
    0x00, 0x00, 0x07, 0xFF, 0xFF, 0xFF, 0xFF, 0xE5, 0x00, 0x06, 0xFF, 0xE7, 0x33, 0x49, 0xFF, 0xF3,
    0x01, 0xFF, 0xE1, 0x00, 0x00, 0x04, 0xFF, 0xC0, 0x6F, 0xF5, 0x00, 0x00, 0x00, 0x0A, 0xFF, 0x09,
    0xFF, 0x10, 0x00, 0x00, 0x00, 0x8F, 0xF2, 0x00, 0x00, 0x00, 0x00, 0x00, 0x0A, 0xFF, 0x00, 0x00,
    0x00, 0x00, 0x00, 0x02, 0xFF, 0xA0, 0x00, 0x00, 0x02, 0x23, 0x48, 0xFF, 0xD1, 0x00, 0x00, 0x00,
    0xFF, 0xFF, 0xFF, 0x90, 0x00, 0x00, 0x00, 0x0F, 0xFF, 0xFF, 0xFE, 0x60, 0x00, 0x00, 0x00, 0x00,
    0x01, 0x4B, 0xFF, 0x70, 0x00, 0x00, 0x00, 0x00, 0x00, 0x0B, 0xFF, 0x10, 0x00, 0x00, 0x00, 0x00,
    0x00, 0x4F, 0xF5, 0xDF, 0xC0, 0x00, 0x00, 0x00, 0x03, 0xFF, 0x7B, 0xFF, 0x10, 0x00, 0x00, 0x00,
    0x6F, 0xF5, 0x5F, 0xFB, 0x00, 0x00, 0x00, 0x2E, 0xFF, 0x00, 0xBF, 0xFD, 0x63, 0x24, 0x8F, 0xFF,
    0x60, 0x00, 0xAF, 0xFF, 0xFF, 0xFF, 0xFF, 0x60, 0x00, 0x00, 0x39, 0xDF, 0xFE, 0xB7, 0x10, 0x00,
    0x9F, 0xF1, 0x00, 0x00, 0x00, 0x00, 0x7F, 0xF8, 0x9F, 0xF1, 0x00, 0x00, 0x00, 0x02, 0xFF, 0xF8,
    0x9F, 0xF1, 0x00, 0x00, 0x00, 0x0B, 0xFF, 0xF8, 0x9F, 0xF1, 0x00, 0x00, 0x00, 0x5F, 0xFF, 0xF8,
    0x9F, 0xF1, 0x00, 0x00, 0x01, 0xEF, 0xFF, 0xF8, 0x9F, 0xF1, 0x00, 0x00, 0x0A, 0xFF, 0x6F, 0xF8,
    0x9F, 0xF1, 0x00, 0x00, 0x4F, 0xFA, 0x2F, 0xF8, 0x9F, 0xF1, 0x00, 0x00, 0xDF, 0xE1, 0x2F, 0xF8,
    0x9F, 0xF1, 0x00, 0x08, 0xFF, 0x50, 0x2F, 0xF8, 0x9F, 0xF1, 0x00, 0x3F, 0xFB, 0x00, 0x2F, 0xF8,
    0x9F, 0xF1, 0x00, 0xCF, 0xF2, 0x00, 0x2F, 0xF8, 0x9F, 0xF1, 0x07, 0xFF, 0x70, 0x00, 0x2F, 0xF8,
    0x9F, 0xF1, 0x2F, 0xFC, 0x00, 0x00, 0x2F, 0xF8, 0x9F, 0xF1, 0xBF, 0xF3, 0x00, 0x00, 0x2F, 0xF8,
    0x9F, 0xF6, 0xFF, 0x80, 0x00, 0x00, 0x2F, 0xF8, 0x9F, 0xFF, 0xFE, 0x00, 0x00, 0x00, 0x2F, 0xF8,
    0x9F, 0xFF, 0xF4, 0x00, 0x00, 0x00, 0x2F, 0xF8, 0x9F, 0xFF, 0xA0, 0x00, 0x00, 0x00, 0x2F, 0xF8,
    0x9F, 0xFE, 0x10, 0x00, 0x00, 0x00, 0x2F, 0xF8, 0x9F, 0xF6, 0x00, 0x00, 0x00, 0x00, 0x2F, 0xF8,
    0x00, 0x00, 0x43, 0x00, 0x00, 0x43, 0x00, 0x00, 0x00, 0x02, 0xFE, 0x00, 0x03, 0xFD, 0x00, 0x00,
    0x00, 0x00, 0xDF, 0x70, 0x0B, 0xF9, 0x00, 0x00, 0x00, 0x00, 0x4F, 0xFE, 0xFF, 0xD1, 0x00, 0x00,
    0x00, 0x00, 0x02, 0x8B, 0xA7, 0x00, 0x00, 0x00, 0x00, 0x00, 0x00, 0x00, 0x00, 0x00, 0x00, 0x00,
    0x9F, 0xF1, 0x00, 0x00, 0x00, 0x00, 0x7F, 0xF8, 0x9F, 0xF1, 0x00, 0x00, 0x00, 0x02, 0xFF, 0xF8,
    0x9F, 0xF1, 0x00, 0x00, 0x00, 0x0B, 0xFF, 0xF8, 0x9F, 0xF1, 0x00, 0x00, 0x00, 0x5F, 0xFF, 0xF8,
    0x9F, 0xF1, 0x00, 0x00, 0x01, 0xEF, 0xFF, 0xF8, 0x9F, 0xF1, 0x00, 0x00, 0x0A, 0xFF, 0x6F, 0xF8,
    0x9F, 0xF1, 0x00, 0x00, 0x4F, 0xFA, 0x2F, 0xF8, 0x9F, 0xF1, 0x00, 0x00, 0xDF, 0xE1, 0x2F, 0xF8,
    0x9F, 0xF1, 0x00, 0x08, 0xFF, 0x50, 0x2F, 0xF8, 0x9F, 0xF1, 0x00, 0x3F, 0xFB, 0x00, 0x2F, 0xF8,
    0x9F, 0xF1, 0x00, 0xCF, 0xF2, 0x00, 0x2F, 0xF8, 0x9F, 0xF1, 0x07, 0xFF, 0x70, 0x00, 0x2F, 0xF8,
    0x9F, 0xF1, 0x2F, 0xFC, 0x00, 0x00, 0x2F, 0xF8, 0x9F, 0xF1, 0xBF, 0xF3, 0x00, 0x00, 0x2F, 0xF8,
    0x9F, 0xF6, 0xFF, 0x80, 0x00, 0x00, 0x2F, 0xF8, 0x9F, 0xFF, 0xFE, 0x00, 0x00, 0x00, 0x2F, 0xF8,
    0x9F, 0xFF, 0xF4, 0x00, 0x00, 0x00, 0x2F, 0xF8, 0x9F, 0xFF, 0xA0, 0x00, 0x00, 0x00, 0x2F, 0xF8,
    0x9F, 0xFE, 0x10, 0x00, 0x00, 0x00, 0x2F, 0xF8, 0x9F, 0xF6, 0x00, 0x00, 0x00, 0x00, 0x2F, 0xF8,
    0x9F, 0xF1, 0x00, 0x00, 0x00, 0x05, 0xFF, 0xE1, 0x9F, 0xF1, 0x00, 0x00, 0x00, 0x2F, 0xFF, 0x30,
    0x9F, 0xF1, 0x00, 0x00, 0x00, 0xDF, 0xF6, 0x00, 0x9F, 0xF1, 0x00, 0x00, 0x0B, 0xFF, 0x90, 0x00,
    0x9F, 0xF1, 0x00, 0x00, 0x7F, 0xFC, 0x00, 0x00, 0x9F, 0xF1, 0x00, 0x04, 0xFF, 0xE1, 0x00, 0x00,
    0x9F, 0xF1, 0x00, 0x2E, 0xFF, 0x40, 0x00, 0x00, 0x9F, 0xF1, 0x00, 0xCF, 0xF7, 0x00, 0x00, 0x00,
    0x9F, 0xF4, 0x3A, 0xFF, 0xA0, 0x00, 0x00, 0x00, 0x9F, 0xFF, 0xFF, 0xFF, 0x00, 0x00, 0x00, 0x00,
    0x9F, 0xFF, 0xFF, 0xFF, 0x60, 0x00, 0x00, 0x00, 0x9F, 0xF1, 0x02, 0xFF, 0xF3, 0x00, 0x00, 0x00,
    0x9F, 0xF1, 0x00, 0x5F, 0xFE, 0x10, 0x00, 0x00, 0x9F, 0xF1, 0x00, 0x08, 0xFF, 0xB0, 0x00, 0x00,
    0x9F, 0xF1, 0x00, 0x00, 0xBF, 0xF8, 0x00, 0x00, 0x9F, 0xF1, 0x00, 0x00, 0x1D, 0xFF, 0x50, 0x00,
    0x9F, 0xF1, 0x00, 0x00, 0x02, 0xFF, 0xF2, 0x00, 0x9F, 0xF1, 0x00, 0x00, 0x00, 0x5F, 0xFD, 0x10,
    0x9F, 0xF1, 0x00, 0x00, 0x00, 0x08, 0xFF, 0xB0, 0x9F, 0xF1, 0x00, 0x00, 0x00, 0x00, 0xBF, 0xF8,
    0x00, 0x00, 0x0E, 0xFF, 0xFF, 0xFF, 0xFF, 0xFF, 0xF6, 0x00, 0x00, 0x0F, 0xFF, 0xFF, 0xFF, 0xFF,
    0xFF, 0xF6, 0x00, 0x00, 0x0F, 0xFC, 0x22, 0x22, 0x22, 0x6F, 0xF6, 0x00, 0x00, 0x0F, 0xF8, 0x00,
    0x00, 0x00, 0x4F, 0xF6, 0x00, 0x00, 0x1F, 0xF8, 0x00, 0x00, 0x00, 0x4F, 0xF6, 0x00, 0x00, 0x2F,
    0xF7, 0x00, 0x00, 0x00, 0x4F, 0xF6, 0x00, 0x00, 0x2F, 0xF6, 0x00, 0x00, 0x00, 0x4F, 0xF6, 0x00,
    0x00, 0x3F, 0xF6, 0x00, 0x00, 0x00, 0x4F, 0xF6, 0x00, 0x00, 0x3F, 0xF5, 0x00, 0x00, 0x00, 0x4F,
    0xF6, 0x00, 0x00, 0x4F, 0xF4, 0x00, 0x00, 0x00, 0x4F, 0xF6, 0x00, 0x00, 0x5F, 0xF3, 0x00, 0x00,
    0x00, 0x4F, 0xF6, 0x00, 0x00, 0x6F, 0xF2, 0x00, 0x00, 0x00, 0x4F, 0xF6, 0x00, 0x00, 0x8F, 0xF1,
    0x00, 0x00, 0x00, 0x4F, 0xF6, 0x00, 0x00, 0xAF, 0xF0, 0x00, 0x00, 0x00, 0x4F, 0xF6, 0x00, 0x00,
    0xCF, 0xC0, 0x00, 0x00, 0x00, 0x4F, 0xF6, 0x00, 0x01, 0xFF, 0x90, 0x00, 0x00, 0x00, 0x4F, 0xF6,
    0x00, 0x08, 0xFF, 0x40, 0x00, 0x00, 0x00, 0x4F, 0xF6, 0x04, 0x9F, 0xFD, 0x00, 0x00, 0x00, 0x00,
    0x4F, 0xF6, 0x5F, 0xFF, 0xF3, 0x00, 0x00, 0x00, 0x00, 0x4F, 0xF6, 0x5F, 0xEA, 0x20, 0x00, 0x00,
    0x00, 0x00, 0x4F, 0xF6, 0xBF, 0xFE, 0x00, 0x00, 0x00, 0x00, 0x00, 0x00, 0x7F, 0xFF, 0x2B, 0xFF,
    0xF4, 0x00, 0x00, 0x00, 0x00, 0x00, 0x0D, 0xFF, 0xF2, 0xBF, 0xFF, 0xB0, 0x00, 0x00, 0x00, 0x00,
    0x04, 0xFF, 0xFF, 0x2B, 0xFF, 0xFF, 0x10, 0x00, 0x00, 0x00, 0x00, 0xAF, 0xFF, 0xF2, 0xBF, 0xCF,
    0xF8, 0x00, 0x00, 0x00, 0x00, 0x1F, 0xFB, 0xFF, 0x2B, 0xFB, 0xAF, 0xE0, 0x00, 0x00, 0x00, 0x07,
    0xFF, 0x6F, 0xF2, 0xBF, 0xC3, 0xFF, 0x40, 0x00, 0x00, 0x00, 0xDF, 0xA5, 0xFF, 0x2B, 0xFC, 0x0D,
    0xFB, 0x00, 0x00, 0x00, 0x4F, 0xF4, 0x5F, 0xF2, 0xBF, 0xD0, 0x6F, 0xF1, 0x00, 0x00, 0x0A, 0xFD,
    0x06, 0xFF, 0x2B, 0xFD, 0x01, 0xFF, 0x70, 0x00, 0x01, 0xFF, 0x70, 0x6F, 0xF2, 0xBF, 0xE0, 0x09,
    0xFE, 0x00, 0x00, 0x7F, 0xF1, 0x07, 0xFF, 0x2B, 0xFE, 0x00, 0x3F, 0xF4, 0x00, 0x0D, 0xFA, 0x00,
    0x7F, 0xF2, 0xBF, 0xE0, 0x00, 0xCF, 0xB0, 0x04, 0xFF, 0x30, 0x07, 0xFF, 0x2B, 0xFF, 0x00, 0x06,
    0xFF, 0x10, 0xAF, 0xD0, 0x00, 0x8F, 0xF2, 0xBF, 0xF0, 0x00, 0x0F, 0xF7, 0x1F, 0xF6, 0x00, 0x08,
    0xFF, 0x2B, 0xFF, 0x00, 0x00, 0x9F, 0xE7, 0xFF, 0x10, 0x00, 0x8F, 0xF2, 0xBF, 0xF0, 0x00, 0x03,
    0xFF, 0xFF, 0x90, 0x00, 0x08, 0xFF, 0x2B, 0xFF, 0x00, 0x00, 0x0C, 0xFF, 0xF3, 0x00, 0x00, 0x8F,
    0xF2, 0xBF, 0xF0, 0x00, 0x00, 0x6F, 0xFC, 0x00, 0x00, 0x08, 0xFF, 0x2B, 0xFF, 0x00, 0x00, 0x00,
    0xFF, 0x60, 0x00, 0x00, 0x8F, 0xF2, 0xBF, 0xF0, 0x00, 0x00, 0x00, 0x00, 0x0F, 0xF9, 0xBF, 0xF0,
    0x00, 0x00, 0x00, 0x00, 0x0F, 0xF9, 0xBF, 0xF0, 0x00, 0x00, 0x00, 0x00, 0x0F, 0xF9, 0xBF, 0xF0,
    0x00, 0x00, 0x00, 0x00, 0x0F, 0xF9, 0xBF, 0xF0, 0x00, 0x00, 0x00, 0x00, 0x0F, 0xF9, 0xBF, 0xF0,
    0x00, 0x00, 0x00, 0x00, 0x0F, 0xF9, 0xBF, 0xF0, 0x00, 0x00, 0x00, 0x00, 0x0F, 0xF9, 0xBF, 0xF0,
    0x00, 0x00, 0x00, 0x00, 0x0F, 0xF9, 0xBF, 0xF2, 0x22, 0x22, 0x22, 0x22, 0x2F, 0xF9, 0xBF, 0xFF,
    0xFF, 0xFF, 0xFF, 0xFF, 0xFF, 0xF9, 0xBF, 0xFF, 0xFF, 0xFF, 0xFF, 0xFF, 0xFF, 0xF9, 0xBF, 0xF0,
    0x00, 0x00, 0x00, 0x00, 0x0F, 0xF9, 0xBF, 0xF0, 0x00, 0x00, 0x00, 0x00, 0x0F, 0xF9, 0xBF, 0xF0,
    0x00, 0x00, 0x00, 0x00, 0x0F, 0xF9, 0xBF, 0xF0, 0x00, 0x00, 0x00, 0x00, 0x0F, 0xF9, 0xBF, 0xF0,
    0x00, 0x00, 0x00, 0x00, 0x0F, 0xF9, 0xBF, 0xF0, 0x00, 0x00, 0x00, 0x00, 0x0F, 0xF9, 0xBF, 0xF0,
    0x00, 0x00, 0x00, 0x00, 0x0F, 0xF9, 0xBF, 0xF0, 0x00, 0x00, 0x00, 0x00, 0x0F, 0xF9, 0xBF, 0xF0,
    0x00, 0x00, 0x00, 0x00, 0x0F, 0xF9, 0x00, 0x00, 0x05, 0xBE, 0xFE, 0xC7, 0x10, 0x00, 0x00, 0x00,
    0x2D, 0xFF, 0xFF, 0xFF, 0xFE, 0x50, 0x00, 0x00, 0x2E, 0xFF, 0xB6, 0x45, 0x9F, 0xFF, 0x60, 0x00,
    0x0C, 0xFF, 0x50, 0x00, 0x00, 0x2D, 0xFF, 0x20, 0x05, 0xFF, 0x70, 0x00, 0x00, 0x00, 0x2F, 0xFA,
    0x00, 0xCF, 0xE0, 0x00, 0x00, 0x00, 0x00, 0xAF, 0xF1, 0x0F, 0xF9, 0x00, 0x00, 0x00, 0x00, 0x05,
    0xFF, 0x43, 0xFF, 0x60, 0x00, 0x00, 0x00, 0x00, 0x1F, 0xF8, 0x5F, 0xF4, 0x00, 0x00, 0x00, 0x00,
    0x00, 0xFF, 0x95, 0xFF, 0x30, 0x00, 0x00, 0x00, 0x00, 0x0F, 0xFA, 0x5F, 0xF3, 0x00, 0x00, 0x00,
    0x00, 0x00, 0xFF, 0xA5, 0xFF, 0x40, 0x00, 0x00, 0x00, 0x00, 0x0F, 0xF9, 0x3F, 0xF6, 0x00, 0x00,
    0x00, 0x00, 0x01, 0xFF, 0x80, 0xFF, 0x90, 0x00, 0x00, 0x00, 0x00, 0x4F, 0xF5, 0x0C, 0xFE, 0x00,
    0x00, 0x00, 0x00, 0x09, 0xFF, 0x10, 0x6F, 0xF7, 0x00, 0x00, 0x00, 0x02, 0xFF, 0xA0, 0x00, 0xCF,
    0xF5, 0x00, 0x00, 0x01, 0xDF, 0xF2, 0x00, 0x02, 0xEF, 0xFB, 0x54, 0x58, 0xFF, 0xF6, 0x00, 0x00,
    0x02, 0xDF, 0xFF, 0xFF, 0xFF, 0xF6, 0x00, 0x00, 0x00, 0x00, 0x5B, 0xEF, 0xEC, 0x71, 0x00, 0x00,
    0x9F, 0xFF, 0xFF, 0xFF, 0xFF, 0xFF, 0xFF, 0xF8, 0x9F, 0xFF, 0xFF, 0xFF, 0xFF, 0xFF, 0xFF, 0xF8,
    0x9F, 0xF3, 0x22, 0x22, 0x22, 0x22, 0x3F, 0xF8, 0x9F, 0xF1, 0x00, 0x00, 0x00, 0x00, 0x1F, 0xF8,
    0x9F, 0xF1, 0x00, 0x00, 0x00, 0x00, 0x1F, 0xF8, 0x9F, 0xF1, 0x00, 0x00, 0x00, 0x00, 0x1F, 0xF8,
    0x9F, 0xF1, 0x00, 0x00, 0x00, 0x00, 0x1F, 0xF8, 0x9F, 0xF1, 0x00, 0x00, 0x00, 0x00, 0x1F, 0xF8,
    0x9F, 0xF1, 0x00, 0x00, 0x00, 0x00, 0x1F, 0xF8, 0x9F, 0xF1, 0x00, 0x00, 0x00, 0x00, 0x1F, 0xF8,
    0x9F, 0xF1, 0x00, 0x00, 0x00, 0x00, 0x1F, 0xF8, 0x9F, 0xF1, 0x00, 0x00, 0x00, 0x00, 0x1F, 0xF8,
    0x9F, 0xF1, 0x00, 0x00, 0x00, 0x00, 0x1F, 0xF8, 0x9F, 0xF1, 0x00, 0x00, 0x00, 0x00, 0x1F, 0xF8,
    0x9F, 0xF1, 0x00, 0x00, 0x00, 0x00, 0x1F, 0xF8, 0x9F, 0xF1, 0x00, 0x00, 0x00, 0x00, 0x1F, 0xF8,
    0x9F, 0xF1, 0x00, 0x00, 0x00, 0x00, 0x1F, 0xF8, 0x9F, 0xF1, 0x00, 0x00, 0x00, 0x00, 0x1F, 0xF8,
    0x9F, 0xF1, 0x00, 0x00, 0x00, 0x00, 0x1F, 0xF8, 0x9F, 0xF1, 0x00, 0x00, 0x00, 0x00, 0x1F, 0xF8,
    0xBF, 0xFF, 0xFF, 0xFF, 0xED, 0x82, 0x00, 0x0B, 0xFF, 0xFF, 0xFF, 0xFF, 0xFF, 0xF8, 0x00, 0xBF,
    0xF2, 0x22, 0x22, 0x37, 0xEF, 0xF7, 0x0B, 0xFF, 0x00, 0x00, 0x00, 0x01, 0xDF, 0xF1, 0xBF, 0xF0,
    0x00, 0x00, 0x00, 0x05, 0xFF, 0x6B, 0xFF, 0x00, 0x00, 0x00, 0x00, 0x1F, 0xF9, 0xBF, 0xF0, 0x00,
    0x00, 0x00, 0x00, 0xFF, 0x9B, 0xFF, 0x00, 0x00, 0x00, 0x00, 0x4F, 0xF7, 0xBF, 0xF0, 0x00, 0x00,
    0x00, 0x0C, 0xFF, 0x2B, 0xFF, 0x22, 0x22, 0x23, 0x6D, 0xFF, 0x90, 0xBF, 0xFF, 0xFF, 0xFF, 0xFF,
    0xFF, 0xA0, 0x0B, 0xFF, 0xFF, 0xFF, 0xFE, 0xD9, 0x40, 0x00, 0xBF, 0xF0, 0x00, 0x00, 0x00, 0x00,
    0x00, 0x0B, 0xFF, 0x00, 0x00, 0x00, 0x00, 0x00, 0x00, 0xBF, 0xF0, 0x00, 0x00, 0x00, 0x00, 0x00,
    0x0B, 0xFF, 0x00, 0x00, 0x00, 0x00, 0x00, 0x00, 0xBF, 0xF0, 0x00, 0x00, 0x00, 0x00, 0x00, 0x0B,
    0xFF, 0x00, 0x00, 0x00, 0x00, 0x00, 0x00, 0xBF, 0xF0, 0x00, 0x00, 0x00, 0x00, 0x00, 0x0B, 0xFF,
    0x00, 0x00, 0x00, 0x00, 0x00, 0x00, 0x00, 0x00, 0x06, 0xBE, 0xFE, 0xC7, 0x10, 0x00, 0x00, 0x03,
    0xDF, 0xFF, 0xFF, 0xFF, 0xE4, 0x00, 0x00, 0x3F, 0xFF, 0x94, 0x34, 0x8E, 0xFF, 0x40, 0x00, 0xEF,
    0xF3, 0x00, 0x00, 0x02, 0xEF, 0xE0, 0x07, 0xFF, 0x50, 0x00, 0x00, 0x00, 0x6F, 0xF5, 0x0D, 0xFD,
    0x00, 0x00, 0x00, 0x00, 0x0F, 0xFA, 0x1F, 0xF8, 0x00, 0x00, 0x00, 0x00, 0x0C, 0xFD, 0x4F, 0xF5,
    0x00, 0x00, 0x00, 0x00, 0x00, 0x00, 0x5F, 0xF4, 0x00, 0x00, 0x00, 0x00, 0x00, 0x00, 0x5F, 0xF4,
    0x00, 0x00, 0x00, 0x00, 0x00, 0x00, 0x5F, 0xF4, 0x00, 0x00, 0x00, 0x00, 0x00, 0x00, 0x5F, 0xF4,
    0x00, 0x00, 0x00, 0x00, 0x00, 0x00, 0x4F, 0xF5, 0x00, 0x00, 0x00, 0x00, 0x00, 0x00, 0x1F, 0xF8,
    0x00, 0x00, 0x00, 0x00, 0x0C, 0xFD, 0x0D, 0xFD, 0x00, 0x00, 0x00, 0x00, 0x0F, 0xFA, 0x07, 0xFF,
    0x50, 0x00, 0x00, 0x00, 0x6F, 0xF5, 0x00, 0xEF, 0xE2, 0x00, 0x00, 0x02, 0xEF, 0xD0, 0x00, 0x3F,
    0xFF, 0x84, 0x24, 0x8E, 0xFF, 0x30, 0x00, 0x03, 0xEF, 0xFF, 0xFF, 0xFF, 0xE3, 0x00, 0x00, 0x00,
    0x07, 0xCE, 0xFE, 0xC6, 0x10, 0x00, 0x5F, 0xFF, 0xFF, 0xFF, 0xFF, 0xFF, 0xFF, 0xFF, 0x15, 0xFF,
    0xFF, 0xFF, 0xFF, 0xFF, 0xFF, 0xFF, 0xF1, 0x02, 0x22, 0x22, 0x2F, 0xFD, 0x22, 0x22, 0x22, 0x00,
    0x00, 0x00, 0x00, 0xFF, 0xA0, 0x00, 0x00, 0x00, 0x00, 0x00, 0x00, 0x0F, 0xFA, 0x00, 0x00, 0x00,
    0x00, 0x00, 0x00, 0x00, 0xFF, 0xA0, 0x00, 0x00, 0x00, 0x00, 0x00, 0x00, 0x0F, 0xFA, 0x00, 0x00,
    0x00, 0x00, 0x00, 0x00, 0x00, 0xFF, 0xA0, 0x00, 0x00, 0x00, 0x00, 0x00, 0x00, 0x0F, 0xFA, 0x00,
    0x00, 0x00, 0x00, 0x00, 0x00, 0x00, 0xFF, 0xA0, 0x00, 0x00, 0x00, 0x00, 0x00, 0x00, 0x0F, 0xFA,
    0x00, 0x00, 0x00, 0x00, 0x00, 0x00, 0x00, 0xFF, 0xA0, 0x00, 0x00, 0x00, 0x00, 0x00, 0x00, 0x0F,
    0xFA, 0x00, 0x00, 0x00, 0x00, 0x00, 0x00, 0x00, 0xFF, 0xA0, 0x00, 0x00, 0x00, 0x00, 0x00, 0x00,
    0x0F, 0xFA, 0x00, 0x00, 0x00, 0x00, 0x00, 0x00, 0x00, 0xFF, 0xA0, 0x00, 0x00, 0x00, 0x00, 0x00,
    0x00, 0x0F, 0xFA, 0x00, 0x00, 0x00, 0x00, 0x00, 0x00, 0x00, 0xFF, 0xA0, 0x00, 0x00, 0x00, 0x00,
    0x00, 0x00, 0x0F, 0xFA, 0x00, 0x00, 0x00, 0x00, 0x00, 0x00, 0x00, 0xFF, 0xA0, 0x00, 0x00, 0x00,
    0xBF, 0xF3, 0x00, 0x00, 0x00, 0x00, 0x7F, 0xF9, 0x4F, 0xFA, 0x00, 0x00, 0x00, 0x00, 0xDF, 0xF2,
    0x0C, 0xFF, 0x20, 0x00, 0x00, 0x04, 0xFF, 0xB0, 0x05, 0xFF, 0x90, 0x00, 0x00, 0x0A, 0xFF, 0x40,
    0x00, 0xDF, 0xF1, 0x00, 0x00, 0x1F, 0xFD, 0x00, 0x00, 0x6F, 0xF7, 0x00, 0x00, 0x7F, 0xF6, 0x00,
    0x00, 0x0E, 0xFE, 0x00, 0x00, 0xDF, 0xF0, 0x00, 0x00, 0x07, 0xFF, 0x60, 0x04, 0xFF, 0x90, 0x00,
    0x00, 0x00, 0xEF, 0xD0, 0x0A, 0xFF, 0x20, 0x00, 0x00, 0x00, 0x8F, 0xF4, 0x1F, 0xFB, 0x00, 0x00,
    0x00, 0x00, 0x1F, 0xFB, 0x7F, 0xF4, 0x00, 0x00, 0x00, 0x00, 0x09, 0xFF, 0xFF, 0xD0, 0x00, 0x00,
    0x00, 0x00, 0x02, 0xFF, 0xFF, 0x60, 0x00, 0x00, 0x00, 0x00, 0x00, 0xAF, 0xFF, 0x00, 0x00, 0x00,
    0x00, 0x00, 0x00, 0x5F, 0xFA, 0x00, 0x00, 0x00, 0x00, 0x00, 0x00, 0x9F, 0xF2, 0x00, 0x00, 0x00,
    0x00, 0x00, 0x01, 0xFF, 0xB0, 0x00, 0x00, 0x00, 0x00, 0x12, 0x3D, 0xFF, 0x30, 0x00, 0x00, 0x00,
    0x00, 0x6F, 0xFF, 0xF7, 0x00, 0x00, 0x00, 0x00, 0x00, 0x6F, 0xFC, 0x40, 0x00, 0x00, 0x00, 0x00,
    0x00, 0x00, 0x00, 0x00, 0x6F, 0xF2, 0x00, 0x00, 0x00, 0x00, 0x00, 0x00, 0x00, 0x00, 0x6F, 0xF2,
    0x00, 0x00, 0x00, 0x00, 0x00, 0x00, 0x00, 0x00, 0x6F, 0xF2, 0x00, 0x00, 0x00, 0x00, 0x00, 0x00,
    0x39, 0xDF, 0xFF, 0xFF, 0xEC, 0x71, 0x00, 0x00, 0x00, 0x0A, 0xFF, 0xFF, 0xFF, 0xFF, 0xFF, 0xFF,
    0x70, 0x00, 0x01, 0xDF, 0xFA, 0x42, 0x7F, 0xF3, 0x25, 0xCF, 0xFA, 0x00, 0x0A, 0xFF, 0x40, 0x00,
    0x6F, 0xF2, 0x00, 0x07, 0xFF, 0x60, 0x3F, 0xF6, 0x00, 0x00, 0x6F, 0xF2, 0x00, 0x00, 0xAF, 0xE0,
    0x9F, 0xF0, 0x00, 0x00, 0x6F, 0xF2, 0x00, 0x00, 0x3F, 0xF5, 0xCF, 0xC0, 0x00, 0x00, 0x6F, 0xF2,
    0x00, 0x00, 0x0F, 0xF8, 0xDF, 0xA0, 0x00, 0x00, 0x6F, 0xF2, 0x00, 0x00, 0x0E, 0xF9, 0xCF, 0xB0,
    0x00, 0x00, 0x6F, 0xF2, 0x00, 0x00, 0x0F, 0xF8, 0x9F, 0xF0, 0x00, 0x00, 0x6F, 0xF2, 0x00, 0x00,
    0x3F, 0xF5, 0x3F, 0xF6, 0x00, 0x00, 0x6F, 0xF2, 0x00, 0x00, 0xBF, 0xE0, 0x0B, 0xFF, 0x30, 0x00,
    0x6F, 0xF2, 0x00, 0x07, 0xFF, 0x60, 0x01, 0xDF, 0xF9, 0x41, 0x7F, 0xF3, 0x25, 0xCF, 0xFA, 0x00,
    0x00, 0x1A, 0xFF, 0xFF, 0xFF, 0xFF, 0xFF, 0xFF, 0x70, 0x00, 0x00, 0x00, 0x39, 0xDF, 0xFF, 0xFF,
    0xEC, 0x71, 0x00, 0x00, 0x00, 0x00, 0x00, 0x00, 0x6F, 0xF2, 0x00, 0x00, 0x00, 0x00, 0x00, 0x00,
    0x00, 0x00, 0x6F, 0xF2, 0x00, 0x00, 0x00, 0x00, 0x00, 0x00, 0x00, 0x00, 0x6F, 0xF2, 0x00, 0x00,
    0x00, 0x00, 0x0B, 0xFF, 0x50, 0x00, 0x00, 0x00, 0x0B, 0xFF, 0x50, 0x2F, 0xFE, 0x00, 0x00, 0x00,
    0x05, 0xFF, 0xB0, 0x00, 0x7F, 0xF9, 0x00, 0x00, 0x00, 0xEF, 0xF2, 0x00, 0x00, 0xDF, 0xF3, 0x00,
    0x00, 0x9F, 0xF7, 0x00, 0x00, 0x03, 0xFF, 0xD0, 0x00, 0x3F, 0xFC, 0x00, 0x00, 0x00, 0x09, 0xFF,
    0x70, 0x0D, 0xFF, 0x30, 0x00, 0x00, 0x00, 0x0E, 0xFF, 0x17, 0xFF, 0x80, 0x00, 0x00, 0x00, 0x00,
    0x4F, 0xFC, 0xFF, 0xD0, 0x00, 0x00, 0x00, 0x00, 0x00, 0xAF, 0xFF, 0xF4, 0x00, 0x00, 0x00, 0x00,
    0x00, 0x01, 0xFF, 0xFA, 0x00, 0x00, 0x00, 0x00, 0x00, 0x00, 0x2F, 0xFF, 0xB0, 0x00, 0x00, 0x00,
    0x00, 0x00, 0x0C, 0xFF, 0xFF, 0x60, 0x00, 0x00, 0x00, 0x00, 0x06, 0xFF, 0xAE, 0xFE, 0x10, 0x00,
    0x00, 0x00, 0x01, 0xFF, 0xE1, 0x5F, 0xFA, 0x00, 0x00, 0x00, 0x00, 0xBF, 0xF5, 0x00, 0xBF, 0xF4,
    0x00, 0x00, 0x00, 0x5F, 0xFB, 0x00, 0x02, 0xFF, 0xE0, 0x00, 0x00, 0x1E, 0xFF, 0x20, 0x00, 0x07,
    0xFF, 0x90, 0x00, 0x09, 0xFF, 0x70, 0x00, 0x00, 0x0D, 0xFF, 0x30, 0x04, 0xFF, 0xD0, 0x00, 0x00,
    0x00, 0x3F, 0xFD, 0x00, 0xDF, 0xF3, 0x00, 0x00, 0x00, 0x00, 0x9F, 0xF7, 0x9F, 0xF0, 0x00, 0x00,
    0x00, 0x00, 0x2F, 0xF7, 0x00, 0x9F, 0xF0, 0x00, 0x00, 0x00, 0x00, 0x2F, 0xF7, 0x00, 0x9F, 0xF0,
    0x00, 0x00, 0x00, 0x00, 0x2F, 0xF7, 0x00, 0x9F, 0xF0, 0x00, 0x00, 0x00, 0x00, 0x2F, 0xF7, 0x00,
    0x9F, 0xF0, 0x00, 0x00, 0x00, 0x00, 0x2F, 0xF7, 0x00, 0x9F, 0xF0, 0x00, 0x00, 0x00, 0x00, 0x2F,
    0xF7, 0x00, 0x9F, 0xF0, 0x00, 0x00, 0x00, 0x00, 0x2F, 0xF7, 0x00, 0x9F, 0xF0, 0x00, 0x00, 0x00,
    0x00, 0x2F, 0xF7, 0x00, 0x9F, 0xF0, 0x00, 0x00, 0x00, 0x00, 0x2F, 0xF7, 0x00, 0x9F, 0xF0, 0x00,
    0x00, 0x00, 0x00, 0x2F, 0xF7, 0x00, 0x9F, 0xF0, 0x00, 0x00, 0x00, 0x00, 0x2F, 0xF7, 0x00, 0x9F,
    0xF0, 0x00, 0x00, 0x00, 0x00, 0x2F, 0xF7, 0x00, 0x9F, 0xF0, 0x00, 0x00, 0x00, 0x00, 0x2F, 0xF7,
    0x00, 0x9F, 0xF0, 0x00, 0x00, 0x00, 0x00, 0x2F, 0xF7, 0x00, 0x9F, 0xF0, 0x00, 0x00, 0x00, 0x00,
    0x2F, 0xF7, 0x00, 0x9F, 0xF0, 0x00, 0x00, 0x00, 0x00, 0x2F, 0xF7, 0x00, 0x9F, 0xF0, 0x00, 0x00,
    0x00, 0x00, 0x2F, 0xF7, 0x00, 0x9F, 0xF2, 0x22, 0x22, 0x22, 0x22, 0x4F, 0xFB, 0x32, 0x9F, 0xFF,
    0xFF, 0xFF, 0xFF, 0xFF, 0xFF, 0xFF, 0xF8, 0x9F, 0xFF, 0xFF, 0xFF, 0xFF, 0xFF, 0xFF, 0xFF, 0xF8,
    0x00, 0x00, 0x00, 0x00, 0x00, 0x00, 0x00, 0x0F, 0xF7, 0x00, 0x00, 0x00, 0x00, 0x00, 0x00, 0x00,
    0x0F, 0xF7, 0x00, 0x00, 0x00, 0x00, 0x00, 0x00, 0x00, 0x0F, 0xF6, 0x00, 0x00, 0x00, 0x00, 0x00,
    0x00, 0x00, 0x0F, 0xF6, 0x00, 0x00, 0x00, 0x00, 0x00, 0x00, 0x00, 0x0F, 0xF5, 0xFF, 0xB0, 0x00,
    0x00, 0x00, 0x00, 0xEF, 0xCF, 0xFB, 0x00, 0x00, 0x00, 0x00, 0x0E, 0xFC, 0xFF, 0xB0, 0x00, 0x00,
    0x00, 0x00, 0xEF, 0xCF, 0xFB, 0x00, 0x00, 0x00, 0x00, 0x0E, 0xFC, 0xFF, 0xB0, 0x00, 0x00, 0x00,
    0x00, 0xEF, 0xCF, 0xFB, 0x00, 0x00, 0x00, 0x00, 0x0E, 0xFC, 0xEF, 0xB0, 0x00, 0x00, 0x00, 0x00,
    0xEF, 0xCC, 0xFE, 0x00, 0x00, 0x00, 0x00, 0x0E, 0xFC, 0x8F, 0xF5, 0x00, 0x00, 0x00, 0x00, 0xEF,
    0xC2, 0xFF, 0xF9, 0x43, 0x34, 0x58, 0xCF, 0xFC, 0x04, 0xFF, 0xFF, 0xFF, 0xFF, 0xFF, 0xFF, 0xC0,
    0x01, 0x7C, 0xEF, 0xFE, 0xDA, 0x6F, 0xFC, 0x00, 0x00, 0x00, 0x00, 0x00, 0x00, 0xEF, 0xC0, 0x00,
    0x00, 0x00, 0x00, 0x00, 0x0E, 0xFC, 0x00, 0x00, 0x00, 0x00, 0x00, 0x00, 0xEF, 0xC0, 0x00, 0x00,
    0x00, 0x00, 0x00, 0x0E, 0xFC, 0x00, 0x00, 0x00, 0x00, 0x00, 0x00, 0xEF, 0xC0, 0x00, 0x00, 0x00,
    0x00, 0x00, 0x0E, 0xFC, 0x00, 0x00, 0x00, 0x00, 0x00, 0x00, 0xEF, 0xC0, 0x00, 0x00, 0x00, 0x00,
    0x00, 0x0E, 0xFC, 0x9F, 0xF1, 0x00, 0x00, 0x01, 0xFF, 0x80, 0x00, 0x00, 0x0B, 0xFF, 0x9F, 0xF1,
    0x00, 0x00, 0x01, 0xFF, 0x80, 0x00, 0x00, 0x0B, 0xFF, 0x9F, 0xF1, 0x00, 0x00, 0x01, 0xFF, 0x80,
    0x00, 0x00, 0x0B, 0xFF, 0x9F, 0xF1, 0x00, 0x00, 0x01, 0xFF, 0x80, 0x00, 0x00, 0x0B, 0xFF, 0x9F,
    0xF1, 0x00, 0x00, 0x01, 0xFF, 0x80, 0x00, 0x00, 0x0B, 0xFF, 0x9F, 0xF1, 0x00, 0x00, 0x01, 0xFF,
    0x80, 0x00, 0x00, 0x0B, 0xFF, 0x9F, 0xF1, 0x00, 0x00, 0x01, 0xFF, 0x80, 0x00, 0x00, 0x0B, 0xFF,
    0x9F, 0xF1, 0x00, 0x00, 0x01, 0xFF, 0x80, 0x00, 0x00, 0x0B, 0xFF, 0x9F, 0xF1, 0x00, 0x00, 0x01,
    0xFF, 0x80, 0x00, 0x00, 0x0B, 0xFF, 0x9F, 0xF1, 0x00, 0x00, 0x01, 0xFF, 0x80, 0x00, 0x00, 0x0B,
    0xFF, 0x9F, 0xF1, 0x00, 0x00, 0x01, 0xFF, 0x80, 0x00, 0x00, 0x0B, 0xFF, 0x9F, 0xF1, 0x00, 0x00,
    0x01, 0xFF, 0x80, 0x00, 0x00, 0x0B, 0xFF, 0x9F, 0xF1, 0x00, 0x00, 0x01, 0xFF, 0x80, 0x00, 0x00,
    0x0B, 0xFF, 0x9F, 0xF1, 0x00, 0x00, 0x01, 0xFF, 0x80, 0x00, 0x00, 0x0B, 0xFF, 0x9F, 0xF1, 0x00,
    0x00, 0x01, 0xFF, 0x80, 0x00, 0x00, 0x0B, 0xFF, 0x9F, 0xF1, 0x00, 0x00, 0x01, 0xFF, 0x80, 0x00,
    0x00, 0x0B, 0xFF, 0x9F, 0xF1, 0x00, 0x00, 0x01, 0xFF, 0x80, 0x00, 0x00, 0x0B, 0xFF, 0x9F, 0xF3,
    0x22, 0x22, 0x23, 0xFF, 0x92, 0x22, 0x22, 0x2B, 0xFF, 0x9F, 0xFF, 0xFF, 0xFF, 0xFF, 0xFF, 0xFF,
    0xFF, 0xFF, 0xFF, 0xFF, 0x9F, 0xFF, 0xFF, 0xFF, 0xFF, 0xFF, 0xFF, 0xFF, 0xFF, 0xFF, 0xFF, 0x9F,
    0xF1, 0x00, 0x00, 0x01, 0xFF, 0x80, 0x00, 0x00, 0x0B, 0xFF, 0x00, 0x9F, 0xF1, 0x00, 0x00, 0x01,
    0xFF, 0x80, 0x00, 0x00, 0x0B, 0xFF, 0x00, 0x9F, 0xF1, 0x00, 0x00, 0x01, 0xFF, 0x80, 0x00, 0x00,
    0x0B, 0xFF, 0x00, 0x9F, 0xF1, 0x00, 0x00, 0x01, 0xFF, 0x80, 0x00, 0x00, 0x0B, 0xFF, 0x00, 0x9F,
    0xF1, 0x00, 0x00, 0x01, 0xFF, 0x80, 0x00, 0x00, 0x0B, 0xFF, 0x00, 0x9F, 0xF1, 0x00, 0x00, 0x01,
    0xFF, 0x80, 0x00, 0x00, 0x0B, 0xFF, 0x00, 0x9F, 0xF1, 0x00, 0x00, 0x01, 0xFF, 0x80, 0x00, 0x00,
    0x0B, 0xFF, 0x00, 0x9F, 0xF1, 0x00, 0x00, 0x01, 0xFF, 0x80, 0x00, 0x00, 0x0B, 0xFF, 0x00, 0x9F,
    0xF1, 0x00, 0x00, 0x01, 0xFF, 0x80, 0x00, 0x00, 0x0B, 0xFF, 0x00, 0x9F, 0xF1, 0x00, 0x00, 0x01,
    0xFF, 0x80, 0x00, 0x00, 0x0B, 0xFF, 0x00, 0x9F, 0xF1, 0x00, 0x00, 0x01, 0xFF, 0x80, 0x00, 0x00,
    0x0B, 0xFF, 0x00, 0x9F, 0xF1, 0x00, 0x00, 0x01, 0xFF, 0x80, 0x00, 0x00, 0x0B, 0xFF, 0x00, 0x9F,
    0xF1, 0x00, 0x00, 0x01, 0xFF, 0x80, 0x00, 0x00, 0x0B, 0xFF, 0x00, 0x9F, 0xF1, 0x00, 0x00, 0x01,
    0xFF, 0x80, 0x00, 0x00, 0x0B, 0xFF, 0x00, 0x9F, 0xF1, 0x00, 0x00, 0x01, 0xFF, 0x80, 0x00, 0x00,
    0x0B, 0xFF, 0x00, 0x9F, 0xF1, 0x00, 0x00, 0x01, 0xFF, 0x80, 0x00, 0x00, 0x0B, 0xFF, 0x00, 0x9F,
    0xF1, 0x00, 0x00, 0x01, 0xFF, 0x80, 0x00, 0x00, 0x0B, 0xFF, 0x00, 0x9F, 0xF3, 0x22, 0x22, 0x23,
    0xFF, 0x92, 0x22, 0x22, 0x2C, 0xFF, 0x11, 0x9F, 0xFF, 0xFF, 0xFF, 0xFF, 0xFF, 0xFF, 0xFF, 0xFF,
    0xFF, 0xFF, 0xFF, 0x9F, 0xFF, 0xFF, 0xFF, 0xFF, 0xFF, 0xFF, 0xFF, 0xFF, 0xFF, 0xFF, 0xFE, 0x00,
    0x00, 0x00, 0x00, 0x00, 0x00, 0x00, 0x00, 0x00, 0x00, 0x08, 0xFE, 0x00, 0x00, 0x00, 0x00, 0x00,
    0x00, 0x00, 0x00, 0x00, 0x00, 0x08, 0xFD, 0x00, 0x00, 0x00, 0x00, 0x00, 0x00, 0x00, 0x00, 0x00,
    0x00, 0x08, 0xFC, 0x00, 0x00, 0x00, 0x00, 0x00, 0x00, 0x00, 0x00, 0x00, 0x00, 0x08, 0xFC, 0x00,
    0x00, 0x00, 0x00, 0x00, 0x00, 0x00, 0x00, 0x00, 0x00, 0x08, 0xFB, 0xCF, 0xFF, 0xFF, 0xFF, 0x70,
    0x00, 0x00, 0x00, 0x00, 0x00, 0x0C, 0xFF, 0xFF, 0xFF, 0xF7, 0x00, 0x00, 0x00, 0x00, 0x00, 0x00,
    0x01, 0x11, 0x13, 0xFF, 0x70, 0x00, 0x00, 0x00, 0x00, 0x00, 0x00, 0x00, 0x00, 0x2F, 0xF7, 0x00,
    0x00, 0x00, 0x00, 0x00, 0x00, 0x00, 0x00, 0x02, 0xFF, 0x70, 0x00, 0x00, 0x00, 0x00, 0x00, 0x00,
    0x00, 0x00, 0x2F, 0xF7, 0x00, 0x00, 0x00, 0x00, 0x00, 0x00, 0x00, 0x00, 0x02, 0xFF, 0x70, 0x00,
    0x00, 0x00, 0x00, 0x00, 0x00, 0x00, 0x00, 0x2F, 0xFA, 0x22, 0x22, 0x20, 0x00, 0x00, 0x00, 0x00,
    0x00, 0x02, 0xFF, 0xFF, 0xFF, 0xFF, 0xFE, 0x81, 0x00, 0x00, 0x00, 0x00, 0x2F, 0xFF, 0xFF, 0xFF,
    0xFF, 0xFF, 0xE4, 0x00, 0x00, 0x00, 0x02, 0xFF, 0x70, 0x00, 0x00, 0x28, 0xFF, 0xE1, 0x00, 0x00,
    0x00, 0x2F, 0xF7, 0x00, 0x00, 0x00, 0x05, 0xFF, 0x80, 0x00, 0x00, 0x02, 0xFF, 0x70, 0x00, 0x00,
    0x00, 0x0D, 0xFD, 0x00, 0x00, 0x00, 0x2F, 0xF7, 0x00, 0x00, 0x00, 0x00, 0xAF, 0xF0, 0x00, 0x00,
    0x02, 0xFF, 0x70, 0x00, 0x00, 0x00, 0x0A, 0xFF, 0x00, 0x00, 0x00, 0x2F, 0xF7, 0x00, 0x00, 0x00,
    0x00, 0xEF, 0xD0, 0x00, 0x00, 0x02, 0xFF, 0x70, 0x00, 0x00, 0x00, 0x8F, 0xF7, 0x00, 0x00, 0x00,
    0x2F, 0xF8, 0x22, 0x22, 0x24, 0xAF, 0xFD, 0x00, 0x00, 0x00, 0x02, 0xFF, 0xFF, 0xFF, 0xFF, 0xFF,
    0xFD, 0x20, 0x00, 0x00, 0x00, 0x2F, 0xFF, 0xFF, 0xFF, 0xFE, 0xB6, 0x00, 0x00, 0x9F, 0xF1, 0x00,
    0x00, 0x00, 0x00, 0x00, 0x00, 0x0F, 0xFA, 0x9F, 0xF1, 0x00, 0x00, 0x00, 0x00, 0x00, 0x00, 0x0F,
    0xFA, 0x9F, 0xF1, 0x00, 0x00, 0x00, 0x00, 0x00, 0x00, 0x0F, 0xFA, 0x9F, 0xF1, 0x00, 0x00, 0x00,
    0x00, 0x00, 0x00, 0x0F, 0xFA, 0x9F, 0xF1, 0x00, 0x00, 0x00, 0x00, 0x00, 0x00, 0x0F, 0xFA, 0x9F,
    0xF1, 0x00, 0x00, 0x00, 0x00, 0x00, 0x00, 0x0F, 0xFA, 0x9F, 0xF1, 0x00, 0x00, 0x00, 0x00, 0x00,
    0x00, 0x0F, 0xFA, 0x9F, 0xF3, 0x22, 0x22, 0x10, 0x00, 0x00, 0x00, 0x0F, 0xFA, 0x9F, 0xFF, 0xFF,
    0xFF, 0xFF, 0xC6, 0x00, 0x00, 0x0F, 0xFA, 0x9F, 0xFF, 0xFF, 0xFF, 0xFF, 0xFF, 0xC0, 0x00, 0x0F,
    0xFA, 0x9F, 0xF1, 0x00, 0x00, 0x14, 0xBF, 0xFA, 0x00, 0x0F, 0xFA, 0x9F, 0xF1, 0x00, 0x00, 0x00,
    0x0B, 0xFF, 0x20, 0x0F, 0xFA, 0x9F, 0xF1, 0x00, 0x00, 0x00, 0x03, 0xFF, 0x70, 0x0F, 0xFA, 0x9F,
    0xF1, 0x00, 0x00, 0x00, 0x00, 0xFF, 0x90, 0x0F, 0xFA, 0x9F, 0xF1, 0x00, 0x00, 0x00, 0x01, 0xFF,
    0x90, 0x0F, 0xFA, 0x9F, 0xF1, 0x00, 0x00, 0x00, 0x05, 0xFF, 0x60, 0x0F, 0xFA, 0x9F, 0xF1, 0x00,
    0x00, 0x00, 0x1D, 0xFF, 0x10, 0x0F, 0xFA, 0x9F, 0xF3, 0x22, 0x22, 0x36, 0xDF, 0xF8, 0x00, 0x0F,
    0xFA, 0x9F, 0xFF, 0xFF, 0xFF, 0xFF, 0xFF, 0x90, 0x00, 0x0F, 0xFA, 0x9F, 0xFF, 0xFF, 0xFF, 0xFD,
    0x93, 0x00, 0x00, 0x0F, 0xFA, 0xCF, 0xE0, 0x00, 0x00, 0x00, 0x00, 0x00, 0x0C, 0xFE, 0x00, 0x00,
    0x00, 0x00, 0x00, 0x00, 0xCF, 0xE0, 0x00, 0x00, 0x00, 0x00, 0x00, 0x0C, 0xFE, 0x00, 0x00, 0x00,
    0x00, 0x00, 0x00, 0xCF, 0xE0, 0x00, 0x00, 0x00, 0x00, 0x00, 0x0C, 0xFE, 0x00, 0x00, 0x00, 0x00,
    0x00, 0x00, 0xCF, 0xE0, 0x00, 0x00, 0x00, 0x00, 0x00, 0x0C, 0xFF, 0x22, 0x22, 0x21, 0x00, 0x00,
    0x00, 0xCF, 0xFF, 0xFF, 0xFF, 0xFF, 0xB4, 0x00, 0x0C, 0xFF, 0xFF, 0xFF, 0xFF, 0xFF, 0xF9, 0x00,
    0xCF, 0xE0, 0x00, 0x00, 0x15, 0xDF, 0xF7, 0x0C, 0xFE, 0x00, 0x00, 0x00, 0x00, 0xDF, 0xE0, 0xCF,
    0xE0, 0x00, 0x00, 0x00, 0x06, 0xFF, 0x4C, 0xFE, 0x00, 0x00, 0x00, 0x00, 0x3F, 0xF6, 0xCF, 0xE0,
    0x00, 0x00, 0x00, 0x04, 0xFF, 0x5C, 0xFE, 0x00, 0x00, 0x00, 0x00, 0x8F, 0xF3, 0xCF, 0xE0, 0x00,
    0x00, 0x00, 0x2F, 0xFE, 0x0C, 0xFE, 0x22, 0x22, 0x23, 0x7F, 0xFF, 0x50, 0xCF, 0xFF, 0xFF, 0xFF,
    0xFF, 0xFF, 0x60, 0x0C, 0xFF, 0xFF, 0xFF, 0xFF, 0xD8, 0x20, 0x00, 0x00, 0x01, 0x7C, 0xEF, 0xEB,
    0x60, 0x00, 0x00, 0x00, 0x5F, 0xFF, 0xFF, 0xFF, 0xFD, 0x30, 0x00, 0x04, 0xFF, 0xE8, 0x43, 0x4A,
    0xFF, 0xF3, 0x00, 0x0E, 0xFE, 0x20, 0x00, 0x00, 0x4F, 0xFD, 0x00, 0x5F, 0xF5, 0x00, 0x00, 0x00,
    0x06, 0xFF, 0x60, 0xAF, 0xF0, 0x00, 0x00, 0x00, 0x00, 0xEF, 0xC0, 0xEF, 0xC0, 0x00, 0x00, 0x00,
    0x00, 0x9F, 0xF1, 0x00, 0x00, 0x00, 0x00, 0x00, 0x00, 0x6F, 0xF3, 0x00, 0x00, 0x02, 0x22, 0x22,
    0x22, 0x7F, 0xF4, 0x00, 0x00, 0x2F, 0xFF, 0xFF, 0xFF, 0xFF, 0xF5, 0x00, 0x00, 0x2F, 0xFF, 0xFF,
    0xFF, 0xFF, 0xF5, 0x00, 0x00, 0x00, 0x00, 0x00, 0x00, 0x5F, 0xF4, 0x00, 0x00, 0x00, 0x00, 0x00,
    0x00, 0x6F, 0xF3, 0xDF, 0xC0, 0x00, 0x00, 0x00, 0x00, 0x9F, 0xF1, 0xAF, 0xF0, 0x00, 0x00, 0x00,
    0x00, 0xEF, 0xD0, 0x5F, 0xF5, 0x00, 0x00, 0x00, 0x05, 0xFF, 0x60, 0x0D, 0xFE, 0x10, 0x00, 0x00,
    0x3F, 0xFD, 0x00, 0x03, 0xFF, 0xE7, 0x42, 0x48, 0xFF, 0xF3, 0x00, 0x00, 0x4E, 0xFF, 0xFF, 0xFF,
    0xFE, 0x30, 0x00, 0x00, 0x01, 0x6C, 0xEF, 0xEC, 0x60, 0x00, 0x00, 0x8F, 0xF2, 0x00, 0x00, 0x00,
    0x39, 0xDF, 0xFD, 0x93, 0x00, 0x00, 0x8F, 0xF2, 0x00, 0x00, 0x09, 0xFF, 0xFF, 0xFF, 0xFF, 0x90,
    0x00, 0x8F, 0xF2, 0x00, 0x00, 0xBF, 0xFD, 0x74, 0x47, 0xDF, 0xFB, 0x00, 0x8F, 0xF2, 0x00, 0x07,
    0xFF, 0x90, 0x00, 0x00, 0x09, 0xFF, 0x70, 0x8F, 0xF2, 0x00, 0x1F, 0xFC, 0x00, 0x00, 0x00, 0x00,
    0xCF, 0xF0, 0x8F, 0xF2, 0x00, 0x6F, 0xF4, 0x00, 0x00, 0x00, 0x00, 0x4F, 0xF6, 0x8F, 0xF2, 0x00,
    0xAF, 0xE0, 0x00, 0x00, 0x00, 0x00, 0x0F, 0xFA, 0x8F, 0xF2, 0x00, 0xEF, 0xB0, 0x00, 0x00, 0x00,
    0x00, 0x0C, 0xFD, 0x8F, 0xF3, 0x11, 0xFF, 0xA0, 0x00, 0x00, 0x00, 0x00, 0x0A, 0xFF, 0x8F, 0xFF,
    0xFF, 0xFF, 0x90, 0x00, 0x00, 0x00, 0x00, 0x09, 0xFF, 0x8F, 0xFF, 0xFF, 0xFF, 0x90, 0x00, 0x00,
    0x00, 0x00, 0x09, 0xFF, 0x8F, 0xF2, 0x00, 0xFF, 0xA0, 0x00, 0x00, 0x00, 0x00, 0x0A, 0xFF, 0x8F,
    0xF2, 0x00, 0xEF, 0xB0, 0x00, 0x00, 0x00, 0x00, 0x0C, 0xFD, 0x8F, 0xF2, 0x00, 0xAF, 0xE0, 0x00,
    0x00, 0x00, 0x00, 0x0E, 0xFA, 0x8F, 0xF2, 0x00, 0x6F, 0xF4, 0x00, 0x00, 0x00, 0x00, 0x4F, 0xF6,
    0x8F, 0xF2, 0x00, 0x1F, 0xFC, 0x00, 0x00, 0x00, 0x00, 0xCF, 0xF1, 0x8F, 0xF2, 0x00, 0x07, 0xFF,
    0xA0, 0x00, 0x00, 0x09, 0xFF, 0x80, 0x8F, 0xF2, 0x00, 0x00, 0xBF, 0xFD, 0x74, 0x47, 0xDF, 0xFB,
    0x00, 0x8F, 0xF2, 0x00, 0x00, 0x09, 0xFF, 0xFF, 0xFF, 0xFF, 0xA0, 0x00, 0x8F, 0xF2, 0x00, 0x00,
    0x00, 0x39, 0xDF, 0xFD, 0x93, 0x00, 0x00, 0x00, 0x00, 0x5A, 0xDF, 0xFF, 0xFF, 0xFF, 0x60, 0x02,
    0xDF, 0xFF, 0xFF, 0xFF, 0xFF, 0xF6, 0x01, 0xEF, 0xFA, 0x53, 0x22, 0x25, 0xFF, 0x60, 0x8F, 0xF7,
    0x00, 0x00, 0x00, 0x4F, 0xF6, 0x0D, 0xFD, 0x00, 0x00, 0x00, 0x04, 0xFF, 0x60, 0xFF, 0xA0, 0x00,
    0x00, 0x00, 0x4F, 0xF6, 0x0F, 0xFB, 0x00, 0x00, 0x00, 0x04, 0xFF, 0x60, 0xCF, 0xE0, 0x00, 0x00,
    0x00, 0x4F, 0xF6, 0x06, 0xFF, 0x80, 0x00, 0x00, 0x04, 0xFF, 0x60, 0x0B, 0xFF, 0xB5, 0x32, 0x22,
    0x6F, 0xF6, 0x00, 0x08, 0xFF, 0xFF, 0xFF, 0xFF, 0xFF, 0x60, 0x00, 0x05, 0xFF, 0xFF, 0xFF, 0xFF,
    0xF6, 0x00, 0x00, 0xCF, 0xE0, 0x00, 0x04, 0xFF, 0x60, 0x00, 0x5F, 0xF6, 0x00, 0x00, 0x4F, 0xF6,
    0x00, 0x0D, 0xFD, 0x00, 0x00, 0x04, 0xFF, 0x60, 0x06, 0xFF, 0x50, 0x00, 0x00, 0x4F, 0xF6, 0x00,
    0xEF, 0xD0, 0x00, 0x00, 0x04, 0xFF, 0x60, 0x7F, 0xF5, 0x00, 0x00, 0x00, 0x4F, 0xF6, 0x0E, 0xFC,
    0x00, 0x00, 0x00, 0x04, 0xFF, 0x68, 0xFF, 0x40, 0x00, 0x00, 0x00, 0x4F, 0xF6, 0x00, 0x04, 0xAE,
    0xFE, 0xC6, 0x00, 0x00, 0x0A, 0xFF, 0xFF, 0xFF, 0xFC, 0x00, 0x09, 0xFF, 0x92, 0x02, 0x9F, 0xF9,
    0x00, 0xFF, 0x90, 0x00, 0x00, 0xBF, 0xF0, 0x06, 0x62, 0x00, 0x00, 0x06, 0xFF, 0x20, 0x00, 0x00,
    0x00, 0x00, 0x5F, 0xF3, 0x00, 0x06, 0xBE, 0xFF, 0xFF, 0xFF, 0x30, 0x2D, 0xFF, 0xFE, 0xCC, 0xFF,
    0xF3, 0x0D, 0xFE, 0x50, 0x00, 0x05, 0xFF, 0x35, 0xFF, 0x40, 0x00, 0x00, 0x5F, 0xF3, 0x7F, 0xF1,
    0x00, 0x00, 0x0A, 0xFF, 0x36, 0xFF, 0x50, 0x00, 0x02, 0xFF, 0xF3, 0x1F, 0xFF, 0x74, 0x48, 0xFF,
    0xFF, 0x30, 0x5F, 0xFF, 0xFF, 0xFF, 0xAF, 0xF5, 0x00, 0x3A, 0xEF, 0xEA, 0x21, 0xFF, 0x90, 0x00,
    0x00, 0x00, 0x00, 0x00, 0xBF, 0x70, 0x00, 0x00, 0x00, 0x00, 0x28, 0xFF, 0x40, 0x00, 0x00, 0x04,
    0xAE, 0xFF, 0xFC, 0x00, 0x00, 0x02, 0xCF, 0xFF, 0xFE, 0x80, 0x00, 0x00, 0x2E, 0xFF, 0xB6, 0x30,
    0x00, 0x00, 0x00, 0xDF, 0xC2, 0x00, 0x00, 0x00, 0x00, 0x06, 0xFC, 0x00, 0x00, 0x00, 0x00, 0x00,
    0x0D, 0xF2, 0x4A, 0xEF, 0xEA, 0x30, 0x00, 0x2F, 0xC9, 0xFF, 0xFF, 0xFF, 0xF8, 0x00, 0x5F, 0xFF,
    0xD5, 0x22, 0x6D, 0xFF, 0x60, 0x8F, 0xFD, 0x00, 0x00, 0x01, 0xEF, 0xE0, 0x9F, 0xF4, 0x00, 0x00,
    0x00, 0x6F, 0xF4, 0xFF, 0xF0, 0x00, 0x00, 0x00, 0x2F, 0xF7, 0xFF, 0xF0, 0x00, 0x00, 0x00, 0x0F,
    0xF8, 0xBF, 0xF0, 0x00, 0x00, 0x00, 0x1F, 0xF8, 0x8F, 0xF1, 0x00, 0x00, 0x00, 0x3F, 0xF6, 0x4F,
    0xF6, 0x00, 0x00, 0x00, 0x7F, 0xF2, 0x0D, 0xFE, 0x10, 0x00, 0x02, 0xEF, 0xC0, 0x04, 0xFF, 0xD5,
    0x12, 0x6E, 0xFF, 0x20, 0x00, 0x5F, 0xFF, 0xFF, 0xFF, 0xF4, 0x00, 0x00, 0x01, 0x9D, 0xFF, 0xD8,
    0x10, 0x00, 0xDF, 0xFF, 0xFF, 0xFE, 0xB7, 0x00, 0x0D, 0xFF, 0xFF, 0xFF, 0xFF, 0xFE, 0x20, 0xDF,
    0xB0, 0x00, 0x13, 0x9F, 0xFB, 0x0D, 0xFB, 0x00, 0x00, 0x00, 0xAF, 0xF0, 0xDF, 0xB0, 0x00, 0x00,
    0x09, 0xFF, 0x0D, 0xFB, 0x00, 0x00, 0x27, 0xFF, 0x80, 0xDF, 0xFF, 0xFF, 0xFF, 0xFF, 0x60, 0x0D,
    0xFF, 0xFF, 0xFF, 0xFF, 0xFC, 0x20, 0xDF, 0xB0, 0x00, 0x00, 0x4D, 0xFE, 0x0D, 0xFB, 0x00, 0x00,
    0x00, 0x3F, 0xF6, 0xDF, 0xB0, 0x00, 0x00, 0x00, 0xFF, 0x8D, 0xFB, 0x00, 0x00, 0x00, 0x3F, 0xF7,
    0xDF, 0xB0, 0x00, 0x01, 0x5D, 0xFF, 0x2D, 0xFF, 0xFF, 0xFF, 0xFF, 0xFF, 0x60, 0xDF, 0xFF, 0xFF,
    0xFF, 0xDA, 0x30, 0x00, 0xEF, 0xFF, 0xFF, 0xFF, 0xF7, 0xEF, 0xFF, 0xFF, 0xFF, 0xF7, 0xEF, 0xB1,
    0x11, 0x11, 0x10, 0xEF, 0xA0, 0x00, 0x00, 0x00, 0xEF, 0xA0, 0x00, 0x00, 0x00, 0xEF, 0xA0, 0x00,
    0x00, 0x00, 0xEF, 0xA0, 0x00, 0x00, 0x00, 0xEF, 0xA0, 0x00, 0x00, 0x00, 0xEF, 0xA0, 0x00, 0x00,
    0x00, 0xEF, 0xA0, 0x00, 0x00, 0x00, 0xEF, 0xA0, 0x00, 0x00, 0x00, 0xEF, 0xA0, 0x00, 0x00, 0x00,
    0xEF, 0xA0, 0x00, 0x00, 0x00, 0xEF, 0xA0, 0x00, 0x00, 0x00, 0xEF, 0xA0, 0x00, 0x00, 0x00, 0x00,
    0x00, 0x6F, 0xFF, 0xFF, 0xFF, 0xFF, 0x20, 0x00, 0x00, 0x07, 0xFF, 0xFF, 0xFF, 0xFF, 0xF2, 0x00,
    0x00, 0x00, 0x8F, 0xF5, 0x55, 0x59, 0xFF, 0x20, 0x00, 0x00, 0x08, 0xFF, 0x00, 0x00, 0x6F, 0xF2,
    0x00, 0x00, 0x00, 0x9F, 0xF0, 0x00, 0x06, 0xFF, 0x20, 0x00, 0x00, 0x0A, 0xFE, 0x00, 0x00, 0x6F,
    0xF2, 0x00, 0x00, 0x00, 0xBF, 0xD0, 0x00, 0x06, 0xFF, 0x20, 0x00, 0x00, 0x0C, 0xFB, 0x00, 0x00,
    0x6F, 0xF2, 0x00, 0x00, 0x00, 0xFF, 0x90, 0x00, 0x06, 0xFF, 0x20, 0x00, 0x00, 0x3F, 0xF5, 0x00,
    0x00, 0x6F, 0xF2, 0x00, 0x00, 0x09, 0xFF, 0x10, 0x00, 0x06, 0xFF, 0x20, 0x00, 0x02, 0xFF, 0x90,
    0x00, 0x00, 0x6F, 0xF2, 0x00, 0x02, 0xEF, 0xF2, 0x11, 0x11, 0x17, 0xFF, 0x31, 0x05, 0xFF, 0xFF,
    0xFF, 0xFF, 0xFF, 0xFF, 0xFF, 0xF0, 0x5F, 0xFF, 0xFF, 0xFF, 0xFF, 0xFF, 0xFF, 0xFF, 0x05, 0xFF,
    0x20, 0x00, 0x00, 0x00, 0x00, 0x8F, 0xF0, 0x5F, 0xF2, 0x00, 0x00, 0x00, 0x00, 0x08, 0xFF, 0x05,
    0xFF, 0x20, 0x00, 0x00, 0x00, 0x00, 0x8F, 0xF0, 0x6F, 0xF2, 0x00, 0x00, 0x00, 0x00, 0x08, 0xFF,
    0x00, 0x00, 0x01, 0x8D, 0xFE, 0xC6, 0x00, 0x00, 0x04, 0xFF, 0xFF, 0xFF, 0xFC, 0x10, 0x03, 0xFF,
    0xD5, 0x12, 0x8F, 0xFB, 0x00, 0xCF, 0xD1, 0x00, 0x00, 0x6F, 0xF3, 0x3F, 0xF5, 0x00, 0x00, 0x00,
    0xEF, 0x88, 0xFF, 0x11, 0x11, 0x11, 0x1C, 0xFB, 0xAF, 0xFF, 0xFF, 0xFF, 0xFF, 0xFF, 0xCB, 0xFF,
    0xFF, 0xFF, 0xFF, 0xFF, 0xFD, 0xBF, 0xD0, 0x00, 0x00, 0x00, 0x00, 0x09, 0xFF, 0x00, 0x00, 0x00,
    0x00, 0x00, 0x5F, 0xF5, 0x00, 0x00, 0x00, 0x00, 0x00, 0xEF, 0xE1, 0x00, 0x00, 0x07, 0xB1, 0x04,
    0xFF, 0xE6, 0x21, 0x4A, 0xFF, 0x50, 0x05, 0xFF, 0xFF, 0xFF, 0xFF, 0x60, 0x00, 0x01, 0x8D, 0xFF,
    0xD9, 0x20, 0x00, 0x0D, 0xFF, 0x30, 0x00, 0x09, 0xFF, 0x00, 0x00, 0x0D, 0xFF, 0x30, 0x2F, 0xFD,
    0x00, 0x00, 0x9F, 0xF0, 0x00, 0x07, 0xFF, 0x80, 0x00, 0x7F, 0xF8, 0x00, 0x09, 0xFF, 0x00, 0x02,
    0xFF, 0xC0, 0x00, 0x00, 0xBF, 0xF3, 0x00, 0x9F, 0xF0, 0x00, 0xCF, 0xF2, 0x00, 0x00, 0x01, 0xEF,
    0xD0, 0x09, 0xFF, 0x00, 0x7F, 0xF6, 0x00, 0x00, 0x00, 0x05, 0xFF, 0x93, 0xDF, 0xF3, 0x5F, 0xFB,
    0x00, 0x00, 0x00, 0x00, 0x0D, 0xFF, 0xFF, 0xFF, 0xFF, 0xFF, 0x10, 0x00, 0x00, 0x00, 0x00, 0xEF,
    0xFF, 0xFF, 0xFF, 0xFF, 0xF3, 0x00, 0x00, 0x00, 0x00, 0x7F, 0xF5, 0x09, 0xFF, 0x01, 0xEF, 0xD0,
    0x00, 0x00, 0x00, 0x2F, 0xFB, 0x00, 0x9F, 0xF0, 0x06, 0xFF, 0x70, 0x00, 0x00, 0x0C, 0xFF, 0x20,
    0x09, 0xFF, 0x00, 0x0C, 0xFF, 0x20, 0x00, 0x07, 0xFF, 0x90, 0x00, 0x9F, 0xF0, 0x00, 0x3F, 0xFC,
    0x00, 0x02, 0xFF, 0xE1, 0x00, 0x09, 0xFF, 0x00, 0x00, 0xAF, 0xF7, 0x00, 0xBF, 0xF6, 0x00, 0x00,
    0x9F, 0xF0, 0x00, 0x01, 0xFF, 0xF2, 0x6F, 0xFC, 0x00, 0x00, 0x09, 0xFF, 0x00, 0x00, 0x07, 0xFF,
    0xB0, 0x00, 0x29, 0xDF, 0xFE, 0xA5, 0x00, 0x06, 0xFF, 0xFF, 0xFF, 0xFF, 0xA0, 0x2F, 0xFD, 0x51,
    0x13, 0xCF, 0xF4, 0x7F, 0xF1, 0x00, 0x00, 0x1F, 0xF8, 0x00, 0x00, 0x00, 0x00, 0x0F, 0xF8, 0x00,
    0x00, 0x22, 0x24, 0xBF, 0xF1, 0x00, 0x06, 0xFF, 0xFF, 0xFD, 0x30, 0x00, 0x05, 0xFF, 0xFF, 0xFF,
    0x70, 0x00, 0x00, 0x00, 0x02, 0x9F, 0xF5, 0x00, 0x00, 0x00, 0x00, 0x0D, 0xFB, 0xBF, 0xD0, 0x00,
    0x00, 0x0B, 0xFD, 0x8F, 0xF3, 0x00, 0x00, 0x1E, 0xFB, 0x1F, 0xFE, 0x61, 0x14, 0xCF, 0xF5, 0x04,
    0xFF, 0xFF, 0xFF, 0xFF, 0x80, 0x00, 0x18, 0xCF, 0xFE, 0xA3, 0x00, 0xDF, 0xA0, 0x00, 0x00, 0x0D,
    0xFF, 0x0D, 0xFA, 0x00, 0x00, 0x07, 0xFF, 0xF0, 0xDF, 0xA0, 0x00, 0x01, 0xFF, 0xFF, 0x0D, 0xFA,
    0x00, 0x00, 0xBF, 0xFF, 0xF0, 0xDF, 0xA0, 0x00, 0x5F, 0xFB, 0xFF, 0x0D, 0xFA, 0x00, 0x0E, 0xF9,
    0x8F, 0xF0, 0xDF, 0xA0, 0x09, 0xFE, 0x08, 0xFF, 0x0D, 0xFA, 0x03, 0xFF, 0x50, 0x8F, 0xF0, 0xDF,
    0xA0, 0xCF, 0xB0, 0x08, 0xFF, 0x0D, 0xFA, 0x7F, 0xF2, 0x00, 0x8F, 0xF0, 0xDF, 0xCF, 0xF7, 0x00,
    0x08, 0xFF, 0x0D, 0xFF, 0xFD, 0x00, 0x00, 0x8F, 0xF0, 0xDF, 0xFF, 0x30, 0x00, 0x08, 0xFF, 0x0D,
    0xFF, 0x90, 0x00, 0x00, 0x8F, 0xF0, 0xDF, 0xE1, 0x00, 0x00, 0x08, 0xFF, 0x00, 0x02, 0xCA, 0x00,
    0x01, 0xCA, 0x00, 0x00, 0x0F, 0xF1, 0x00, 0x6F, 0xC0, 0x00, 0x00, 0x9F, 0xD6, 0x7F, 0xF4, 0x00,
    0x00, 0x00, 0x9F, 0xFF, 0xE6, 0x00, 0x00, 0x00, 0x00, 0x13, 0x20, 0x00, 0x00, 0x00, 0x00, 0x00,
    0x00, 0x00, 0x00, 0x00, 0xDF, 0xA0, 0x00, 0x00, 0x0D, 0xFF, 0x0D, 0xFA, 0x00, 0x00, 0x07, 0xFF,
    0xF0, 0xDF, 0xA0, 0x00, 0x01, 0xFF, 0xFF, 0x0D, 0xFA, 0x00, 0x00, 0xBF, 0xFF, 0xF0, 0xDF, 0xA0,
    0x00, 0x5F, 0xFB, 0xFF, 0x0D, 0xFA, 0x00, 0x0E, 0xF9, 0x8F, 0xF0, 0xDF, 0xA0, 0x09, 0xFE, 0x08,
    0xFF, 0x0D, 0xFA, 0x03, 0xFF, 0x50, 0x8F, 0xF0, 0xDF, 0xA0, 0xCF, 0xB0, 0x08, 0xFF, 0x0D, 0xFA,
    0x7F, 0xF2, 0x00, 0x8F, 0xF0, 0xDF, 0xCF, 0xF7, 0x00, 0x08, 0xFF, 0x0D, 0xFF, 0xFD, 0x00, 0x00,
    0x8F, 0xF0, 0xDF, 0xFF, 0x30, 0x00, 0x08, 0xFF, 0x0D, 0xFF, 0x90, 0x00, 0x00, 0x8F, 0xF0, 0xDF,
    0xE1, 0x00, 0x00, 0x08, 0xFF, 0x00, 0xDF, 0xA0, 0x00, 0x00, 0x1E, 0xFE, 0x1D, 0xFA, 0x00, 0x00,
    0x0C, 0xFF, 0x30, 0xDF, 0xA0, 0x00, 0x08, 0xFF, 0x70, 0x0D, 0xFA, 0x00, 0x04, 0xFF, 0xA0, 0x00,
    0xDF, 0xA0, 0x01, 0xEF, 0xD0, 0x00, 0x0D, 0xFA, 0x00, 0xBF, 0xF2, 0x00, 0x00, 0xDF, 0xE3, 0x8F,
    0xF5, 0x00, 0x00, 0x0D, 0xFF, 0xFF, 0xFF, 0x00, 0x00, 0x00, 0xDF, 0xFF, 0xFF, 0xF5, 0x00, 0x00,
    0x0D, 0xFA, 0x01, 0xEF, 0xF3, 0x00, 0x00, 0xDF, 0xA0, 0x03, 0xFF, 0xE1, 0x00, 0x0D, 0xFA, 0x00,
    0x05, 0xFF, 0xD0, 0x00, 0xDF, 0xA0, 0x00, 0x07, 0xFF, 0xB0, 0x0D, 0xFA, 0x00, 0x00, 0x09, 0xFF,
    0x90, 0xDF, 0xA0, 0x00, 0x00, 0x0B, 0xFF, 0x70, 0x00, 0x00, 0xFF, 0xFF, 0xFF, 0xFF, 0xFF, 0x00,
    0x00, 0x0F, 0xFF, 0xFF, 0xFF, 0xFF, 0xF0, 0x00, 0x00, 0xFF, 0x81, 0x11, 0x18, 0xFF, 0x00, 0x00,
    0x1F, 0xF6, 0x00, 0x00, 0x7F, 0xF0, 0x00, 0x02, 0xFF, 0x50, 0x00, 0x07, 0xFF, 0x00, 0x00, 0x2F,
    0xF4, 0x00, 0x00, 0x7F, 0xF0, 0x00, 0x03, 0xFF, 0x30, 0x00, 0x07, 0xFF, 0x00, 0x00, 0x4F, 0xF2,
    0x00, 0x00, 0x7F, 0xF0, 0x00, 0x05, 0xFF, 0x10, 0x00, 0x07, 0xFF, 0x00, 0x00, 0x7F, 0xF0, 0x00,
    0x00, 0x7F, 0xF0, 0x00, 0x0A, 0xFD, 0x00, 0x00, 0x07, 0xFF, 0x00, 0x01, 0xFF, 0x90, 0x00, 0x00,
    0x7F, 0xF0, 0x15, 0xDF, 0xF4, 0x00, 0x00, 0x07, 0xFF, 0x06, 0xFF, 0xFB, 0x00, 0x00, 0x00, 0x7F,
    0xF0, 0x6F, 0xE8, 0x00, 0x00, 0x00, 0x07, 0xFF, 0x00, 0xDF, 0xFA, 0x00, 0x00, 0x00, 0x00, 0x0C,
    0xFF, 0xAD, 0xFF, 0xF1, 0x00, 0x00, 0x00, 0x02, 0xFF, 0xFA, 0xDF, 0xFF, 0x80, 0x00, 0x00, 0x00,
    0x9F, 0xFF, 0xAD, 0xFF, 0xFE, 0x00, 0x00, 0x00, 0x1F, 0xFF, 0xFA, 0xDF, 0xCF, 0xF5, 0x00, 0x00,
    0x07, 0xFE, 0xEF, 0xAD, 0xFB, 0x9F, 0xC0, 0x00, 0x00, 0xEF, 0x7E, 0xFA, 0xDF, 0xB2, 0xFF, 0x30,
    0x00, 0x5F, 0xF1, 0xEF, 0xAD, 0xFB, 0x0B, 0xFA, 0x00, 0x0C, 0xF9, 0x0E, 0xFA, 0xDF, 0xB0, 0x4F,
    0xF1, 0x03, 0xFF, 0x20, 0xEF, 0xAD, 0xFB, 0x00, 0xDF, 0x80, 0xAF, 0xB0, 0x0E, 0xFA, 0xDF, 0xB0,
    0x06, 0xFE, 0x2F, 0xF4, 0x00, 0xEF, 0xAD, 0xFB, 0x00, 0x0E, 0xFD, 0xFD, 0x00, 0x0E, 0xFA, 0xDF,
    0xB0, 0x00, 0x8F, 0xFF, 0x60, 0x00, 0xEF, 0xAD, 0xFB, 0x00, 0x01, 0xFF, 0xE0, 0x00, 0x0E, 0xFA,
    0xDF, 0xB0, 0x00, 0x0A, 0xF8, 0x00, 0x00, 0xEF, 0xA0, 0xDF, 0xA0, 0x00, 0x00, 0x08, 0xFF, 0x0D,
    0xFA, 0x00, 0x00, 0x00, 0x8F, 0xF0, 0xDF, 0xA0, 0x00, 0x00, 0x08, 0xFF, 0x0D, 0xFA, 0x00, 0x00,
    0x00, 0x8F, 0xF0, 0xDF, 0xA0, 0x00, 0x00, 0x08, 0xFF, 0x0D, 0xFA, 0x00, 0x00, 0x00, 0x8F, 0xF0,
    0xDF, 0xB0, 0x00, 0x00, 0x09, 0xFF, 0x0D, 0xFF, 0xFF, 0xFF, 0xFF, 0xFF, 0xF0, 0xDF, 0xFF, 0xFF,
    0xFF, 0xFF, 0xFF, 0x0D, 0xFA, 0x00, 0x00, 0x00, 0x8F, 0xF0, 0xDF, 0xA0, 0x00, 0x00, 0x08, 0xFF,
    0x0D, 0xFA, 0x00, 0x00, 0x00, 0x8F, 0xF0, 0xDF, 0xA0, 0x00, 0x00, 0x08, 0xFF, 0x0D, 0xFA, 0x00,
    0x00, 0x00, 0x8F, 0xF0, 0xDF, 0xA0, 0x00, 0x00, 0x08, 0xFF, 0x00, 0x00, 0x01, 0x8D, 0xFF, 0xD8,
    0x10, 0x00, 0x00, 0x4F, 0xFF, 0xFF, 0xFF, 0xF4, 0x00, 0x03, 0xFF, 0xE5, 0x22, 0x6E, 0xFF, 0x30,
    0x0D, 0xFE, 0x10, 0x00, 0x01, 0xEF, 0xD0, 0x4F, 0xF6, 0x00, 0x00, 0x00, 0x6F, 0xF3, 0x8F, 0xF0,
    0x00, 0x00, 0x00, 0x1F, 0xF8, 0xAF, 0xD0, 0x00, 0x00, 0x00, 0x0D, 0xFA, 0xBF, 0xC0, 0x00, 0x00,
    0x00, 0x0D, 0xFB, 0xAF, 0xD0, 0x00, 0x00, 0x00, 0x0D, 0xFA, 0x8F, 0xF0, 0x00, 0x00, 0x00, 0x0F,
    0xF8, 0x4F, 0xF6, 0x00, 0x00, 0x00, 0x6F, 0xF3, 0x0D, 0xFE, 0x10, 0x00, 0x01, 0xEF, 0xD0, 0x03,
    0xFF, 0xE6, 0x22, 0x6E, 0xFF, 0x30, 0x00, 0x4F, 0xFF, 0xFF, 0xFF, 0xF4, 0x00, 0x00, 0x01, 0x8D,
    0xFF, 0xD8, 0x10, 0x00, 0xDF, 0xFF, 0xFF, 0xFF, 0xFF, 0xFF, 0x0D, 0xFF, 0xFF, 0xFF, 0xFF, 0xFF,
    0xF0, 0xDF, 0xB1, 0x11, 0x11, 0x19, 0xFF, 0x0D, 0xFA, 0x00, 0x00, 0x00, 0x8F, 0xF0, 0xDF, 0xA0,
    0x00, 0x00, 0x08, 0xFF, 0x0D, 0xFA, 0x00, 0x00, 0x00, 0x8F, 0xF0, 0xDF, 0xA0, 0x00, 0x00, 0x08,
    0xFF, 0x0D, 0xFA, 0x00, 0x00, 0x00, 0x8F, 0xF0, 0xDF, 0xA0, 0x00, 0x00, 0x08, 0xFF, 0x0D, 0xFA,
    0x00, 0x00, 0x00, 0x8F, 0xF0, 0xDF, 0xA0, 0x00, 0x00, 0x08, 0xFF, 0x0D, 0xFA, 0x00, 0x00, 0x00,
    0x8F, 0xF0, 0xDF, 0xA0, 0x00, 0x00, 0x08, 0xFF, 0x0D, 0xFA, 0x00, 0x00, 0x00, 0x8F, 0xF0, 0xDF,
    0xA0, 0x00, 0x00, 0x08, 0xFF, 0x00, 0x1F, 0xF4, 0x29, 0xEF, 0xEA, 0x30, 0x00, 0x1F, 0xFA, 0xFF,
    0xFF, 0xFF, 0xF6, 0x00, 0x1F, 0xFF, 0xE6, 0x23, 0x7F, 0xFF, 0x30, 0x1F, 0xFF, 0x10, 0x00, 0x03,
    0xFF, 0xB0, 0x1F, 0xFB, 0x00, 0x00, 0x00, 0xAF, 0xF1, 0x1F, 0xF7, 0x00, 0x00, 0x00, 0x5F, 0xF4,
    0x1F, 0xF7, 0x00, 0x00, 0x00, 0x3F, 0xF5, 0x1F, 0xF7, 0x00, 0x00, 0x00, 0x2F, 0xF6, 0x1F, 0xF7,
    0x00, 0x00, 0x00, 0x3F, 0xF5, 0x1F, 0xF7, 0x00, 0x00, 0x00, 0x5F, 0xF4, 0x1F, 0xFB, 0x00, 0x00,
    0x00, 0xAF, 0xF0, 0x1F, 0xFF, 0x00, 0x00, 0x03, 0xFF, 0xA0, 0x1F, 0xFF, 0xD5, 0x22, 0x7F, 0xFF,
    0x20, 0x1F, 0xFC, 0xFF, 0xFF, 0xFF, 0xF6, 0x00, 0x1F, 0xF7, 0x2A, 0xEF, 0xEA, 0x30, 0x00, 0x1F,
    0xF7, 0x00, 0x00, 0x00, 0x00, 0x00, 0x1F, 0xF7, 0x00, 0x00, 0x00, 0x00, 0x00, 0x1F, 0xF7, 0x00,
    0x00, 0x00, 0x00, 0x00, 0x1F, 0xF7, 0x00, 0x00, 0x00, 0x00, 0x00, 0x1F, 0xF7, 0x00, 0x00, 0x00,
    0x00, 0x00, 0x1F, 0xF7, 0x00, 0x00, 0x00, 0x00, 0x00, 0x00, 0x02, 0x9D, 0xFE, 0xC6, 0x00, 0x00,
    0x06, 0xFF, 0xFF, 0xFF, 0xFD, 0x10, 0x05, 0xFF, 0xC4, 0x12, 0x8F, 0xFC, 0x00, 0xEF, 0xD0, 0x00,
    0x00, 0x5F, 0xF5, 0x5F, 0xF5, 0x00, 0x00, 0x00, 0xDF, 0x98, 0xFF, 0x00, 0x00, 0x00, 0x04, 0x54,
    0xAF, 0xE0, 0x00, 0x00, 0x00, 0x00, 0x0B, 0xFC, 0x00, 0x00, 0x00, 0x00, 0x00, 0xAF, 0xD0, 0x00,
    0x00, 0x00, 0x00, 0x08, 0xFF, 0x00, 0x00, 0x00, 0x00, 0x00, 0x5F, 0xF5, 0x00, 0x00, 0x00, 0xBF,
    0x90, 0xEF, 0xC0, 0x00, 0x00, 0x4F, 0xF5, 0x05, 0xFF, 0xC4, 0x22, 0x7F, 0xFC, 0x00, 0x06, 0xFF,
    0xFF, 0xFF, 0xFC, 0x10, 0x00, 0x02, 0x9D, 0xFE, 0xC6, 0x00, 0x00, 0x7F, 0xFF, 0xFF, 0xFF, 0xFF,
    0xFF, 0xE7, 0xFF, 0xFF, 0xFF, 0xFF, 0xFF, 0xFE, 0x00, 0x00, 0x0A, 0xFF, 0x00, 0x00, 0x00, 0x00,
    0x00, 0x9F, 0xF0, 0x00, 0x00, 0x00, 0x00, 0x09, 0xFF, 0x00, 0x00, 0x00, 0x00, 0x00, 0x9F, 0xF0,
    0x00, 0x00, 0x00, 0x00, 0x09, 0xFF, 0x00, 0x00, 0x00, 0x00, 0x00, 0x9F, 0xF0, 0x00, 0x00, 0x00,
    0x00, 0x09, 0xFF, 0x00, 0x00, 0x00, 0x00, 0x00, 0x9F, 0xF0, 0x00, 0x00, 0x00, 0x00, 0x09, 0xFF,
    0x00, 0x00, 0x00, 0x00, 0x00, 0x9F, 0xF0, 0x00, 0x00, 0x00, 0x00, 0x09, 0xFF, 0x00, 0x00, 0x00,
    0x00, 0x00, 0x9F, 0xF0, 0x00, 0x00, 0x00, 0x00, 0x09, 0xFF, 0x00, 0x00, 0x00, 0x8F, 0xF3, 0x00,
    0x00, 0x00, 0xEF, 0xB2, 0xFF, 0x80, 0x00, 0x00, 0x4F, 0xF6, 0x0C, 0xFE, 0x00, 0x00, 0x09, 0xFF,
    0x10, 0x7F, 0xF3, 0x00, 0x00, 0xDF, 0xB0, 0x01, 0xFF, 0x80, 0x00, 0x2F, 0xF5, 0x00, 0x0B, 0xFE,
    0x00, 0x07, 0xFF, 0x00, 0x00, 0x6F, 0xF3, 0x00, 0xCF, 0xA0, 0x00, 0x00, 0xFF, 0x80, 0x1F, 0xF5,
    0x00, 0x00, 0x0A, 0xFD, 0x06, 0xFF, 0x00, 0x00, 0x00, 0x4F, 0xF3, 0xBF, 0xA0, 0x00, 0x00, 0x00,
    0xEF, 0x9F, 0xF4, 0x00, 0x00, 0x00, 0x09, 0xFF, 0xFE, 0x00, 0x00, 0x00, 0x00, 0x3F, 0xFF, 0x90,
    0x00, 0x00, 0x00, 0x00, 0xEF, 0xF4, 0x00, 0x00, 0x00, 0x00, 0x0D, 0xFF, 0x00, 0x00, 0x00, 0x00,
    0x00, 0xBF, 0x90, 0x00, 0x00, 0x00, 0x00, 0x1F, 0xF3, 0x00, 0x00, 0x00, 0x00, 0x08, 0xFD, 0x00,
    0x00, 0x00, 0x03, 0x48, 0xFF, 0x50, 0x00, 0x00, 0x00, 0xDF, 0xFF, 0xA0, 0x00, 0x00, 0x00, 0x0B,
    0xFE, 0x70, 0x00, 0x00, 0x00, 0x00, 0x00, 0x00, 0x00, 0x03, 0xFF, 0x50, 0x00, 0x00, 0x00, 0x00,
    0x00, 0x00, 0x03, 0xFF, 0x50, 0x00, 0x00, 0x00, 0x00, 0x00, 0x00, 0x03, 0xFF, 0x50, 0x00, 0x00,
    0x00, 0x00, 0x00, 0x00, 0x03, 0xFF, 0x50, 0x00, 0x00, 0x00, 0x00, 0x00, 0x00, 0x03, 0xFF, 0x50,
    0x00, 0x00, 0x00, 0x00, 0x00, 0x00, 0x03, 0xFF, 0x50, 0x00, 0x00, 0x00, 0x00, 0x07, 0xDF, 0xEE,
    0xFF, 0xEE, 0xFE, 0x91, 0x00, 0x00, 0xBF, 0xFF, 0xFF, 0xFF, 0xFF, 0xFF, 0xFE, 0x20, 0x07, 0xFF,
    0xB3, 0x17, 0xFF, 0xA1, 0x2A, 0xFF, 0xC0, 0x0E, 0xFD, 0x00, 0x03, 0xFF, 0x60, 0x00, 0xAF, 0xF3,
    0x3F, 0xF7, 0x00, 0x04, 0xFF, 0x90, 0x00, 0x2F, 0xF8, 0x6F, 0xF2, 0x00, 0x04, 0xFF, 0x90, 0x00,
    0x0D, 0xFB, 0x8F, 0xF0, 0x00, 0x04, 0xFF, 0x90, 0x00, 0x0B, 0xFD, 0x9F, 0xE0, 0x00, 0x04, 0xFF,
    0x90, 0x00, 0x09, 0xFE, 0x9F, 0xF0, 0x00, 0x04, 0xFF, 0x90, 0x00, 0x0A, 0xFE, 0x8F, 0xF0, 0x00,
    0x04, 0xFF, 0x90, 0x00, 0x0C, 0xFD, 0x5F, 0xF4, 0x00, 0x04, 0xFF, 0x90, 0x00, 0x0F, 0xFA, 0x1F,
    0xFB, 0x00, 0x03, 0xFF, 0x60, 0x00, 0x7F, 0xF5, 0x09, 0xFF, 0xA3, 0x17, 0xFF, 0x91, 0x28, 0xFF,
    0xD0, 0x00, 0xCF, 0xFF, 0xFF, 0xFF, 0xFF, 0xFF, 0xFF, 0x30, 0x00, 0x07, 0xDF, 0xEE, 0xFF, 0xEE,
    0xFE, 0xA2, 0x00, 0x00, 0x00, 0x00, 0x03, 0xFF, 0x50, 0x00, 0x00, 0x00, 0x00, 0x00, 0x00, 0x03,
    0xFF, 0x50, 0x00, 0x00, 0x00, 0x00, 0x00, 0x00, 0x03, 0xFF, 0x50, 0x00, 0x00, 0x00, 0x00, 0x00,
    0x00, 0x03, 0xFF, 0x50, 0x00, 0x00, 0x00, 0x00, 0x00, 0x00, 0x03, 0xFF, 0x50, 0x00, 0x00, 0x00,
    0x00, 0x00, 0x00, 0x03, 0xFF, 0x50, 0x00, 0x00, 0x00, 0x0E, 0xFE, 0x00, 0x00, 0x02, 0xFF, 0xC0,
    0x04, 0xFF, 0x80, 0x00, 0x0B, 0xFF, 0x20, 0x00, 0xAF, 0xF2, 0x00, 0x5F, 0xF7, 0x00, 0x00, 0x1E,
    0xFB, 0x00, 0xEF, 0xD0, 0x00, 0x00, 0x05, 0xFF, 0x48, 0xFF, 0x30, 0x00, 0x00, 0x00, 0xBF, 0xEF,
    0xF8, 0x00, 0x00, 0x00, 0x00, 0x1F, 0xFF, 0xD0, 0x00, 0x00, 0x00, 0x00, 0x09, 0xFF, 0x70, 0x00,
    0x00, 0x00, 0x00, 0x3F, 0xFF, 0xE1, 0x00, 0x00, 0x00, 0x00, 0xCF, 0xDE, 0xFA, 0x00, 0x00, 0x00,
    0x07, 0xFF, 0x46, 0xFF, 0x50, 0x00, 0x00, 0x2F, 0xFA, 0x00, 0xCF, 0xE1, 0x00, 0x00, 0xCF, 0xF1,
    0x00, 0x2F, 0xFA, 0x00, 0x07, 0xFF, 0x60, 0x00, 0x09, 0xFF, 0x40, 0x2F, 0xFC, 0x00, 0x00, 0x00,
    0xEF, 0xE0, 0xDF, 0xA0, 0x00, 0x00, 0x08, 0xFF, 0x00, 0xDF, 0xA0, 0x00, 0x00, 0x08, 0xFF, 0x00,
    0xDF, 0xA0, 0x00, 0x00, 0x08, 0xFF, 0x00, 0xDF, 0xA0, 0x00, 0x00, 0x08, 0xFF, 0x00, 0xDF, 0xA0,
    0x00, 0x00, 0x08, 0xFF, 0x00, 0xDF, 0xA0, 0x00, 0x00, 0x08, 0xFF, 0x00, 0xDF, 0xA0, 0x00, 0x00,
    0x08, 0xFF, 0x00, 0xDF, 0xA0, 0x00, 0x00, 0x08, 0xFF, 0x00, 0xDF, 0xA0, 0x00, 0x00, 0x08, 0xFF,
    0x00, 0xDF, 0xA0, 0x00, 0x00, 0x08, 0xFF, 0x00, 0xDF, 0xA0, 0x00, 0x00, 0x08, 0xFF, 0x00, 0xDF,
    0xA0, 0x00, 0x00, 0x08, 0xFF, 0x00, 0xDF, 0xB1, 0x11, 0x11, 0x19, 0xFF, 0x10, 0xDF, 0xFF, 0xFF,
    0xFF, 0xFF, 0xFF, 0xFC, 0xDF, 0xFF, 0xFF, 0xFF, 0xFF, 0xFF, 0xFB, 0x00, 0x00, 0x00, 0x00, 0x00,
    0x0B, 0xFA, 0x00, 0x00, 0x00, 0x00, 0x00, 0x0B, 0xFA, 0x00, 0x00, 0x00, 0x00, 0x00, 0x0B, 0xF9,
    0x00, 0x00, 0x00, 0x00, 0x00, 0x0B, 0xF8, 0x00, 0x00, 0x00, 0x00, 0x00, 0x00, 0x09, 0xFF, 0x00,
    0x00, 0x00, 0x7F, 0xF1, 0x9F, 0xF0, 0x00, 0x00, 0x07, 0xFF, 0x19, 0xFF, 0x00, 0x00, 0x00, 0x7F,
    0xF1, 0x9F, 0xF0, 0x00, 0x00, 0x07, 0xFF, 0x18, 0xFF, 0x00, 0x00, 0x00, 0x7F, 0xF1, 0x7F, 0xF1,
    0x00, 0x00, 0x07, 0xFF, 0x14, 0xFF, 0x60, 0x00, 0x00, 0x7F, 0xF1, 0x0D, 0xFF, 0x72, 0x12, 0x5F,
    0xFF, 0x10, 0x2E, 0xFF, 0xFF, 0xFF, 0xFF, 0xF1, 0x00, 0x18, 0xDF, 0xFE, 0xCF, 0xFF, 0x10, 0x00,
    0x00, 0x00, 0x00, 0x7F, 0xF1, 0x00, 0x00, 0x00, 0x00, 0x07, 0xFF, 0x10, 0x00, 0x00, 0x00, 0x00,
    0x7F, 0xF1, 0x00, 0x00, 0x00, 0x00, 0x07, 0xFF, 0x10, 0x00, 0x00, 0x00, 0x00, 0x7F, 0xF1, 0xDF,
    0xA0, 0x00, 0x00, 0xEF, 0xA0, 0x00, 0x00, 0xFF, 0x9D, 0xFA, 0x00, 0x00, 0x0E, 0xFA, 0x00, 0x00,
    0x0F, 0xF9, 0xDF, 0xA0, 0x00, 0x00, 0xEF, 0xA0, 0x00, 0x00, 0xFF, 0x9D, 0xFA, 0x00, 0x00, 0x0E,
    0xFA, 0x00, 0x00, 0x0F, 0xF9, 0xDF, 0xA0, 0x00, 0x00, 0xEF, 0xA0, 0x00, 0x00, 0xFF, 0x9D, 0xFA,
    0x00, 0x00, 0x0E, 0xFA, 0x00, 0x00, 0x0F, 0xF9, 0xDF, 0xA0, 0x00, 0x00, 0xEF, 0xA0, 0x00, 0x00,
    0xFF, 0x9D, 0xFA, 0x00, 0x00, 0x0E, 0xFA, 0x00, 0x00, 0x0F, 0xF9, 0xDF, 0xA0, 0x00, 0x00, 0xEF,
    0xA0, 0x00, 0x00, 0xFF, 0x9D, 0xFA, 0x00, 0x00, 0x0E, 0xFA, 0x00, 0x00, 0x0F, 0xF9, 0xDF, 0xA0,
    0x00, 0x00, 0xEF, 0xA0, 0x00, 0x00, 0xFF, 0x9D, 0xFA, 0x00, 0x00, 0x0E, 0xFA, 0x00, 0x00, 0x0F,
    0xF9, 0xDF, 0xB1, 0x11, 0x11, 0xEF, 0xA1, 0x11, 0x11, 0xFF, 0x9D, 0xFF, 0xFF, 0xFF, 0xFF, 0xFF,
    0xFF, 0xFF, 0xFF, 0xF9, 0xDF, 0xFF, 0xFF, 0xFF, 0xFF, 0xFF, 0xFF, 0xFF, 0xFF, 0x90, 0xFF, 0x80,
    0x00, 0x01, 0xFF, 0x70, 0x00, 0x01, 0xFF, 0x60, 0x0F, 0xF8, 0x00, 0x00, 0x1F, 0xF7, 0x00, 0x00,
    0x1F, 0xF6, 0x00, 0xFF, 0x80, 0x00, 0x01, 0xFF, 0x70, 0x00, 0x01, 0xFF, 0x60, 0x0F, 0xF8, 0x00,
    0x00, 0x1F, 0xF7, 0x00, 0x00, 0x1F, 0xF6, 0x00, 0xFF, 0x80, 0x00, 0x01, 0xFF, 0x70, 0x00, 0x01,
    0xFF, 0x60, 0x0F, 0xF8, 0x00, 0x00, 0x1F, 0xF7, 0x00, 0x00, 0x1F, 0xF6, 0x00, 0xFF, 0x80, 0x00,
    0x01, 0xFF, 0x70, 0x00, 0x01, 0xFF, 0x60, 0x0F, 0xF8, 0x00, 0x00, 0x1F, 0xF7, 0x00, 0x00, 0x1F,
    0xF6, 0x00, 0xFF, 0x80, 0x00, 0x01, 0xFF, 0x70, 0x00, 0x01, 0xFF, 0x60, 0x0F, 0xF8, 0x00, 0x00,
    0x1F, 0xF7, 0x00, 0x00, 0x1F, 0xF6, 0x00, 0xFF, 0x80, 0x00, 0x01, 0xFF, 0x70, 0x00, 0x01, 0xFF,
    0x60, 0x0F, 0xF8, 0x00, 0x00, 0x1F, 0xF7, 0x00, 0x00, 0x1F, 0xF6, 0x00, 0xFF, 0x91, 0x11, 0x12,
    0xFF, 0x81, 0x11, 0x12, 0xFF, 0x71, 0x0F, 0xFF, 0xFF, 0xFF, 0xFF, 0xFF, 0xFF, 0xFF, 0xFF, 0xFF,
    0xF7, 0xFF, 0xFF, 0xFF, 0xFF, 0xFF, 0xFF, 0xFF, 0xFF, 0xFF, 0xFF, 0x60, 0x00, 0x00, 0x00, 0x00,
    0x00, 0x00, 0x00, 0x00, 0x0F, 0xF6, 0x00, 0x00, 0x00, 0x00, 0x00, 0x00, 0x00, 0x00, 0x00, 0xFF,
    0x50, 0x00, 0x00, 0x00, 0x00, 0x00, 0x00, 0x00, 0x00, 0x0F, 0xF4, 0x00, 0x00, 0x00, 0x00, 0x00,
    0x00, 0x00, 0x00, 0x00, 0xFF, 0x40, 0x9F, 0xFF, 0xFF, 0xF5, 0x00, 0x00, 0x00, 0x00, 0x09, 0xFF,
    0xFF, 0xFF, 0x50, 0x00, 0x00, 0x00, 0x00, 0x01, 0x11, 0x4F, 0xF5, 0x00, 0x00, 0x00, 0x00, 0x00,
    0x00, 0x03, 0xFF, 0x50, 0x00, 0x00, 0x00, 0x00, 0x00, 0x00, 0x3F, 0xF5, 0x00, 0x00, 0x00, 0x00,
    0x00, 0x00, 0x03, 0xFF, 0xFF, 0xFF, 0xFD, 0x92, 0x00, 0x00, 0x00, 0x3F, 0xFF, 0xFF, 0xFF, 0xFF,
    0xF4, 0x00, 0x00, 0x03, 0xFF, 0x61, 0x11, 0x26, 0xFF, 0xE0, 0x00, 0x00, 0x3F, 0xF5, 0x00, 0x00,
    0x05, 0xFF, 0x60, 0x00, 0x03, 0xFF, 0x50, 0x00, 0x00, 0x0F, 0xF9, 0x00, 0x00, 0x3F, 0xF5, 0x00,
    0x00, 0x00, 0xFF, 0x90, 0x00, 0x03, 0xFF, 0x50, 0x00, 0x00, 0x4F, 0xF6, 0x00, 0x00, 0x3F, 0xF6,
    0x11, 0x11, 0x5E, 0xFE, 0x00, 0x00, 0x03, 0xFF, 0xFF, 0xFF, 0xFF, 0xFF, 0x30, 0x00, 0x00, 0x3F,
    0xFF, 0xFF, 0xFF, 0xD9, 0x10, 0x00, 0xDF, 0xB0, 0x00, 0x00, 0x00, 0x00, 0x00, 0x4F, 0xF3, 0xDF,
    0xB0, 0x00, 0x00, 0x00, 0x00, 0x00, 0x4F, 0xF3, 0xDF, 0xB0, 0x00, 0x00, 0x00, 0x00, 0x00, 0x4F,
    0xF3, 0xDF, 0xB0, 0x00, 0x00, 0x00, 0x00, 0x00, 0x4F, 0xF3, 0xDF, 0xB0, 0x00, 0x00, 0x00, 0x00,
    0x00, 0x4F, 0xF3, 0xDF, 0xFF, 0xFF, 0xFE, 0xB4, 0x00, 0x00, 0x4F, 0xF3, 0xDF, 0xFF, 0xFF, 0xFF,
    0xFF, 0x90, 0x00, 0x4F, 0xF3, 0xDF, 0xC1, 0x11, 0x14, 0xCF, 0xF5, 0x00, 0x4F, 0xF3, 0xDF, 0xB0,
    0x00, 0x00, 0x0E, 0xFB, 0x00, 0x4F, 0xF3, 0xDF, 0xB0, 0x00, 0x00, 0x0A, 0xFE, 0x00, 0x4F, 0xF3,
    0xDF, 0xB0, 0x00, 0x00, 0x09, 0xFE, 0x00, 0x4F, 0xF3, 0xDF, 0xB0, 0x00, 0x00, 0x0E, 0xFB, 0x00,
    0x4F, 0xF3, 0xDF, 0xB1, 0x11, 0x13, 0xBF, 0xF4, 0x00, 0x4F, 0xF3, 0xDF, 0xFF, 0xFF, 0xFF, 0xFF,
    0x80, 0x00, 0x4F, 0xF3, 0xDF, 0xFF, 0xFF, 0xFE, 0xB4, 0x00, 0x00, 0x4F, 0xF3, 0xDF, 0xB0, 0x00,
    0x00, 0x00, 0x00, 0xDF, 0xB0, 0x00, 0x00, 0x00, 0x00, 0xDF, 0xB0, 0x00, 0x00, 0x00, 0x00, 0xDF,
    0xB0, 0x00, 0x00, 0x00, 0x00, 0xDF, 0xB0, 0x00, 0x00, 0x00, 0x00, 0xDF, 0xFF, 0xFF, 0xFE, 0xB4,
    0x00, 0xDF, 0xFF, 0xFF, 0xFF, 0xFF, 0x90, 0xDF, 0xC1, 0x11, 0x14, 0xCF, 0xF5, 0xDF, 0xB0, 0x00,
    0x00, 0x0E, 0xFB, 0xDF, 0xB0, 0x00, 0x00, 0x0A, 0xFE, 0xDF, 0xB0, 0x00, 0x00, 0x09, 0xFE, 0xDF,
    0xB0, 0x00, 0x00, 0x0E, 0xFB, 0xDF, 0xB1, 0x11, 0x13, 0xBF, 0xF4, 0xDF, 0xFF, 0xFF, 0xFF, 0xFF,
    0x80, 0xDF, 0xFF, 0xFF, 0xFE, 0xB4, 0x00, 0x00, 0x05, 0xBE, 0xFD, 0x81, 0x00, 0x00, 0x0B, 0xFF,
    0xFF, 0xFF, 0xF4, 0x00, 0x0B, 0xFF, 0x72, 0x25, 0xEF, 0xF2, 0x04, 0xFF, 0x40, 0x00, 0x02, 0xFF,
    0xB0, 0x8F, 0xD0, 0x00, 0x00, 0x08, 0xFF, 0x20, 0x00, 0x00, 0x11, 0x11, 0x4F, 0xF6, 0x00, 0x00,
    0x8F, 0xFF, 0xFF, 0xFF, 0x80, 0x00, 0x08, 0xFF, 0xFF, 0xFF, 0xF9, 0x00, 0x00, 0x00, 0x00, 0x00,
    0xFF, 0x80, 0x00, 0x00, 0x00, 0x00, 0x2F, 0xF6, 0x8F, 0xD0, 0x00, 0x00, 0x08, 0xFF, 0x25, 0xFF,
    0x40, 0x00, 0x02, 0xFF, 0xB0, 0x0D, 0xFF, 0x72, 0x15, 0xEF, 0xF2, 0x00, 0x2D, 0xFF, 0xFF, 0xFF,
    0xE4, 0x00, 0x00, 0x07, 0xCE, 0xFD, 0x81, 0x00, 0x00, 0xDF, 0xB0, 0x00, 0x00, 0x01, 0x8D, 0xFF,
    0xC7, 0x10, 0x00, 0xDF, 0xB0, 0x00, 0x00, 0x5F, 0xFF, 0xFF, 0xFF, 0xE3, 0x00, 0xDF, 0xB0, 0x00,
    0x04, 0xFF, 0xD5, 0x12, 0x6E, 0xFF, 0x20, 0xDF, 0xB0, 0x00, 0x0E, 0xFD, 0x10, 0x00, 0x02, 0xFF,
    0xC0, 0xDF, 0xB0, 0x00, 0x5F, 0xF5, 0x00, 0x00, 0x00, 0x7F, 0xF2, 0xEF, 0xC1, 0x11, 0xAF, 0xF0,
    0x00, 0x00, 0x00, 0x1F, 0xF7, 0xFF, 0xFF, 0xFF, 0xFF, 0xF0, 0x00, 0x00, 0x00, 0x0E, 0xF9, 0xFF,
    0xFF, 0xFF, 0xFF, 0xF0, 0x00, 0x00, 0x00, 0x0E, 0xFA, 0xDF, 0xB0, 0x00, 0xCF, 0xD0, 0x00, 0x00,
    0x00, 0x0E, 0xF9, 0xDF, 0xB0, 0x00, 0x9F, 0xF0, 0x00, 0x00, 0x00, 0x1F, 0xF7, 0xDF, 0xB0, 0x00,
    0x5F, 0xF5, 0x00, 0x00, 0x00, 0x8F, 0xF2, 0xDF, 0xB0, 0x00, 0x0E, 0xFD, 0x10, 0x00, 0x02, 0xFF,
    0xC0, 0xDF, 0xB0, 0x00, 0x04, 0xFF, 0xD5, 0x22, 0x6E, 0xFF, 0x20, 0xDF, 0xB0, 0x00, 0x00, 0x5F,
    0xFF, 0xFF, 0xFF, 0xE4, 0x00, 0xDF, 0xB0, 0x00, 0x00, 0x01, 0x9D, 0xFF, 0xD8, 0x10, 0x00, 0x00,
    0x02, 0x9D, 0xFF, 0xFF, 0xFF, 0xF3, 0x00, 0x5F, 0xFF, 0xFF, 0xFF, 0xFF, 0xF3, 0x01, 0xFF, 0xE5,
    0x10, 0x00, 0x5F, 0xF3, 0x07, 0xFF, 0x30, 0x00, 0x00, 0x5F, 0xF3, 0x08, 0xFF, 0x00, 0x00, 0x00,
    0x5F, 0xF3, 0x07, 0xFF, 0x30, 0x00, 0x00, 0x5F, 0xF3, 0x01, 0xFF, 0xD4, 0x11, 0x11, 0x6F, 0xF3,
    0x00, 0x6F, 0xFF, 0xFF, 0xFF, 0xFF, 0xF3, 0x00, 0x03, 0xFF, 0xFF, 0xFF, 0xFF, 0xF3, 0x00, 0x02,
    0xFF, 0x90, 0x00, 0x5F, 0xF3, 0x00, 0x0B, 0xFE, 0x10, 0x00, 0x5F, 0xF3, 0x00, 0x4F, 0xF6, 0x00,
    0x00, 0x5F, 0xF3, 0x00, 0xDF, 0xD0, 0x00, 0x00, 0x5F, 0xF3, 0x07, 0xFF, 0x40, 0x00, 0x00, 0x5F,
    0xF3, 0x1F, 0xFA, 0x00, 0x00, 0x00, 0x5F, 0xF3, 0x00, 0x0C, 0xFF, 0x30, 0x00, 0x00, 0x00, 0x00,
    0x1D, 0xFC, 0x00, 0x00, 0x00, 0x00, 0x00, 0x1E, 0xF7, 0x00, 0x00, 0x00, 0x00, 0x00, 0x2F, 0xF2,
    0x00, 0x00, 0x00, 0x00, 0x00, 0x00, 0x00, 0x00, 0x00, 0x00, 0x00, 0x00, 0x00, 0x00, 0x00, 0x00,
    0x01, 0x8D, 0xFE, 0xC6, 0x00, 0x00, 0x04, 0xFF, 0xFF, 0xFF, 0xFC, 0x10, 0x03, 0xFF, 0xD5, 0x12,
    0x8F, 0xFB, 0x00, 0xCF, 0xD1, 0x00, 0x00, 0x6F, 0xF3, 0x3F, 0xF5, 0x00, 0x00, 0x00, 0xEF, 0x88,
    0xFF, 0x11, 0x11, 0x11, 0x1C, 0xFB, 0xAF, 0xFF, 0xFF, 0xFF, 0xFF, 0xFF, 0xCB, 0xFF, 0xFF, 0xFF,
    0xFF, 0xFF, 0xFD, 0xBF, 0xD0, 0x00, 0x00, 0x00, 0x00, 0x09, 0xFF, 0x00, 0x00, 0x00, 0x00, 0x00,
    0x5F, 0xF5, 0x00, 0x00, 0x00, 0x00, 0x00, 0xEF, 0xE1, 0x00, 0x00, 0x07, 0xB1, 0x04, 0xFF, 0xE6,
    0x21, 0x4A, 0xFF, 0x50, 0x05, 0xFF, 0xFF, 0xFF, 0xFF, 0x60, 0x00, 0x01, 0x8D, 0xFF, 0xD9, 0x20,
    0x00, 0x00, 0x00, 0x00, 0x00, 0x01, 0x00, 0x00, 0x05, 0xFE, 0x20, 0x06, 0xFE, 0x10, 0x00, 0x9F,
    0xF5, 0x00, 0xAF, 0xF3, 0x00, 0x02, 0xA9, 0x00, 0x03, 0xB8, 0x00, 0x00, 0x00, 0x00, 0x00, 0x00,
    0x00, 0x00, 0x00, 0x00, 0x00, 0x00, 0x00, 0x00, 0x00, 0x01, 0x8D, 0xFE, 0xC6, 0x00, 0x00, 0x04,
    0xFF, 0xFF, 0xFF, 0xFC, 0x10, 0x03, 0xFF, 0xD5, 0x12, 0x8F, 0xFB, 0x00, 0xCF, 0xD1, 0x00, 0x00,
    0x6F, 0xF3, 0x3F, 0xF5, 0x00, 0x00, 0x00, 0xEF, 0x88, 0xFF, 0x11, 0x11, 0x11, 0x1C, 0xFB, 0xAF,
    0xFF, 0xFF, 0xFF, 0xFF, 0xFF, 0xCB, 0xFF, 0xFF, 0xFF, 0xFF, 0xFF, 0xFD, 0xBF, 0xD0, 0x00, 0x00,
    0x00, 0x00, 0x09, 0xFF, 0x00, 0x00, 0x00, 0x00, 0x00, 0x5F, 0xF5, 0x00, 0x00, 0x00, 0x00, 0x00,
    0xEF, 0xE1, 0x00, 0x00, 0x07, 0xB1, 0x04, 0xFF, 0xE6, 0x21, 0x4A, 0xFF, 0x50, 0x05, 0xFF, 0xFF,
    0xFF, 0xFF, 0x60, 0x00, 0x01, 0x8D, 0xFF, 0xD9, 0x20, 0x00, 0x00, 0x1F, 0xF7, 0x00, 0x00, 0x00,
    0x00, 0x00, 0x01, 0xFF, 0x70, 0x00, 0x00, 0x00, 0x00, 0x01, 0x2F, 0xF8, 0x11, 0x10, 0x00, 0x00,
    0x05, 0xFF, 0xFF, 0xFF, 0xFF, 0x60, 0x00, 0x00, 0x5F, 0xFF, 0xFF, 0xFF, 0xF6, 0x00, 0x00, 0x00,
    0x01, 0xFF, 0x70, 0x00, 0x00, 0x00, 0x00, 0x00, 0x1F, 0xF7, 0x07, 0xDF, 0xFC, 0x50, 0x00, 0x01,
    0xFF, 0x9D, 0xFF, 0xFF, 0xFF, 0x70, 0x00, 0x1F, 0xFF, 0xF7, 0x32, 0x6E, 0xFF, 0x10, 0x01, 0xFF,
    0xF3, 0x00, 0x00, 0x5F, 0xF5, 0x00, 0x1F, 0xFF, 0x00, 0x00, 0x01, 0xFF, 0x80, 0x01, 0xFF, 0x80,
    0x00, 0x00, 0x0F, 0xF8, 0x00, 0x1F, 0xF7, 0x00, 0x00, 0x00, 0xFF, 0x90, 0x01, 0xFF, 0x70, 0x00,
    0x00, 0x0F, 0xF9, 0x00, 0x1F, 0xF7, 0x00, 0x00, 0x00, 0xFF, 0xA0, 0x01, 0xFF, 0x70, 0x00, 0x00,
    0x0F, 0xFF, 0x00, 0x1F, 0xF7, 0x00, 0x00, 0x00, 0xFF, 0xF0, 0x01, 0xFF, 0x70, 0x00, 0x00, 0x0F,
    0xFF, 0x00, 0x1F, 0xF7, 0x00, 0x00, 0x00, 0xFF, 0xF0, 0x01, 0xFF, 0x70, 0x00, 0x00, 0x0F, 0xFF,
    0x00, 0x1F, 0xF7, 0x00, 0x00, 0x00, 0xFF, 0xF0, 0x00, 0x00, 0x00, 0x00, 0x00, 0x0F, 0xF9, 0x00,
    0x00, 0x00, 0x00, 0x00, 0x00, 0xFF, 0x80, 0x00, 0x00, 0x00, 0x00, 0x00, 0x3F, 0xF6, 0x00, 0x00,
    0x00, 0x00, 0x02, 0x2B, 0xFF, 0x20, 0x00, 0x00, 0x00, 0x04, 0xFF, 0xFF, 0x90, 0x00, 0x00, 0x00,
    0x00, 0x4F, 0xFD, 0x60, 0x00, 0x00, 0x00, 0x1E, 0xFD, 0x10, 0x00, 0x00, 0xAF, 0xE1, 0x00, 0x00,
    0x05, 0xFE, 0x20, 0x00, 0x00, 0x1E, 0xF3, 0x00, 0x00, 0x00, 0x00, 0x00, 0x00, 0x00, 0x00, 0x00,
    0x00, 0x00, 0x00, 0xEF, 0xFF, 0xFF, 0xFF, 0xF7, 0xEF, 0xFF, 0xFF, 0xFF, 0xF7, 0xEF, 0xB1, 0x11,
    0x11, 0x10, 0xEF, 0xA0, 0x00, 0x00, 0x00, 0xEF, 0xA0, 0x00, 0x00, 0x00, 0xEF, 0xA0, 0x00, 0x00,
    0x00, 0xEF, 0xA0, 0x00, 0x00, 0x00, 0xEF, 0xA0, 0x00, 0x00, 0x00, 0xEF, 0xA0, 0x00, 0x00, 0x00,
    0xEF, 0xA0, 0x00, 0x00, 0x00, 0xEF, 0xA0, 0x00, 0x00, 0x00, 0xEF, 0xA0, 0x00, 0x00, 0x00, 0xEF,
    0xA0, 0x00, 0x00, 0x00, 0xEF, 0xA0, 0x00, 0x00, 0x00, 0xEF, 0xA0, 0x00, 0x00, 0x00, 0x00, 0x01,
    0x8D, 0xFF, 0xD7, 0x10, 0x00, 0x05, 0xFF, 0xFF, 0xFF, 0xFE, 0x20, 0x03, 0xFF, 0xD5, 0x22, 0x6F,
    0xFE, 0x00, 0xCF, 0xE1, 0x00, 0x00, 0x3F, 0xF7, 0x2F, 0xF7, 0x00, 0x00, 0x00, 0xBF, 0xB6, 0xFF,
    0x20, 0x00, 0x00, 0x03, 0x54, 0x8F, 0xF1, 0x11, 0x11, 0x00, 0x00, 0x0A, 0xFF, 0xFF, 0xFF, 0xF8,
    0x00, 0x00, 0x9F, 0xFF, 0xFF, 0xFF, 0x80, 0x00, 0x06, 0xFF, 0x20, 0x00, 0x00, 0x00, 0x00, 0x2F,
    0xF7, 0x00, 0x00, 0x00, 0x9F, 0xB0, 0xCF, 0xE1, 0x00, 0x00, 0x2F, 0xF8, 0x03, 0xFF, 0xD5, 0x22,
    0x6E, 0xFE, 0x00, 0x05, 0xFF, 0xFF, 0xFF, 0xFD, 0x20, 0x00, 0x01, 0x8D, 0xFF, 0xC7, 0x00, 0x00,
    0x00, 0x06, 0xCF, 0xFE, 0xA3, 0x00, 0x00, 0x1D, 0xFF, 0xFF, 0xFF, 0xF8, 0x00, 0x0B, 0xFF, 0x72,
    0x14, 0xDF, 0xF5, 0x01, 0xFF, 0x80, 0x00, 0x01, 0xEF, 0xB0, 0x2F, 0xF6, 0x00, 0x00, 0x06, 0x98,
    0x00, 0xEF, 0xE4, 0x00, 0x00, 0x00, 0x00, 0x04, 0xFF, 0xFE, 0xA6, 0x10, 0x00, 0x00, 0x02, 0x9F,
    0xFF, 0xFF, 0xB3, 0x00, 0x00, 0x00, 0x03, 0x7B, 0xFF, 0xF4, 0x00, 0x00, 0x00, 0x00, 0x03, 0xEF,
    0xD0, 0x8D, 0xC0, 0x00, 0x00, 0x08, 0xFF, 0x07, 0xFF, 0x40, 0x00, 0x00, 0x9F, 0xF0, 0x0E, 0xFF,
    0x73, 0x13, 0x9F, 0xF9, 0x00, 0x2E, 0xFF, 0xFF, 0xFF, 0xFC, 0x00, 0x00, 0x07, 0xCE, 0xFE, 0xB5,
    0x00, 0x00, 0x08, 0xD6, 0x0F, 0xFE, 0x0A, 0xF8, 0x00, 0x00, 0x00, 0x00, 0x00, 0x00, 0x0D, 0xFA,
    0x0D, 0xFA, 0x0D, 0xFA, 0x0D, 0xFA, 0x0D, 0xFA, 0x0D, 0xFA, 0x0D, 0xFA, 0x0D, 0xFA, 0x0D, 0xFA,
    0x0D, 0xFA, 0x0D, 0xFA, 0x0D, 0xFA, 0x0D, 0xFA, 0x0D, 0xFA, 0x0D, 0xFA, 0x04, 0x30, 0x00, 0x05,
    0x30, 0x7F, 0xF3, 0x00, 0x9F, 0xF2, 0x8F, 0xF4, 0x00, 0x9F, 0xF2, 0x06, 0x50, 0x00, 0x17, 0x40,
    0x00, 0x00, 0x00, 0x00, 0x00, 0x00, 0x00, 0x00, 0x00, 0x00, 0x00, 0x0D, 0xFA, 0x00, 0x00, 0x00,
    0x0D, 0xFA, 0x00, 0x00, 0x00, 0x0D, 0xFA, 0x00, 0x00, 0x00, 0x0D, 0xFA, 0x00, 0x00, 0x00, 0x0D,
    0xFA, 0x00, 0x00, 0x00, 0x0D, 0xFA, 0x00, 0x00, 0x00, 0x0D, 0xFA, 0x00, 0x00, 0x00, 0x0D, 0xFA,
    0x00, 0x00, 0x00, 0x0D, 0xFA, 0x00, 0x00, 0x00, 0x0D, 0xFA, 0x00, 0x00, 0x00, 0x0D, 0xFA, 0x00,
    0x00, 0x00, 0x0D, 0xFA, 0x00, 0x00, 0x00, 0x0D, 0xFA, 0x00, 0x00, 0x00, 0x0D, 0xFA, 0x00, 0x00,
    0x00, 0x0D, 0xFA, 0x00, 0x00, 0x00, 0x0A, 0xD4, 0x00, 0x3F, 0xFB, 0x00, 0x0C, 0xF5, 0x00, 0x00,
    0x00, 0x00, 0x00, 0x00, 0x00, 0x00, 0x00, 0x00, 0x0F, 0xF8, 0x00, 0x0F, 0xF8, 0x00, 0x0F, 0xF8,
    0x00, 0x0F, 0xF8, 0x00, 0x0F, 0xF8, 0x00, 0x0F, 0xF8, 0x00, 0x0F, 0xF8, 0x00, 0x0F, 0xF8, 0x00,
    0x0F, 0xF8, 0x00, 0x0F, 0xF8, 0x00, 0x0F, 0xF8, 0x00, 0x0F, 0xF8, 0x00, 0x0F, 0xF8, 0x00, 0x0F,
    0xF8, 0x00, 0x0F, 0xF8, 0x00, 0x0F, 0xF8, 0x00, 0x0F, 0xF8, 0x00, 0x1F, 0xF7, 0x23, 0xAF, 0xF4,
    0xEF, 0xFF, 0xC0, 0xCF, 0xEA, 0x10, 0x00, 0x00, 0xFF, 0xFF, 0xFF, 0xFF, 0xF8, 0x00, 0x00, 0x00,
    0x00, 0x00, 0x00, 0x1F, 0xFF, 0xFF, 0xFF, 0xFF, 0x80, 0x00, 0x00, 0x00, 0x00, 0x00, 0x01, 0xFF,
    0x71, 0x11, 0x1F, 0xF8, 0x00, 0x00, 0x00, 0x00, 0x00, 0x00, 0x2F, 0xF5, 0x00, 0x00, 0xFF, 0x80,
    0x00, 0x00, 0x00, 0x00, 0x00, 0x03, 0xFF, 0x40, 0x00, 0x0F, 0xF8, 0x00, 0x00, 0x00, 0x00, 0x00,
    0x00, 0x3F, 0xF3, 0x00, 0x00, 0xFF, 0x91, 0x11, 0x00, 0x00, 0x00, 0x00, 0x04, 0xFF, 0x20, 0x00,
    0x0F, 0xFF, 0xFF, 0xFF, 0xFB, 0x50, 0x00, 0x00, 0x5F, 0xF1, 0x00, 0x00, 0xFF, 0xFF, 0xFF, 0xFF,
    0xFF, 0xA0, 0x00, 0x06, 0xFF, 0x00, 0x00, 0x0F, 0xF8, 0x00, 0x00, 0x2A, 0xFF, 0x50, 0x00, 0x8F,
    0xE0, 0x00, 0x00, 0xFF, 0x80, 0x00, 0x00, 0x0E, 0xFB, 0x00, 0x0B, 0xFC, 0x00, 0x00, 0x0F, 0xF8,
    0x00, 0x00, 0x00, 0xBF, 0xC0, 0x02, 0xFF, 0x80, 0x00, 0x00, 0xFF, 0x80, 0x00, 0x00, 0x0E, 0xFA,
    0x16, 0xDF, 0xF3, 0x00, 0x00, 0x0F, 0xF9, 0x00, 0x01, 0x3C, 0xFF, 0x47, 0xFF, 0xFA, 0x00, 0x00,
    0x00, 0xFF, 0xFF, 0xFF, 0xFF, 0xFF, 0x80, 0x7F, 0xD8, 0x00, 0x00, 0x00, 0x0F, 0xFF, 0xFF, 0xFF,
    0xEB, 0x40, 0x00, 0xDF, 0xA0, 0x00, 0x00, 0x08, 0xFF, 0x00, 0x00, 0x00, 0x00, 0x00, 0xDF, 0xA0,
    0x00, 0x00, 0x08, 0xFF, 0x00, 0x00, 0x00, 0x00, 0x00, 0xDF, 0xA0, 0x00, 0x00, 0x08, 0xFF, 0x00,
    0x00, 0x00, 0x00, 0x00, 0xDF, 0xA0, 0x00, 0x00, 0x08, 0xFF, 0x00, 0x00, 0x00, 0x00, 0x00, 0xDF,
    0xA0, 0x00, 0x00, 0x08, 0xFF, 0x00, 0x00, 0x00, 0x00, 0x00, 0xDF, 0xB0, 0x00, 0x00, 0x09, 0xFF,
    0x00, 0x00, 0x00, 0x00, 0x00, 0xDF, 0xFF, 0xFF, 0xFF, 0xFF, 0xFF, 0xFF, 0xFF, 0xEC, 0x81, 0x00,
    0xDF, 0xFF, 0xFF, 0xFF, 0xFF, 0xFF, 0xFF, 0xFF, 0xFF, 0xFE, 0x20, 0xDF, 0xA0, 0x00, 0x00, 0x08,
    0xFF, 0x11, 0x11, 0x27, 0xFF, 0xC0, 0xDF, 0xA0, 0x00, 0x00, 0x08, 0xFF, 0x00, 0x00, 0x00, 0x7F,
    0xF2, 0xDF, 0xA0, 0x00, 0x00, 0x08, 0xFF, 0x00, 0x00, 0x00, 0x4F, 0xF4, 0xDF, 0xA0, 0x00, 0x00,
    0x08, 0xFF, 0x00, 0x00, 0x00, 0x8F, 0xF2, 0xDF, 0xA0, 0x00, 0x00, 0x08, 0xFF, 0x00, 0x00, 0x17,
    0xFF, 0xC0, 0xDF, 0xA0, 0x00, 0x00, 0x08, 0xFF, 0xFF, 0xFF, 0xFF, 0xFD, 0x20, 0xDF, 0xA0, 0x00,
    0x00, 0x08, 0xFF, 0xFF, 0xFF, 0xFC, 0x70, 0x00, 0x00, 0x1F, 0xF7, 0x00, 0x00, 0x00, 0x00, 0x00,
    0x12, 0xFF, 0x81, 0x11, 0x00, 0x00, 0x00, 0x0F, 0xFF, 0xFF, 0xFF, 0xFA, 0x00, 0x00, 0x00, 0xFF,
    0xFF, 0xFF, 0xFF, 0xA0, 0x00, 0x00, 0x00, 0x1F, 0xF7, 0x00, 0x00, 0x00, 0x00, 0x00, 0x01, 0xFF,
    0x70, 0x00, 0x00, 0x00, 0x00, 0x00, 0x1F, 0xF7, 0x07, 0xDF, 0xFC, 0x50, 0x00, 0x01, 0xFF, 0x9D,
    0xFF, 0xFF, 0xFF, 0x70, 0x00, 0x1F, 0xFF, 0xF7, 0x32, 0x6E, 0xFF, 0x10, 0x01, 0xFF, 0xF3, 0x00,
    0x00, 0x5F, 0xF5, 0x00, 0x1F, 0xFF, 0x00, 0x00, 0x01, 0xFF, 0x80, 0x01, 0xFF, 0x80, 0x00, 0x00,
    0x0F, 0xF8, 0x00, 0x1F, 0xF7, 0x00, 0x00, 0x00, 0xFF, 0x90, 0x01, 0xFF, 0x70, 0x00, 0x00, 0x0F,
    0xF9, 0x00, 0x1F, 0xF7, 0x00, 0x00, 0x00, 0xFF, 0x90, 0x01, 0xFF, 0x70, 0x00, 0x00, 0x0F, 0xF9,
    0x00, 0x1F, 0xF7, 0x00, 0x00, 0x00, 0xFF, 0x90, 0x01, 0xFF, 0x70, 0x00, 0x00, 0x0F, 0xF9, 0x00,
    0x1F, 0xF7, 0x00, 0x00, 0x00, 0xFF, 0x90, 0x01, 0xFF, 0x70, 0x00, 0x00, 0x0F, 0xF9, 0x00, 0x1F,
    0xF7, 0x00, 0x00, 0x00, 0xFF, 0x90, 0x00, 0x00, 0x01, 0xEF, 0xD1, 0x00, 0x00, 0x00, 0x00, 0xAF,
    0xE1, 0x00, 0x00, 0x00, 0x00, 0x5F, 0xE2, 0x00, 0x00, 0x00, 0x00, 0x1E, 0xF3, 0x00, 0x00, 0x00,
    0x00, 0x00, 0x00, 0x00, 0x00, 0x00, 0x00, 0x00, 0x00, 0x00, 0x00, 0x00, 0x00, 0xDF, 0xA0, 0x00,
    0x00, 0x1E, 0xFE, 0x1D, 0xFA, 0x00, 0x00, 0x0C, 0xFF, 0x30, 0xDF, 0xA0, 0x00, 0x08, 0xFF, 0x70,
    0x0D, 0xFA, 0x00, 0x04, 0xFF, 0xA0, 0x00, 0xDF, 0xA0, 0x01, 0xEF, 0xD0, 0x00, 0x0D, 0xFA, 0x00,
    0xBF, 0xF2, 0x00, 0x00, 0xDF, 0xE3, 0x8F, 0xF5, 0x00, 0x00, 0x0D, 0xFF, 0xFF, 0xFF, 0x00, 0x00,
    0x00, 0xDF, 0xFF, 0xFF, 0xF5, 0x00, 0x00, 0x0D, 0xFA, 0x01, 0xEF, 0xF3, 0x00, 0x00, 0xDF, 0xA0,
    0x03, 0xFF, 0xE1, 0x00, 0x0D, 0xFA, 0x00, 0x05, 0xFF, 0xD0, 0x00, 0xDF, 0xA0, 0x00, 0x07, 0xFF,
    0xB0, 0x0D, 0xFA, 0x00, 0x00, 0x09, 0xFF, 0x90, 0xDF, 0xA0, 0x00, 0x00, 0x0B, 0xFF, 0x70, 0x00,
    0xCF, 0xF3, 0x00, 0x00, 0x00, 0x00, 0x01, 0xDF, 0xC0, 0x00, 0x00, 0x00, 0x00, 0x01, 0xEF, 0x70,
    0x00, 0x00, 0x00, 0x00, 0x02, 0xFF, 0x20, 0x00, 0x00, 0x00, 0x00, 0x00, 0x00, 0x00, 0x00, 0x00,
    0x00, 0x00, 0x00, 0x00, 0x00, 0x00, 0xDF, 0xA0, 0x00, 0x00, 0x0D, 0xFF, 0x0D, 0xFA, 0x00, 0x00,
    0x07, 0xFF, 0xF0, 0xDF, 0xA0, 0x00, 0x01, 0xFF, 0xFF, 0x0D, 0xFA, 0x00, 0x00, 0xBF, 0xFF, 0xF0,
    0xDF, 0xA0, 0x00, 0x5F, 0xFB, 0xFF, 0x0D, 0xFA, 0x00, 0x0E, 0xF9, 0x8F, 0xF0, 0xDF, 0xA0, 0x09,
    0xFE, 0x08, 0xFF, 0x0D, 0xFA, 0x03, 0xFF, 0x50, 0x8F, 0xF0, 0xDF, 0xA0, 0xCF, 0xB0, 0x08, 0xFF,
    0x0D, 0xFA, 0x7F, 0xF2, 0x00, 0x8F, 0xF0, 0xDF, 0xCF, 0xF7, 0x00, 0x08, 0xFF, 0x0D, 0xFF, 0xFD,
    0x00, 0x00, 0x8F, 0xF0, 0xDF, 0xFF, 0x30, 0x00, 0x08, 0xFF, 0x0D, 0xFF, 0x90, 0x00, 0x00, 0x8F,
    0xF0, 0xDF, 0xE1, 0x00, 0x00, 0x08, 0xFF, 0x00, 0x00, 0x2F, 0xE0, 0x00, 0x2F, 0xE0, 0x00, 0x00,
    0xEF, 0x40, 0x08, 0xFA, 0x00, 0x00, 0x06, 0xFF, 0xAB, 0xFF, 0x20, 0x00, 0x00, 0x05, 0xCF, 0xEB,
    0x30, 0x00, 0x00, 0x00, 0x00, 0x00, 0x00, 0x00, 0x00, 0x00, 0x00, 0x00, 0x00, 0x00, 0x00, 0x8F,
    0xF3, 0x00, 0x00, 0x00, 0xEF, 0xB2, 0xFF, 0x80, 0x00, 0x00, 0x4F, 0xF6, 0x0C, 0xFE, 0x00, 0x00,
    0x09, 0xFF, 0x10, 0x7F, 0xF3, 0x00, 0x00, 0xDF, 0xB0, 0x01, 0xFF, 0x80, 0x00, 0x2F, 0xF5, 0x00,
    0x0B, 0xFE, 0x00, 0x07, 0xFF, 0x00, 0x00, 0x6F, 0xF3, 0x00, 0xCF, 0xA0, 0x00, 0x00, 0xFF, 0x80,
    0x1F, 0xF5, 0x00, 0x00, 0x0A, 0xFD, 0x06, 0xFF, 0x00, 0x00, 0x00, 0x4F, 0xF3, 0xBF, 0xA0, 0x00,
    0x00, 0x00, 0xEF, 0x9F, 0xF4, 0x00, 0x00, 0x00, 0x09, 0xFF, 0xFE, 0x00, 0x00, 0x00, 0x00, 0x3F,
    0xFF, 0x90, 0x00, 0x00, 0x00, 0x00, 0xEF, 0xF4, 0x00, 0x00, 0x00, 0x00, 0x0D, 0xFF, 0x00, 0x00,
    0x00, 0x00, 0x00, 0xBF, 0x90, 0x00, 0x00, 0x00, 0x00, 0x1F, 0xF3, 0x00, 0x00, 0x00, 0x00, 0x08,
    0xFD, 0x00, 0x00, 0x00, 0x03, 0x48, 0xFF, 0x50, 0x00, 0x00, 0x00, 0xDF, 0xFF, 0xA0, 0x00, 0x00,
    0x00, 0x0B, 0xFE, 0x70, 0x00, 0x00, 0x00, 0x00, 0xDF, 0xA0, 0x00, 0x00, 0x08, 0xFF, 0x0D, 0xFA,
    0x00, 0x00, 0x00, 0x8F, 0xF0, 0xDF, 0xA0, 0x00, 0x00, 0x08, 0xFF, 0x0D, 0xFA, 0x00, 0x00, 0x00,
    0x8F, 0xF0, 0xDF, 0xA0, 0x00, 0x00, 0x08, 0xFF, 0x0D, 0xFA, 0x00, 0x00, 0x00, 0x8F, 0xF0, 0xDF,
    0xA0, 0x00, 0x00, 0x08, 0xFF, 0x0D, 0xFA, 0x00, 0x00, 0x00, 0x8F, 0xF0, 0xDF, 0xA0, 0x00, 0x00,
    0x08, 0xFF, 0x0D, 0xFA, 0x00, 0x00, 0x00, 0x8F, 0xF0, 0xDF, 0xA0, 0x00, 0x00, 0x08, 0xFF, 0x0D,
    0xFA, 0x00, 0x00, 0x00, 0x8F, 0xF0, 0xDF, 0xB1, 0x12, 0x21, 0x18, 0xFF, 0x0D, 0xFF, 0xFF, 0xFF,
    0xFF, 0xFF, 0xF0, 0xDF, 0xFF, 0xFF, 0xFF, 0xFF, 0xFF, 0x00, 0x00, 0x02, 0xFF, 0x60, 0x00, 0x00,
    0x00, 0x00, 0x2F, 0xF6, 0x00, 0x00, 0x00, 0x00, 0x02, 0xFF, 0x60, 0x00, 0x00, 0x00, 0x00, 0x2F,
    0xF6, 0x00, 0x00, 0x00, 0x00, 0x02, 0xFF, 0x60, 0x00, 0x00, 0xDF, 0xC0, 0x00, 0x00, 0x0F, 0xFE,
    0x00, 0x00, 0x00, 0xFF, 0x9D, 0xFC, 0x00, 0x00, 0x00, 0xFF, 0xE0, 0x00, 0x00, 0x0F, 0xF9, 0xDF,
    0xC0, 0x00, 0x00, 0x0F, 0xFE, 0x00, 0x00, 0x00, 0xFF, 0x9D, 0xFC, 0x00, 0x00, 0x00, 0xFF, 0xE0,
    0x00, 0x00, 0x0F, 0xF9, 0xDF, 0xC0, 0x00, 0x00, 0x0F, 0xFE, 0x00, 0x00, 0x00, 0xFF, 0x9D, 0xFC,
    0x00, 0x00, 0x00, 0xFF, 0xE0, 0x00, 0x00, 0x0F, 0xF9, 0xDF, 0xC0, 0x00, 0x00, 0x0F, 0xFE, 0x00,
    0x00, 0x00, 0xFF, 0x9D, 0xFC, 0x00, 0x00, 0x00, 0xFF, 0xE0, 0x00, 0x00, 0x0F, 0xF9, 0xDF, 0xC0,
    0x00, 0x00, 0x0F, 0xFE, 0x00, 0x00, 0x00, 0xFF, 0x9D, 0xFC, 0x00, 0x00, 0x00, 0xFF, 0xE0, 0x00,
    0x00, 0x0F, 0xF9, 0xDF, 0xC0, 0x00, 0x00, 0x0F, 0xFE, 0x00, 0x00, 0x00, 0xFF, 0x9D, 0xFC, 0x00,
    0x00, 0x00, 0xFF, 0xE0, 0x00, 0x00, 0x0F, 0xF9, 0xDF, 0xC0, 0x00, 0x00, 0x0F, 0xFE, 0x00, 0x00,
    0x00, 0xFF, 0x9D, 0xFC, 0x00, 0x00, 0x00, 0xFF, 0xE0, 0x00, 0x00, 0x0F, 0xF9, 0xDF, 0xC0, 0x00,
    0x00, 0x0F, 0xFE, 0x00, 0x00, 0x00, 0xFF, 0x9C, 0xFE, 0x00, 0x00, 0x02, 0xFF, 0xF0, 0x00, 0x00,
    0x3F, 0xF7, 0x8F, 0xF5, 0x00, 0x00, 0x9F, 0xFF, 0x50, 0x00, 0x09, 0xFF, 0x32, 0xFF, 0xF6, 0x33,
    0xAF, 0xFF, 0xFF, 0x73, 0x39, 0xFF, 0xC0, 0x05, 0xFF, 0xFF, 0xFF, 0xFA, 0x1D, 0xFF, 0xFF, 0xFF,
    0xD1, 0x00, 0x02, 0xAE, 0xFE, 0xB5, 0x00, 0x08, 0xDF, 0xFC, 0x70, 0x00, 0x3F, 0xF5, 0x00, 0x00,
    0x7F, 0xF1, 0x00, 0x00, 0xAF, 0xE3, 0xFF, 0x50, 0x00, 0x07, 0xFF, 0x10, 0x00, 0x0A, 0xFE, 0x3F,
    0xF5, 0x00, 0x00, 0x7F, 0xF1, 0x00, 0x00, 0xAF, 0xE3, 0xFF, 0x50, 0x00, 0x07, 0xFF, 0x10, 0x00,
    0x0A, 0xFE, 0x3F, 0xF5, 0x00, 0x00, 0x7F, 0xF1, 0x00, 0x00, 0xAF, 0xE3, 0xFF, 0x50, 0x00, 0x07,
    0xFF, 0x10, 0x00, 0x0A, 0xFE, 0x3F, 0xF5, 0x00, 0x00, 0x7F, 0xF1, 0x00, 0x00, 0xAF, 0xE3, 0xFF,
    0x50, 0x00, 0x07, 0xFF, 0x10, 0x00, 0x0A, 0xFE, 0x3F, 0xF5, 0x00, 0x00, 0x7F, 0xF1, 0x00, 0x00,
    0xAF, 0xE3, 0xFF, 0x50, 0x00, 0x07, 0xFF, 0x10, 0x00, 0x0A, 0xFD, 0x3F, 0xF6, 0x00, 0x00, 0x8F,
    0xF2, 0x00, 0x00, 0xCF, 0xC0, 0xFF, 0xA0, 0x00, 0x0D, 0xFF, 0x70, 0x00, 0x1F, 0xFA, 0x0B, 0xFF,
    0x72, 0x3A, 0xFF, 0xFF, 0x62, 0x3C, 0xFF, 0x40, 0x1E, 0xFF, 0xFF, 0xFF, 0x6C, 0xFF, 0xFF, 0xFF,
    0x90, 0x00, 0x19, 0xDF, 0xEB, 0x40, 0x08, 0xDF, 0xEB, 0x50, 0x00, 0x00, 0x0C, 0xFE, 0x00, 0x00,
    0x00, 0x00, 0x00, 0x00, 0x00, 0x0C, 0xFE, 0x00, 0x00, 0x00, 0x00, 0x00, 0x00, 0x01, 0x1D, 0xFF,
    0x11, 0x10, 0x00, 0x00, 0x00, 0x00, 0x9F, 0xFF, 0xFF, 0xFF, 0xF1, 0x00, 0x00, 0x00, 0x00, 0x9F,
    0xFF, 0xFF, 0xFF, 0xF1, 0x00, 0x00, 0x00, 0x00, 0x00, 0x0C, 0xFE, 0x00, 0x00, 0x00, 0x00, 0x00,
    0x00, 0x00, 0x0C, 0xFE, 0x00, 0x00, 0x00, 0x00, 0x00, 0x00, 0x00, 0x0C, 0xFE, 0x00, 0x00, 0x00,
    0x00, 0x00, 0x00, 0x00, 0x0C, 0xFF, 0xFF, 0xFF, 0xFE, 0xD8, 0x20, 0x00, 0x00, 0x0C, 0xFF, 0xFF,
    0xFF, 0xFF, 0xFF, 0xF7, 0x00, 0x00, 0x0C, 0xFF, 0x22, 0x22, 0x23, 0x7E, 0xFF, 0x50, 0x00, 0x0C,
    0xFE, 0x00, 0x00, 0x00, 0x01, 0xEF, 0xE0, 0x00, 0x0C, 0xFE, 0x00, 0x00, 0x00, 0x00, 0x7F, 0xF3,
    0x00, 0x0C, 0xFE, 0x00, 0x00, 0x00, 0x00, 0x4F, 0xF5, 0x00, 0x0C, 0xFE, 0x00, 0x00, 0x00, 0x00,
    0x4F, 0xF5, 0x00, 0x0C, 0xFE, 0x00, 0x00, 0x00, 0x00, 0x8F, 0xF3, 0x00, 0x0C, 0xFE, 0x00, 0x00,
    0x00, 0x02, 0xFF, 0xE0, 0x00, 0x0C, 0xFE, 0x22, 0x22, 0x23, 0x7E, 0xFF, 0x50, 0x00, 0x0C, 0xFF,
    0xFF, 0xFF, 0xFF, 0xFF, 0xF6, 0x00, 0x00, 0x0C, 0xFF, 0xFF, 0xFF, 0xFF, 0xD8, 0x20, 0x00, 0x00,
    0x0D, 0xFA, 0x00, 0x00, 0x00, 0x00, 0x00, 0x00, 0xDF, 0xA0, 0x00, 0x00, 0x00, 0x00, 0x00, 0x0D,
    0xFA, 0x00, 0x00, 0x00, 0x00, 0x00, 0x00, 0xDF, 0xA0, 0x00, 0x00, 0x00, 0x00, 0x8F, 0xFF, 0xFF,
    0xFF, 0xFF, 0x10, 0x00, 0x08, 0xFF, 0xFF, 0xFF, 0xFF, 0xF1, 0x00, 0x00, 0x01, 0x1F, 0xFB, 0x11,
    0x11, 0x00, 0x00, 0x00, 0x00, 0xDF, 0xA0, 0x00, 0x00, 0x00, 0x00, 0x00, 0x0D, 0xFA, 0x00, 0x00,
    0x00, 0x00, 0x00, 0x00, 0xDF, 0xA0, 0x00, 0x00, 0x00, 0x00, 0x00, 0x0D, 0xFB, 0x11, 0x10, 0x00,
    0x00, 0x00, 0x00, 0xDF, 0xFF, 0xFF, 0xFF, 0xB5, 0x00, 0x00, 0x0D, 0xFF, 0xFF, 0xFF, 0xFF, 0xF9,
    0x00, 0x00, 0xDF, 0xA0, 0x00, 0x03, 0xBF, 0xF5, 0x00, 0x0D, 0xFA, 0x00, 0x00, 0x00, 0xEF, 0xB0,
    0x00, 0xDF, 0xA0, 0x00, 0x00, 0x0A, 0xFE, 0x00, 0x0D, 0xFA, 0x00, 0x00, 0x00, 0xAF, 0xE0, 0x00,
    0xDF, 0xA0, 0x00, 0x00, 0x0E, 0xFB, 0x00, 0x0D, 0xFA, 0x11, 0x11, 0x3C, 0xFF, 0x40, 0x00, 0xDF,
    0xFF, 0xFF, 0xFF, 0xFF, 0x70, 0x00, 0x0D, 0xFF, 0xFF, 0xFF, 0xEA, 0x40, 0x00, 0x7F, 0xF2, 0x00,
    0x00, 0x00, 0x4A, 0xDF, 0xED, 0x93, 0x00, 0x00, 0x7F, 0xF2, 0x00, 0x00, 0x1C, 0xFF, 0xFF, 0xFF,
    0xFF, 0x90, 0x00, 0x7F, 0xF2, 0x00, 0x01, 0xDF, 0xFB, 0x53, 0x36, 0xCF, 0xF9, 0x00, 0x7F, 0xF2,
    0x00, 0x0B, 0xFF, 0x60, 0x00, 0x00, 0x0B, 0xFF, 0x40, 0x7F, 0xF2, 0x00, 0x3F, 0xF9, 0x00, 0x00,
    0x00, 0x01, 0xFF, 0xB0, 0x7F, 0xF2, 0x00, 0x9F, 0xF2, 0x00, 0x00, 0x00, 0x00, 0xBF, 0xF0, 0x7F,
    0xF2, 0x00, 0xDF, 0xC0, 0x00, 0x00, 0x00, 0x00, 0x5A, 0xA1, 0x7F, 0xF2, 0x00, 0xFF, 0x90, 0x00,
    0x00, 0x00, 0x00, 0x00, 0x00, 0x7F, 0xF3, 0x12, 0xFF, 0x91, 0x11, 0x11, 0x11, 0x00, 0x00, 0x00,
    0x7F, 0xFF, 0xFF, 0xFF, 0xFF, 0xFF, 0xFF, 0xFE, 0x00, 0x00, 0x00, 0x7F, 0xFF, 0xFF, 0xFF, 0xFF,
    0xFF, 0xFF, 0xFE, 0x00, 0x00, 0x00, 0x7F, 0xF2, 0x01, 0xFF, 0x80, 0x00, 0x00, 0x00, 0x00, 0x00,
    0x00, 0x7F, 0xF2, 0x00, 0xFF, 0xA0, 0x00, 0x00, 0x00, 0x00, 0x00, 0x00, 0x7F, 0xF2, 0x00, 0xDF,
    0xD0, 0x00, 0x00, 0x00, 0x00, 0x49, 0x91, 0x7F, 0xF2, 0x00, 0x9F, 0xF2, 0x00, 0x00, 0x00, 0x00,
    0xBF, 0xF0, 0x7F, 0xF2, 0x00, 0x3F, 0xF9, 0x00, 0x00, 0x00, 0x01, 0xFF, 0xA0, 0x7F, 0xF2, 0x00,
    0x0B, 0xFF, 0x50, 0x00, 0x00, 0x0B, 0xFF, 0x30, 0x7F, 0xF2, 0x00, 0x01, 0xEF, 0xFA, 0x42, 0x36,
    0xDF, 0xF8, 0x00, 0x7F, 0xF2, 0x00, 0x00, 0x1C, 0xFF, 0xFF, 0xFF, 0xFF, 0x70, 0x00, 0x7F, 0xF2,
    0x00, 0x00, 0x00, 0x5B, 0xEF, 0xEC, 0x82, 0x00, 0x00, 0xEF, 0xA0, 0x00, 0x00, 0x29, 0xDF, 0xEC,
    0x70, 0x00, 0xEF, 0xA0, 0x00, 0x07, 0xFF, 0xFF, 0xFF, 0xFD, 0x20, 0xEF, 0xA0, 0x00, 0x5F, 0xFC,
    0x41, 0x27, 0xFF, 0xD0, 0xEF, 0xA0, 0x00, 0xEF, 0xC0, 0x00, 0x00, 0x4F, 0xF6, 0xEF, 0xA0, 0x05,
    0xFF, 0x50, 0x00, 0x00, 0x0C, 0xF9, 0xEF, 0xA0, 0x09, 0xFF, 0x00, 0x00, 0x00, 0x00, 0x00, 0xEF,
    0xB1, 0x1C, 0xFE, 0x11, 0x11, 0x10, 0x00, 0x00, 0xEF, 0xFF, 0xFF, 0xFF, 0xFF, 0xFF, 0xFC, 0x00,
    0x00, 0xEF, 0xFF, 0xFF, 0xFF, 0xFF, 0xFF, 0xFC, 0x00, 0x00, 0xEF, 0xA0, 0x09, 0xFF, 0x00, 0x00,
    0x00, 0x00, 0x00, 0xEF, 0xA0, 0x05, 0xFF, 0x30, 0x00, 0x00, 0x0C, 0xF9, 0xEF, 0xA0, 0x00, 0xEF,
    0xC0, 0x00, 0x00, 0x5F, 0xF5, 0xEF, 0xA0, 0x00, 0x5F, 0xFC, 0x42, 0x28, 0xFF, 0xB0, 0xEF, 0xA0,
    0x00, 0x07, 0xFF, 0xFF, 0xFF, 0xFB, 0x00, 0xEF, 0xA0, 0x00, 0x00, 0x39, 0xDF, 0xEB, 0x50, 0x00,
    0x00, 0x00, 0x00, 0x07, 0xFF, 0x40, 0x00, 0x00, 0x00, 0x00, 0x00, 0x00, 0x0D, 0xFF, 0x90, 0x00,
    0x00, 0x00, 0x00, 0x00, 0x00, 0x2F, 0xFF, 0xE0, 0x00, 0x00, 0x00, 0x00, 0x00, 0x00, 0x8F, 0xFF,
    0xF4, 0x00, 0x00, 0x00, 0x00, 0x00, 0x00, 0xEF, 0x9D, 0xFA, 0x00, 0x00, 0x00, 0x00, 0x00, 0x04,
    0xFF, 0x47, 0xFF, 0x00, 0x00, 0x00, 0x00, 0x00, 0x09, 0xFE, 0x02, 0xFF, 0x50, 0x00, 0x00, 0x00,
    0x00, 0x0F, 0xF9, 0x00, 0xCF, 0xB0, 0x00, 0x00, 0x00, 0x00, 0x5F, 0xF3, 0x00, 0x7F, 0xF1, 0x00,
    0x00, 0x00, 0x00, 0xBF, 0xE0, 0x00, 0x2F, 0xF6, 0x00, 0x00, 0x00, 0x01, 0xFF, 0x80, 0x00, 0x0C,
    0xFC, 0x00, 0x00, 0x00, 0x06, 0xFF, 0x63, 0x33, 0x3B, 0xFF, 0x20, 0x00, 0x00, 0x0C, 0xFF, 0xFF,
    0xFF, 0xFF, 0xFF, 0x70, 0x00, 0x00, 0x2F, 0xFF, 0xFF, 0xFF, 0xFF, 0xFF, 0xD0, 0x00, 0x00, 0x7F,
    0xF2, 0x08, 0xFF, 0x10, 0x7F, 0xF2, 0x00, 0x00, 0xDF, 0xC0, 0x08, 0xFF, 0x10, 0x1F, 0xF8, 0x00,
    0x03, 0xFF, 0x70, 0x08, 0xFF, 0x10, 0x0C, 0xFE, 0x00, 0x08, 0xFF, 0x10, 0x08, 0xFF, 0x10, 0x06,
    0xFF, 0x30, 0x0E, 0xFC, 0x00, 0x08, 0xFF, 0x10, 0x01, 0xFF, 0x90, 0x4F, 0xF6, 0x00, 0x08, 0xFF,
    0x10, 0x00, 0xBF, 0xE0, 0x00, 0x00, 0x00, 0xFF, 0xB0, 0x00, 0x00, 0x00, 0x00, 0x00, 0x5F, 0xFF,
    0x10, 0x00, 0x00, 0x00, 0x00, 0x0B, 0xFF, 0xF7, 0x00, 0x00, 0x00, 0x00, 0x02, 0xFF, 0xDF, 0xD0,
    0x00, 0x00, 0x00, 0x00, 0x8F, 0xE5, 0xFF, 0x40, 0x00, 0x00, 0x00, 0x0E, 0xF8, 0x0E, 0xFA, 0x00,
    0x00, 0x00, 0x05, 0xFF, 0x20, 0x8F, 0xF1, 0x00, 0x00, 0x00, 0xCF, 0xC0, 0x01, 0xFF, 0x70, 0x00,
    0x00, 0x2F, 0xF7, 0x11, 0x1C, 0xFE, 0x00, 0x00, 0x09, 0xFF, 0xFF, 0xFF, 0xFF, 0xF4, 0x00, 0x00,
    0xFF, 0xFF, 0xFF, 0xFF, 0xFF, 0xA0, 0x00, 0x6F, 0xF2, 0x0E, 0xFA, 0x07, 0xFF, 0x10, 0x0C, 0xFC,
    0x00, 0xEF, 0xA0, 0x1F, 0xF7, 0x03, 0xFF, 0x60, 0x0E, 0xFA, 0x00, 0xAF, 0xE0, 0x9F, 0xF0, 0x00,
    0xEF, 0xA0, 0x04, 0xFF, 0x40, 0x3F, 0xF6, 0x00, 0x00, 0x00, 0x00, 0x3F, 0xF7, 0x00, 0x00, 0x00,
    0x03, 0xFF, 0x60, 0x00, 0x00, 0x00, 0x09, 0xFF, 0xD0, 0x00, 0x00, 0x00, 0x3F, 0xF6, 0x00, 0x00,
    0x00, 0x00, 0xEF, 0xFF, 0x30, 0x00, 0x00, 0x03, 0xFF, 0x60, 0x00, 0x00, 0x00, 0x4F, 0xFF, 0xF8,
    0x00, 0x00, 0x00, 0x3F, 0xF6, 0x00, 0x00, 0x00, 0x0A, 0xFD, 0x9F, 0xE0, 0x00, 0x00, 0x03, 0xFF,
    0x60, 0x00, 0x00, 0x00, 0xFF, 0x83, 0xFF, 0x30, 0x00, 0x00, 0x3F, 0xF6, 0x00, 0x00, 0x00, 0x6F,
    0xF2, 0x0E, 0xF9, 0x00, 0x00, 0x03, 0xFF, 0x60, 0x00, 0x00, 0x0B, 0xFC, 0x00, 0x9F, 0xE0, 0x00,
    0x00, 0x3F, 0xF6, 0x00, 0x00, 0x01, 0xFF, 0x70, 0x03, 0xFF, 0x40, 0x00, 0x03, 0xFF, 0x60, 0x00,
    0x00, 0x7F, 0xF1, 0x00, 0x0E, 0xFA, 0x00, 0x00, 0x3F, 0xF6, 0x00, 0x00, 0x0D, 0xFC, 0x00, 0x00,
    0x8F, 0xF0, 0x00, 0x03, 0xFF, 0x93, 0x33, 0x35, 0xFF, 0xA3, 0x33, 0x36, 0xFF, 0x50, 0x00, 0x3F,
    0xFF, 0xFF, 0xFF, 0xFF, 0xFF, 0xFF, 0xFF, 0xFF, 0xFB, 0x00, 0x03, 0xFF, 0xFF, 0xFF, 0xFF, 0xFF,
    0xFF, 0xFF, 0xFF, 0xFF, 0xF1, 0x00, 0x3F, 0xF6, 0x00, 0x04, 0xFF, 0x60, 0x5F, 0xF5, 0x03, 0xFF,
    0x60, 0x03, 0xFF, 0x60, 0x00, 0x9F, 0xF1, 0x04, 0xFF, 0x40, 0x0D, 0xFC, 0x00, 0x3F, 0xF6, 0x00,
    0x0E, 0xFB, 0x00, 0x4F, 0xF4, 0x00, 0x8F, 0xF2, 0x03, 0xFF, 0x60, 0x05, 0xFF, 0x50, 0x04, 0xFF,
    0x40, 0x03, 0xFF, 0x70, 0x3F, 0xF6, 0x00, 0xAF, 0xF0, 0x00, 0x4F, 0xF4, 0x00, 0x0D, 0xFD, 0x03,
    0xFF, 0x60, 0x1F, 0xFA, 0x00, 0x04, 0xFF, 0x40, 0x00, 0x8F, 0xF2, 0x6F, 0xF1, 0x00, 0x00, 0x00,
    0xFF, 0xE0, 0x00, 0x00, 0x06, 0xFF, 0x10, 0x00, 0x00, 0x3F, 0xFF, 0x20, 0x00, 0x00, 0x6F, 0xF1,
    0x00, 0x00, 0x0A, 0xFF, 0xF8, 0x00, 0x00, 0x06, 0xFF, 0x10, 0x00, 0x01, 0xFF, 0xDF, 0xE0, 0x00,
    0x00, 0x6F, 0xF1, 0x00, 0x00, 0x7F, 0xF4, 0xFF, 0x50, 0x00, 0x06, 0xFF, 0x10, 0x00, 0x0D, 0xFA,
    0x0C, 0xFC, 0x00, 0x00, 0x6F, 0xF1, 0x00, 0x04, 0xFF, 0x40, 0x6F, 0xF2, 0x00, 0x06, 0xFF, 0x10,
    0x00, 0xAF, 0xD0, 0x00, 0xFF, 0x90, 0x00, 0x6F, 0xF3, 0x11, 0x2F, 0xF8, 0x11, 0x1A, 0xFF, 0x00,
    0x06, 0xFF, 0xFF, 0xFF, 0xFF, 0xFF, 0xFF, 0xFF, 0xF6, 0x00, 0x6F, 0xFF, 0xFF, 0xFF, 0xFF, 0xFF,
    0xFF, 0xFF, 0xC0, 0x06, 0xFF, 0x10, 0x4F, 0xF4, 0x0C, 0xFC, 0x06, 0xFF, 0x30, 0x6F, 0xF1, 0x0A,
    0xFE, 0x00, 0xCF, 0xC0, 0x0F, 0xF9, 0x06, 0xFF, 0x11, 0xFF, 0x80, 0x0C, 0xFC, 0x00, 0x9F, 0xF0,
    0x6F, 0xF1, 0x7F, 0xF2, 0x00, 0xCF, 0xC0, 0x02, 0xFF, 0x60, 0x00, 0xDF, 0xFF, 0xFF, 0xFF, 0xFF,
    0xFF, 0xFF, 0xFE, 0x00, 0x00, 0x4F, 0xFF, 0xFF, 0xFF, 0xFF, 0xFF, 0xFF, 0xF5, 0x00, 0x00, 0x0A,
    0xFF, 0x62, 0x22, 0x22, 0x25, 0xFF, 0xB0, 0x00, 0x00, 0x01, 0xFF, 0xD0, 0x00, 0x00, 0x0C, 0xFF,
    0x20, 0x00, 0x00, 0x00, 0x7F, 0xF6, 0x00, 0x00, 0x5F, 0xF8, 0x00, 0x00, 0x00, 0x00, 0x0D, 0xFE,
    0x10, 0x00, 0xEF, 0xE0, 0x00, 0x00, 0x00, 0x00, 0x03, 0xFF, 0x90, 0x08, 0xFF, 0x50, 0x00, 0x00,
    0x00, 0x00, 0x00, 0xAF, 0xF2, 0x1F, 0xFB, 0x00, 0x00, 0x00, 0x00, 0x00, 0x01, 0x3F, 0xFE, 0xDF,
    0xF4, 0x10, 0x00, 0x00, 0x00, 0x3B, 0xFF, 0xFF, 0xFF, 0xFF, 0xFF, 0xFE, 0xA2, 0x00, 0x07, 0xFF,
    0xFF, 0xFF, 0xFF, 0xFF, 0xFF, 0xFF, 0xFF, 0x50, 0x3F, 0xFE, 0x51, 0x00, 0x8F, 0xF8, 0x00, 0x16,
    0xEF, 0xF2, 0xAF, 0xF2, 0x00, 0x00, 0x5F, 0xF4, 0x00, 0x00, 0x4F, 0xF8, 0xDF, 0xC0, 0x00, 0x00,
    0x5F, 0xF4, 0x00, 0x00, 0x0E, 0xFB, 0xFF, 0xA0, 0x00, 0x00, 0x5F, 0xF4, 0x00, 0x00, 0x0C, 0xFD,
    0xFF, 0xA0, 0x00, 0x00, 0x5F, 0xF4, 0x00, 0x00, 0x0C, 0xFE, 0xFF, 0xA0, 0x00, 0x00, 0x5F, 0xF4,
    0x00, 0x00, 0x0C, 0xFE, 0xFF, 0xA0, 0x00, 0x00, 0x5F, 0xF4, 0x00, 0x00, 0x0C, 0xFE, 0xFF, 0xA0,
    0x00, 0x00, 0x5F, 0xF4, 0x00, 0x00, 0x0C, 0xFE, 0xFF, 0xA0, 0x00, 0x00, 0x5F, 0xF4, 0x00, 0x00,
    0x0C, 0xFE, 0x00, 0x00, 0x00, 0x00, 0x00, 0x00, 0x00, 0x00, 0x00, 0x0D, 0xFF, 0xFF, 0xFF, 0xFF,
    0xFF, 0xFA, 0x00, 0x00, 0x4F, 0xFF, 0xFF, 0xFF, 0xFF, 0xFF, 0x10, 0x00, 0x00, 0xBF, 0xF2, 0x11,
    0x15, 0xFF, 0x80, 0x00, 0x00, 0x02, 0xFF, 0x80, 0x00, 0xCF, 0xE0, 0x00, 0x00, 0x00, 0x09, 0xFF,
    0x10, 0x5F, 0xF5, 0x00, 0x00, 0x00, 0x00, 0x1E, 0xFA, 0x0D, 0xFC, 0x00, 0x00, 0x00, 0x00, 0x00,
    0x7F, 0xFA, 0xFF, 0x30, 0x00, 0x00, 0x00, 0x4A, 0xEF, 0xFF, 0xFF, 0xFF, 0xD8, 0x10, 0x00, 0x7F,
    0xFF, 0xFF, 0xFF, 0xFF, 0xFF, 0xFE, 0x20, 0x3F, 0xFC, 0x40, 0x0F, 0xFD, 0x01, 0x6F, 0xFC, 0x09,
    0xFF, 0x10, 0x00, 0xEF, 0x90, 0x00, 0x7F, 0xF3, 0xDF, 0xB0, 0x00, 0x0E, 0xF9, 0x00, 0x02, 0xFF,
    0x6E, 0xF9, 0x00, 0x00, 0xEF, 0x90, 0x00, 0x0F, 0xF7, 0xFF, 0x90, 0x00, 0x0E, 0xF9, 0x00, 0x00,
    0xFF, 0x8F, 0xF9, 0x00, 0x00, 0xEF, 0x90, 0x00, 0x0F, 0xF8, 0x8F, 0xF2, 0x00, 0x00, 0x03, 0xFF,
    0xFF, 0xFF, 0xFF, 0xFF, 0xFF, 0xFF, 0xFA, 0x00, 0x8F, 0xF2, 0x00, 0x00, 0x00, 0x9F, 0xFF, 0xFF,
    0xFF, 0xFF, 0xFF, 0xFF, 0xF1, 0x00, 0x8F, 0xF2, 0x00, 0x00, 0x00, 0x1E, 0xFF, 0x32, 0x22, 0x22,
    0x2A, 0xFF, 0x70, 0x00, 0x8F, 0xF2, 0x00, 0x00, 0x00, 0x06, 0xFF, 0x80, 0x00, 0x00, 0x1F, 0xFD,
    0x00, 0x00, 0x8F, 0xF2, 0x00, 0x00, 0x00, 0x00, 0xCF, 0xF2, 0x00, 0x00, 0x9F, 0xF4, 0x00, 0x00,
    0x8F, 0xF2, 0x00, 0x00, 0x00, 0x00, 0x3F, 0xFA, 0x00, 0x03, 0xFF, 0xA0, 0x00, 0x00, 0x8F, 0xF2,
    0x00, 0x00, 0x00, 0x00, 0x09, 0xFF, 0x30, 0x0C, 0xFF, 0x10, 0x00, 0x00, 0x8F, 0xF2, 0x00, 0x00,
    0x00, 0x00, 0x00, 0xEF, 0xC0, 0x5F, 0xF7, 0x00, 0x00, 0x00, 0x8F, 0xF3, 0x11, 0x11, 0x11, 0x11,
    0x11, 0x8F, 0xF7, 0xFF, 0xE0, 0x00, 0x00, 0x00, 0x8F, 0xFF, 0xFF, 0xFF, 0xFF, 0xFF, 0xFF, 0xFF,
    0xFF, 0xFF, 0xFF, 0xFB, 0x60, 0x00, 0x8F, 0xFF, 0xFF, 0xFF, 0xFF, 0xFF, 0xFF, 0xFF, 0xFF, 0xFF,
    0xFF, 0xFF, 0xFD, 0x10, 0x8F, 0xF2, 0x00, 0x00, 0x7F, 0xFD, 0x63, 0x11, 0xFF, 0xF3, 0x12, 0x4A,
    0xFF, 0xB0, 0x8F, 0xF2, 0x00, 0x00, 0xEF, 0xD0, 0x00, 0x00, 0xAF, 0xF0, 0x00, 0x00, 0xAF, 0xF2,
    0x8F, 0xF2, 0x00, 0x02, 0xFF, 0x70, 0x00, 0x00, 0xAF, 0xF0, 0x00, 0x00, 0x3F, 0xF6, 0x8F, 0xF2,
    0x00, 0x04, 0xFF, 0x50, 0x00, 0x00, 0xAF, 0xF0, 0x00, 0x00, 0x1F, 0xF8, 0x8F, 0xF2, 0x00, 0x04,
    0xFF, 0x50, 0x00, 0x00, 0xAF, 0xF0, 0x00, 0x00, 0x1F, 0xF9, 0x8F, 0xF2, 0x00, 0x04, 0xFF, 0x50,
    0x00, 0x00, 0xAF, 0xF0, 0x00, 0x00, 0x1F, 0xF9, 0x8F, 0xF2, 0x00, 0x04, 0xFF, 0x50, 0x00, 0x00,
    0xAF, 0xF0, 0x00, 0x00, 0x1F, 0xF9, 0x8F, 0xF2, 0x00, 0x04, 0xFF, 0x50, 0x00, 0x00, 0xAF, 0xF0,
    0x00, 0x00, 0x1F, 0xF9, 0x8F, 0xF2, 0x00, 0x04, 0xFF, 0x50, 0x00, 0x00, 0xAF, 0xF0, 0x00, 0x00,
    0x1F, 0xF9, 0x00, 0x00, 0x00, 0x00, 0x00, 0x00, 0x00, 0x00, 0x00, 0x00, 0x00, 0x00, 0xDF, 0xA0,
    0x00, 0x00, 0x2F, 0xFF, 0xFF, 0xFF, 0xFF, 0xFF, 0xF6, 0x00, 0xDF, 0xA0, 0x00, 0x00, 0x08, 0xFF,
    0xFF, 0xFF, 0xFF, 0xFF, 0xE0, 0x00, 0xDF, 0xA0, 0x00, 0x00, 0x00, 0xEF, 0xD1, 0x11, 0x18, 0xFF,
    0x40, 0x00, 0xDF, 0xA0, 0x00, 0x00, 0x00, 0x6F, 0xF5, 0x00, 0x1F, 0xFB, 0x00, 0x00, 0xDF, 0xA0,
    0x00, 0x00, 0x00, 0x0C, 0xFD, 0x00, 0x8F, 0xF2, 0x00, 0x00, 0xDF, 0xA0, 0x00, 0x00, 0x00, 0x03,
    0xFF, 0x61, 0xFF, 0x80, 0x00, 0x00, 0xDF, 0xB1, 0x11, 0x11, 0x11, 0x11, 0xCF, 0xFB, 0xFF, 0x00,
    0x00, 0x00, 0xDF, 0xFF, 0xFF, 0xFF, 0xFF, 0xFF, 0xFF, 0xFF, 0xFF, 0xFC, 0x70, 0x00, 0xDF, 0xFF,
    0xFF, 0xFF, 0xFF, 0xFF, 0xFF, 0xFF, 0xFF, 0xFF, 0xFC, 0x00, 0xDF, 0xA0, 0x00, 0x07, 0xFF, 0xA2,
    0x02, 0xFF, 0x90, 0x28, 0xFF, 0x90, 0xDF, 0xA0, 0x00, 0x0D, 0xFC, 0x00, 0x02, 0xFF, 0x60, 0x00,
    0xAF, 0xF0, 0xDF, 0xA0, 0x00, 0x0F, 0xF7, 0x00, 0x02, 0xFF, 0x60, 0x00, 0x5F, 0xF3, 0xDF, 0xA0,
    0x00, 0x2F, 0xF6, 0x00, 0x02, 0xFF, 0x60, 0x00, 0x3F, 0xF4, 0xDF, 0xA0, 0x00, 0x2F, 0xF6, 0x00,
    0x02, 0xFF, 0x60, 0x00, 0x3F, 0xF5, 0xDF, 0xA0, 0x00, 0x2F, 0xF6, 0x00, 0x02, 0xFF, 0x60, 0x00,
    0x3F, 0xF5, 0x00, 0x6F, 0xC0, 0x01, 0xDF, 0x50, 0x00, 0x08, 0xFA, 0x0C, 0xF7, 0x00, 0x00, 0x00,
    0xAF, 0xDF, 0x80, 0x00, 0x00, 0x00, 0x0C, 0xFA, 0x00, 0x00, 0x00, 0x00, 0x00, 0x00, 0x00, 0x00,
    0x00, 0x00, 0x00, 0x00, 0x00, 0x00, 0x00, 0x00, 0x00, 0x00, 0x00, 0x00, 0x3F, 0xFF, 0xFF, 0xDA,
    0x30, 0x00, 0x3F, 0xFF, 0xFF, 0xFF, 0xFA, 0x00, 0x01, 0x11, 0x12, 0x4B, 0xFF, 0x90, 0x00, 0x00,
    0x00, 0x00, 0xAF, 0xF2, 0x00, 0x00, 0x00, 0x00, 0x2F, 0xF6, 0x00, 0x00, 0x00, 0x00, 0x0F, 0xF8,
    0x00, 0x00, 0x00, 0x00, 0x2F, 0xF6, 0x00, 0x00, 0x00, 0x00, 0xAF, 0xE1, 0x00, 0x01, 0x11, 0x4B,
    0xFF, 0x40, 0x00, 0x5F, 0xFF, 0xFF, 0xC2, 0x00, 0x00, 0x5F, 0xFF, 0xFF, 0xE7, 0x00, 0x00, 0x00,
    0x00, 0x38, 0xFF, 0xB0, 0x00, 0x00, 0x00, 0x00, 0x5F, 0xF5, 0x00, 0x00, 0x00, 0x00, 0x0E, 0xFB,
    0x00, 0x00, 0x00, 0x00, 0x0B, 0xFC, 0x00, 0x00, 0x00, 0x00, 0x0D, 0xFB, 0x00, 0x00, 0x00, 0x00,
    0x3F, 0xF7, 0x00, 0x00, 0x00, 0x05, 0xEF, 0xE1, 0x00, 0x6A, 0xBC, 0xEF, 0xFF, 0x40, 0x2E, 0xFF,
    0xFF, 0xFF, 0xA2, 0x00, 0xAF, 0xF7, 0x44, 0x20, 0x00, 0x00, 0xDF, 0x90, 0x00, 0x00, 0x00, 0x00,
    0xCF, 0xA0, 0x00, 0x00, 0x00, 0x00, 0x5F, 0xF7, 0x00, 0x00, 0x00, 0x00, 0x08, 0xFF, 0x70, 0x00,
    0x00, 0x00, 0x00, 0x5C, 0x10, 0x00, 0x00, 0x00, 0x08, 0xFA, 0x00, 0x2E, 0xF4, 0x00, 0x00, 0xAF,
    0x81, 0xDF, 0x50, 0x00, 0x00, 0x0C, 0xFD, 0xF7, 0x00, 0x00, 0x00, 0x01, 0xDF, 0x80, 0x00, 0x00,
    0x00, 0x00, 0x00, 0x00, 0x00, 0x00, 0x00, 0x00, 0x00, 0x00, 0x00, 0x00, 0x00, 0x00, 0x00, 0x00,
    0x00, 0x00, 0x3F, 0xFF, 0xFF, 0xDA, 0x40, 0x00, 0x3F, 0xFF, 0xFF, 0xFF, 0xFA, 0x00, 0x01, 0x11,
    0x12, 0x4B, 0xFF, 0x60, 0x00, 0x00, 0x00, 0x00, 0xDF, 0xC0, 0x00, 0x00, 0x00, 0x00, 0xDF, 0xB0,
    0x00, 0x01, 0x11, 0x4B, 0xFF, 0x40, 0x00, 0x8F, 0xFF, 0xFF, 0xD4, 0x00, 0x00, 0x7F, 0xFF, 0xFF,
    0xE7, 0x00, 0x00, 0x00, 0x01, 0x39, 0xFF, 0x80, 0x00, 0x00, 0x00, 0x00, 0xAF, 0xF0, 0x00, 0x00,
    0x00, 0x00, 0x7F, 0xF1, 0x00, 0x00, 0x00, 0x00, 0xCF, 0xF0, 0x00, 0x02, 0x34, 0x6D, 0xFF, 0x80,
    0x07, 0xEF, 0xFF, 0xFF, 0xFA, 0x00, 0x6F, 0xFF, 0xFF, 0xDA, 0x40, 0x00, 0xDF, 0xD2, 0x00, 0x00,
    0x00, 0x00, 0xEF, 0x70, 0x00, 0x00, 0x00, 0x00, 0xCF, 0xA0, 0x00, 0x00, 0x00, 0x00, 0x5F, 0xF8,
    0x00, 0x00, 0x00, 0x00, 0x08, 0xFF, 0x70, 0x00, 0x00, 0x00, 0x00, 0x5C, 0x00, 0x00, 0x00, 0x00,
    0xCF, 0xD0, 0x00, 0x0D, 0xFD, 0x00, 0x00, 0xBF, 0xFC, 0xFD, 0x00, 0x00, 0xDF, 0xD0, 0x00, 0x0B,
    0xFF, 0xCF, 0xD0, 0x00, 0x0D, 0xFD, 0x00, 0x00, 0xBF, 0xFC, 0xFD, 0x00, 0x00, 0xDF, 0xD0, 0x00,
    0x0B, 0xFF, 0xCF, 0xD0, 0x00, 0x0D, 0xFD, 0x00, 0x00, 0xBF, 0xFC, 0xFD, 0x00, 0x00, 0xDF, 0xD0,
    0x00, 0x0B, 0xFF, 0xCF, 0xD0, 0x00, 0x0D, 0xFD, 0x00, 0x00, 0xBF, 0xFB, 0xFE, 0x00, 0x00, 0xDF,
    0xD0, 0x00, 0x0B, 0xFF, 0xAF, 0xF0, 0x00, 0x0D, 0xFD, 0x00, 0x00, 0xDF, 0xD7, 0xFF, 0x30, 0x00,
    0xDF, 0xD0, 0x00, 0x1F, 0xFB, 0x2F, 0xFB, 0x00, 0x0D, 0xFD, 0x00, 0x08, 0xFF, 0x50, 0xAF, 0xF7,
    0x00, 0xDF, 0xD0, 0x06, 0xFF, 0xD0, 0x01, 0xDF, 0xFC, 0x5F, 0xFF, 0x5B, 0xFF, 0xE2, 0x00, 0x01,
    0xCF, 0xFF, 0xFF, 0xFF, 0xFF, 0xC2, 0x00, 0x00, 0x00, 0x4A, 0xEF, 0xFF, 0xEA, 0x40, 0x00, 0x00,
    0x00, 0x00, 0x00, 0xDF, 0xD0, 0x00, 0x00, 0x00, 0x00, 0x00, 0x00, 0x0D, 0xFD, 0x00, 0x00, 0x00,
    0x00, 0x00, 0x00, 0x00, 0xDF, 0xD0, 0x00, 0x00, 0x00, 0x00, 0x00, 0x00, 0x0D, 0xFD, 0x00, 0x00,
    0x00, 0x00, 0x00, 0x00, 0x00, 0xDF, 0xD0, 0x00, 0x00, 0x00, 0xBF, 0xD0, 0x00, 0x0A, 0xFE, 0x00,
    0x0A, 0xFF, 0x00, 0xBF, 0xD0, 0x00, 0x0A, 0xFE, 0x00, 0x05, 0xFF, 0x60, 0xBF, 0xD0, 0x00, 0x0A,
    0xFE, 0x00, 0x00, 0xEF, 0xB0, 0xBF, 0xD0, 0x00, 0x0A, 0xFE, 0x00, 0x00, 0xAF, 0xF0, 0xBF, 0xD0,
    0x00, 0x0A, 0xFE, 0x00, 0x00, 0x6F, 0xF3, 0xBF, 0xD0, 0x00, 0x0A, 0xFE, 0x00, 0x00, 0x3F, 0xF4,
    0xAF, 0xD0, 0x00, 0x0A, 0xFE, 0x00, 0x00, 0x2F, 0xF6, 0xAF, 0xE0, 0x00, 0x0A, 0xFE, 0x00, 0x00,
    0x2F, 0xF6, 0x8F, 0xF0, 0x00, 0x0A, 0xFE, 0x00, 0x00, 0x4F, 0xF4, 0x5F, 0xF4, 0x00, 0x0A, 0xFE,
    0x00, 0x00, 0x9F, 0xF1, 0x1F, 0xFB, 0x00, 0x0A, 0xFE, 0x00, 0x02, 0xFF, 0xB0, 0x08, 0xFF, 0x80,
    0x0A, 0xFE, 0x00, 0x2D, 0xFF, 0x40, 0x00, 0xCF, 0xFC, 0x6C, 0xFF, 0x49, 0xFF, 0xF8, 0x00, 0x00,
    0x0A, 0xFF, 0xFF, 0xFF, 0xFF, 0xFF, 0x60, 0x00, 0x00, 0x00, 0x28, 0xCF, 0xFF, 0xDB, 0x71, 0x00,
    0x00, 0x00, 0x00, 0x00, 0x0A, 0xFE, 0x00, 0x00, 0x00, 0x00, 0x00, 0x00, 0x00, 0x0A, 0xFE, 0x00,
    0x00, 0x00, 0x00, 0x00, 0x00, 0x00, 0x0A, 0xFE, 0x00, 0x00, 0x00, 0x00, 0x00, 0x00, 0x00, 0x0A,
    0xFE, 0x00, 0x00, 0x00, 0x00, 0x00, 0x00, 0x00, 0x0A, 0xFE, 0x00, 0x00, 0x00, 0x00, 0x00, 0x00,
    0x00, 0x0A, 0xFE, 0x00, 0x00, 0x00, 0x00, 0x00, 0x00, 0x07, 0xCE, 0xFE, 0xB6, 0x00, 0x00, 0x00,
    0x00, 0x4E, 0xFF, 0xFF, 0xFF, 0xFD, 0x30, 0x00, 0x00, 0x5F, 0xFF, 0x95, 0x45, 0xAF, 0xFF, 0x30,
    0x00, 0x1E, 0xFE, 0x20, 0x00, 0x00, 0x3F, 0xFE, 0x00, 0x09, 0xFF, 0x30, 0x00, 0x00, 0x00, 0x5F,
    0xF7, 0x00, 0xFF, 0xA0, 0x00, 0x00, 0x00, 0x00, 0xDF, 0xD0, 0x4F, 0xF5, 0x00, 0x00, 0x00, 0x00,
    0x08, 0xFF, 0x17, 0xFF, 0x20, 0x00, 0x00, 0x00, 0x00, 0x5F, 0xF4, 0x8F, 0xF0, 0x00, 0x00, 0x00,
    0x00, 0x03, 0xFF, 0x59, 0xFF, 0xFF, 0xFF, 0xFF, 0xFF, 0xFF, 0xFF, 0xF6, 0x9F, 0xFF, 0xFF, 0xFF,
    0xFF, 0xFF, 0xFF, 0xFF, 0x68, 0xFF, 0x10, 0x00, 0x00, 0x00, 0x00, 0x3F, 0xF5, 0x7F, 0xF3, 0x00,
    0x00, 0x00, 0x00, 0x05, 0xFF, 0x44, 0xFF, 0x60, 0x00, 0x00, 0x00, 0x00, 0x8F, 0xF1, 0x0F, 0xFB,
    0x00, 0x00, 0x00, 0x00, 0x0D, 0xFD, 0x00, 0x9F, 0xF4, 0x00, 0x00, 0x00, 0x06, 0xFF, 0x70, 0x01,
    0xFF, 0xE3, 0x00, 0x00, 0x03, 0xFF, 0xE0, 0x00, 0x05, 0xFF, 0xF9, 0x54, 0x5A, 0xFF, 0xF3, 0x00,
    0x00, 0x04, 0xEF, 0xFF, 0xFF, 0xFF, 0xE3, 0x00, 0x00, 0x00, 0x01, 0x7C, 0xEF, 0xEB, 0x60, 0x00,
    0x00, 0x00, 0x01, 0x8D, 0xFF, 0xD8, 0x10, 0x00, 0x00, 0x4F, 0xFF, 0xFF, 0xFF, 0xF4, 0x00, 0x03,
    0xFF, 0xD4, 0x00, 0x4D, 0xFF, 0x30, 0x0D, 0xFD, 0x00, 0x00, 0x00, 0xDF, 0xD0, 0x4F, 0xF4, 0x00,
    0x00, 0x00, 0x4F, 0xF3, 0x8F, 0xF0, 0x00, 0x00, 0x00, 0x0F, 0xF8, 0xAF, 0xFF, 0xFF, 0xFF, 0xFF,
    0xFF, 0xFA, 0xBF, 0xFF, 0xFF, 0xFF, 0xFF, 0xFF, 0xFB, 0xAF, 0xE0, 0x00, 0x00, 0x00, 0x0F, 0xFA,
    0x8F, 0xF2, 0x00, 0x00, 0x00, 0x2F, 0xF8, 0x4F, 0xF8, 0x00, 0x00, 0x00, 0x8F, 0xF3, 0x0D, 0xFF,
    0x10, 0x00, 0x02, 0xFF, 0xD0, 0x03, 0xFF, 0xE5, 0x00, 0x5E, 0xFF, 0x30, 0x00, 0x4F, 0xFF, 0xFF,
    0xFF, 0xF4, 0x00, 0x00, 0x01, 0x8D, 0xFF, 0xD8, 0x10, 0x00, 0x8F, 0xF5, 0x00, 0x00, 0x00, 0x00,
    0x00, 0x7E, 0xF0, 0x2F, 0xFA, 0x00, 0x00, 0x00, 0x00, 0x07, 0xFF, 0xF0, 0x0D, 0xFE, 0x00, 0x00,
    0x00, 0x00, 0x1F, 0xFE, 0x60, 0x07, 0xFF, 0x40, 0x00, 0x00, 0x00, 0x7F, 0xF3, 0x00, 0x02, 0xFF,
    0x90, 0x00, 0x00, 0x00, 0xCF, 0xC0, 0x00, 0x00, 0xCF, 0xE0, 0x00, 0x00, 0x02, 0xFF, 0x60, 0x00,
    0x00, 0x7F, 0xF3, 0x00, 0x00, 0x07, 0xFF, 0x10, 0x00, 0x00, 0x1F, 0xF9, 0x00, 0x00, 0x0C, 0xFC,
    0x00, 0x00, 0x00, 0x0C, 0xFE, 0x00, 0x00, 0x1F, 0xF6, 0x00, 0x00, 0x00, 0x06, 0xFF, 0x30, 0x00,
    0x6F, 0xF1, 0x00, 0x00, 0x00, 0x01, 0xFF, 0x80, 0x00, 0xBF, 0xC0, 0x00, 0x00, 0x00, 0x00, 0xBF,
    0xD0, 0x01, 0xFF, 0x60, 0x00, 0x00, 0x00, 0x00, 0x6F, 0xF2, 0x06, 0xFF, 0x10, 0x00, 0x00, 0x00,
    0x00, 0x0F, 0xF7, 0x0B, 0xFB, 0x00, 0x00, 0x00, 0x00, 0x00, 0x0B, 0xFC, 0x0F, 0xF6, 0x00, 0x00,
    0x00, 0x00, 0x00, 0x05, 0xFF, 0x6F, 0xF1, 0x00, 0x00, 0x00, 0x00, 0x00, 0x00, 0xFF, 0xEF, 0xB0,
    0x00, 0x00, 0x00, 0x00, 0x00, 0x00, 0xAF, 0xFF, 0x60, 0x00, 0x00, 0x00, 0x00, 0x00, 0x00, 0x4F,
    0xFF, 0x10, 0x00, 0x00, 0x00, 0x00, 0x00, 0x00, 0x0F, 0xFD, 0x00, 0x00, 0x00, 0x00, 0x3F, 0xF6,
    0x00, 0x00, 0x00, 0x1A, 0xFE, 0x10, 0xDF, 0xB0, 0x00, 0x00, 0x0C, 0xFF, 0xF0, 0x07, 0xFF, 0x00,
    0x00, 0x05, 0xFF, 0xA4, 0x00, 0x2F, 0xF5, 0x00, 0x00, 0xBF, 0xD0, 0x00, 0x00, 0xCF, 0x90, 0x00,
    0x0F, 0xF7, 0x00, 0x00, 0x07, 0xFE, 0x00, 0x05, 0xFF, 0x20, 0x00, 0x00, 0x1F, 0xF3, 0x00, 0x9F,
    0xC0, 0x00, 0x00, 0x00, 0xCF, 0x80, 0x0E, 0xF6, 0x00, 0x00, 0x00, 0x06, 0xFD, 0x03, 0xFF, 0x10,
    0x00, 0x00, 0x00, 0x1F, 0xF2, 0x7F, 0xB0, 0x00, 0x00, 0x00, 0x00, 0xBF, 0x7C, 0xF5, 0x00, 0x00,
    0x00, 0x00, 0x05, 0xFC, 0xFF, 0x00, 0x00, 0x00, 0x00, 0x00, 0x0F, 0xFF, 0xA0, 0x00, 0x00, 0x00,
    0x00, 0x00, 0xAF, 0xF4, 0x00, 0x00, 0x00, 0x00, 0x00, 0x05, 0xFF, 0x00, 0x00, 0x00, 0x00, 0x01,
    0xDF, 0xE1, 0x6F, 0xF5, 0x00, 0x00, 0x00, 0x00, 0x00, 0x1D, 0xFD, 0x09, 0xFE, 0x10, 0x00, 0x00,
    0x00, 0x00, 0x01, 0xCF, 0xB0, 0xBF, 0x90, 0x00, 0x00, 0x00, 0x00, 0x00, 0x0C, 0xF9, 0x0D, 0xF4,
    0x00, 0x00, 0x00, 0x00, 0x00, 0x00, 0x00, 0x00, 0x00, 0x00, 0x00, 0x00, 0x8F, 0xF5, 0x00, 0x00,
    0x00, 0x00, 0x00, 0x7E, 0xF0, 0x2F, 0xFA, 0x00, 0x00, 0x00, 0x00, 0x07, 0xFF, 0xF0, 0x0D, 0xFE,
    0x00, 0x00, 0x00, 0x00, 0x1F, 0xFE, 0x60, 0x07, 0xFF, 0x40, 0x00, 0x00, 0x00, 0x7F, 0xF3, 0x00,
    0x02, 0xFF, 0x90, 0x00, 0x00, 0x00, 0xCF, 0xC0, 0x00, 0x00, 0xCF, 0xE0, 0x00, 0x00, 0x02, 0xFF,
    0x60, 0x00, 0x00, 0x7F, 0xF3, 0x00, 0x00, 0x07, 0xFF, 0x10, 0x00, 0x00, 0x1F, 0xF9, 0x00, 0x00,
    0x0C, 0xFC, 0x00, 0x00, 0x00, 0x0C, 0xFE, 0x00, 0x00, 0x1F, 0xF6, 0x00, 0x00, 0x00, 0x06, 0xFF,
    0x30, 0x00, 0x6F, 0xF1, 0x00, 0x00, 0x00, 0x01, 0xFF, 0x80, 0x00, 0xBF, 0xC0, 0x00, 0x00, 0x00,
    0x00, 0xBF, 0xD0, 0x01, 0xFF, 0x60, 0x00, 0x00, 0x00, 0x00, 0x6F, 0xF2, 0x06, 0xFF, 0x10, 0x00,
    0x00, 0x00, 0x00, 0x0F, 0xF7, 0x0B, 0xFB, 0x00, 0x00, 0x00, 0x00, 0x00, 0x0B, 0xFC, 0x0F, 0xF6,
    0x00, 0x00, 0x00, 0x00, 0x00, 0x05, 0xFF, 0x6F, 0xF1, 0x00, 0x00, 0x00, 0x00, 0x00, 0x00, 0xFF,
    0xEF, 0xB0, 0x00, 0x00, 0x00, 0x00, 0x00, 0x00, 0xAF, 0xFF, 0x60, 0x00, 0x00, 0x00, 0x00, 0x00,
    0x00, 0x4F, 0xFF, 0x10, 0x00, 0x00, 0x00, 0x00, 0x00, 0x00, 0x0F, 0xFD, 0x00, 0x00, 0x00, 0x00,
    0x1B, 0xCA, 0x06, 0xCC, 0x20, 0x00, 0x00, 0x00, 0x03, 0xFF, 0xA0, 0xCF, 0xC0, 0x00, 0x00, 0x00,
    0x00, 0x3E, 0xF8, 0x1D, 0xF7, 0x00, 0x00, 0x00, 0x00, 0x02, 0xEF, 0x62, 0xFF, 0x20, 0x00, 0x00,
    0x00, 0x00, 0x14, 0x30, 0x24, 0x10, 0x00, 0x00, 0x00, 0x00, 0x00, 0x00, 0x00, 0x00, 0x00, 0x00,
    0x03, 0xFF, 0x60, 0x00, 0x00, 0x01, 0xAF, 0xE1, 0x00, 0xDF, 0xB0, 0x00, 0x00, 0x0C, 0xFF, 0xF0,
    0x00, 0x7F, 0xF0, 0x00, 0x00, 0x5F, 0xFA, 0x40, 0x00, 0x2F, 0xF5, 0x00, 0x00, 0xBF, 0xD0, 0x00,
    0x00, 0x0C, 0xF9, 0x00, 0x00, 0xFF, 0x70, 0x00, 0x00, 0x07, 0xFE, 0x00, 0x05, 0xFF, 0x20, 0x00,
    0x00, 0x01, 0xFF, 0x30, 0x09, 0xFC, 0x00, 0x00, 0x00, 0x00, 0xCF, 0x80, 0x0E, 0xF6, 0x00, 0x00,
    0x00, 0x00, 0x6F, 0xD0, 0x3F, 0xF1, 0x00, 0x00, 0x00, 0x00, 0x1F, 0xF2, 0x7F, 0xB0, 0x00, 0x00,
    0x00, 0x00, 0x0B, 0xF7, 0xCF, 0x50, 0x00, 0x00, 0x00, 0x00, 0x05, 0xFC, 0xFF, 0x00, 0x00, 0x00,
    0x00, 0x00, 0x00, 0xFF, 0xFA, 0x00, 0x00, 0x00, 0x00, 0x00, 0x00, 0xAF, 0xF4, 0x00, 0x00, 0x00,
    0x00, 0x00, 0x00, 0x5F, 0xF0, 0x00, 0x00, 0x00, 0x00, 0x00, 0x05, 0xBE, 0xFE, 0xC7, 0x10, 0x00,
    0x00, 0x00, 0x00, 0x00, 0x00, 0x00, 0x00, 0x00, 0x00, 0x2D, 0xFF, 0xFF, 0xFF, 0xFE, 0x50, 0x00,
    0x00, 0x00, 0x00, 0x00, 0x00, 0x00, 0x00, 0x00, 0x2E, 0xFF, 0xB6, 0x45, 0x9F, 0xFF, 0x60, 0x00,
    0x00, 0x00, 0x00, 0x00, 0x00, 0x00, 0x00, 0x0C, 0xFF, 0x50, 0x00, 0x00, 0x2D, 0xFF, 0x20, 0x00,
    0x00, 0x00, 0x00, 0x00, 0x00, 0x00, 0x05, 0xFF, 0x70, 0x00, 0x00, 0x00, 0x2F, 0xFA, 0x00, 0x00,
    0x00, 0x00, 0x00, 0x00, 0x00, 0x00, 0xCF, 0xE0, 0x00, 0x00, 0x00, 0x00, 0xAF, 0xF1, 0x08, 0xFF,
    0x30, 0x00, 0x00, 0x0E, 0xFB, 0x0F, 0xF9, 0x00, 0x00, 0x00, 0x00, 0x05, 0xFF, 0x40, 0x2F, 0xF8,
    0x00, 0x00, 0x04, 0xFF, 0x63, 0xFF, 0x60, 0x00, 0x00, 0x00, 0x00, 0x1F, 0xF8, 0x00, 0xCF, 0xE0,
    0x00, 0x00, 0x9F, 0xF1, 0x5F, 0xF4, 0x00, 0x00, 0x00, 0x00, 0x00, 0xFF, 0x90, 0x07, 0xFF, 0x30,
    0x00, 0x0D, 0xFB, 0x05, 0xFF, 0x30, 0x00, 0x00, 0x00, 0x00, 0x0F, 0xFA, 0x00, 0x1F, 0xF8, 0x00,
    0x02, 0xFF, 0x50, 0x5F, 0xF3, 0x00, 0x00, 0x00, 0x00, 0x00, 0xFF, 0xA0, 0x00, 0xBF, 0xE0, 0x00,
    0x7F, 0xF0, 0x05, 0xFF, 0x40, 0x00, 0x00, 0x00, 0x00, 0x0F, 0xF9, 0x00, 0x06, 0xFF, 0x30, 0x0C,
    0xFA, 0x00, 0x3F, 0xF6, 0x00, 0x00, 0x00, 0x00, 0x01, 0xFF, 0x80, 0x00, 0x0F, 0xF8, 0x01, 0xFF,
    0x50, 0x00, 0xFF, 0x90, 0x00, 0x00, 0x00, 0x00, 0x4F, 0xF5, 0x00, 0x00, 0xAF, 0xD0, 0x6F, 0xF0,
    0x00, 0x0C, 0xFE, 0x00, 0x00, 0x00, 0x00, 0x09, 0xFF, 0x10, 0x00, 0x04, 0xFF, 0x3B, 0xFA, 0x00,
    0x00, 0x6F, 0xF7, 0x00, 0x00, 0x00, 0x02, 0xFF, 0xA0, 0x00, 0x00, 0x0E, 0xF9, 0xFF, 0x40, 0x00,
    0x00, 0xCF, 0xF5, 0x00, 0x00, 0x01, 0xDF, 0xF2, 0x00, 0x00, 0x00, 0x9F, 0xFF, 0xE0, 0x00, 0x00,
    0x02, 0xEF, 0xFB, 0x54, 0x58, 0xFF, 0xF6, 0x00, 0x00, 0x00, 0x03, 0xFF, 0xF9, 0x00, 0x00, 0x00,
    0x02, 0xDF, 0xFF, 0xFF, 0xFF, 0xF6, 0x00, 0x00, 0x00, 0x00, 0x0E, 0xFF, 0x40, 0x00, 0x00, 0x00,
    0x00, 0x5B, 0xEF, 0xEC, 0x71, 0x00, 0x00, 0x00, 0x00, 0x00, 0xDF, 0xF0, 0x00, 0x00, 0x00, 0x00,
    0x00, 0x00, 0x00, 0x00, 0x00, 0x00, 0x00, 0x00, 0x00, 0x0B, 0xF9, 0x00, 0x00, 0x00, 0x00, 0x00,
    0x00, 0x00, 0x00, 0x00, 0x00, 0x00, 0x00, 0x00, 0x01, 0xFF, 0x30, 0x00, 0x00, 0x00, 0x00, 0x00,
    0x00, 0x00, 0x00, 0x00, 0x00, 0x00, 0x00, 0x00, 0x8F, 0xD0, 0x00, 0x00, 0x00, 0x00, 0x00, 0x00,
    0x00, 0x00, 0x00, 0x00, 0x00, 0x00, 0x34, 0x8F, 0xF5, 0x00, 0x00, 0x00, 0x00, 0x00, 0x00, 0x00,
    0x00, 0x00, 0x00, 0x00, 0x00, 0x0D, 0xFF, 0xFA, 0x00, 0x00, 0x00, 0x00, 0x00, 0x00, 0x00, 0x00,
    0x00, 0x00, 0x00, 0x00, 0x00, 0xBF, 0xE7, 0x00, 0x00, 0x00, 0x00, 0x00, 0x01, 0x8D, 0xFF, 0xD8,
    0x10, 0x00, 0x08, 0xFF, 0x30, 0x00, 0x00, 0x0E, 0xFB, 0x00, 0x4F, 0xFF, 0xFF, 0xFF, 0xF4, 0x00,
    0x02, 0xFF, 0x80, 0x00, 0x00, 0x4F, 0xF6, 0x03, 0xFF, 0xE5, 0x22, 0x6E, 0xFF, 0x30, 0x00, 0xCF,
    0xE0, 0x00, 0x00, 0x9F, 0xF1, 0x0D, 0xFE, 0x10, 0x00, 0x01, 0xEF, 0xD0, 0x00, 0x7F, 0xF3, 0x00,
    0x00, 0xDF, 0xB0, 0x4F, 0xF6, 0x00, 0x00, 0x00, 0x6F, 0xF3, 0x00, 0x1F, 0xF8, 0x00, 0x02, 0xFF,
    0x50, 0x8F, 0xF0, 0x00, 0x00, 0x00, 0x1F, 0xF8, 0x00, 0x0B, 0xFE, 0x00, 0x07, 0xFF, 0x00, 0xAF,
    0xD0, 0x00, 0x00, 0x00, 0x0D, 0xFA, 0x00, 0x06, 0xFF, 0x30, 0x0C, 0xFA, 0x00, 0xBF, 0xC0, 0x00,
    0x00, 0x00, 0x0D, 0xFB, 0x00, 0x00, 0xFF, 0x80, 0x1F, 0xF5, 0x00, 0xAF, 0xD0, 0x00, 0x00, 0x00,
    0x0D, 0xFA, 0x00, 0x00, 0xAF, 0xD0, 0x6F, 0xF0, 0x00, 0x8F, 0xF0, 0x00, 0x00, 0x00, 0x0F, 0xF8,
    0x00, 0x00, 0x4F, 0xF3, 0xBF, 0xA0, 0x00, 0x4F, 0xF6, 0x00, 0x00, 0x00, 0x6F, 0xF3, 0x00, 0x00,
    0x0E, 0xF9, 0xFF, 0x40, 0x00, 0x0D, 0xFE, 0x10, 0x00, 0x01, 0xEF, 0xD0, 0x00, 0x00, 0x09, 0xFF,
    0xFE, 0x00, 0x00, 0x03, 0xFF, 0xE6, 0x22, 0x6E, 0xFF, 0x30, 0x00, 0x00, 0x03, 0xFF, 0xF9, 0x00,
    0x00, 0x00, 0x4F, 0xFF, 0xFF, 0xFF, 0xF4, 0x00, 0x00, 0x00, 0x00, 0xEF, 0xF4, 0x00, 0x00, 0x00,
    0x01, 0x8D, 0xFF, 0xD8, 0x10, 0x00, 0x00, 0x00, 0x00, 0xDF, 0xF0, 0x00, 0x00, 0x00, 0x00, 0x00,
    0x00, 0x00, 0x00, 0x00, 0x00, 0x00, 0x00, 0xBF, 0x90, 0x00, 0x00, 0x00, 0x00, 0x00, 0x00, 0x00,
    0x00, 0x00, 0x00, 0x00, 0x01, 0xFF, 0x30, 0x00, 0x00, 0x00, 0x00, 0x00, 0x00, 0x00, 0x00, 0x00,
    0x00, 0x00, 0x08, 0xFD, 0x00, 0x00, 0x00, 0x00, 0x00, 0x00, 0x00, 0x00, 0x00, 0x00, 0x00, 0x34,
    0x8F, 0xF5, 0x00, 0x00, 0x00, 0x00, 0x00, 0x00, 0x00, 0x00, 0x00, 0x00, 0x00, 0xDF, 0xFF, 0xA0,
    0x00, 0x00, 0x00, 0x00, 0x00, 0x00, 0x00, 0x00, 0x00, 0x00, 0x00, 0xBF, 0xE7, 0x00, 0x00, 0x00,
    0x00, 0x00, 0x00, 0x00, 0x0B, 0xFC, 0x00, 0x00, 0x00, 0x00, 0x00, 0x00, 0x00, 0xBF, 0xC0, 0x00,
    0x00, 0x00, 0x00, 0x00, 0x07, 0xCF, 0xFF, 0xB6, 0x00, 0x00, 0x00, 0x00, 0x4E, 0xFF, 0xFF, 0xFF,
    0xFD, 0x30, 0x00, 0x00, 0x5F, 0xFF, 0x9F, 0xFF, 0xAF, 0xFF, 0x30, 0x00, 0x1E, 0xFE, 0x20, 0xBF,
    0xC0, 0x4F, 0xFE, 0x00, 0x09, 0xFF, 0x30, 0x00, 0x00, 0x00, 0x5F, 0xF7, 0x00, 0xFF, 0xB0, 0x00,
    0x00, 0x00, 0x00, 0xDF, 0xD0, 0x4F, 0xF5, 0x00, 0x00, 0x00, 0x00, 0x08, 0xFF, 0x17, 0xFF, 0x20,
    0x00, 0x00, 0x00, 0x00, 0x5F, 0xF4, 0x8F, 0xF1, 0x00, 0x00, 0x00, 0x00, 0x04, 0xFF, 0x59, 0xFF,
    0x00, 0x00, 0x00, 0x00, 0x00, 0x3F, 0xF6, 0x9F, 0xF0, 0x00, 0x00, 0x00, 0x00, 0x03, 0xFF, 0x68,
    0xFF, 0x10, 0x00, 0x00, 0x00, 0x00, 0x3F, 0xF5, 0x7F, 0xF3, 0x00, 0x00, 0x00, 0x00, 0x05, 0xFF,
    0x44, 0xFF, 0x60, 0x00, 0x00, 0x00, 0x00, 0x8F, 0xF1, 0x0F, 0xFC, 0x00, 0x00, 0x00, 0x00, 0x0D,
    0xFD, 0x00, 0x9F, 0xF3, 0x00, 0x00, 0x00, 0x05, 0xFF, 0x70, 0x01, 0xFF, 0xE2, 0x0B, 0xFC, 0x03,
    0xFF, 0xE0, 0x00, 0x05, 0xFF, 0xF9, 0xFF, 0xFA, 0xFF, 0xF3, 0x00, 0x00, 0x04, 0xEF, 0xFF, 0xFF,
    0xFF, 0xE3, 0x00, 0x00, 0x00, 0x01, 0x7C, 0xFF, 0xFB, 0x60, 0x00, 0x00, 0x00, 0x00, 0x00, 0x0B,
    0xFC, 0x00, 0x00, 0x00, 0x00, 0x00, 0x00, 0x00, 0xBF, 0xC0, 0x00, 0x00, 0x00, 0x00, 0x00, 0x05,
    0xFF, 0x30, 0x00, 0x00, 0x00, 0x01, 0x8F, 0xFF, 0xF8, 0x10, 0x00, 0x00, 0x4F, 0xFF, 0xFF, 0xFF,
    0xF4, 0x00, 0x03, 0xFF, 0xEB, 0xFF, 0x9E, 0xFF, 0x30, 0x0D, 0xFE, 0x15, 0xFF, 0x31, 0xEF, 0xD0,
    0x4F, 0xF6, 0x00, 0x00, 0x00, 0x6F, 0xF3, 0x8F, 0xF0, 0x00, 0x00, 0x00, 0x1F, 0xF8, 0xAF, 0xD0,
    0x00, 0x00, 0x00, 0x0D, 0xFA, 0xBF, 0xC0, 0x00, 0x00, 0x00, 0x0D, 0xFB, 0xAF, 0xD0, 0x00, 0x00,
    0x00, 0x0D, 0xFA, 0x8F, 0xF0, 0x00, 0x00, 0x00, 0x0F, 0xF8, 0x4F, 0xF6, 0x00, 0x00, 0x00, 0x6F,
    0xF3, 0x0D, 0xFE, 0x15, 0xFF, 0x31, 0xEF, 0xD0, 0x03, 0xFF, 0xEB, 0xFF, 0x9E, 0xFF, 0x30, 0x00,
    0x4F, 0xFF, 0xFF, 0xFF, 0xF4, 0x00, 0x00, 0x01, 0x8F, 0xFF, 0xF8, 0x10, 0x00, 0x00, 0x00, 0x05,
    0xFF, 0x30, 0x00, 0x00, 0x00, 0x00, 0x00, 0x00, 0x46, 0x40, 0x00, 0x00, 0x00, 0x00, 0x00, 0x00,
    0x00, 0x02, 0xEF, 0xFF, 0xE8, 0x20, 0x00, 0x00, 0x00, 0x00, 0x00, 0x00, 0xBF, 0x95, 0x8E, 0xFF,
    0xEC, 0x40, 0x00, 0x00, 0x00, 0x00, 0x0D, 0xE0, 0x00, 0x05, 0xBE, 0xF6, 0x00, 0x00, 0x00, 0x00,
    0x00, 0x00, 0x03, 0xFE, 0x00, 0x00, 0x00, 0x00, 0x00, 0x00, 0x00, 0x00, 0x00, 0x4F, 0xE0, 0x00,
    0x00, 0x00, 0x00, 0x00, 0x00, 0x00, 0x00, 0x0A, 0xF7, 0x00, 0x00, 0x00, 0x00, 0x00, 0x01, 0x9D,
    0xA0, 0x00, 0xB8, 0x00, 0x00, 0xFC, 0x70, 0x00, 0x03, 0xEF, 0xFA, 0x00, 0x00, 0x00, 0x00, 0x0F,
    0xFF, 0xC1, 0x01, 0xEF, 0xF7, 0x20, 0x00, 0x00, 0x00, 0x00, 0x4A, 0xFF, 0xA0, 0x6F, 0xF6, 0x00,
    0x00, 0x00, 0x00, 0x00, 0x00, 0x0C, 0xFF, 0x1B, 0xFF, 0x00, 0x00, 0x00, 0x00, 0x00, 0x00, 0x00,
    0x5F, 0xF5, 0xCF, 0xD0, 0x00, 0x00, 0x00, 0x00, 0x00, 0x00, 0x02, 0xFF, 0x7D, 0xFC, 0x00, 0x00,
    0x00, 0x00, 0x00, 0x00, 0x00, 0x1F, 0xF8, 0xDF, 0xC0, 0x00, 0x00, 0x00, 0x00, 0x00, 0x00, 0x01,
    0xFF, 0x8D, 0xFC, 0x00, 0x00, 0x00, 0xFF, 0xD0, 0x00, 0x00, 0x1F, 0xF8, 0xDF, 0xC0, 0x00, 0x00,
    0x0F, 0xFD, 0x00, 0x00, 0x01, 0xFF, 0x8D, 0xFC, 0x00, 0x00, 0x00, 0xFF, 0xD0, 0x00, 0x00, 0x1F,
    0xF8, 0xDF, 0xC0, 0x00, 0x00, 0x0F, 0xFD, 0x00, 0x00, 0x01, 0xFF, 0x8D, 0xFC, 0x00, 0x00, 0x00,
    0xFF, 0xD0, 0x00, 0x00, 0x1F, 0xF8, 0xDF, 0xC0, 0x00, 0x00, 0x0F, 0xFD, 0x00, 0x00, 0x01, 0xFF,
    0x8D, 0xFD, 0x00, 0x00, 0x00, 0xFF, 0xD0, 0x00, 0x00, 0x2F, 0xF7, 0xBF, 0xF0, 0x00, 0x00, 0x2F,
    0xFE, 0x00, 0x00, 0x05, 0xFF, 0x57, 0xFF, 0x60, 0x00, 0x0A, 0xFF, 0xF5, 0x00, 0x00, 0xCF, 0xF1,
    0x1E, 0xFF, 0x73, 0x4A, 0xFF, 0xFF, 0xF7, 0x33, 0xAF, 0xFA, 0x00, 0x4F, 0xFF, 0xFF, 0xFF, 0x91,
    0xDF, 0xFF, 0xFF, 0xFC, 0x10, 0x00, 0x29, 0xEF, 0xEB, 0x50, 0x00, 0x7D, 0xFF, 0xC7, 0x00, 0x00,
    0x00, 0x00, 0x00, 0x03, 0x78, 0x50, 0x00, 0x00, 0x00, 0x00, 0x00, 0x00, 0x06, 0xFF, 0xFF, 0xE8,
    0x20, 0x00, 0x00, 0x00, 0x00, 0x00, 0xEF, 0x53, 0x7E, 0xFF, 0xFD, 0x30, 0x00, 0x00, 0x00, 0x1E,
    0xA0, 0x00, 0x04, 0x9C, 0xE3, 0x00, 0x00, 0x00, 0x00, 0x00, 0x07, 0xFB, 0x00, 0x00, 0x00, 0x00,
    0x00, 0x00, 0x00, 0x00, 0x8F, 0xA0, 0x00, 0x00, 0x00, 0x00, 0x00, 0x00, 0x00, 0x0D, 0xF4, 0x00,
    0x00, 0x00, 0x00, 0x00, 0x8D, 0x90, 0x02, 0xC5, 0x00, 0x1F, 0xC5, 0x00, 0x01, 0xDF, 0xFA, 0x00,
    0x00, 0x00, 0x01, 0xFF, 0xF7, 0x00, 0x9F, 0xF7, 0x10, 0x00, 0x00, 0x00, 0x03, 0xCF, 0xF2, 0x0F,
    0xFA, 0x00, 0x00, 0x00, 0x00, 0x00, 0x02, 0xFF, 0x82, 0xFF, 0x50, 0x00, 0x00, 0x00, 0x00, 0x00,
    0x0D, 0xFB, 0x4F, 0xF4, 0x00, 0x00, 0x00, 0x00, 0x00, 0x00, 0xBF, 0xD4, 0xFF, 0x40, 0x00, 0x00,
    0x00, 0x00, 0x00, 0x0B, 0xFD, 0x4F, 0xF4, 0x00, 0x00, 0x7F, 0xF0, 0x00, 0x00, 0xBF, 0xD4, 0xFF,
    0x40, 0x00, 0x07, 0xFF, 0x00, 0x00, 0x0B, 0xFD, 0x4F, 0xF4, 0x00, 0x00, 0x7F, 0xF0, 0x00, 0x00,
    0xBF, 0xD3, 0xFF, 0x60, 0x00, 0x09, 0xFF, 0x20, 0x00, 0x0D, 0xFB, 0x0F, 0xFA, 0x00, 0x00, 0xDF,
    0xF6, 0x00, 0x02, 0xFF, 0x80, 0x9F, 0xF7, 0x23, 0xBF, 0xFF, 0xF6, 0x23, 0xCF, 0xF2, 0x01, 0xDF,
    0xFF, 0xFF, 0xF6, 0xCF, 0xFF, 0xFF, 0xF7, 0x00, 0x01, 0x8D, 0xFE, 0xB4, 0x00, 0x7D, 0xFF, 0xC5,
    0x00, 0x00, 0x00, 0x07, 0x77, 0x77, 0x77, 0x77, 0x77, 0x00, 0x00, 0x00, 0x00, 0x01, 0xFF, 0xFF,
    0xFF, 0xFF, 0xFF, 0xF0, 0x00, 0x00, 0x00, 0x00, 0x00, 0x00, 0x0D, 0xF7, 0x00, 0x00, 0x00, 0x00,
    0x00, 0x00, 0x00, 0x00, 0x00, 0xDF, 0x70, 0x00, 0x00, 0x00, 0x00, 0x00, 0x00, 0x00, 0x00, 0x00,
    0x00, 0x00, 0x00, 0x00, 0x00, 0x00, 0x00, 0x00, 0x00, 0x00, 0x00, 0x00, 0x00, 0x00, 0x00, 0x00,
    0xDF, 0xC0, 0x00, 0x00, 0x0F, 0xFE, 0x00, 0x00, 0x00, 0xFF, 0x9D, 0xFC, 0x00, 0x00, 0x00, 0xFF,
    0xE0, 0x00, 0x00, 0x0F, 0xF9, 0xDF, 0xC0, 0x00, 0x00, 0x0F, 0xFE, 0x00, 0x00, 0x00, 0xFF, 0x9D,
    0xFC, 0x00, 0x00, 0x00, 0xFF, 0xE0, 0x00, 0x00, 0x0F, 0xF9, 0xDF, 0xC0, 0x00, 0x00, 0x0F, 0xFE,
    0x00, 0x00, 0x00, 0xFF, 0x9D, 0xFC, 0x00, 0x00, 0x00, 0xFF, 0xE0, 0x00, 0x00, 0x0F, 0xF9, 0xDF,
    0xC0, 0x00, 0x00, 0x0F, 0xFE, 0x00, 0x00, 0x00, 0xFF, 0x9D, 0xFC, 0x00, 0x00, 0x00, 0xFF, 0xE0,
    0x00, 0x00, 0x0F, 0xF9, 0xDF, 0xC0, 0x00, 0x00, 0x0F, 0xFE, 0x00, 0x00, 0x00, 0xFF, 0x9D, 0xFC,
    0x00, 0x00, 0x00, 0xFF, 0xE0, 0x00, 0x00, 0x0F, 0xF9, 0xDF, 0xC0, 0x00, 0x00, 0x0F, 0xFE, 0x00,
    0x00, 0x00, 0xFF, 0x9D, 0xFC, 0x00, 0x00, 0x00, 0xFF, 0xE0, 0x00, 0x00, 0x0F, 0xF9, 0xDF, 0xC0,
    0x00, 0x00, 0x0F, 0xFE, 0x00, 0x00, 0x00, 0xFF, 0x9D, 0xFC, 0x00, 0x00, 0x00, 0xFF, 0xE0, 0x00,
    0x00, 0x0F, 0xF9, 0xDF, 0xC0, 0x00, 0x00, 0x0F, 0xFE, 0x00, 0x00, 0x00, 0xFF, 0x9C, 0xFE, 0x00,
    0x00, 0x02, 0xFF, 0xF0, 0x00, 0x00, 0x3F, 0xF7, 0x8F, 0xF5, 0x00, 0x00, 0x9F, 0xFF, 0x50, 0x00,
    0x09, 0xFF, 0x32, 0xFF, 0xF6, 0x33, 0xAF, 0xFF, 0xFF, 0x73, 0x39, 0xFF, 0xC0, 0x05, 0xFF, 0xFF,
    0xFF, 0xFA, 0x1D, 0xFF, 0xFF, 0xFF, 0xD1, 0x00, 0x02, 0xAE, 0xFE, 0xB5, 0x00, 0x08, 0xDF, 0xFC,
    0x70, 0x00, 0x00, 0x00, 0x47, 0x77, 0x77, 0x77, 0x77, 0x73, 0x00, 0x00, 0x00, 0x0A, 0xFF, 0xFF,
    0xFF, 0xFF, 0xFF, 0x70, 0x00, 0x00, 0x00, 0x00, 0x00, 0x5F, 0xF0, 0x00, 0x00, 0x00, 0x00, 0x00,
    0x00, 0x00, 0x05, 0xFF, 0x00, 0x00, 0x00, 0x00, 0x00, 0x00, 0x00, 0x00, 0x00, 0x00, 0x00, 0x00,
    0x00, 0x00, 0x00, 0x00, 0x00, 0x00, 0x00, 0x00, 0x00, 0x00, 0x00, 0x3F, 0xF5, 0x00, 0x00, 0x7F,
    0xF1, 0x00, 0x00, 0xAF, 0xE3, 0xFF, 0x50, 0x00, 0x07, 0xFF, 0x10, 0x00, 0x0A, 0xFE, 0x3F, 0xF5,
    0x00, 0x00, 0x7F, 0xF1, 0x00, 0x00, 0xAF, 0xE3, 0xFF, 0x50, 0x00, 0x07, 0xFF, 0x10, 0x00, 0x0A,
    0xFE, 0x3F, 0xF5, 0x00, 0x00, 0x7F, 0xF1, 0x00, 0x00, 0xAF, 0xE3, 0xFF, 0x50, 0x00, 0x07, 0xFF,
    0x10, 0x00, 0x0A, 0xFE, 0x3F, 0xF5, 0x00, 0x00, 0x7F, 0xF1, 0x00, 0x00, 0xAF, 0xE3, 0xFF, 0x50,
    0x00, 0x07, 0xFF, 0x10, 0x00, 0x0A, 0xFE, 0x3F, 0xF5, 0x00, 0x00, 0x7F, 0xF1, 0x00, 0x00, 0xAF,
    0xE3, 0xFF, 0x50, 0x00, 0x07, 0xFF, 0x10, 0x00, 0x0A, 0xFD, 0x3F, 0xF6, 0x00, 0x00, 0x8F, 0xF2,
    0x00, 0x00, 0xCF, 0xC0, 0xFF, 0xA0, 0x00, 0x0D, 0xFF, 0x70, 0x00, 0x1F, 0xFA, 0x0B, 0xFF, 0x72,
    0x3A, 0xFF, 0xFF, 0x62, 0x3C, 0xFF, 0x40, 0x1E, 0xFF, 0xFF, 0xFF, 0x6C, 0xFF, 0xFF, 0xFF, 0x90,
    0x00, 0x19, 0xDF, 0xEB, 0x40, 0x08, 0xDF, 0xEB, 0x50, 0x00, 0x00, 0x00, 0x17, 0xCE, 0xFD, 0xB5,
    0x00, 0x00, 0x00, 0x05, 0xEF, 0xFF, 0xFF, 0xFF, 0xD2, 0x00, 0x00, 0x5F, 0xFF, 0x83, 0x34, 0xAF,
    0xFE, 0x10, 0x02, 0xFF, 0xE2, 0x00, 0x00, 0x05, 0xFF, 0xB0, 0x09, 0xFF, 0x30, 0x00, 0x00, 0x00,
    0x9F, 0xF2, 0x0F, 0xFC, 0x00, 0x00, 0x00, 0x00, 0x4F, 0xF6, 0x3F, 0xF7, 0x00, 0x00, 0x00, 0x00,
    0x1F, 0xF8, 0x5F, 0xF4, 0x00, 0x00, 0x00, 0x00, 0x00, 0x00, 0x6F, 0xF4, 0x00, 0x00, 0x00, 0x00,
    0x00, 0x00, 0x6F, 0xF4, 0x00, 0x00, 0x00, 0x00, 0x00, 0x00, 0x6F, 0xF4, 0x00, 0x00, 0x00, 0x00,
    0x00, 0x00, 0x6F, 0xF4, 0x00, 0x00, 0x00, 0x00, 0x00, 0x00, 0x5F, 0xF5, 0x00, 0x00, 0x00, 0x00,
    0x00, 0x00, 0x3F, 0xF7, 0x00, 0x00, 0x00, 0x00, 0x00, 0x00, 0x0F, 0xFC, 0x00, 0x00, 0x00, 0x00,
    0x00, 0x00, 0x09, 0xFF, 0x40, 0x00, 0x00, 0x00, 0x00, 0x00, 0x02, 0xFF, 0xE2, 0x00, 0x00, 0x00,
    0x00, 0x00, 0x00, 0x5F, 0xFF, 0x75, 0x21, 0x00, 0x00, 0x00, 0x00, 0x05, 0xFF, 0xFF, 0xFC, 0x00,
    0x00, 0x00, 0x00, 0x00, 0x18, 0xCF, 0xFC, 0x00, 0x00, 0x00, 0x00, 0x00, 0x00, 0x0D, 0xFC, 0x00,
    0x00, 0x00, 0x00, 0x00, 0x00, 0x0D, 0xFC, 0x00, 0x00, 0x00, 0x00, 0x00, 0x00, 0x0D, 0xFC, 0x00,
    0x00, 0x00, 0x00, 0x00, 0x00, 0x0D, 0xFC, 0x00, 0x00, 0x00, 0x00, 0x00, 0x00, 0x0D, 0xFC, 0x00,
    0x00, 0x00, 0x00, 0x01, 0x8D, 0xFE, 0xC6, 0x00, 0x00, 0x04, 0xFF, 0xFF, 0xFF, 0xFD, 0x10, 0x03,
    0xFF, 0xE5, 0x12, 0x7F, 0xFC, 0x00, 0xCF, 0xE1, 0x00, 0x00, 0x5F, 0xF4, 0x3F, 0xF7, 0x00, 0x00,
    0x00, 0xEF, 0x87, 0xFF, 0x20, 0x00, 0x00, 0x00, 0x00, 0x9F, 0xF0, 0x00, 0x00, 0x00, 0x00, 0x09,
    0xFE, 0x00, 0x00, 0x00, 0x00, 0x00, 0x9F, 0xF0, 0x00, 0x00, 0x00, 0x00, 0x07, 0xFF, 0x20, 0x00,
    0x00, 0x00, 0x00, 0x3F, 0xF7, 0x00, 0x00, 0x00, 0x00, 0x00, 0xCF, 0xE1, 0x00, 0x00, 0x00, 0x00,
    0x03, 0xFF, 0xD5, 0x21, 0x00, 0x00, 0x00, 0x04, 0xFF, 0xFF, 0xF3, 0x00, 0x00, 0x00, 0x01, 0x8F,
    0xFF, 0x30, 0x00, 0x00, 0x00, 0x00, 0x4F, 0xF3, 0x00, 0x00, 0x00, 0x00, 0x04, 0xFF, 0x30, 0x00,
    0x00, 0x00, 0x00, 0x4F, 0xF3, 0x00, 0x00, 0x00, 0x00, 0x04, 0xFF, 0x30, 0x00, 0x00, 0x00, 0x00,
    0x4F, 0xF3, 0x00, 0x00, 0x00, 0x00, 0x00, 0x00, 0x00, 0x06, 0xFD, 0x00, 0x00, 0x00, 0x00, 0x00,
    0x01, 0xEF, 0x40, 0x00, 0x00, 0x0A, 0x20, 0x00, 0x9F, 0xA0, 0x00, 0x00, 0x06, 0xFF, 0x91, 0x2F,
    0xF2, 0x00, 0x00, 0x00, 0x07, 0xFF, 0xED, 0xF8, 0x00, 0x00, 0x00, 0x00, 0x01, 0xAF, 0xFF, 0x40,
    0x00, 0x00, 0x00, 0x00, 0x00, 0xEF, 0xFF, 0xA2, 0x00, 0x00, 0x00, 0x00, 0x7F, 0xD6, 0xEF, 0xF8,
    0x01, 0x00, 0x00, 0x1F, 0xF4, 0x00, 0x8F, 0x80, 0xEB, 0x20, 0x09, 0xFA, 0x00, 0x00, 0x20, 0x2D,
    0xFF, 0x94, 0xFF, 0x10, 0x00, 0x00, 0x00, 0x07, 0xFF, 0xFF, 0x80, 0x00, 0x00, 0x00, 0x00, 0x01,
    0xCF, 0xFD, 0x40, 0x00, 0x00, 0x00, 0x00, 0x0E, 0xFE, 0xFF, 0xA1, 0x00, 0x00, 0x00, 0x08, 0xFC,
    0x06, 0xEF, 0xE0, 0x00, 0x00, 0x02, 0xFF, 0x30, 0x01, 0x87, 0x00, 0x00, 0x00, 0xAF, 0xA0, 0x00,
    0x00, 0x00, 0x00, 0x00, 0x3F, 0xF1, 0x00, 0x00, 0x00, 0x00, 0x00, 0x00, 0x00, 0x00, 0x03, 0xFF,
    0x04, 0x77, 0x77, 0x77, 0x9F, 0xF0, 0x9F, 0xFF, 0xFF, 0xFF, 0xFF, 0x09, 0xFA, 0x00, 0x00, 0x00,
    0x00, 0x9F, 0xA0, 0x00, 0x00, 0x00, 0x00, 0x00, 0x01, 0x5A, 0xDF, 0xE9, 0x05, 0xCE, 0xFF, 0xFE,
    0xCE, 0xF9, 0x7F, 0xEB, 0x73, 0x00, 0x0F, 0xD0, 0x2F, 0xF5, 0x01, 0xFF, 0x50, 0x04, 0xFB, 0x00,
    0x05, 0xA0, 0x07, 0xFF, 0x07, 0xFE, 0x0D, 0xF3, 0x1B, 0x40, 0xDF, 0xBB, 0xBB, 0xBB, 0xDF, 0x0A,
    0xD0, 0x00, 0x00, 0x09, 0xE0, 0xA8, 0x50, 0x00, 0x01, 0xBB, 0x0A, 0x2B, 0x00, 0x00, 0x75, 0xB0,
    0xA1, 0x93, 0x00, 0x0C, 0x0B, 0x0A, 0x12, 0xA0, 0x04, 0x80, 0xB0, 0xA1, 0x0B, 0x10, 0xB1, 0x0B,
    0x0A, 0x10, 0x47, 0x2A, 0x00, 0xB0, 0xA1, 0x00, 0xC9, 0x30, 0x0B, 0x0A, 0x10, 0x08, 0xF0, 0x00,
    0xB0, 0xA1, 0x00, 0x7F, 0x00, 0x0B, 0x0A, 0x10, 0x0C, 0xA3, 0x00, 0xB0, 0xA1, 0x04, 0x82, 0x90,
    0x0B, 0x0A, 0x10, 0xA1, 0x0B, 0x10, 0xB0, 0xA1, 0x2A, 0x00, 0x57, 0x0B, 0x0A, 0x18, 0x40, 0x00,
    0xC0, 0xB0, 0xA2, 0xC0, 0x00, 0x07, 0x4B, 0x0A, 0x86, 0x00, 0x00, 0x1B, 0xB0, 0xAD, 0x00, 0x00,
    0x00, 0xAD, 0x0E, 0xFB, 0xBB, 0xBB, 0xBE, 0xF0, 0x00, 0x00, 0x00, 0x00, 0x00, 0x03, 0xBD, 0xB3,
    0x00, 0x00, 0x00, 0x00, 0x00, 0x00, 0x00, 0x00, 0x00, 0x00, 0x01, 0xFB, 0x5B, 0xE1, 0x00, 0x00,
    0x00, 0x00, 0x00, 0x00, 0x00, 0x00, 0x00, 0x00, 0x3A, 0x20, 0x2A, 0x30, 0x00, 0x00, 0x00, 0x00,
    0x00, 0x00, 0x00, 0x10, 0x00, 0x00, 0x00, 0x00, 0x00, 0x00, 0x00, 0x10, 0x00, 0x00, 0x00, 0x04,
    0xEF, 0xF8, 0x00, 0x00, 0x00, 0x00, 0x00, 0x05, 0xEF, 0xF7, 0x00, 0x00, 0x00, 0xFA, 0x16, 0xF4,
    0x00, 0x00, 0x00, 0x00, 0x01, 0xF9, 0x18, 0xF3, 0x00, 0x00, 0x17, 0x20, 0x07, 0x30, 0x00, 0x00,
    0x00, 0x00, 0x27, 0x20, 0x07, 0x30, 0x00, 0x00, 0x00, 0x00, 0x00, 0x00, 0x00, 0x00, 0x00, 0x00,
    0x00, 0x00, 0x00, 0x00, 0x00, 0x00, 0x00, 0x00, 0x00, 0x00, 0x00, 0x00, 0x00, 0x00, 0x00, 0x00,
    0x00, 0x00, 0x00, 0x00, 0x00, 0x00, 0x00, 0x00, 0x00, 0x00, 0x00, 0x00, 0x00, 0x00, 0x00, 0x00,
    0x12, 0x00, 0x00, 0x00, 0x00, 0x00, 0x00, 0x00, 0x00, 0x00, 0x02, 0x20, 0x00, 0xBF, 0xFE, 0x40,
    0x00, 0x00, 0x00, 0x00, 0x00, 0x00, 0x00, 0x1C, 0xFF, 0xE3, 0x7F, 0x30, 0xBE, 0x00, 0x00, 0x00,
    0x00, 0x00, 0x00, 0x00, 0x09, 0xF2, 0x0C, 0xC3, 0x50, 0x02, 0x50, 0x00, 0x00, 0x00, 0x00, 0x00,
    0x00, 0x00, 0x44, 0x00, 0x35, 0x00, 0x00, 0x00, 0x00, 0x00, 0x00, 0x00, 0x00, 0x00, 0x00, 0x00,
    0x00, 0x00, 0x00, 0x00, 0x00, 0x00, 0x00, 0x00, 0x00, 0x00, 0x00, 0x00, 0x00, 0x00, 0x00, 0x00,
    0x00, 0x00, 0x00, 0x00, 0x00, 0x00, 0x00, 0x00, 0x00, 0x00, 0x00, 0x00, 0x00, 0x00, 0x00, 0x00,
    0x10, 0x00, 0x00, 0x00, 0x00, 0x00, 0x00, 0x00, 0x10, 0x00, 0x00, 0x00, 0x06, 0xFF, 0xF6, 0x00,
    0x00, 0x00, 0x00, 0x00, 0x08, 0xFF, 0xE5, 0x00, 0x00, 0x02, 0xF9, 0x18, 0xF2, 0x00, 0x00, 0x00,
    0x00, 0x04, 0xF7, 0x19, 0xF1, 0x00, 0x00, 0x27, 0x10, 0x17, 0x20, 0x00, 0x00, 0x00, 0x00, 0x37,
    0x00, 0x17, 0x10, 0x00, 0x00, 0x00, 0x00, 0x00, 0x00, 0x01, 0x31, 0x00, 0x00, 0x00, 0x00, 0x00,
    0x00, 0x00, 0x00, 0x00, 0x00, 0x00, 0x08, 0xFF, 0xF8, 0x00, 0x00, 0x00, 0x00, 0x00, 0x00, 0x00,
    0x00, 0x00, 0x00, 0x02, 0xF8, 0x06, 0xF3, 0x00, 0x00, 0x00, 0x00, 0x00, 0x00, 0x00, 0x00, 0x00,
    0x00, 0x15, 0x10, 0x05, 0x20, 0x00, 0x00, 0x00, 0x00, 0x00, 0x00, 0x00, 0x00, 0x00, 0x00, 0x00,
    0x01, 0x20, 0x00, 0x00, 0x00, 0x00, 0x00, 0x00, 0x00, 0x00, 0x00, 0x00, 0x00, 0x0C, 0xA0, 0x00,
    0x00, 0x00, 0x00, 0x00, 0x00, 0x00, 0x00, 0x00, 0x00, 0x00, 0x2F, 0x70, 0x00, 0x00, 0x00, 0x00,
    0x00, 0x00, 0x00, 0x00, 0x00, 0x00, 0x00, 0x8F, 0x30, 0x00, 0x00, 0x00, 0x00, 0x00, 0x00, 0x00,
    0x4B, 0x00, 0x00, 0x00, 0xDF, 0x00, 0x00, 0x00, 0x00, 0x00, 0x00, 0x00, 0x00, 0x3F, 0x60, 0x00,
    0x01, 0x98, 0x00, 0x00, 0x00, 0x29, 0xC1, 0x00, 0x00, 0x00, 0x0C, 0xF2, 0x00, 0x00, 0x00, 0x00,
    0x00, 0x2A, 0xFF, 0x70, 0x00, 0x00, 0x00, 0x05, 0xFC, 0x00, 0x00, 0x00, 0x00, 0x00, 0xCF, 0xC2,
    0x00, 0x00, 0x00, 0x00, 0x00, 0xD6, 0x00, 0x00, 0x00, 0x00, 0x00, 0x17, 0x00, 0x00, 0x00, 0x00,
    0x00, 0x00, 0x10, 0x00, 0x00, 0x00, 0x00, 0x00, 0x00, 0x00, 0x00, 0x00, 0x00, 0x00, 0x00, 0x00,
    0x00, 0x00, 0x00, 0x00, 0x00, 0x00, 0x00, 0x00, 0x00, 0x00, 0x00, 0x00, 0x00, 0x00, 0x00, 0x00,
    0x00, 0x00, 0x00, 0x00, 0x00, 0x00, 0x49, 0x63, 0x00, 0x00, 0x00, 0x00, 0x00, 0x00, 0x00, 0x00,
    0x08, 0x60, 0x00, 0x4E, 0xFF, 0xF4, 0x00, 0x00, 0x00, 0x00, 0x00, 0x00, 0x00, 0x0C, 0xFF, 0xA4,
    0x00, 0x4A, 0xF5, 0x00, 0x00, 0x00, 0x00, 0x00, 0x00, 0x00, 0x04, 0x8B, 0xFF, 0x00, 0x00, 0x00,
    0x00, 0x00, 0x00, 0x00, 0x00, 0x00, 0x00, 0x00, 0x00, 0x02, 0x00, 0x00, 0x00, 0x00, 0x00, 0x00,
    0x00, 0x00, 0x00, 0x00, 0x00, 0x00, 0x00, 0x00, 0x00, 0x00, 0x00, 0x00, 0x00, 0x00, 0x00, 0x00,
    0x00, 0x00, 0x00, 0x00, 0x00, 0x00, 0x00, 0x00, 0x00, 0x00, 0x00, 0x00, 0x00, 0x00, 0x00, 0x00,
    0x00, 0x00, 0x00, 0x00, 0x25, 0x00, 0x00, 0x00, 0x00, 0x00, 0x0C, 0x50, 0x00, 0x00, 0x00, 0x00,
    0x07, 0xFF, 0x50, 0x00, 0x00, 0x00, 0x00, 0x3F, 0xD0, 0x00, 0x00, 0x00, 0x02, 0xBF, 0xE7, 0x00,
    0x00, 0x02, 0x10, 0x00, 0x09, 0xF4, 0x00, 0x00, 0x00, 0x05, 0xD6, 0x00, 0x00, 0x00, 0x6F, 0x90,
    0x00, 0x00, 0xEC, 0x00, 0x00, 0x00, 0x00, 0x00, 0x00, 0x00, 0x00, 0x9F, 0x30, 0x00, 0x00, 0x4D,
    0x00, 0x00, 0x00, 0x00, 0x00, 0x00, 0x00, 0x00, 0xCE, 0x00, 0x00, 0x00, 0x00, 0x00, 0x00, 0x00,
    0x00, 0x00, 0x00, 0x00, 0x00, 0xF8, 0x00, 0x00, 0x00, 0x00, 0x00, 0x00, 0x00, 0x00, 0x00, 0x00,
    0x00, 0x01, 0xA2, 0x00, 0x00, 0x00, 0x00, 0x00, 0x00, 0x00, 0x00, 0x43, 0x00, 0x00, 0x43, 0x00,
    0x00, 0x00, 0x00, 0x00, 0x2F, 0xE0, 0x00, 0x3F, 0xD0, 0x00, 0x00, 0x00, 0x00, 0x00, 0xDF, 0x70,
    0x0B, 0xF9, 0x00, 0x00, 0x00, 0x00, 0x00, 0x04, 0xFF, 0xEF, 0xFD, 0x10, 0x00, 0x00, 0x00, 0x00,
    0x00, 0x02, 0x8B, 0xA7, 0x00, 0x00, 0x00, 0x00, 0x00, 0x00, 0x00, 0x00, 0x00, 0x00, 0x00, 0x00,
    0x00, 0x00, 0x9F, 0xF1, 0x00, 0x00, 0x00, 0x00, 0x7F, 0xF8, 0x00, 0x09, 0xFF, 0x10, 0x00, 0x00,
    0x00, 0x2F, 0xFF, 0x80, 0x00, 0x9F, 0xF1, 0x00, 0x00, 0x00, 0x0B, 0xFF, 0xF8, 0x00, 0x09, 0xFF,
    0x10, 0x00, 0x00, 0x05, 0xFF, 0xFF, 0x80, 0x00, 0x9F, 0xF1, 0x00, 0x00, 0x01, 0xEF, 0xFF, 0xF8,
    0x00, 0x09, 0xFF, 0x10, 0x00, 0x00, 0xAF, 0xF6, 0xFF, 0x80, 0x00, 0x9F, 0xF1, 0x00, 0x00, 0x4F,
    0xFA, 0x2F, 0xF8, 0x00, 0x09, 0xFF, 0x10, 0x00, 0x0D, 0xFE, 0x12, 0xFF, 0x80, 0x00, 0x9F, 0xF1,
    0x00, 0x08, 0xFF, 0x50, 0x2F, 0xF8, 0x00, 0x09, 0xFF, 0x10, 0x03, 0xFF, 0xB0, 0x02, 0xFF, 0x80,
    0x00, 0x9F, 0xF1, 0x00, 0xCF, 0xF2, 0x00, 0x2F, 0xF8, 0x00, 0x09, 0xFF, 0x10, 0x7F, 0xF7, 0x00,
    0x02, 0xFF, 0x80, 0x00, 0x9F, 0xF1, 0x2F, 0xFC, 0x00, 0x00, 0x2F, 0xF8, 0x00, 0x09, 0xFF, 0x1B,
    0xFF, 0x30, 0x00, 0x02, 0xFF, 0x80, 0x00, 0x9F, 0xF6, 0xFF, 0x80, 0x00, 0x00, 0x2F, 0xF8, 0x00,
    0x09, 0xFF, 0xFF, 0xE0, 0x00, 0x00, 0x02, 0xFF, 0x80, 0x00, 0x9F, 0xFF, 0xF4, 0x00, 0x00, 0x00,
    0x2F, 0xF8, 0x00, 0x09, 0xFF, 0xFA, 0x00, 0x00, 0x00, 0x02, 0xFF, 0x80, 0x00, 0x9F, 0xFE, 0x10,
    0x00, 0x00, 0x00, 0x2F, 0xFC, 0xFF, 0x39, 0xFF, 0x60, 0x00, 0x00, 0x00, 0x02, 0xFF, 0xCF, 0xF3,
    0x00, 0x00, 0x00, 0x00, 0x00, 0x00, 0x00, 0x04, 0xFF, 0x20, 0x00, 0x00, 0x00, 0x00, 0x00, 0x00,
    0x00, 0x7F, 0xF0, 0x00, 0x00, 0x00, 0x00, 0x00, 0x00, 0x00, 0x0C, 0xFA, 0x00, 0x00, 0x00, 0x00,
    0x00, 0x00, 0x00, 0x04, 0xFF, 0x20, 0x00, 0x00, 0x00, 0x00, 0x00, 0x00, 0x00, 0x2B, 0x50, 0x00,
    0x02, 0xCA, 0x00, 0x01, 0xCA, 0x00, 0x00, 0x00, 0x0F, 0xF1, 0x00, 0x6F, 0xC0, 0x00, 0x00, 0x00,
    0x9F, 0xD6, 0x7F, 0xF4, 0x00, 0x00, 0x00, 0x00, 0x9F, 0xFF, 0xE6, 0x00, 0x00, 0x00, 0x00, 0x00,
    0x13, 0x20, 0x00, 0x00, 0x00, 0x00, 0x00, 0x00, 0x00, 0x00, 0x00, 0x00, 0x00, 0xDF, 0xA0, 0x00,
    0x00, 0x0D, 0xFF, 0x00, 0x0D, 0xFA, 0x00, 0x00, 0x07, 0xFF, 0xF0, 0x00, 0xDF, 0xA0, 0x00, 0x01,
    0xFF, 0xFF, 0x00, 0x0D, 0xFA, 0x00, 0x00, 0xBF, 0xFF, 0xF0, 0x00, 0xDF, 0xA0, 0x00, 0x5F, 0xFB,
    0xFF, 0x00, 0x0D, 0xFA, 0x00, 0x0E, 0xF9, 0x8F, 0xF0, 0x00, 0xDF, 0xA0, 0x09, 0xFE, 0x08, 0xFF,
    0x00, 0x0D, 0xFA, 0x03, 0xFF, 0x50, 0x8F, 0xF0, 0x00, 0xDF, 0xA0, 0xCF, 0xB0, 0x08, 0xFF, 0x00,
    0x0D, 0xFA, 0x7F, 0xF2, 0x00, 0x8F, 0xF0, 0x00, 0xDF, 0xCF, 0xF7, 0x00, 0x08, 0xFF, 0x00, 0x0D,
    0xFF, 0xFD, 0x00, 0x00, 0x8F, 0xF0, 0x00, 0xDF, 0xFF, 0x30, 0x00, 0x08, 0xFF, 0x00, 0x0D, 0xFF,
    0x90, 0x00, 0x00, 0x8F, 0xFF, 0xF3, 0xDF, 0xE1, 0x00, 0x00, 0x08, 0xFF, 0xFF, 0x30, 0x00, 0x00,
    0x00, 0x00, 0x00, 0x4F, 0xF2, 0x00, 0x00, 0x00, 0x00, 0x00, 0x07, 0xFF, 0x00, 0x00, 0x00, 0x00,
    0x00, 0x00, 0xCF, 0xA0, 0x00, 0x00, 0x00, 0x00, 0x00, 0x4F, 0xF2, 0x00, 0x00, 0x00, 0x00, 0x00,
    0x02, 0xB5, 0x00, 0x00, 0x0C, 0xFE, 0x00, 0x00, 0x00, 0x00, 0x00, 0x00, 0x00, 0x0C, 0xFE, 0x00,
    0x00, 0x00, 0x00, 0x00, 0x00, 0x01, 0x1D, 0xFF, 0x11, 0x10, 0x00, 0x00, 0x00, 0x00, 0x9F, 0xFF,
    0xFF, 0xFF, 0xF1, 0x00, 0x00, 0x00, 0x00, 0x9F, 0xFF, 0xFF, 0xFF, 0xF1, 0x00, 0x00, 0x00, 0x00,
    0x00, 0x0C, 0xFE, 0x00, 0x00, 0x00, 0x00, 0x00, 0x00, 0x00, 0x0C, 0xFE, 0x00, 0x00, 0x00, 0x00,
    0x00, 0x00, 0x00, 0x0C, 0xFE, 0x00, 0x00, 0x00, 0x00, 0x00, 0x00, 0x00, 0x0C, 0xFF, 0xFF, 0xFF,
    0xFE, 0xD8, 0x20, 0x00, 0x00, 0x0C, 0xFF, 0xFF, 0xFF, 0xFF, 0xFF, 0xF7, 0x00, 0x00, 0x0C, 0xFF,
    0x22, 0x22, 0x23, 0x7E, 0xFF, 0x50, 0x00, 0x0C, 0xFE, 0x00, 0x00, 0x00, 0x01, 0xEF, 0xE0, 0x00,
    0x0C, 0xFE, 0x00, 0x00, 0x00, 0x00, 0x7F, 0xF3, 0x00, 0x0C, 0xFE, 0x00, 0x00, 0x00, 0x00, 0x4F,
    0xF5, 0x00, 0x0C, 0xFE, 0x00, 0x00, 0x00, 0x00, 0x4F, 0xF5, 0x00, 0x0C, 0xFE, 0x00, 0x00, 0x00,
    0x00, 0x8F, 0xF3, 0x00, 0x0C, 0xFE, 0x00, 0x00, 0x00, 0x02, 0xFF, 0xE0, 0x00, 0x0C, 0xFE, 0x22,
    0x22, 0x23, 0x7E, 0xFF, 0x50, 0x00, 0x0C, 0xFF, 0xFF, 0xFF, 0xFF, 0xFF, 0xF6, 0x00, 0x00, 0x0C,
    0xFF, 0xFF, 0xFF, 0xFF, 0xD8, 0x20, 0x00, 0x00, 0x0D, 0xFA, 0x00, 0x00, 0x00, 0x00, 0x00, 0x00,
    0xDF, 0xA0, 0x00, 0x00, 0x00, 0x00, 0x00, 0x0D, 0xFA, 0x00, 0x00, 0x00, 0x00, 0x08, 0xFF, 0xFF,
    0xFF, 0xFF, 0xF1, 0x00, 0x00, 0x8F, 0xFF, 0xFF, 0xFF, 0xFF, 0x10, 0x00, 0x00, 0x11, 0xFF, 0xB1,
    0x11, 0x10, 0x00, 0x00, 0x00, 0x0D, 0xFA, 0x00, 0x00, 0x00, 0x00, 0x00, 0x00, 0xDF, 0xA0, 0x00,
    0x00, 0x00, 0x00, 0x00, 0x0D, 0xFA, 0x00, 0x00, 0x00, 0x00, 0x00, 0x00, 0xDF, 0xA0, 0x00, 0x00,
    0x00, 0x00, 0x00, 0x0D, 0xFA, 0x00, 0x00, 0x00, 0x00, 0x00, 0x00, 0xDF, 0xA0, 0x00, 0x00, 0x00,
    0x00, 0x00, 0x0D, 0xFB, 0x11, 0x10, 0x00, 0x00, 0x00, 0x00, 0xDF, 0xFF, 0xFF, 0xFF, 0xB5, 0x00,
    0x00, 0x0D, 0xFF, 0xFF, 0xFF, 0xFF, 0xF9, 0x00, 0x00, 0xDF, 0xA0, 0x00, 0x03, 0xBF, 0xF5, 0x00,
    0x0D, 0xFA, 0x00, 0x00, 0x00, 0xEF, 0xB0, 0x00, 0xDF, 0xA0, 0x00, 0x00, 0x0A, 0xFE, 0x00, 0x0D,
    0xFA, 0x00, 0x00, 0x00, 0xAF, 0xE0, 0x00, 0xDF, 0xA0, 0x00, 0x00, 0x0E, 0xFB, 0x00, 0x0D, 0xFA,
    0x11, 0x11, 0x3C, 0xFF, 0x40, 0x00, 0xDF, 0xFF, 0xFF, 0xFF, 0xFF, 0x70, 0x00, 0x0D, 0xFF, 0xFF,
    0xFF, 0xEA, 0x40, 0x00, 0xBF, 0xFF, 0xFF, 0xFF, 0xED, 0x82, 0x00, 0x0B, 0xFF, 0xFF, 0xFF, 0xFF,
    0xFF, 0xF8, 0x00, 0xBF, 0xF2, 0x22, 0x22, 0x37, 0xEF, 0xF7, 0x0B, 0xFF, 0x00, 0x00, 0x00, 0x01,
    0xDF, 0xF1, 0xBF, 0xF0, 0x00, 0x00, 0x00, 0x05, 0xFF, 0x6B, 0xFF, 0x00, 0x00, 0x00, 0x00, 0x1F,
    0xF8, 0xBF, 0xF0, 0x00, 0x00, 0x03, 0x10, 0xFF, 0x9B, 0xFF, 0x00, 0x00, 0x03, 0xFD, 0x5F, 0xF7,
    0xBF, 0xF0, 0x00, 0x00, 0x1D, 0xFF, 0xFF, 0x2B, 0xFF, 0x22, 0x22, 0x23, 0x8F, 0xFF, 0xA0, 0xBF,
    0xFF, 0xFF, 0xFF, 0xFF, 0xFF, 0xFA, 0x0B, 0xFF, 0xFF, 0xFF, 0xFE, 0xD9, 0x8F, 0xF8, 0xBF, 0xF0,
    0x00, 0x00, 0x00, 0x00, 0x5F, 0x6B, 0xFF, 0x00, 0x00, 0x00, 0x00, 0x00, 0x10, 0xBF, 0xF0, 0x00,
    0x00, 0x00, 0x00, 0x00, 0x0B, 0xFF, 0x00, 0x00, 0x00, 0x00, 0x00, 0x00, 0xBF, 0xF0, 0x00, 0x00,
    0x00, 0x00, 0x00, 0x0B, 0xFF, 0x00, 0x00, 0x00, 0x00, 0x00, 0x00, 0xBF, 0xF0, 0x00, 0x00, 0x00,
    0x00, 0x00, 0x0B, 0xFF, 0x00, 0x00, 0x00, 0x00, 0x00, 0x00, 0x1F, 0xF4, 0x29, 0xEF, 0xEA, 0x30,
    0x00, 0x1F, 0xFA, 0xFF, 0xFF, 0xFF, 0xF6, 0x00, 0x1F, 0xFF, 0xE6, 0x23, 0x7F, 0xFF, 0x30, 0x1F,
    0xFF, 0x10, 0x00, 0x03, 0xFF, 0xB0, 0x1F, 0xFB, 0x00, 0x00, 0x00, 0xAF, 0xF1, 0x1F, 0xF7, 0x00,
    0x00, 0x00, 0x5F, 0xF4, 0x1F, 0xF7, 0x00, 0x00, 0x00, 0x3F, 0xF5, 0x1F, 0xF7, 0x00, 0x00, 0x00,
    0x2F, 0xF6, 0x1F, 0xF7, 0x00, 0x00, 0x00, 0x3F, 0xF5, 0x1F, 0xF7, 0x00, 0x00, 0x32, 0x5F, 0xF4,
    0x1F, 0xFB, 0x00, 0x03, 0xFD, 0xBF, 0xF0, 0x1F, 0xFF, 0x00, 0x01, 0xDF, 0xFF, 0xA0, 0x1F, 0xFF,
    0xD5, 0x22, 0x9F, 0xFF, 0x30, 0x1F, 0xFC, 0xFF, 0xFF, 0xFF, 0xFF, 0x90, 0x1F, 0xF7, 0x2A, 0xEF,
    0xEA, 0x8F, 0xF3, 0x1F, 0xF7, 0x00, 0x00, 0x00, 0x06, 0x70, 0x1F, 0xF7, 0x00, 0x00, 0x00, 0x00,
    0x00, 0x1F, 0xF7, 0x00, 0x00, 0x00, 0x00, 0x00, 0x1F, 0xF7, 0x00, 0x00, 0x00, 0x00, 0x00, 0x1F,
    0xF7, 0x00, 0x00, 0x00, 0x00, 0x00, 0x1F, 0xF7, 0x00, 0x00, 0x00, 0x00, 0x00, 0x00, 0x00, 0x00,
    0x00, 0x00, 0xFF, 0x80, 0x00, 0x00, 0x00, 0x00, 0x0F, 0xF8, 0x00, 0x00, 0x00, 0x00, 0x00, 0xFF,
    0x80, 0x00, 0x00, 0x00, 0x00, 0x0F, 0xF8, 0x00, 0x00, 0x00, 0x00, 0x00, 0xFF, 0x8C, 0xFF, 0xFF,
    0xFF, 0xFF, 0xFF, 0xFF, 0xCF, 0xFF, 0xFF, 0xFF, 0xFF, 0xFF, 0xFC, 0xFE, 0x22, 0x22, 0x22, 0x23,
    0x31, 0xCF, 0xD0, 0x00, 0x00, 0x00, 0x00, 0x0C, 0xFD, 0x00, 0x00, 0x00, 0x00, 0x00, 0xCF, 0xD0,
    0x00, 0x00, 0x00, 0x00, 0x0C, 0xFD, 0x00, 0x00, 0x00, 0x00, 0x00, 0xCF, 0xD0, 0x00, 0x00, 0x00,
    0x00, 0x0C, 0xFD, 0x00, 0x00, 0x00, 0x00, 0x00, 0xCF, 0xD0, 0x00, 0x00, 0x00, 0x00, 0x0C, 0xFD,
    0x00, 0x00, 0x00, 0x00, 0x00, 0xCF, 0xD0, 0x00, 0x00, 0x00, 0x00, 0x0C, 0xFD, 0x00, 0x00, 0x00,
    0x00, 0x00, 0xCF, 0xD0, 0x00, 0x00, 0x00, 0x00, 0x0C, 0xFD, 0x00, 0x00, 0x00, 0x00, 0x00, 0xCF,
    0xD0, 0x00, 0x00, 0x00, 0x00, 0x0C, 0xFD, 0x00, 0x00, 0x00, 0x00, 0x00, 0xCF, 0xD0, 0x00, 0x00,
    0x00, 0x00, 0x0C, 0xFD, 0x00, 0x00, 0x00, 0x00, 0x00, 0xCF, 0xD0, 0x00, 0x00, 0x00, 0x00, 0x00,
    0x00, 0x00, 0x00, 0x2F, 0xF6, 0x00, 0x00, 0x00, 0x2F, 0xF6, 0x00, 0x00, 0x00, 0x2F, 0xF6, 0x00,
    0x00, 0x00, 0x2F, 0xF6, 0xFF, 0xFF, 0xFF, 0xFF, 0xFC, 0xFF, 0xFF, 0xFF, 0xFF, 0xFC, 0xFF, 0x91,
    0x11, 0x13, 0x31, 0xFF, 0x80, 0x00, 0x00, 0x00, 0xFF, 0x80, 0x00, 0x00, 0x00, 0xFF, 0x80, 0x00,
    0x00, 0x00, 0xFF, 0x80, 0x00, 0x00, 0x00, 0xFF, 0x80, 0x00, 0x00, 0x00, 0xFF, 0x80, 0x00, 0x00,
    0x00, 0xFF, 0x80, 0x00, 0x00, 0x00, 0xFF, 0x80, 0x00, 0x00, 0x00, 0xFF, 0x80, 0x00, 0x00, 0x00,
    0xFF, 0x80, 0x00, 0x00, 0x00, 0xFF, 0x80, 0x00, 0x00, 0x00, 0xFF, 0x80, 0x00, 0x00, 0x00, 0x00,
    0x9F, 0xFF, 0xFF, 0xFF, 0xFF, 0xFF, 0xA0, 0x09, 0xFF, 0xFF, 0xFF, 0xFF, 0xFF, 0xFA, 0x00, 0x9F,
    0xF3, 0x22, 0x22, 0x22, 0x22, 0x10, 0x09, 0xFF, 0x10, 0x00, 0x00, 0x00, 0x00, 0x00, 0x9F, 0xF1,
    0x00, 0x00, 0x00, 0x00, 0x00, 0x09, 0xFF, 0x10, 0x00, 0x00, 0x00, 0x00, 0x00, 0x9F, 0xF1, 0x00,
    0x00, 0x00, 0x00, 0x00, 0x09, 0xFF, 0x10, 0x00, 0x00, 0x00, 0x00, 0x11, 0xAF, 0xF2, 0x11, 0x00,
    0x00, 0x00, 0x0F, 0xFF, 0xFF, 0xFF, 0xFC, 0x00, 0x00, 0x00, 0xFF, 0xFF, 0xFF, 0xFF, 0xC0, 0x00,
    0x00, 0x00, 0x09, 0xFF, 0x10, 0x00, 0x00, 0x00, 0x00, 0x00, 0x9F, 0xF1, 0x00, 0x00, 0x00, 0x00,
    0x00, 0x09, 0xFF, 0x10, 0x00, 0x00, 0x00, 0x00, 0x00, 0x9F, 0xF1, 0x00, 0x00, 0x00, 0x00, 0x00,
    0x09, 0xFF, 0x10, 0x00, 0x00, 0x00, 0x00, 0x00, 0x9F, 0xF1, 0x00, 0x00, 0x00, 0x00, 0x00, 0x09,
    0xFF, 0x10, 0x00, 0x00, 0x00, 0x00, 0x00, 0x9F, 0xF1, 0x00, 0x00, 0x00, 0x00, 0x00, 0x09, 0xFF,
    0x10, 0x00, 0x00, 0x00, 0x00, 0x00, 0x0E, 0xFF, 0xFF, 0xFF, 0xFF, 0x70, 0x00, 0xEF, 0xFF, 0xFF,
    0xFF, 0xF7, 0x00, 0x0E, 0xFB, 0x11, 0x11, 0x11, 0x00, 0x00, 0xEF, 0xA0, 0x00, 0x00, 0x00, 0x00,
    0x0E, 0xFA, 0x00, 0x00, 0x00, 0x00, 0x11, 0xFF, 0xB1, 0x11, 0x00, 0x00, 0x0F, 0xFF, 0xFF, 0xFF,
    0xFA, 0x00, 0x00, 0xFF, 0xFF, 0xFF, 0xFF, 0xA0, 0x00, 0x00, 0x0E, 0xFA, 0x00, 0x00, 0x00, 0x00,
    0x00, 0xEF, 0xA0, 0x00, 0x00, 0x00, 0x00, 0x0E, 0xFA, 0x00, 0x00, 0x00, 0x00, 0x00, 0xEF, 0xA0,
    0x00, 0x00, 0x00, 0x00, 0x0E, 0xFA, 0x00, 0x00, 0x00, 0x00, 0x00, 0xEF, 0xA0, 0x00, 0x00, 0x00,
    0x00, 0x0E, 0xFA, 0x00, 0x00, 0x00, 0x00, 0x9F, 0xFF, 0xFF, 0xFF, 0xFF, 0xFF, 0xA0, 0x9F, 0xFF,
    0xFF, 0xFF, 0xFF, 0xFF, 0xA0, 0x9F, 0xF3, 0x22, 0x22, 0x22, 0x22, 0x10, 0x9F, 0xF1, 0x00, 0x00,
    0x00, 0x00, 0x00, 0x9F, 0xF1, 0x00, 0x00, 0x00, 0x00, 0x00, 0x9F, 0xF1, 0x00, 0x00, 0x00, 0x00,
    0x00, 0x9F, 0xF1, 0x00, 0x00, 0x00, 0x00, 0x00, 0x9F, 0xF1, 0x00, 0x00, 0x00, 0x00, 0x00, 0x9F,
    0xF1, 0x00, 0x00, 0x00, 0x00, 0x00, 0x9F, 0xFF, 0xFF, 0xED, 0x93, 0x00, 0x00, 0x9F, 0xFF, 0xFF,
    0xFF, 0xFF, 0xB1, 0x00, 0x9F, 0xF4, 0x33, 0x47, 0xCF, 0xFD, 0x10, 0x9F, 0xF1, 0x00, 0x00, 0x07,
    0xFF, 0xA0, 0x9F, 0xF1, 0x00, 0x00, 0x00, 0xAF, 0xF2, 0x9F, 0xF1, 0x00, 0x00, 0x00, 0x2F, 0xF6,
    0x9F, 0xF1, 0x00, 0x00, 0x00, 0x0F, 0xF9, 0x9F, 0xF1, 0x00, 0x00, 0x00, 0x0D, 0xFA, 0x9F, 0xF1,
    0x00, 0x00, 0x00, 0x0E, 0xFA, 0x9F, 0xF1, 0x00, 0x00, 0x00, 0x0F, 0xF8, 0x9F, 0xF1, 0x00, 0x00,
    0x00, 0x3F, 0xF5, 0x00, 0x00, 0x00, 0x00, 0x00, 0xBF, 0xF0, 0x00, 0x00, 0x00, 0x00, 0x3B, 0xFF,
    0x70, 0x00, 0x00, 0x00, 0x0C, 0xFF, 0xF9, 0x00, 0x00, 0x00, 0x00, 0x0C, 0xEA, 0x40, 0x00, 0xFF,
    0xFF, 0xFF, 0xFF, 0xF5, 0x00, 0xFF, 0xFF, 0xFF, 0xFF, 0xF5, 0x00, 0xFF, 0x91, 0x11, 0x11, 0x10,
    0x00, 0xFF, 0x80, 0x00, 0x00, 0x00, 0x00, 0xFF, 0x80, 0x00, 0x00, 0x00, 0x00, 0xFF, 0x80, 0x00,
    0x00, 0x00, 0x00, 0xFF, 0xFF, 0xFD, 0xA4, 0x00, 0x00, 0xFF, 0xFF, 0xFF, 0xFF, 0xA0, 0x00, 0xFF,
    0xB3, 0x36, 0xCF, 0xFB, 0x00, 0xFF, 0x80, 0x00, 0x09, 0xFF, 0x60, 0xFF, 0x80, 0x00, 0x00, 0xEF,
    0xC0, 0xFF, 0x80, 0x00, 0x00, 0x9F, 0xF0, 0xFF, 0x80, 0x00, 0x00, 0x7F, 0xF1, 0xFF, 0x80, 0x00,
    0x00, 0x8F, 0xF0, 0xFF, 0x80, 0x00, 0x00, 0xCF, 0xC0, 0x00, 0x00, 0x00, 0x05, 0xFF, 0x50, 0x00,
    0x00, 0x01, 0x8F, 0xFC, 0x00, 0x00, 0x00, 0x0A, 0xFF, 0xC1, 0x00, 0x00, 0x00, 0x05, 0xD7, 0x00,
    0x00, 0x0C, 0xFF, 0x40, 0x00, 0x00, 0x07, 0xFF, 0x20, 0x00, 0x00, 0x0B, 0xFF, 0x60, 0x02, 0xFF,
    0xD0, 0x00, 0x00, 0x07, 0xFF, 0x20, 0x00, 0x00, 0x4F, 0xFB, 0x00, 0x00, 0x7F, 0xF7, 0x00, 0x00,
    0x07, 0xFF, 0x20, 0x00, 0x00, 0xDF, 0xF2, 0x00, 0x00, 0x0D, 0xFF, 0x20, 0x00, 0x07, 0xFF, 0x20,
    0x00, 0x07, 0xFF, 0x70, 0x00, 0x00, 0x03, 0xFF, 0xB0, 0x00, 0x07, 0xFF, 0x20, 0x00, 0x2F, 0xFC,
    0x00, 0x00, 0x00, 0x00, 0x8F, 0xF4, 0x00, 0x07, 0xFF, 0x20, 0x00, 0xBF, 0xF2, 0x00, 0x00, 0x00,
    0x00, 0x0D, 0xFD, 0x00, 0x07, 0xFF, 0x20, 0x04, 0xFF, 0x70, 0x00, 0x00, 0x00, 0x00, 0x04, 0xFF,
    0x70, 0x07, 0xFF, 0x20, 0x0D, 0xFD, 0x00, 0x00, 0x00, 0x00, 0x00, 0x00, 0x9F, 0xF4, 0x3A, 0xFF,
    0x53, 0x8F, 0xF3, 0x00, 0x00, 0x00, 0x00, 0x00, 0x00, 0x1F, 0xFF, 0xFF, 0xFF, 0xFF, 0xFF, 0xF0,
    0x00, 0x00, 0x00, 0x00, 0x00, 0x00, 0x8F, 0xFF, 0xFF, 0xFF, 0xFF, 0xFF, 0xF2, 0x00, 0x00, 0x00,
    0x00, 0x00, 0x02, 0xFF, 0xE1, 0x07, 0xFF, 0x20, 0x5F, 0xFC, 0x00, 0x00, 0x00, 0x00, 0x00, 0x0C,
    0xFF, 0x50, 0x07, 0xFF, 0x20, 0x0B, 0xFF, 0x60, 0x00, 0x00, 0x00, 0x00, 0x7F, 0xFB, 0x00, 0x07,
    0xFF, 0x20, 0x02, 0xFF, 0xF1, 0x00, 0x00, 0x00, 0x02, 0xFF, 0xF2, 0x00, 0x07, 0xFF, 0x20, 0x00,
    0x7F, 0xFB, 0x00, 0x00, 0x00, 0x0B, 0xFF, 0x70, 0x00, 0x07, 0xFF, 0x20, 0x00, 0x0D, 0xFF, 0x50,
    0x00, 0x00, 0x5F, 0xFD, 0x00, 0x00, 0x07, 0xFF, 0x20, 0x00, 0x03, 0xFF, 0xE1, 0x00, 0x01, 0xEF,
    0xF3, 0x00, 0x00, 0x07, 0xFF, 0x20, 0x00, 0x00, 0x9F, 0xFA, 0x00, 0x0A, 0xFF, 0x90, 0x00, 0x00,
    0x07, 0xFF, 0x20, 0x00, 0x00, 0x1E, 0xFF, 0xFF, 0x4F, 0xFE, 0x10, 0x00, 0x00, 0x07, 0xFF, 0x20,
    0x00, 0x00, 0x05, 0xFF, 0xFF, 0x00, 0x00, 0x00, 0x00, 0x00, 0x00, 0x00, 0x00, 0x00, 0x00, 0x00,
    0x09, 0xFF, 0x00, 0x00, 0x00, 0x00, 0x00, 0x00, 0x00, 0x00, 0x00, 0x00, 0x00, 0x09, 0xFF, 0x00,
    0x00, 0x00, 0x00, 0x00, 0x00, 0x00, 0x00, 0x00, 0x00, 0x00, 0x09, 0xFF, 0x00, 0x00, 0x00, 0x00,
    0x00, 0x00, 0x00, 0x00, 0x00, 0x00, 0x00, 0x09, 0xFF, 0x00, 0x00, 0x00, 0x00, 0x00, 0x00, 0x00,
    0x00, 0x00, 0x00, 0x00, 0x09, 0xFF, 0x0D, 0xFF, 0x30, 0x00, 0x09, 0xFF, 0x00, 0x00, 0x0D, 0xFF,
    0x30, 0x02, 0xFF, 0xD0, 0x00, 0x09, 0xFF, 0x00, 0x00, 0x7F, 0xF8, 0x00, 0x00, 0x7F, 0xF8, 0x00,
    0x09, 0xFF, 0x00, 0x02, 0xFF, 0xC0, 0x00, 0x00, 0x0B, 0xFF, 0x30, 0x09, 0xFF, 0x00, 0x0C, 0xFF,
    0x20, 0x00, 0x00, 0x01, 0xEF, 0xD0, 0x09, 0xFF, 0x00, 0x7F, 0xF6, 0x00, 0x00, 0x00, 0x00, 0x5F,
    0xF9, 0x3D, 0xFF, 0x35, 0xFF, 0xB0, 0x00, 0x00, 0x00, 0x00, 0x0D, 0xFF, 0xFF, 0xFF, 0xFF, 0xFF,
    0x10, 0x00, 0x00, 0x00, 0x00, 0x0E, 0xFF, 0xFF, 0xFF, 0xFF, 0xFF, 0x30, 0x00, 0x00, 0x00, 0x00,
    0x7F, 0xF5, 0x09, 0xFF, 0x01, 0xEF, 0xD0, 0x00, 0x00, 0x00, 0x02, 0xFF, 0xB0, 0x09, 0xFF, 0x00,
    0x6F, 0xF7, 0x00, 0x00, 0x00, 0x0C, 0xFF, 0x20, 0x09, 0xFF, 0x00, 0x0C, 0xFF, 0x20, 0x00, 0x00,
    0x7F, 0xF9, 0x00, 0x09, 0xFF, 0x00, 0x03, 0xFF, 0xC0, 0x00, 0x02, 0xFF, 0xE1, 0x00, 0x09, 0xFF,
    0x00, 0x00, 0xAF, 0xF7, 0x00, 0x0B, 0xFF, 0x60, 0x00, 0x09, 0xFF, 0x00, 0x00, 0x1F, 0xFF, 0xFF,
    0x6F, 0xFC, 0x00, 0x00, 0x09, 0xFF, 0x00, 0x00, 0x07, 0xFF, 0xFF, 0x00, 0x00, 0x00, 0x00, 0x00,
    0x00, 0x00, 0x00, 0x00, 0x09, 0xFF, 0x00, 0x00, 0x00, 0x00, 0x00, 0x00, 0x00, 0x00, 0x00, 0x09,
    0xFF, 0x00, 0x00, 0x00, 0x00, 0x00, 0x00, 0x00, 0x00, 0x00, 0x09, 0xFF, 0x00, 0x00, 0x00, 0x00,
    0x00, 0x00, 0x00, 0x00, 0x00, 0x09, 0xFF, 0x00, 0x00, 0x00, 0x00, 0x00, 0x00, 0x00, 0x00, 0x00,
    0x09, 0xFF, 0x00, 0x02, 0x8D, 0xFF, 0xEB, 0x71, 0x00, 0x00, 0x07, 0xFF, 0xFF, 0xFF, 0xFF, 0xE5,
    0x00, 0x06, 0xFF, 0xE7, 0x33, 0x49, 0xFF, 0xF3, 0x01, 0xFF, 0xE1, 0x00, 0x00, 0x04, 0xFF, 0xC0,
    0x6F, 0xF5, 0x00, 0x00, 0x00, 0x0A, 0xFF, 0x09, 0xFF, 0x10, 0x00, 0x00, 0x00, 0x8F, 0xF2, 0x00,
    0x00, 0x00, 0x00, 0x00, 0x0A, 0xFF, 0x00, 0x00, 0x00, 0x00, 0x00, 0x02, 0xFF, 0xA0, 0x00, 0x00,
    0x02, 0x23, 0x48, 0xFF, 0xD1, 0x00, 0x00, 0x00, 0xFF, 0xFF, 0xFF, 0x90, 0x00, 0x00, 0x00, 0x0F,
    0xFF, 0xFF, 0xFE, 0x60, 0x00, 0x00, 0x00, 0x00, 0x01, 0x4B, 0xFF, 0x70, 0x00, 0x00, 0x00, 0x00,
    0x00, 0x0B, 0xFF, 0x10, 0x00, 0x00, 0x00, 0x00, 0x00, 0x4F, 0xF5, 0xDF, 0xC0, 0x00, 0x00, 0x00,
    0x03, 0xFF, 0x7B, 0xFF, 0x10, 0x00, 0x00, 0x00, 0x6F, 0xF5, 0x5F, 0xFB, 0x00, 0x00, 0x00, 0x2E,
    0xFF, 0x00, 0xBF, 0xFD, 0x63, 0x24, 0x8F, 0xFF, 0x60, 0x00, 0xAF, 0xFF, 0xFF, 0xFF, 0xFF, 0x60,
    0x00, 0x00, 0x39, 0xDF, 0xFF, 0xB7, 0x10, 0x00, 0x00, 0x00, 0x00, 0x9F, 0xF0, 0x00, 0x00, 0x00,
    0x00, 0x00, 0x09, 0xFF, 0x00, 0x00, 0x00, 0x00, 0x00, 0x00, 0x9F, 0xF0, 0x00, 0x00, 0x00, 0x00,
    0x00, 0x09, 0xFF, 0x00, 0x00, 0x00, 0x00, 0x00, 0x00, 0x9F, 0xF0, 0x00, 0x00, 0x00, 0x00, 0x00,
    0x06, 0xCB, 0x00, 0x00, 0x00, 0x00, 0x29, 0xDF, 0xFE, 0xA5, 0x00, 0x06, 0xFF, 0xFF, 0xFF, 0xFF,
    0xA0, 0x2F, 0xFD, 0x51, 0x13, 0xCF, 0xF4, 0x7F, 0xF1, 0x00, 0x00, 0x1F, 0xF8, 0x00, 0x00, 0x00,
    0x00, 0x0F, 0xF8, 0x00, 0x00, 0x22, 0x24, 0xBF, 0xF1, 0x00, 0x06, 0xFF, 0xFF, 0xFD, 0x30, 0x00,
    0x05, 0xFF, 0xFF, 0xFF, 0x70, 0x00, 0x00, 0x00, 0x02, 0x9F, 0xF5, 0x00, 0x00, 0x00, 0x00, 0x0D,
    0xFB, 0xBF, 0xD0, 0x00, 0x00, 0x0B, 0xFD, 0x8F, 0xF3, 0x00, 0x00, 0x1E, 0xFB, 0x1F, 0xFE, 0x61,
    0x14, 0xCF, 0xF5, 0x04, 0xFF, 0xFF, 0xFF, 0xFF, 0x80, 0x00, 0x18, 0xFF, 0xFE, 0xA3, 0x00, 0x00,
    0x00, 0x9F, 0xF0, 0x00, 0x00, 0x00, 0x00, 0x9F, 0xF0, 0x00, 0x00, 0x00, 0x00, 0x9F, 0xF0, 0x00,
    0x00, 0x00, 0x00, 0x9F, 0xF0, 0x00, 0x00, 0x00, 0x00, 0x9F, 0xF0, 0x00, 0x00, 0x00, 0x00, 0x6C,
    0xB0, 0x00, 0x00, 0x9F, 0xF1, 0x00, 0x00, 0x00, 0x05, 0xFF, 0xE1, 0x9F, 0xF1, 0x00, 0x00, 0x00,
    0x2F, 0xFF, 0x30, 0x9F, 0xF1, 0x00, 0x00, 0x00, 0xDF, 0xF6, 0x00, 0x9F, 0xF1, 0x00, 0x00, 0x0B,
    0xFF, 0x90, 0x00, 0x9F, 0xF1, 0x00, 0x00, 0x7F, 0xFC, 0x00, 0x00, 0x9F, 0xF1, 0x00, 0x04, 0xFF,
    0xE1, 0x00, 0x00, 0x9F, 0xF1, 0x00, 0x2E, 0xFF, 0x40, 0x00, 0x00, 0x9F, 0xF1, 0x00, 0xCF, 0xF7,
    0x00, 0x00, 0x00, 0x9F, 0xF4, 0x3A, 0xFF, 0xA0, 0x00, 0x00, 0x00, 0x9F, 0xFF, 0xFF, 0xFF, 0x00,
    0x00, 0x00, 0x00, 0x9F, 0xFF, 0xFF, 0xFF, 0x60, 0x00, 0x00, 0x00, 0x9F, 0xF1, 0x02, 0xFF, 0xF3,
    0x00, 0x00, 0x00, 0x9F, 0xF1, 0x00, 0x5F, 0xFE, 0x10, 0x00, 0x00, 0x9F, 0xF1, 0x00, 0x08, 0xFF,
    0xB0, 0x00, 0x00, 0x9F, 0xF1, 0x00, 0x00, 0xBF, 0xF8, 0x00, 0x00, 0x9F, 0xF1, 0x00, 0x00, 0x1D,
    0xFF, 0x50, 0x00, 0x9F, 0xF1, 0x00, 0x00, 0x02, 0xFF, 0xF2, 0x00, 0x9F, 0xF1, 0x00, 0x00, 0x00,
    0x5F, 0xFD, 0x10, 0x9F, 0xF1, 0x00, 0x00, 0x00, 0x08, 0xFF, 0xFF, 0x9F, 0xF1, 0x00, 0x00, 0x00,
    0x00, 0xBF, 0xFF, 0x00, 0x00, 0x00, 0x00, 0x00, 0x00, 0x09, 0xFF, 0x00, 0x00, 0x00, 0x00, 0x00,
    0x00, 0x09, 0xFF, 0x00, 0x00, 0x00, 0x00, 0x00, 0x00, 0x09, 0xFF, 0x00, 0x00, 0x00, 0x00, 0x00,
    0x00, 0x09, 0xFF, 0x00, 0x00, 0x00, 0x00, 0x00, 0x00, 0x09, 0xFF, 0xDF, 0xA0, 0x00, 0x00, 0x1E,
    0xFE, 0x10, 0xDF, 0xA0, 0x00, 0x00, 0xCF, 0xF3, 0x00, 0xDF, 0xA0, 0x00, 0x08, 0xFF, 0x70, 0x00,
    0xDF, 0xA0, 0x00, 0x4F, 0xFA, 0x00, 0x00, 0xDF, 0xA0, 0x01, 0xEF, 0xD0, 0x00, 0x00, 0xDF, 0xA0,
    0x0B, 0xFF, 0x20, 0x00, 0x00, 0xDF, 0xE3, 0x8F, 0xF5, 0x00, 0x00, 0x00, 0xDF, 0xFF, 0xFF, 0xF0,
    0x00, 0x00, 0x00, 0xDF, 0xFF, 0xFF, 0xF5, 0x00, 0x00, 0x00, 0xDF, 0xA0, 0x1E, 0xFF, 0x30, 0x00,
    0x00, 0xDF, 0xA0, 0x03, 0xFF, 0xE1, 0x00, 0x00, 0xDF, 0xA0, 0x00, 0x5F, 0xFD, 0x00, 0x00, 0xDF,
    0xA0, 0x00, 0x07, 0xFF, 0xB0, 0x00, 0xDF, 0xA0, 0x00, 0x00, 0x9F, 0xFF, 0xFF, 0xDF, 0xA0, 0x00,
    0x00, 0x0B, 0xFF, 0xFF, 0x00, 0x00, 0x00, 0x00, 0x00, 0x09, 0xFF, 0x00, 0x00, 0x00, 0x00, 0x00,
    0x09, 0xFF, 0x00, 0x00, 0x00, 0x00, 0x00, 0x09, 0xFF, 0x00, 0x00, 0x00, 0x00, 0x00, 0x09, 0xFF,
    0x00, 0x00, 0x00, 0x00, 0x00, 0x09, 0xFF, 0xCF, 0xE0, 0x00, 0x00, 0x00, 0x07, 0xFF, 0x90, 0xCF,
    0xE0, 0x00, 0x00, 0x00, 0x0E, 0xFF, 0x10, 0xCF, 0xE0, 0x00, 0x00, 0x00, 0x7F, 0xF7, 0x00, 0xCF,
    0xE0, 0x00, 0x00, 0x00, 0xEF, 0xD0, 0x00, 0xCF, 0xE0, 0x00, 0x00, 0x07, 0xFF, 0x40, 0x00, 0xCF,
    0xE0, 0xBF, 0x50, 0x0E, 0xFB, 0x00, 0x00, 0xCF, 0xE0, 0xBF, 0x50, 0x7F, 0xF2, 0x00, 0x00, 0xCF,
    0xE0, 0xBF, 0x50, 0xEF, 0x80, 0x00, 0x00, 0xCF, 0xF3, 0xEF, 0x88, 0xFE, 0x00, 0x00, 0x00, 0xCF,
    0xFF, 0xFF, 0xFF, 0xFC, 0x00, 0x00, 0x00, 0xCF, 0xFF, 0xFF, 0xFF, 0xFE, 0x10, 0x00, 0x00, 0xCF,
    0xE0, 0xBF, 0x54, 0xFF, 0x90, 0x00, 0x00, 0xCF, 0xE0, 0xBF, 0x50, 0xCF, 0xF2, 0x00, 0x00, 0xCF,
    0xE0, 0xBF, 0x50, 0x3F, 0xFB, 0x00, 0x00, 0xCF, 0xE0, 0x00, 0x00, 0x0B, 0xFF, 0x40, 0x00, 0xCF,
    0xE0, 0x00, 0x00, 0x03, 0xFF, 0xD0, 0x00, 0xCF, 0xE0, 0x00, 0x00, 0x00, 0xAF, 0xF7, 0x00, 0xCF,
    0xE0, 0x00, 0x00, 0x00, 0x2F, 0xFF, 0x10, 0xCF, 0xE0, 0x00, 0x00, 0x00, 0x09, 0xFF, 0x90, 0xCF,
    0xE0, 0x00, 0x00, 0x00, 0x01, 0xFF, 0xF3, 0xEF, 0xA0, 0x00, 0x00, 0x01, 0xFF, 0xE0, 0xEF, 0xA0,
    0x00, 0x00, 0x09, 0xFF, 0x50, 0xEF, 0xA0, 0x00, 0x00, 0x2F, 0xFB, 0x00, 0xEF, 0xA0, 0x00, 0x00,
    0xAF, 0xF1, 0x00, 0xEF, 0xA0, 0xFF, 0x12, 0xFF, 0x70, 0x00, 0xEF, 0xA0, 0xFF, 0x1B, 0xFD, 0x00,
    0x00, 0xEF, 0xE3, 0xFF, 0x6F, 0xF3, 0x00, 0x00, 0xEF, 0xFF, 0xFF, 0xFF, 0xF0, 0x00, 0x00, 0xEF,
    0xFF, 0xFF, 0xFF, 0xF4, 0x00, 0x00, 0xEF, 0xA0, 0xFF, 0x1E, 0xFE, 0x10, 0x00, 0xEF, 0xA0, 0xFF,
    0x14, 0xFF, 0xA0, 0x00, 0xEF, 0xA0, 0xFF, 0x10, 0xAF, 0xF5, 0x00, 0xEF, 0xA0, 0x00, 0x00, 0x1F,
    0xFE, 0x10, 0xEF, 0xA0, 0x00, 0x00, 0x06, 0xFF, 0xB0, 0xEF, 0xA0, 0x00, 0x00, 0x00, 0xCF, 0xF6,
    0x00, 0x4F, 0xF5, 0x00, 0x00, 0x00, 0x02, 0xEF, 0xF3, 0x00, 0x04, 0xFF, 0x50, 0x00, 0x00, 0x00,
    0xCF, 0xF6, 0x00, 0x00, 0x4F, 0xF5, 0x00, 0x00, 0x00, 0xAF, 0xFA, 0x00, 0x0D, 0xFF, 0xFF, 0xFF,
    0xFD, 0x00, 0x6F, 0xFD, 0x00, 0x00, 0xDF, 0xFF, 0xFF, 0xFF, 0xD0, 0x3F, 0xFE, 0x20, 0x00, 0x01,
    0x16, 0xFF, 0x61, 0x11, 0x1E, 0xFF, 0x40, 0x00, 0x00, 0x00, 0x4F, 0xF5, 0x00, 0x0C, 0xFF, 0x80,
    0x00, 0x00, 0x00, 0x04, 0xFF, 0x50, 0x09, 0xFF, 0xB0, 0x00, 0x00, 0x00, 0x00, 0x4F, 0xF8, 0x36,
    0xFF, 0xD1, 0x00, 0x00, 0x00, 0x00, 0x04, 0xFF, 0xFF, 0xFF, 0xF3, 0x00, 0x00, 0x00, 0x00, 0x00,
    0x4F, 0xFF, 0xFF, 0xFF, 0xA0, 0x00, 0x00, 0x00, 0x00, 0x04, 0xFF, 0x50, 0x0C, 0xFF, 0x70, 0x00,
    0x00, 0x00, 0x00, 0x4F, 0xF5, 0x00, 0x1E, 0xFF, 0x40, 0x00, 0x00, 0x00, 0x04, 0xFF, 0x50, 0x00,
    0x4F, 0xFE, 0x10, 0x00, 0x00, 0x00, 0x4F, 0xF5, 0x00, 0x00, 0x7F, 0xFC, 0x00, 0x00, 0x00, 0x04,
    0xFF, 0x50, 0x00, 0x00, 0xAF, 0xF9, 0x00, 0x00, 0x00, 0x4F, 0xF5, 0x00, 0x00, 0x00, 0xCF, 0xF6,
    0x00, 0x00, 0x04, 0xFF, 0x50, 0x00, 0x00, 0x01, 0xEF, 0xF3, 0x00, 0x00, 0x4F, 0xF5, 0x00, 0x00,
    0x00, 0x04, 0xFF, 0xE1, 0x00, 0x04, 0xFF, 0x50, 0x00, 0x00, 0x00, 0x07, 0xFF, 0xC0, 0x00, 0x0B,
    0xFD, 0x00, 0x00, 0x00, 0x00, 0x00, 0x00, 0x0B, 0xFD, 0x00, 0x00, 0x00, 0x00, 0x00, 0x9F, 0xFF,
    0xFF, 0xFF, 0xF1, 0x00, 0x00, 0x00, 0x9F, 0xFF, 0xFF, 0xFF, 0xF1, 0x00, 0x00, 0x00, 0x01, 0x1C,
    0xFE, 0x11, 0x10, 0x00, 0x00, 0x00, 0x00, 0x0B, 0xFD, 0x00, 0x00, 0x00, 0x00, 0x00, 0x00, 0x0B,
    0xFD, 0x00, 0x00, 0x08, 0xFF, 0x70, 0x00, 0x0B, 0xFD, 0x00, 0x00, 0x4F, 0xFB, 0x00, 0x00, 0x0B,
    0xFD, 0x00, 0x01, 0xEF, 0xE1, 0x00, 0x00, 0x0B, 0xFD, 0x00, 0x0B, 0xFF, 0x30, 0x00, 0x00, 0x0B,
    0xFD, 0x00, 0x7F, 0xF6, 0x00, 0x00, 0x00, 0x0B, 0xFE, 0x14, 0xFF, 0xA0, 0x00, 0x00, 0x00, 0x0B,
    0xFF, 0xFF, 0xFF, 0x00, 0x00, 0x00, 0x00, 0x0B, 0xFF, 0xFF, 0xFF, 0x30, 0x00, 0x00, 0x00, 0x0B,
    0xFD, 0x01, 0xFF, 0xD0, 0x00, 0x00, 0x00, 0x0B, 0xFD, 0x00, 0x5F, 0xF9, 0x00, 0x00, 0x00, 0x0B,
    0xFD, 0x00, 0x0A, 0xFF, 0x50, 0x00, 0x00, 0x0B, 0xFD, 0x00, 0x00, 0xDF, 0xE1, 0x00, 0x00, 0x0B,
    0xFD, 0x00, 0x00, 0x3F, 0xFC, 0x00, 0x00, 0x0B, 0xFD, 0x00, 0x00, 0x08, 0xFF, 0x70, 0x00, 0x0B,
    0xFD, 0x00, 0x00, 0x00, 0xCF, 0xF3, 0x1F, 0xFF, 0xFF, 0xFF, 0xFF, 0x10, 0x00, 0x00, 0x00, 0x5F,
    0xFD, 0x11, 0xFF, 0xFF, 0xFF, 0xFF, 0xF1, 0x00, 0x00, 0x00, 0x2F, 0xFF, 0x30, 0x01, 0x11, 0x11,
    0x1A, 0xFF, 0x10, 0x00, 0x00, 0x0D, 0xFF, 0x60, 0x00, 0x00, 0x00, 0x00, 0x9F, 0xF1, 0x00, 0x00,
    0x0B, 0xFF, 0x90, 0x00, 0x00, 0x00, 0x00, 0x09, 0xFF, 0x10, 0x00, 0x07, 0xFF, 0xC0, 0x00, 0x00,
    0x00, 0x00, 0x00, 0x9F, 0xF1, 0x00, 0x04, 0xFF, 0xE1, 0x00, 0x00, 0x00, 0x00, 0x00, 0x09, 0xFF,
    0x10, 0x02, 0xEF, 0xF3, 0x00, 0x00, 0x00, 0x00, 0x00, 0x00, 0x9F, 0xF1, 0x00, 0xDF, 0xF7, 0x00,
    0x00, 0x00, 0x00, 0x00, 0x00, 0x09, 0xFF, 0x43, 0xAF, 0xFA, 0x00, 0x00, 0x00, 0x00, 0x00, 0x00,
    0x00, 0x9F, 0xFF, 0xFF, 0xFF, 0x00, 0x00, 0x00, 0x00, 0x00, 0x00, 0x00, 0x09, 0xFF, 0xFF, 0xFF,
    0xF6, 0x00, 0x00, 0x00, 0x00, 0x00, 0x00, 0x00, 0x9F, 0xF1, 0x02, 0xFF, 0xF3, 0x00, 0x00, 0x00,
    0x00, 0x00, 0x00, 0x09, 0xFF, 0x10, 0x05, 0xFF, 0xE1, 0x00, 0x00, 0x00, 0x00, 0x00, 0x00, 0x9F,
    0xF1, 0x00, 0x08, 0xFF, 0xB0, 0x00, 0x00, 0x00, 0x00, 0x00, 0x09, 0xFF, 0x10, 0x00, 0x0B, 0xFF,
    0x80, 0x00, 0x00, 0x00, 0x00, 0x00, 0x9F, 0xF1, 0x00, 0x00, 0x1D, 0xFF, 0x50, 0x00, 0x00, 0x00,
    0x00, 0x09, 0xFF, 0x10, 0x00, 0x00, 0x2F, 0xFF, 0x20, 0x00, 0x00, 0x00, 0x00, 0x9F, 0xF1, 0x00,
    0x00, 0x00, 0x5F, 0xFD, 0x10, 0x00, 0x00, 0x00, 0x09, 0xFF, 0x10, 0x00, 0x00, 0x00, 0x8F, 0xFB,
    0x00, 0x00, 0x00, 0x00, 0x9F, 0xF1, 0x00, 0x00, 0x00, 0x00, 0xBF, 0xF8, 0x2F, 0xFF, 0xFF, 0xFF,
    0xF0, 0x00, 0x00, 0x0B, 0xFF, 0x50, 0x2F, 0xFF, 0xFF, 0xFF, 0xF0, 0x00, 0x00, 0x7F, 0xF8, 0x00,
    0x01, 0x11, 0x11, 0x9F, 0xF0, 0x00, 0x03, 0xFF, 0xC0, 0x00, 0x00, 0x00, 0x00, 0x8F, 0xF0, 0x00,
    0x0D, 0xFE, 0x10, 0x00, 0x00, 0x00, 0x00, 0x8F, 0xF0, 0x00, 0xAF, 0xF3, 0x00, 0x00, 0x00, 0x00,
    0x00, 0x8F, 0xF0, 0x06, 0xFF, 0x70, 0x00, 0x00, 0x00, 0x00, 0x00, 0x8F, 0xF4, 0x4F, 0xFA, 0x00,
    0x00, 0x00, 0x00, 0x00, 0x00, 0x8F, 0xFF, 0xFF, 0xF1, 0x00, 0x00, 0x00, 0x00, 0x00, 0x00, 0x8F,
    0xFF, 0xFF, 0xFA, 0x00, 0x00, 0x00, 0x00, 0x00, 0x00, 0x8F, 0xF0, 0x0A, 0xFF, 0x80, 0x00, 0x00,
    0x00, 0x00, 0x00, 0x8F, 0xF0, 0x00, 0xCF, 0xF5, 0x00, 0x00, 0x00, 0x00, 0x00, 0x8F, 0xF0, 0x00,
    0x1E, 0xFF, 0x30, 0x00, 0x00, 0x00, 0x00, 0x8F, 0xF0, 0x00, 0x02, 0xFF, 0xE2, 0x00, 0x00, 0x00,
    0x00, 0x8F, 0xF0, 0x00, 0x00, 0x4F, 0xFD, 0x10, 0x00, 0x00, 0x00, 0x8F, 0xF0, 0x00, 0x00, 0x06,
    0xFF, 0xC0, 0xBF, 0xF0, 0x00, 0x00, 0x00, 0x00, 0x0F, 0xF9, 0x00, 0xBF, 0xF0, 0x00, 0x00, 0x00,
    0x00, 0x0F, 0xF9, 0x00, 0xBF, 0xF0, 0x00, 0x00, 0x00, 0x00, 0x0F, 0xF9, 0x00, 0xBF, 0xF0, 0x00,
    0x00, 0x00, 0x00, 0x0F, 0xF9, 0x00, 0xBF, 0xF0, 0x00, 0x00, 0x00, 0x00, 0x0F, 0xF9, 0x00, 0xBF,
    0xF0, 0x00, 0x00, 0x00, 0x00, 0x0F, 0xF9, 0x00, 0xBF, 0xF0, 0x00, 0x00, 0x00, 0x00, 0x0F, 0xF9,
    0x00, 0xBF, 0xF0, 0x00, 0x00, 0x00, 0x00, 0x0F, 0xF9, 0x00, 0xBF, 0xF2, 0x22, 0x22, 0x22, 0x22,
    0x2F, 0xF9, 0x00, 0xBF, 0xFF, 0xFF, 0xFF, 0xFF, 0xFF, 0xFF, 0xF9, 0x00, 0xBF, 0xFF, 0xFF, 0xFF,
    0xFF, 0xFF, 0xFF, 0xF9, 0x00, 0xBF, 0xF0, 0x00, 0x00, 0x00, 0x00, 0x0F, 0xF9, 0x00, 0xBF, 0xF0,
    0x00, 0x00, 0x00, 0x00, 0x0F, 0xF9, 0x00, 0xBF, 0xF0, 0x00, 0x00, 0x00, 0x00, 0x0F, 0xF9, 0x00,
    0xBF, 0xF0, 0x00, 0x00, 0x00, 0x00, 0x0F, 0xF9, 0x00, 0xBF, 0xF0, 0x00, 0x00, 0x00, 0x00, 0x0F,
    0xF9, 0x00, 0xBF, 0xF0, 0x00, 0x00, 0x00, 0x00, 0x0F, 0xF9, 0x00, 0xBF, 0xF0, 0x00, 0x00, 0x00,
    0x00, 0x0F, 0xF9, 0x00, 0xBF, 0xF0, 0x00, 0x00, 0x00, 0x00, 0x0F, 0xFF, 0xFF, 0xBF, 0xF0, 0x00,
    0x00, 0x00, 0x00, 0x0F, 0xFF, 0xFF, 0x00, 0x00, 0x00, 0x00, 0x00, 0x00, 0x00, 0x09, 0xFF, 0x00,
    0x00, 0x00, 0x00, 0x00, 0x00, 0x00, 0x09, 0xFF, 0x00, 0x00, 0x00, 0x00, 0x00, 0x00, 0x00, 0x09,
    0xFF, 0x00, 0x00, 0x00, 0x00, 0x00, 0x00, 0x00, 0x09, 0xFF, 0x00, 0x00, 0x00, 0x00, 0x00, 0x00,
    0x00, 0x09, 0xFF, 0xDF, 0xA0, 0x00, 0x00, 0x08, 0xFF, 0x00, 0xDF, 0xA0, 0x00, 0x00, 0x08, 0xFF,
    0x00, 0xDF, 0xA0, 0x00, 0x00, 0x08, 0xFF, 0x00, 0xDF, 0xA0, 0x00, 0x00, 0x08, 0xFF, 0x00, 0xDF,
    0xA0, 0x00, 0x00, 0x08, 0xFF, 0x00, 0xDF, 0xA0, 0x00, 0x00, 0x08, 0xFF, 0x00, 0xDF, 0xB0, 0x00,
    0x00, 0x09, 0xFF, 0x00, 0xDF, 0xFF, 0xFF, 0xFF, 0xFF, 0xFF, 0x00, 0xDF, 0xFF, 0xFF, 0xFF, 0xFF,
    0xFF, 0x00, 0xDF, 0xA0, 0x00, 0x00, 0x08, 0xFF, 0x00, 0xDF, 0xA0, 0x00, 0x00, 0x08, 0xFF, 0x00,
    0xDF, 0xA0, 0x00, 0x00, 0x08, 0xFF, 0x00, 0xDF, 0xA0, 0x00, 0x00, 0x08, 0xFF, 0x00, 0xDF, 0xA0,
    0x00, 0x00, 0x08, 0xFF, 0xFF, 0xDF, 0xA0, 0x00, 0x00, 0x08, 0xFF, 0xFF, 0x00, 0x00, 0x00, 0x00,
    0x00, 0x09, 0xFF, 0x00, 0x00, 0x00, 0x00, 0x00, 0x09, 0xFF, 0x00, 0x00, 0x00, 0x00, 0x00, 0x09,
    0xFF, 0x00, 0x00, 0x00, 0x00, 0x00, 0x09, 0xFF, 0x00, 0x00, 0x00, 0x00, 0x00, 0x09, 0xFF, 0xBF,
    0xF0, 0x00, 0x00, 0x00, 0x00, 0x0F, 0xFF, 0xFF, 0xFF, 0xFF, 0xFF, 0x5B, 0xFF, 0x00, 0x00, 0x00,
    0x00, 0x00, 0xFF, 0xFF, 0xFF, 0xFF, 0xFF, 0xF5, 0xBF, 0xF0, 0x00, 0x00, 0x00, 0x00, 0x0F, 0xFA,
    0x11, 0x11, 0x11, 0x11, 0x0B, 0xFF, 0x00, 0x00, 0x00, 0x00, 0x00, 0xFF, 0x90, 0x00, 0x00, 0x00,
    0x00, 0xBF, 0xF0, 0x00, 0x00, 0x00, 0x00, 0x0F, 0xF9, 0x00, 0x00, 0x00, 0x00, 0x0B, 0xFF, 0x00,
    0x00, 0x00, 0x00, 0x00, 0xFF, 0x90, 0x00, 0x00, 0x00, 0x00, 0xBF, 0xF0, 0x00, 0x00, 0x00, 0x00,
    0x0F, 0xF9, 0x00, 0x00, 0x00, 0x00, 0x0B, 0xFF, 0x00, 0x00, 0x00, 0x00, 0x00, 0xFF, 0x90, 0x00,
    0x00, 0x00, 0x00, 0xBF, 0xF2, 0x22, 0x22, 0x22, 0x22, 0x2F, 0xF9, 0x00, 0x00, 0x00, 0x00, 0x0B,
    0xFF, 0xFF, 0xFF, 0xFF, 0xFF, 0xFF, 0xFF, 0x90, 0x00, 0x00, 0x00, 0x00, 0xBF, 0xFF, 0xFF, 0xFF,
    0xFF, 0xFF, 0xFF, 0xF9, 0x00, 0x00, 0x00, 0x00, 0x0B, 0xFF, 0x00, 0x00, 0x00, 0x00, 0x00, 0xFF,
    0x90, 0x00, 0x00, 0x00, 0x00, 0xBF, 0xF0, 0x00, 0x00, 0x00, 0x00, 0x0F, 0xF9, 0x00, 0x00, 0x00,
    0x00, 0x0B, 0xFF, 0x00, 0x00, 0x00, 0x00, 0x00, 0xFF, 0x90, 0x00, 0x00, 0x00, 0x00, 0xBF, 0xF0,
    0x00, 0x00, 0x00, 0x00, 0x0F, 0xF9, 0x00, 0x00, 0x00, 0x00, 0x0B, 0xFF, 0x00, 0x00, 0x00, 0x00,
    0x00, 0xFF, 0x90, 0x00, 0x00, 0x00, 0x00, 0xBF, 0xF0, 0x00, 0x00, 0x00, 0x00, 0x0F, 0xF9, 0x00,
    0x00, 0x00, 0x00, 0x0B, 0xFF, 0x00, 0x00, 0x00, 0x00, 0x00, 0xFF, 0x90, 0x00, 0x00, 0x00, 0x00,
    0xBF, 0xF0, 0x00, 0x00, 0x00, 0x00, 0x0F, 0xF9, 0x00, 0x00, 0x00, 0x00, 0x0B, 0xFF, 0x00, 0x00,
    0x00, 0x00, 0x00, 0xFF, 0x90, 0x00, 0x00, 0x00, 0x00, 0xFF, 0x80, 0x00, 0x00, 0x0A, 0xFF, 0xFF,
    0xFF, 0xFF, 0xF8, 0x00, 0x00, 0x00, 0xAF, 0xFF, 0xFF, 0xFF, 0xFF, 0x80, 0x00, 0x00, 0x0A, 0xFF,
    0x11, 0x11, 0x1F, 0xF8, 0x00, 0x00, 0x00, 0xAF, 0xD0, 0x00, 0x00, 0xFF, 0x80, 0x00, 0x00, 0x0A,
    0xFD, 0x00, 0x00, 0x0F, 0xF8, 0x00, 0x00, 0x00, 0xAF, 0xD0, 0x00, 0x00, 0xFF, 0x90, 0x00, 0x00,
    0x0B, 0xFD, 0x00, 0x00, 0x0F, 0xFF, 0xFF, 0xFF, 0xFF, 0xFF, 0xD0, 0x00, 0x00, 0xFF, 0xFF, 0xFF,
    0xFF, 0xFF, 0xFD, 0x00, 0x00, 0x0F, 0xF8, 0x00, 0x00, 0x00, 0xAF, 0xD0, 0x00, 0x00, 0xFF, 0x80,
    0x00, 0x00, 0x0A, 0xFD, 0x00, 0x00, 0x0F, 0xF8, 0x00, 0x00, 0x00, 0xAF, 0xD0, 0x00, 0x00, 0xFF,
    0x80, 0x00, 0x00, 0x0A, 0xFD, 0x00, 0x00, 0x0F, 0xF8, 0x00, 0x00, 0x00, 0xAF, 0xD0, 0x00, 0x00,
    0xFF, 0x80, 0x00, 0x00, 0x0A, 0xFD, 0x00, 0x00, 0x00, 0x9F, 0xFF, 0xFF, 0xFF, 0xFF, 0xFF, 0xFF,
    0xF7, 0x00, 0x00, 0x00, 0x00, 0x00, 0x9F, 0xFF, 0xFF, 0xFF, 0xFF, 0xFF, 0xFF, 0xF7, 0x00, 0x00,
    0x00, 0x00, 0x00, 0x9F, 0xF3, 0x22, 0x22, 0x22, 0x22, 0x4F, 0xF7, 0x00, 0x00, 0x00, 0x00, 0x00,
    0x9F, 0xF0, 0x00, 0x00, 0x00, 0x00, 0x2F, 0xF7, 0x00, 0x00, 0x00, 0x00, 0x00, 0x9F, 0xF0, 0x00,
    0x00, 0x00, 0x00, 0x2F, 0xF7, 0x00, 0x00, 0x00, 0x00, 0x00, 0x9F, 0xF0, 0x00, 0x00, 0x00, 0x00,
    0x2F, 0xF7, 0x00, 0x00, 0x00, 0x00, 0x00, 0x9F, 0xF0, 0x00, 0x00, 0x00, 0x00, 0x2F, 0xF7, 0x00,
    0x00, 0x00, 0x00, 0x00, 0x9F, 0xF0, 0x00, 0x00, 0x00, 0x00, 0x2F, 0xF7, 0x00, 0x00, 0x00, 0x00,
    0x00, 0x9F, 0xF0, 0x00, 0x00, 0x00, 0x00, 0x2F, 0xF7, 0x00, 0x00, 0x00, 0x00, 0x00, 0x9F, 0xF0,
    0x00, 0x00, 0x00, 0x00, 0x2F, 0xFF, 0xFF, 0xEB, 0x71, 0x00, 0x00, 0x9F, 0xF0, 0x00, 0x00, 0x00,
    0x00, 0x2F, 0xFF, 0xFF, 0xFF, 0xFF, 0x60, 0x00, 0x9F, 0xF0, 0x00, 0x00, 0x00, 0x00, 0x2F, 0xFB,
    0x33, 0x58, 0xEF, 0xF8, 0x00, 0x9F, 0xF0, 0x00, 0x00, 0x00, 0x00, 0x2F, 0xF7, 0x00, 0x00, 0x1C,
    0xFF, 0x40, 0x9F, 0xF0, 0x00, 0x00, 0x00, 0x00, 0x2F, 0xF7, 0x00, 0x00, 0x01, 0xFF, 0xB0, 0x9F,
    0xF0, 0x00, 0x00, 0x00, 0x00, 0x2F, 0xF7, 0x00, 0x00, 0x00, 0x9F, 0xF0, 0x9F, 0xF0, 0x00, 0x00,
    0x00, 0x00, 0x2F, 0xF7, 0x00, 0x00, 0x00, 0x5F, 0xF3, 0x9F, 0xF0, 0x00, 0x00, 0x00, 0x00, 0x2F,
    0xF7, 0x00, 0x00, 0x00, 0x3F, 0xF4, 0x9F, 0xF0, 0x00, 0x00, 0x00, 0x00, 0x2F, 0xF7, 0x00, 0x00,
    0x00, 0x4F, 0xF3, 0x9F, 0xF0, 0x00, 0x00, 0x00, 0x00, 0x2F, 0xF7, 0x00, 0x00, 0x00, 0x6F, 0xF2,
    0x9F, 0xF0, 0x00, 0x00, 0x00, 0x00, 0x2F, 0xF7, 0x00, 0x00, 0x00, 0x9F, 0xF0, 0x00, 0x00, 0x00,
    0x00, 0x00, 0x00, 0x00, 0x00, 0x00, 0x00, 0x02, 0xFF, 0x90, 0x00, 0x00, 0x00, 0x00, 0x00, 0x00,
    0x00, 0x00, 0x00, 0x00, 0x4D, 0xFF, 0x20, 0x00, 0x00, 0x00, 0x00, 0x00, 0x00, 0x00, 0x00, 0x00,
    0x2F, 0xFF, 0xF4, 0x00, 0x00, 0x00, 0x00, 0x00, 0x00, 0x00, 0x00, 0x00, 0x00, 0x2F, 0xD8, 0x10,
    0x00, 0xFF, 0xFF, 0xFF, 0xFF, 0xFF, 0xFE, 0x00, 0x00, 0x00, 0x00, 0x00, 0xFF, 0xFF, 0xFF, 0xFF,
    0xFF, 0xFE, 0x00, 0x00, 0x00, 0x00, 0x00, 0xFF, 0x91, 0x11, 0x11, 0x1B, 0xFE, 0x00, 0x00, 0x00,
    0x00, 0x00, 0xFF, 0x80, 0x00, 0x00, 0x0A, 0xFE, 0x00, 0x00, 0x00, 0x00, 0x00, 0xFF, 0x80, 0x00,
    0x00, 0x0A, 0xFE, 0x00, 0x00, 0x00, 0x00, 0x00, 0xFF, 0x80, 0x00, 0x00, 0x0A, 0xFE, 0x00, 0x00,
    0x00, 0x00, 0x00, 0xFF, 0x80, 0x00, 0x00, 0x0A, 0xFF, 0xFF, 0xFD, 0xA5, 0x00, 0x00, 0xFF, 0x80,
    0x00, 0x00, 0x0A, 0xFF, 0xFF, 0xFF, 0xFF, 0xC2, 0x00, 0xFF, 0x80, 0x00, 0x00, 0x0A, 0xFF, 0x33,
    0x35, 0xBF, 0xFE, 0x10, 0xFF, 0x80, 0x00, 0x00, 0x0A, 0xFE, 0x00, 0x00, 0x05, 0xFF, 0xA0, 0xFF,
    0x80, 0x00, 0x00, 0x0A, 0xFE, 0x00, 0x00, 0x00, 0xAF, 0xF1, 0xFF, 0x80, 0x00, 0x00, 0x0A, 0xFE,
    0x00, 0x00, 0x00, 0x4F, 0xF4, 0xFF, 0x80, 0x00, 0x00, 0x0A, 0xFE, 0x00, 0x00, 0x00, 0x2F, 0xF5,
    0xFF, 0x80, 0x00, 0x00, 0x0A, 0xFE, 0x00, 0x00, 0x00, 0x3F, 0xF5, 0xFF, 0x80, 0x00, 0x00, 0x0A,
    0xFE, 0x00, 0x00, 0x00, 0x7F, 0xF1, 0x00, 0x00, 0x00, 0x00, 0x00, 0x00, 0x00, 0x00, 0x02, 0xEF,
    0xA0, 0x00, 0x00, 0x00, 0x00, 0x00, 0x00, 0x00, 0x00, 0x6E, 0xFF, 0x20, 0x00, 0x00, 0x00, 0x00,
    0x00, 0x00, 0x00, 0x05, 0xFF, 0xE3, 0x00, 0x00, 0x00, 0x00, 0x00, 0x00, 0x00, 0x00, 0x00, 0xD9,
    0x10, 0x00, 0x00, 0x00, 0x7C, 0xC0, 0x00, 0x4B, 0xEE, 0xB3, 0x00, 0x00, 0x01, 0xCF, 0xFD, 0x00,
    0x8F, 0xFF, 0xFF, 0xF6, 0x00, 0x00, 0xBF, 0xFA, 0x30, 0x5F, 0xFC, 0x56, 0xDF, 0xF3, 0x00, 0x5F,
    0xF8, 0x00, 0x0E, 0xFD, 0x00, 0x01, 0xEF, 0xC0, 0x0C, 0xFE, 0x00, 0x04, 0xFF, 0x70, 0x00, 0x08,
    0xFF, 0x21, 0xFF, 0x90, 0x00, 0x8F, 0xF2, 0x00, 0x00, 0x4F, 0xF6, 0x4F, 0xF6, 0x00, 0x0A, 0xFF,
    0x00, 0x00, 0x02, 0xFF, 0x86, 0xFF, 0x40, 0x00, 0xAF, 0xF0, 0x00, 0x00, 0x1F, 0xF8, 0x7F, 0xF3,
    0x00, 0x0B, 0xFF, 0x00, 0x00, 0x01, 0xFF, 0x97, 0xFF, 0x30, 0x00, 0xBF, 0xF0, 0x00, 0x00, 0x1F,
    0xF9, 0x7F, 0xF3, 0x00, 0x0A, 0xFF, 0x00, 0x00, 0x01, 0xFF, 0x86, 0xFF, 0x40, 0x00, 0x9F, 0xF0,
    0x00, 0x00, 0x2F, 0xF7, 0x4F, 0xF6, 0x00, 0x07, 0xFF, 0x30, 0x00, 0x04, 0xFF, 0x61, 0xFF, 0xA0,
    0x00, 0x2F, 0xF8, 0x00, 0x00, 0x9F, 0xF1, 0x0C, 0xFF, 0x10, 0x00, 0xCF, 0xF2, 0x00, 0x1F, 0xFC,
    0x00, 0x5F, 0xF9, 0x00, 0x02, 0xFF, 0xD1, 0x0B, 0xFF, 0x40, 0x00, 0xBF, 0xF8, 0x00, 0x06, 0xFF,
    0xFF, 0xFF, 0x90, 0x00, 0x01, 0xDF, 0xFD, 0x74, 0x4C, 0xFF, 0xFF, 0xF4, 0x21, 0x00, 0x01, 0xAF,
    0xFF, 0xFF, 0xFF, 0xFF, 0xFF, 0xFF, 0xB0, 0x00, 0x00, 0x39, 0xDF, 0xFE, 0xB6, 0x38, 0xBF, 0xFB,
    0x00, 0x00, 0x00, 0x00, 0x00, 0x00, 0x00, 0x00, 0x00, 0x00, 0x00, 0x00, 0x00, 0x00, 0x00, 0x00,
    0x00, 0x00, 0x00, 0x08, 0xE4, 0x01, 0xAF, 0xFC, 0x30, 0x00, 0x00, 0xCF, 0xF5, 0x0D, 0xFF, 0xFF,
    0xF2, 0x00, 0x09, 0xFF, 0x70, 0x8F, 0xF5, 0x3E, 0xFC, 0x00, 0x0F, 0xF9, 0x00, 0xEF, 0xA0, 0x07,
    0xFF, 0x20, 0x4F, 0xF4, 0x01, 0xFF, 0x70, 0x03, 0xFF, 0x50, 0x7F, 0xF1, 0x02, 0xFF, 0x50, 0x01,
    0xFF, 0x70, 0x7F, 0xF0, 0x03, 0xFF, 0x50, 0x00, 0xFF, 0x70, 0x7F, 0xF0, 0x02, 0xFF, 0x60, 0x00,
    0xFF, 0x70, 0x6F, 0xF2, 0x00, 0xFF, 0x80, 0x02, 0xFF, 0x60, 0x3F, 0xF5, 0x00, 0xCF, 0xD0, 0x06,
    0xFF, 0x30, 0x0E, 0xFC, 0x00, 0x6F, 0xF7, 0x0C, 0xFE, 0x00, 0x06, 0xFF, 0x60, 0x0C, 0xFF, 0xFF,
    0xF6, 0x00, 0x00, 0xCF, 0xF9, 0x44, 0xFF, 0xFF, 0xF4, 0x30, 0x00, 0x0C, 0xFF, 0xFF, 0xFF, 0xFF,
    0xFF, 0xF2, 0x00, 0x00, 0x6B, 0xEF, 0xEA, 0x57, 0xBE, 0xF2, 0x00, 0x00, 0x06, 0xBE, 0xFE, 0xC7,
    0x10, 0x00, 0x00, 0x03, 0xDF, 0xFF, 0xFF, 0xFF, 0xE4, 0x00, 0x00, 0x3F, 0xFF, 0x94, 0x34, 0x8E,
    0xFF, 0x40, 0x00, 0xEF, 0xF3, 0x00, 0x00, 0x02, 0xEF, 0xE0, 0x07, 0xFF, 0x50, 0x00, 0x00, 0x00,
    0x6F, 0xF5, 0x0D, 0xFD, 0x00, 0x00, 0x00, 0x00, 0x0F, 0xFA, 0x1F, 0xF8, 0x00, 0x00, 0x00, 0x00,
    0x0C, 0xFD, 0x4F, 0xF5, 0x00, 0x00, 0x00, 0x00, 0x00, 0x00, 0x5F, 0xF4, 0x00, 0x00, 0x00, 0x00,
    0x00, 0x00, 0x5F, 0xF4, 0x00, 0x00, 0x00, 0x00, 0x00, 0x00, 0x5F, 0xF4, 0x00, 0x00, 0x00, 0x00,
    0x00, 0x00, 0x5F, 0xF4, 0x00, 0x00, 0x00, 0x00, 0x00, 0x00, 0x4F, 0xF5, 0x00, 0x00, 0x00, 0x00,
    0x00, 0x00, 0x1F, 0xF8, 0x00, 0x00, 0x00, 0x00, 0x0C, 0xFD, 0x0D, 0xFD, 0x00, 0x00, 0x00, 0x00,
    0x0F, 0xFA, 0x07, 0xFF, 0x50, 0x00, 0x00, 0x00, 0x6F, 0xF5, 0x00, 0xEF, 0xE2, 0x00, 0x00, 0x02,
    0xEF, 0xD0, 0x00, 0x3F, 0xFF, 0x84, 0x24, 0x8E, 0xFF, 0x30, 0x00, 0x03, 0xEF, 0xFF, 0xFF, 0xFF,
    0xE3, 0x00, 0x00, 0x00, 0x07, 0xCF, 0xFF, 0xC6, 0x10, 0x00, 0x00, 0x00, 0x00, 0x09, 0xFF, 0x00,
    0x00, 0x00, 0x00, 0x00, 0x00, 0x09, 0xFF, 0x00, 0x00, 0x00, 0x00, 0x00, 0x00, 0x09, 0xFF, 0x00,
    0x00, 0x00, 0x00, 0x00, 0x00, 0x09, 0xFF, 0x00, 0x00, 0x00, 0x00, 0x00, 0x00, 0x09, 0xFF, 0x00,
    0x00, 0x00, 0x00, 0x00, 0x00, 0x06, 0xCB, 0x00, 0x00, 0x00, 0x00, 0x02, 0x9D, 0xFE, 0xC7, 0x00,
    0x00, 0x06, 0xFF, 0xFF, 0xFF, 0xFE, 0x20, 0x05, 0xFF, 0xC4, 0x12, 0x7F, 0xFD, 0x00, 0xEF, 0xD0,
    0x00, 0x00, 0x4F, 0xF6, 0x5F, 0xF5, 0x00, 0x00, 0x00, 0xCF, 0xA8, 0xFF, 0x00, 0x00, 0x00, 0x00,
    0x00, 0xAF, 0xE0, 0x00, 0x00, 0x00, 0x00, 0x0B, 0xFC, 0x00, 0x00, 0x00, 0x00, 0x00, 0xAF, 0xD0,
    0x00, 0x00, 0x00, 0x00, 0x08, 0xFF, 0x00, 0x00, 0x00, 0x00, 0x00, 0x5F, 0xF5, 0x00, 0x00, 0x00,
    0xCF, 0xA0, 0xEF, 0xC0, 0x00, 0x00, 0x4F, 0xF5, 0x05, 0xFF, 0xC4, 0x22, 0x7F, 0xFC, 0x00, 0x06,
    0xFF, 0xFF, 0xFF, 0xFC, 0x10, 0x00, 0x02, 0x9F, 0xFF, 0xC6, 0x00, 0x00, 0x00, 0x00, 0x9F, 0xF0,
    0x00, 0x00, 0x00, 0x00, 0x09, 0xFF, 0x00, 0x00, 0x00, 0x00, 0x00, 0x9F, 0xF0, 0x00, 0x00, 0x00,
    0x00, 0x09, 0xFF, 0x00, 0x00, 0x00, 0x00, 0x00, 0x9F, 0xF0, 0x00, 0x00, 0x00, 0x00, 0x06, 0xCB,
    0x00, 0x00, 0x00, 0x5F, 0xFF, 0xFF, 0xFF, 0xFF, 0xFF, 0xFF, 0xFF, 0x15, 0xFF, 0xFF, 0xFF, 0xFF,
    0xFF, 0xFF, 0xFF, 0xF1, 0x02, 0x22, 0x22, 0x2F, 0xFD, 0x22, 0x22, 0x22, 0x00, 0x00, 0x00, 0x00,
    0xFF, 0xA0, 0x00, 0x00, 0x00, 0x00, 0x00, 0x00, 0x0F, 0xFA, 0x00, 0x00, 0x00, 0x00, 0x00, 0x00,
    0x00, 0xFF, 0xA0, 0x00, 0x00, 0x00, 0x00, 0x00, 0x00, 0x0F, 0xFA, 0x00, 0x00, 0x00, 0x00, 0x00,
    0x00, 0x00, 0xFF, 0xA0, 0x00, 0x00, 0x00, 0x00, 0x00, 0x00, 0x0F, 0xFA, 0x00, 0x00, 0x00, 0x00,
    0x00, 0x00, 0x00, 0xFF, 0xA0, 0x00, 0x00, 0x00, 0x00, 0x00, 0x00, 0x0F, 0xFA, 0x00, 0x00, 0x00,
    0x00, 0x00, 0x00, 0x00, 0xFF, 0xA0, 0x00, 0x00, 0x00, 0x00, 0x00, 0x00, 0x0F, 0xFA, 0x00, 0x00,
    0x00, 0x00, 0x00, 0x00, 0x00, 0xFF, 0xA0, 0x00, 0x00, 0x00, 0x00, 0x00, 0x00, 0x0F, 0xFA, 0x00,
    0x00, 0x00, 0x00, 0x00, 0x00, 0x00, 0xFF, 0xA0, 0x00, 0x00, 0x00, 0x00, 0x00, 0x00, 0x0F, 0xFA,
    0x00, 0x00, 0x00, 0x00, 0x00, 0x00, 0x00, 0xFF, 0xA0, 0x00, 0x00, 0x00, 0x00, 0x00, 0x00, 0x0F,
    0xFF, 0xFF, 0x00, 0x00, 0x00, 0x00, 0x00, 0x00, 0xFF, 0xFF, 0xF0, 0x00, 0x00, 0x00, 0x00, 0x00,
    0x00, 0x09, 0xFF, 0x00, 0x00, 0x00, 0x00, 0x00, 0x00, 0x00, 0x9F, 0xF0, 0x00, 0x00, 0x00, 0x00,
    0x00, 0x00, 0x09, 0xFF, 0x00, 0x00, 0x00, 0x00, 0x00, 0x00, 0x00, 0x9F, 0xF0, 0x00, 0x00, 0x00,
    0x00, 0x00, 0x00, 0x09, 0xFF, 0x00, 0x00, 0x00, 0x7F, 0xFF, 0xFF, 0xFF, 0xFF, 0xFF, 0xE7, 0xFF,
    0xFF, 0xFF, 0xFF, 0xFF, 0xFE, 0x00, 0x00, 0x0A, 0xFF, 0x00, 0x00, 0x00, 0x00, 0x00, 0x9F, 0xF0,
    0x00, 0x00, 0x00, 0x00, 0x09, 0xFF, 0x00, 0x00, 0x00, 0x00, 0x00, 0x9F, 0xF0, 0x00, 0x00, 0x00,
    0x00, 0x09, 0xFF, 0x00, 0x00, 0x00, 0x00, 0x00, 0x9F, 0xF0, 0x00, 0x00, 0x00, 0x00, 0x09, 0xFF,
    0x00, 0x00, 0x00, 0x00, 0x00, 0x9F, 0xF0, 0x00, 0x00, 0x00, 0x00, 0x09, 0xFF, 0x00, 0x00, 0x00,
    0x00, 0x00, 0x9F, 0xF0, 0x00, 0x00, 0x00, 0x00, 0x09, 0xFF, 0x00, 0x00, 0x00, 0x00, 0x00, 0x9F,
    0xFF, 0xF0, 0x00, 0x00, 0x00, 0x09, 0xFF, 0xFF, 0x00, 0x00, 0x00, 0x00, 0x00, 0x9F, 0xF0, 0x00,
    0x00, 0x00, 0x00, 0x09, 0xFF, 0x00, 0x00, 0x00, 0x00, 0x00, 0x9F, 0xF0, 0x00, 0x00, 0x00, 0x00,
    0x09, 0xFF, 0x00, 0x00, 0x00, 0x00, 0x00, 0x9F, 0xF0, 0x00, 0x8F, 0xF7, 0x00, 0x00, 0x00, 0x00,
    0x0A, 0xFF, 0x40, 0xEF, 0xF1, 0x00, 0x00, 0x00, 0x03, 0xFF, 0xC0, 0x06, 0xFF, 0x80, 0x00, 0x00,
    0x00, 0xBF, 0xF3, 0x00, 0x0D, 0xFF, 0x10, 0x00, 0x00, 0x3F, 0xFA, 0x00, 0x00, 0x5F, 0xF8, 0x00,
    0x00, 0x0B, 0xFF, 0x20, 0x00, 0x00, 0xCF, 0xF1, 0x00, 0x04, 0xFF, 0x80, 0x00, 0x00, 0x03, 0xFF,
    0x90, 0x00, 0xCF, 0xE1, 0x00, 0x00, 0x00, 0x0B, 0xFF, 0x10, 0x4F, 0xF7, 0x00, 0x00, 0x00, 0x00,
    0x2F, 0xF9, 0x0C, 0xFE, 0x00, 0x00, 0x00, 0x00, 0x00, 0x9F, 0xF7, 0xFF, 0x50, 0x00, 0x00, 0x00,
    0x00, 0x01, 0xFF, 0xFF, 0xC0, 0x00, 0x00, 0x00, 0x00, 0x00, 0x08, 0xFF, 0xF4, 0x00, 0x00, 0x00,
    0x00, 0x00, 0x00, 0x0F, 0xFC, 0x00, 0x00, 0x00, 0x00, 0x00, 0x00, 0x00, 0xFF, 0xB0, 0x00, 0x00,
    0x00, 0x00, 0x00, 0x00, 0x0F, 0xFB, 0x00, 0x00, 0x00, 0x00, 0x00, 0x00, 0x00, 0xFF, 0xB0, 0x00,
    0x00, 0x00, 0x00, 0x00, 0x00, 0x0F, 0xFB, 0x00, 0x00, 0x00, 0x00, 0x00, 0x00, 0x00, 0xFF, 0xB0,
    0x00, 0x00, 0x00, 0x00, 0x00, 0x00, 0x0F, 0xFB, 0x00, 0x00, 0x00, 0x00, 0x00, 0x00, 0x00, 0xFF,
    0xB0, 0x00, 0x00, 0x00, 0x2F, 0xF6, 0x00, 0x00, 0x00, 0x3F, 0xF6, 0x0D, 0xFC, 0x00, 0x00, 0x00,
    0x8F, 0xF0, 0x07, 0xFF, 0x10, 0x00, 0x00, 0xDF, 0xA0, 0x01, 0xFF, 0x70, 0x00, 0x03, 0xFF, 0x40,
    0x00, 0xBF, 0xC0, 0x00, 0x08, 0xFE, 0x00, 0x00, 0x5F, 0xF2, 0x00, 0x0E, 0xF9, 0x00, 0x00, 0x0F,
    0xF7, 0x00, 0x3F, 0xF3, 0x00, 0x00, 0x0A, 0xFD, 0x00, 0x9F, 0xD0, 0x00, 0x00, 0x04, 0xFF, 0x20,
    0xEF, 0x70, 0x00, 0x00, 0x00, 0xEF, 0x83, 0xFF, 0x20, 0x00, 0x00, 0x00, 0x8F, 0xD9, 0xFC, 0x00,
    0x00, 0x00, 0x00, 0x2F, 0xFF, 0xF6, 0x00, 0x00, 0x00, 0x00, 0x0D, 0xFF, 0xF1, 0x00, 0x00, 0x00,
    0x00, 0x08, 0xFF, 0xE0, 0x00, 0x00, 0x00, 0x00, 0x04, 0xFF, 0xB0, 0x00, 0x00, 0x00, 0x00, 0x02,
    0xFF, 0x60, 0x00, 0x00, 0x00, 0x00, 0x02, 0xFF, 0x60, 0x00, 0x00, 0x00, 0x00, 0x02, 0xFF, 0x60,
    0x00, 0x00, 0x00, 0x00, 0x02, 0xFF, 0x60, 0x00, 0x00, 0x00, 0x00, 0x02, 0xFF, 0x60, 0x00, 0x00,
    0x00, 0x00, 0x02, 0xFF, 0x60, 0x00, 0x00, 0x8F, 0xF7, 0x00, 0x00, 0x00, 0x00, 0x0A, 0xFF, 0x40,
    0xEF, 0xE0, 0x00, 0x00, 0x00, 0x03, 0xFF, 0xC0, 0x07, 0xFF, 0x80, 0x00, 0x00, 0x00, 0xBF, 0xF3,
    0x00, 0x0E, 0xFF, 0x10, 0x00, 0x00, 0x3F, 0xFA, 0x00, 0x00, 0x5F, 0xF8, 0x00, 0x00, 0x0B, 0xFF,
    0x20, 0x00, 0x00, 0xDF, 0xF1, 0x00, 0x03, 0xFF, 0x90, 0x00, 0x00, 0x04, 0xFF, 0x80, 0x00, 0xBF,
    0xF1, 0x00, 0x00, 0x00, 0x0B, 0xFF, 0x10, 0x4F, 0xF8, 0x00, 0x00, 0x00, 0x00, 0x3F, 0xF8, 0x0C,
    0xFE, 0x00, 0x00, 0x00, 0x00, 0x00, 0xAF, 0xF5, 0xFF, 0x60, 0x00, 0x00, 0x00, 0x00, 0x13, 0xFF,
    0xFF, 0xF1, 0x00, 0x00, 0x00, 0x00, 0x0E, 0xFF, 0xFF, 0xFF, 0xFC, 0x00, 0x00, 0x00, 0x00, 0xEF,
    0xFF, 0xFF, 0xFF, 0xC0, 0x00, 0x00, 0x00, 0x00, 0x00, 0xFF, 0xB0, 0x00, 0x00, 0x00, 0x00, 0x00,
    0x00, 0x0F, 0xFB, 0x00, 0x00, 0x00, 0x00, 0x00, 0x00, 0x00, 0xFF, 0xB0, 0x00, 0x00, 0x00, 0x00,
    0x00, 0x00, 0x0F, 0xFB, 0x00, 0x00, 0x00, 0x00, 0x00, 0x00, 0x00, 0xFF, 0xB0, 0x00, 0x00, 0x00,
    0x00, 0x00, 0x00, 0x0F, 0xFB, 0x00, 0x00, 0x00, 0x00, 0x00, 0x00, 0x00, 0xFF, 0xB0, 0x00, 0x00,
    0x00, 0x2F, 0xF6, 0x00, 0x00, 0x00, 0x3F, 0xF6, 0x0C, 0xFC, 0x00, 0x00, 0x00, 0x8F, 0xF0, 0x06,
    0xFF, 0x20, 0x00, 0x00, 0xEF, 0xA0, 0x01, 0xFF, 0x70, 0x00, 0x03, 0xFF, 0x40, 0x00, 0xAF, 0xD0,
    0x00, 0x09, 0xFE, 0x00, 0x00, 0x4F, 0xF3, 0x00, 0x0E, 0xF8, 0x00, 0x00, 0x0E, 0xF8, 0x00, 0x4F,
    0xF2, 0x00, 0x00, 0x09, 0xFE, 0x00, 0xAF, 0xC0, 0x00, 0x00, 0x03, 0xFF, 0x40, 0xFF, 0x60, 0x00,
    0x00, 0x00, 0xDF, 0x95, 0xFF, 0x10, 0x00, 0x00, 0x00, 0x7F, 0xFB, 0xFA, 0x00, 0x00, 0x00, 0x00,
    0x1F, 0xFF, 0xF4, 0x00, 0x00, 0x00, 0x01, 0x1C, 0xFF, 0xF1, 0x10, 0x00, 0x00, 0x2F, 0xFF, 0xFF,
    0xFF, 0xF8, 0x00, 0x00, 0x2F, 0xFF, 0xFF, 0xFF, 0xF8, 0x00, 0x00, 0x00, 0x02, 0xFF, 0x60, 0x00,
    0x00, 0x00, 0x00, 0x02, 0xFF, 0x60, 0x00, 0x00, 0x00, 0x00, 0x02, 0xFF, 0x60, 0x00, 0x00, 0x00,
    0x00, 0x02, 0xFF, 0x60, 0x00, 0x00, 0x00, 0x00, 0x02, 0xFF, 0x60, 0x00, 0x00, 0x00, 0x00, 0x02,
    0xFF, 0x60, 0x00, 0x00, 0x0B, 0xFF, 0x50, 0x00, 0x00, 0x00, 0x0B, 0xFF, 0x50, 0x2F, 0xFE, 0x00,
    0x00, 0x00, 0x05, 0xFF, 0xB0, 0x00, 0x7F, 0xF9, 0x00, 0x00, 0x00, 0xEF, 0xF2, 0x00, 0x00, 0xDF,
    0xF3, 0x00, 0x00, 0x9F, 0xF7, 0x00, 0x00, 0x03, 0xFF, 0xD0, 0x00, 0x3F, 0xFC, 0x00, 0x00, 0x00,
    0x09, 0xFF, 0x70, 0x0D, 0xFF, 0x30, 0x00, 0x00, 0x00, 0x0E, 0xFF, 0x17, 0xFF, 0x80, 0x00, 0x00,
    0x00, 0x00, 0x4F, 0xFC, 0xFF, 0xD0, 0x00, 0x00, 0x00, 0x00, 0x00, 0xAF, 0xFF, 0xF4, 0x00, 0x00,
    0x00, 0x00, 0x00, 0x01, 0xFF, 0xFA, 0x00, 0x00, 0x00, 0x00, 0x00, 0x00, 0x2F, 0xFF, 0xB0, 0x00,
    0x00, 0x00, 0x00, 0x00, 0x0C, 0xFF, 0xFF, 0x60, 0x00, 0x00, 0x00, 0x00, 0x06, 0xFF, 0xAE, 0xFE,
    0x10, 0x00, 0x00, 0x00, 0x01, 0xFF, 0xE1, 0x5F, 0xFA, 0x00, 0x00, 0x00, 0x00, 0xBF, 0xF5, 0x00,
    0xBF, 0xF4, 0x00, 0x00, 0x00, 0x5F, 0xFB, 0x00, 0x02, 0xFF, 0xE0, 0x00, 0x00, 0x1E, 0xFF, 0x20,
    0x00, 0x07, 0xFF, 0x90, 0x00, 0x09, 0xFF, 0x70, 0x00, 0x00, 0x0D, 0xFF, 0x30, 0x04, 0xFF, 0xD0,
    0x00, 0x00, 0x00, 0x3F, 0xFF, 0xF0, 0xDF, 0xF3, 0x00, 0x00, 0x00, 0x00, 0x9F, 0xFF, 0x00, 0x00,
    0x00, 0x00, 0x00, 0x00, 0x00, 0x9F, 0xF0, 0x00, 0x00, 0x00, 0x00, 0x00, 0x00, 0x09, 0xFF, 0x00,
    0x00, 0x00, 0x00, 0x00, 0x00, 0x00, 0x9F, 0xF0, 0x00, 0x00, 0x00, 0x00, 0x00, 0x00, 0x09, 0xFF,
    0x00, 0x00, 0x00, 0x00, 0x00, 0x00, 0x00, 0x9F, 0xF0, 0x0E, 0xFE, 0x00, 0x00, 0x02, 0xFF, 0xC0,
    0x04, 0xFF, 0x80, 0x00, 0x0B, 0xFF, 0x20, 0x00, 0xAF, 0xF2, 0x00, 0x5F, 0xF7, 0x00, 0x00, 0x1E,
    0xFB, 0x00, 0xEF, 0xD0, 0x00, 0x00, 0x05, 0xFF, 0x48, 0xFF, 0x30, 0x00, 0x00, 0x00, 0xBF, 0xEF,
    0xF8, 0x00, 0x00, 0x00, 0x00, 0x1F, 0xFF, 0xD0, 0x00, 0x00, 0x00, 0x00, 0x09, 0xFF, 0x70, 0x00,
    0x00, 0x00, 0x00, 0x3F, 0xFF, 0xE1, 0x00, 0x00, 0x00, 0x00, 0xCF, 0xDE, 0xFA, 0x00, 0x00, 0x00,
    0x07, 0xFF, 0x46, 0xFF, 0x50, 0x00, 0x00, 0x2F, 0xFA, 0x00, 0xCF, 0xE1, 0x00, 0x00, 0xCF, 0xF1,
    0x00, 0x2F, 0xFA, 0x00, 0x07, 0xFF, 0x60, 0x00, 0x09, 0xFF, 0xFF, 0x2F, 0xFC, 0x00, 0x00, 0x00,
    0xEF, 0xFF, 0x00, 0x00, 0x00, 0x00, 0x00, 0x09, 0xFF, 0x00, 0x00, 0x00, 0x00, 0x00, 0x09, 0xFF,
    0x00, 0x00, 0x00, 0x00, 0x00, 0x09, 0xFF, 0x00, 0x00, 0x00, 0x00, 0x00, 0x09, 0xFF, 0x00, 0x00,
    0x00, 0x00, 0x00, 0x09, 0xFF, 0x4F, 0xFF, 0xFF, 0xFF, 0xFF, 0xFF, 0xFB, 0x00, 0x00, 0xBF, 0xF0,
    0x00, 0x4F, 0xFF, 0xFF, 0xFF, 0xFF, 0xFF, 0xFB, 0x00, 0x00, 0xBF, 0xF0, 0x00, 0x01, 0x11, 0x13,
    0xFF, 0x91, 0x11, 0x10, 0x00, 0x00, 0xBF, 0xF0, 0x00, 0x00, 0x00, 0x02, 0xFF, 0x70, 0x00, 0x00,
    0x00, 0x00, 0xBF, 0xF0, 0x00, 0x00, 0x00, 0x02, 0xFF, 0x70, 0x00, 0x00, 0x00, 0x00, 0xBF, 0xF0,
    0x00, 0x00, 0x00, 0x02, 0xFF, 0x70, 0x00, 0x00, 0x00, 0x00, 0xBF, 0xF0, 0x00, 0x00, 0x00, 0x02,
    0xFF, 0x70, 0x00, 0x00, 0x00, 0x00, 0xBF, 0xF0, 0x00, 0x00, 0x00, 0x02, 0xFF, 0x70, 0x00, 0x00,
    0x00, 0x00, 0xBF, 0xF0, 0x00, 0x00, 0x00, 0x02, 0xFF, 0x70, 0x00, 0x00, 0x00, 0x00, 0xBF, 0xF0,
    0x00, 0x00, 0x00, 0x02, 0xFF, 0x70, 0x00, 0x00, 0x00, 0x00, 0xBF, 0xF0, 0x00, 0x00, 0x00, 0x02,
    0xFF, 0x70, 0x00, 0x00, 0x00, 0x00, 0xBF, 0xF0, 0x00, 0x00, 0x00, 0x02, 0xFF, 0x70, 0x00, 0x00,
    0x00, 0x00, 0xBF, 0xF0, 0x00, 0x00, 0x00, 0x02, 0xFF, 0x70, 0x00, 0x00, 0x00, 0x00, 0xBF, 0xF0,
    0x00, 0x00, 0x00, 0x02, 0xFF, 0x70, 0x00, 0x00, 0x00, 0x00, 0xBF, 0xF0, 0x00, 0x00, 0x00, 0x02,
    0xFF, 0x70, 0x00, 0x00, 0x00, 0x00, 0xBF, 0xF0, 0x00, 0x00, 0x00, 0x02, 0xFF, 0x70, 0x00, 0x00,
    0x00, 0x00, 0xBF, 0xF0, 0x00, 0x00, 0x00, 0x02, 0xFF, 0x70, 0x00, 0x00, 0x00, 0x00, 0xBF, 0xF0,
    0x00, 0x00, 0x00, 0x02, 0xFF, 0x82, 0x22, 0x22, 0x22, 0x22, 0xDF, 0xF3, 0x30, 0x00, 0x00, 0x02,
    0xFF, 0xFF, 0xFF, 0xFF, 0xFF, 0xFF, 0xFF, 0xFF, 0xF0, 0x00, 0x00, 0x02, 0xFF, 0xFF, 0xFF, 0xFF,
    0xFF, 0xFF, 0xFF, 0xFF, 0xF0, 0x00, 0x00, 0x00, 0x00, 0x00, 0x00, 0x00, 0x00, 0x00, 0x00, 0x9F,
    0xE0, 0x00, 0x00, 0x00, 0x00, 0x00, 0x00, 0x00, 0x00, 0x00, 0x00, 0x9F, 0xE0, 0x00, 0x00, 0x00,
    0x00, 0x00, 0x00, 0x00, 0x00, 0x00, 0x00, 0x9F, 0xD0, 0x00, 0x00, 0x00, 0x00, 0x00, 0x00, 0x00,
    0x00, 0x00, 0x00, 0x9F, 0xD0, 0x00, 0x00, 0x00, 0x00, 0x00, 0x00, 0x00, 0x00, 0x00, 0x00, 0x9F,
    0xC0, 0x9F, 0xFF, 0xFF, 0xFF, 0xFF, 0x10, 0x07, 0xFF, 0x00, 0x9F, 0xFF, 0xFF, 0xFF, 0xFF, 0x10,
    0x07, 0xFF, 0x00, 0x01, 0x11, 0xEF, 0xC1, 0x11, 0x00, 0x07, 0xFF, 0x00, 0x00, 0x00, 0xDF, 0xB0,
    0x00, 0x00, 0x07, 0xFF, 0x00, 0x00, 0x00, 0xDF, 0xB0, 0x00, 0x00, 0x07, 0xFF, 0x00, 0x00, 0x00,
    0xDF, 0xB0, 0x00, 0x00, 0x07, 0xFF, 0x00, 0x00, 0x00, 0xDF, 0xB0, 0x00, 0x00, 0x07, 0xFF, 0x00,
    0x00, 0x00, 0xDF, 0xB0, 0x00, 0x00, 0x07, 0xFF, 0x00, 0x00, 0x00, 0xDF, 0xB0, 0x00, 0x00, 0x07,
    0xFF, 0x00, 0x00, 0x00, 0xDF, 0xB0, 0x00, 0x00, 0x07, 0xFF, 0x00, 0x00, 0x00, 0xDF, 0xB0, 0x00,
    0x00, 0x07, 0xFF, 0x00, 0x00, 0x00, 0xDF, 0xB0, 0x00, 0x00, 0x07, 0xFF, 0x00, 0x00, 0x00, 0xDF,
    0xB1, 0x11, 0x11, 0x19, 0xFF, 0x21, 0x00, 0x00, 0xDF, 0xFF, 0xFF, 0xFF, 0xFF, 0xFF, 0xFC, 0x00,
    0x00, 0xDF, 0xFF, 0xFF, 0xFF, 0xFF, 0xFF, 0xFB, 0x00, 0x00, 0x00, 0x00, 0x00, 0x00, 0x00, 0x0B,
    0xFB, 0x00, 0x00, 0x00, 0x00, 0x00, 0x00, 0x00, 0x0B, 0xFA, 0x00, 0x00, 0x00, 0x00, 0x00, 0x00,
    0x00, 0x0B, 0xF9, 0x00, 0x00, 0x00, 0x00, 0x00, 0x00, 0x00, 0x0B, 0xF9, 0xFF, 0xB0, 0x00, 0x00,
    0x00, 0x00, 0xEF, 0xC0, 0x0F, 0xFB, 0x00, 0x00, 0x00, 0x00, 0x0E, 0xFC, 0x00, 0xFF, 0xB0, 0x00,
    0x00, 0x00, 0x00, 0xEF, 0xC0, 0x0F, 0xFB, 0x00, 0x00, 0x00, 0x00, 0x0E, 0xFC, 0x00, 0xFF, 0xB0,
    0x00, 0x00, 0x00, 0x00, 0xEF, 0xC0, 0x0F, 0xFB, 0x00, 0x00, 0x00, 0x00, 0x0E, 0xFC, 0x00, 0xEF,
    0xB0, 0x00, 0x00, 0x00, 0x00, 0xEF, 0xC0, 0x0C, 0xFE, 0x00, 0x00, 0x00, 0x00, 0x0E, 0xFC, 0x00,
    0x8F, 0xF5, 0x00, 0x00, 0x00, 0x00, 0xEF, 0xC0, 0x02, 0xFF, 0xF9, 0x43, 0x34, 0x58, 0xCF, 0xFC,
    0x00, 0x04, 0xFF, 0xFF, 0xFF, 0xFF, 0xFF, 0xFF, 0xC0, 0x00, 0x01, 0x7C, 0xEF, 0xFE, 0xDA, 0x6F,
    0xFC, 0x00, 0x00, 0x00, 0x00, 0x00, 0x00, 0x00, 0xEF, 0xC0, 0x00, 0x00, 0x00, 0x00, 0x00, 0x00,
    0x0E, 0xFC, 0x00, 0x00, 0x00, 0x00, 0x00, 0x00, 0x00, 0xEF, 0xC0, 0x00, 0x00, 0x00, 0x00, 0x00,
    0x00, 0x0E, 0xFC, 0x00, 0x00, 0x00, 0x00, 0x00, 0x00, 0x00, 0xEF, 0xC0, 0x00, 0x00, 0x00, 0x00,
    0x00, 0x00, 0x0E, 0xFC, 0x00, 0x00, 0x00, 0x00, 0x00, 0x00, 0x00, 0xEF, 0xFF, 0xF0, 0x00, 0x00,
    0x00, 0x00, 0x00, 0x0E, 0xFF, 0xFF, 0x00, 0x00, 0x00, 0x00, 0x00, 0x00, 0x00, 0x9F, 0xF0, 0x00,
    0x00, 0x00, 0x00, 0x00, 0x00, 0x09, 0xFF, 0x00, 0x00, 0x00, 0x00, 0x00, 0x00, 0x00, 0x9F, 0xF0,
    0x00, 0x00, 0x00, 0x00, 0x00, 0x00, 0x09, 0xFF, 0x00, 0x00, 0x00, 0x00, 0x00, 0x00, 0x00, 0x9F,
    0xF0, 0x00, 0x00, 0x00, 0x00, 0x00, 0x00, 0x00, 0x9F, 0xF0, 0x00, 0x00, 0x07, 0xFF, 0x10, 0x9F,
    0xF0, 0x00, 0x00, 0x07, 0xFF, 0x10, 0x9F, 0xF0, 0x00, 0x00, 0x07, 0xFF, 0x10, 0x9F, 0xF0, 0x00,
    0x00, 0x07, 0xFF, 0x10, 0x8F, 0xF0, 0x00, 0x00, 0x07, 0xFF, 0x10, 0x7F, 0xF1, 0x00, 0x00, 0x07,
    0xFF, 0x10, 0x4F, 0xF6, 0x00, 0x00, 0x07, 0xFF, 0x10, 0x0D, 0xFF, 0x72, 0x12, 0x5F, 0xFF, 0x10,
    0x02, 0xEF, 0xFF, 0xFF, 0xFF, 0xFF, 0x10, 0x00, 0x18, 0xDF, 0xFE, 0xCF, 0xFF, 0x10, 0x00, 0x00,
    0x00, 0x00, 0x07, 0xFF, 0x10, 0x00, 0x00, 0x00, 0x00, 0x07, 0xFF, 0x10, 0x00, 0x00, 0x00, 0x00,
    0x07, 0xFF, 0x10, 0x00, 0x00, 0x00, 0x00, 0x07, 0xFF, 0xFF, 0x00, 0x00, 0x00, 0x00, 0x07, 0xFF,
    0xFF, 0x00, 0x00, 0x00, 0x00, 0x00, 0x09, 0xFF, 0x00, 0x00, 0x00, 0x00, 0x00, 0x09, 0xFF, 0x00,
    0x00, 0x00, 0x00, 0x00, 0x09, 0xFF, 0x00, 0x00, 0x00, 0x00, 0x00, 0x09, 0xFF, 0x00, 0x00, 0x00,
    0x00, 0x00, 0x09, 0xFF, 0xFF, 0xB0, 0x00, 0x00, 0x00, 0x00, 0xEF, 0xCF, 0xFB, 0x00, 0x00, 0x00,
    0x00, 0x0E, 0xFC, 0xFF, 0xB0, 0x00, 0x00, 0x00, 0x00, 0xEF, 0xCF, 0xFB, 0x00, 0x00, 0x00, 0x00,
    0x0E, 0xFC, 0xFF, 0xB0, 0x00, 0x00, 0x00, 0x00, 0xEF, 0xCF, 0xFB, 0x00, 0x00, 0x00, 0x00, 0x0E,
    0xFC, 0xEF, 0xB0, 0x00, 0x3F, 0xD0, 0x00, 0xEF, 0xCC, 0xFE, 0x00, 0x03, 0xFD, 0x00, 0x0E, 0xFC,
    0x8F, 0xF5, 0x00, 0x3F, 0xD0, 0x00, 0xEF, 0xC2, 0xFF, 0xF9, 0x46, 0xFF, 0x58, 0xCF, 0xFC, 0x04,
    0xFF, 0xFF, 0xFF, 0xFF, 0xFF, 0xFF, 0xC0, 0x01, 0x7C, 0xEF, 0xFF, 0xDA, 0x6F, 0xFC, 0x00, 0x00,
    0x00, 0x3F, 0xD0, 0x00, 0xEF, 0xC0, 0x00, 0x00, 0x03, 0xFD, 0x00, 0x0E, 0xFC, 0x00, 0x00, 0x00,
    0x3F, 0xD0, 0x00, 0xEF, 0xC0, 0x00, 0x00, 0x00, 0x00, 0x00, 0x0E, 0xFC, 0x00, 0x00, 0x00, 0x00,
    0x00, 0x00, 0xEF, 0xC0, 0x00, 0x00, 0x00, 0x00, 0x00, 0x0E, 0xFC, 0x00, 0x00, 0x00, 0x00, 0x00,
    0x00, 0xEF, 0xC0, 0x00, 0x00, 0x00, 0x00, 0x00, 0x0E, 0xFC, 0x00, 0x00, 0x00, 0x00, 0x00, 0x00,
    0x03, 0xFF, 0x50, 0x00, 0x00, 0x1F, 0xF7, 0x3F, 0xF5, 0x00, 0x00, 0x01, 0xFF, 0x73, 0xFF, 0x50,
    0x00, 0x00, 0x1F, 0xF7, 0x3F, 0xF5, 0x00, 0x00, 0x01, 0xFF, 0x72, 0xFF, 0x50, 0x3F, 0xD0, 0x1F,
    0xF7, 0x1F, 0xF7, 0x03, 0xFD, 0x01, 0xFF, 0x70, 0xDF, 0xC0, 0x3F, 0xD0, 0x1F, 0xF7, 0x07, 0xFF,
    0xA6, 0xFF, 0x48, 0xFF, 0x70, 0x0A, 0xFF, 0xFF, 0xFF, 0xFF, 0xF7, 0x00, 0x05, 0xBF, 0xFF, 0xDB,
    0xFF, 0x70, 0x00, 0x00, 0x3F, 0xD0, 0x1F, 0xF7, 0x00, 0x00, 0x03, 0xFD, 0x01, 0xFF, 0x70, 0x00,
    0x00, 0x00, 0x00, 0x1F, 0xF7, 0x00, 0x00, 0x00, 0x00, 0x01, 0xFF, 0x70, 0x00, 0x00, 0x00, 0x00,
    0x1F, 0xF7, 0x2F, 0xF8, 0x00, 0x00, 0x00, 0x00, 0x00, 0x00, 0x2F, 0xF8, 0x00, 0x00, 0x00, 0x00,
    0x00, 0x00, 0x2F, 0xF8, 0x00, 0x00, 0x00, 0x00, 0x00, 0x00, 0x2F, 0xF8, 0x00, 0x00, 0x00, 0x00,
    0x00, 0x00, 0x2F, 0xF8, 0x00, 0x00, 0x00, 0x00, 0x00, 0x00, 0x2F, 0xF8, 0x00, 0x00, 0x00, 0x00,
    0x00, 0x00, 0x2F, 0xF8, 0x00, 0x00, 0x00, 0x00, 0x00, 0x00, 0x2F, 0xF8, 0x00, 0x00, 0x00, 0x00,
    0x00, 0x00, 0x2F, 0xFC, 0x8B, 0xDF, 0xFF, 0xDA, 0x50, 0x00, 0x2F, 0xFF, 0xFF, 0xFF, 0xFF, 0xFF,
    0xFC, 0x00, 0x2F, 0xFF, 0xA7, 0x53, 0x23, 0x5B, 0xFF, 0xB0, 0x2F, 0xF8, 0x00, 0x00, 0x00, 0x00,
    0xBF, 0xF2, 0x2F, 0xF8, 0x00, 0x00, 0x00, 0x00, 0x4F, 0xF6, 0x2F, 0xF8, 0x00, 0x00, 0x00, 0x00,
    0x2F, 0xF8, 0x2F, 0xF8, 0x00, 0x00, 0x00, 0x00, 0x1F, 0xF9, 0x2F, 0xF8, 0x00, 0x00, 0x00, 0x00,
    0x1F, 0xF9, 0x2F, 0xF8, 0x00, 0x00, 0x00, 0x00, 0x1F, 0xF9, 0x2F, 0xF8, 0x00, 0x00, 0x00, 0x00,
    0x1F, 0xF9, 0x2F, 0xF8, 0x00, 0x00, 0x00, 0x00, 0x1F, 0xF9, 0x2F, 0xF8, 0x00, 0x00, 0x00, 0x00,
    0x1F, 0xF9, 0x1F, 0xF7, 0x00, 0x00, 0x00, 0x00, 0x01, 0xFF, 0x70, 0x00, 0x00, 0x00, 0x00, 0x1F,
    0xF7, 0x00, 0x00, 0x00, 0x00, 0x01, 0xFF, 0x70, 0x00, 0x00, 0x00, 0x00, 0x1F, 0xF7, 0x00, 0x00,
    0x00, 0x00, 0x01, 0xFF, 0x70, 0x00, 0x00, 0x00, 0x00, 0x1F, 0xF7, 0x07, 0xDF, 0xFC, 0x50, 0x01,
    0xFF, 0x9D, 0xFF, 0xFF, 0xFF, 0x70, 0x1F, 0xFF, 0xF7, 0x32, 0x6E, 0xFF, 0x11, 0xFF, 0xF3, 0x00,
    0x00, 0x5F, 0xF5, 0x1F, 0xFF, 0x00, 0x00, 0x01, 0xFF, 0x81, 0xFF, 0x80, 0x00, 0x00, 0x0F, 0xF8,
    0x1F, 0xF7, 0x00, 0x00, 0x00, 0xFF, 0x91, 0xFF, 0x70, 0x00, 0x00, 0x0F, 0xF9, 0x1F, 0xF7, 0x00,
    0x00, 0x00, 0xFF, 0x91, 0xFF, 0x70, 0x00, 0x00, 0x0F, 0xF9, 0x1F, 0xF7, 0x00, 0x00, 0x00, 0xFF,
    0x91, 0xFF, 0x70, 0x00, 0x00, 0x0F, 0xF9, 0x1F, 0xF7, 0x00, 0x00, 0x00, 0xFF, 0x91, 0xFF, 0x70,
    0x00, 0x00, 0x0F, 0xF9, 0x1F, 0xF7, 0x00, 0x00, 0x00, 0xFF, 0x90, 0x00, 0x00, 0x00, 0x00, 0x03,
    0xAE, 0xFE, 0xC8, 0x10, 0x00, 0x00, 0x00, 0x00, 0x00, 0x09, 0xFF, 0xFF, 0xFF, 0xFF, 0x50, 0x00,
    0x00, 0x00, 0x00, 0x0B, 0xFF, 0xC5, 0x34, 0x7E, 0xFF, 0x50, 0x00, 0x00, 0x00, 0x07, 0xFF, 0x90,
    0x00, 0x00, 0x1D, 0xFE, 0x00, 0x00, 0x00, 0x00, 0xEF, 0xC0, 0x00, 0x00, 0x00, 0x3F, 0xF6, 0x01,
    0xFF, 0x00, 0x5F, 0xF5, 0x00, 0x00, 0x00, 0x00, 0xDF, 0xB0, 0x0E, 0xF4, 0x09, 0xFF, 0x10, 0x00,
    0x00, 0x00, 0x0B, 0xFE, 0x00, 0x8F, 0xE4, 0xBF, 0xE0, 0x00, 0x00, 0x00, 0x00, 0x9F, 0xF0, 0x00,
    0xCF, 0xFF, 0xFF, 0xEE, 0xEE, 0xEE, 0xEE, 0xEF, 0xFF, 0x10, 0x00, 0x6C, 0xFF, 0xFF, 0xFF, 0xFF,
    0xFF, 0xFF, 0xFF, 0xF1, 0x00, 0x00, 0x0C, 0xFD, 0x00, 0x00, 0x00, 0x00, 0x00, 0x00, 0x00, 0x00,
    0x00, 0xCF, 0xD0, 0x00, 0x00, 0x00, 0x00, 0x00, 0x00, 0x00, 0x00, 0x0B, 0xFE, 0x00, 0x00, 0x00,
    0x00, 0x00, 0x00, 0x00, 0x00, 0x00, 0x9F, 0xF1, 0x00, 0x00, 0x00, 0x00, 0x00, 0x00, 0x00, 0x00,
    0x05, 0xFF, 0x50, 0x00, 0x00, 0x00, 0x00, 0x00, 0x00, 0x00, 0x00, 0x0E, 0xFD, 0x00, 0x00, 0x00,
    0x00, 0x00, 0x00, 0x00, 0x00, 0x00, 0x7F, 0xFB, 0x00, 0x00, 0x00, 0x00, 0x10, 0x00, 0x00, 0x00,
    0x00, 0xAF, 0xFE, 0x84, 0x33, 0x58, 0xEA, 0x00, 0x00, 0x00, 0x00, 0x00, 0x8F, 0xFF, 0xFF, 0xFF,
    0xFF, 0xD0, 0x00, 0x00, 0x00, 0x00, 0x00, 0x18, 0xCE, 0xFF, 0xDB, 0x60, 0x00, 0x00, 0x00, 0x00,
    0x04, 0xBE, 0xFE, 0xA3, 0x00, 0x00, 0x00, 0x00, 0x0A, 0xFF, 0xFF, 0xFF, 0xF6, 0x00, 0x00, 0x00,
    0x0A, 0xFF, 0x92, 0x14, 0xCF, 0xF3, 0x07, 0xFA, 0x04, 0xFF, 0x70, 0x00, 0x00, 0xEF, 0xC0, 0x4F,
    0xE0, 0xBF, 0xD0, 0x00, 0x00, 0x07, 0xFF, 0x10, 0xEF, 0xBF, 0xF9, 0x11, 0x11, 0x11, 0x4F, 0xF4,
    0x03, 0xEF, 0xFF, 0xFF, 0xFF, 0xFF, 0xFF, 0xFF, 0x50, 0x01, 0xAF, 0xFF, 0xFF, 0xFF, 0xFF, 0xFF,
    0xF6, 0x00, 0x02, 0xFF, 0x60, 0x00, 0x00, 0x00, 0x00, 0x00, 0x00, 0x0F, 0xF8, 0x00, 0x00, 0x00,
    0x00, 0x00, 0x00, 0x00, 0xCF, 0xE0, 0x00, 0x00, 0x00, 0x00, 0x00, 0x00, 0x06, 0xFF, 0x80, 0x00,
    0x00, 0x1C, 0x60, 0x00, 0x00, 0x0B, 0xFF, 0xB4, 0x12, 0x6E, 0xFD, 0x00, 0x00, 0x00, 0x0B, 0xFF,
    0xFF, 0xFF, 0xFD, 0x10, 0x00, 0x00, 0x00, 0x05, 0xBE, 0xFE, 0xC6, 0x00, 0x00, 0x00, 0x00, 0x00,
    0x00, 0x03, 0xAE, 0xFE, 0xC8, 0x10, 0x00, 0x00, 0x00, 0x00, 0x00, 0x09, 0xFF, 0xFF, 0xFF, 0xFF,
    0x50, 0x00, 0x00, 0x00, 0x00, 0x0B, 0xFF, 0xC5, 0x34, 0x7E, 0xFF, 0x50, 0x00, 0x00, 0x00, 0x07,
    0xFF, 0x90, 0x00, 0x00, 0x1D, 0xFE, 0x00, 0x00, 0x00, 0x00, 0xEF, 0xC0, 0x00, 0x00, 0x00, 0x3F,
    0xF6, 0x01, 0xFF, 0x00, 0x5F, 0xF5, 0x00, 0x00, 0x00, 0x00, 0xDF, 0xB0, 0x0E, 0xF4, 0x09, 0xFF,
    0x10, 0x00, 0x00, 0x00, 0x0B, 0xFE, 0x00, 0x8F, 0xE4, 0xBF, 0xE0, 0x00, 0x00, 0x00, 0x00, 0x9F,
    0xF0, 0x00, 0xCF, 0xFF, 0xFF, 0xEE, 0xEE, 0xEE, 0xEE, 0xEF, 0xFF, 0x10, 0x00, 0x6C, 0xFF, 0xFF,
    0xFF, 0xFF, 0xFF, 0xFF, 0xFF, 0xF1, 0x00, 0x00, 0x0C, 0xFD, 0x00, 0x00, 0x00, 0x00, 0x00, 0x00,
    0x00, 0x00, 0x00, 0xCF, 0xD0, 0x00, 0x00, 0x00, 0x00, 0x00, 0x00, 0x00, 0x00, 0x0B, 0xFE, 0x00,
    0x00, 0x00, 0x00, 0x00, 0x00, 0x00, 0x00, 0x00, 0x9F, 0xF1, 0x00, 0x00, 0x00, 0x00, 0x00, 0x00,
    0x00, 0x00, 0x05, 0xFF, 0x50, 0x00, 0x00, 0x00, 0x00, 0x00, 0x00, 0x00, 0x00, 0x0E, 0xFD, 0x00,
    0x00, 0x00, 0x00, 0x00, 0x00, 0x00, 0x00, 0x00, 0x7F, 0xFB, 0x00, 0x00, 0x00, 0x00, 0x10, 0x00,
    0x00, 0x00, 0x00, 0xAF, 0xFE, 0x84, 0x33, 0x58, 0xEA, 0x00, 0x00, 0x00, 0x00, 0x00, 0x8F, 0xFF,
    0xFF, 0xFF, 0xFF, 0xD0, 0x00, 0x00, 0x00, 0x00, 0x00, 0x18, 0xCF, 0xFF, 0xDB, 0x60, 0x00, 0x00,
    0x00, 0x00, 0x00, 0x00, 0x00, 0x9F, 0xF0, 0x00, 0x00, 0x00, 0x00, 0x00, 0x00, 0x00, 0x00, 0x09,
    0xFF, 0x00, 0x00, 0x00, 0x00, 0x00, 0x00, 0x00, 0x00, 0x00, 0x9F, 0xF0, 0x00, 0x00, 0x00, 0x00,
    0x00, 0x00, 0x00, 0x00, 0x09, 0xFF, 0x00, 0x00, 0x00, 0x00, 0x00, 0x00, 0x00, 0x00, 0x00, 0x9F,
    0xF0, 0x00, 0x00, 0x00, 0x00, 0x00, 0x00, 0x00, 0x00, 0x06, 0xCB, 0x00, 0x00, 0x00, 0x00, 0x00,
    0x00, 0x04, 0xBE, 0xFE, 0xA3, 0x00, 0x00, 0x00, 0x00, 0x0A, 0xFF, 0xFF, 0xFF, 0xF6, 0x00, 0x00,
    0x00, 0x0A, 0xFF, 0x92, 0x14, 0xCF, 0xF3, 0x07, 0xFA, 0x04, 0xFF, 0x70, 0x00, 0x00, 0xEF, 0xC0,
    0x4F, 0xE0, 0xBF, 0xD0, 0x00, 0x00, 0x07, 0xFF, 0x10, 0xEF, 0xBF, 0xF9, 0x11, 0x11, 0x11, 0x4F,
    0xF4, 0x03, 0xEF, 0xFF, 0xFF, 0xFF, 0xFF, 0xFF, 0xFF, 0x50, 0x01, 0xAF, 0xFF, 0xFF, 0xFF, 0xFF,
    0xFF, 0xF6, 0x00, 0x02, 0xFF, 0x60, 0x00, 0x00, 0x00, 0x00, 0x00, 0x00, 0x0F, 0xF8, 0x00, 0x00,
    0x00, 0x00, 0x00, 0x00, 0x00, 0xCF, 0xE0, 0x00, 0x00, 0x00, 0x00, 0x00, 0x00, 0x06, 0xFF, 0x80,
    0x00, 0x00, 0x1C, 0x60, 0x00, 0x00, 0x0B, 0xFF, 0xB4, 0x12, 0x6E, 0xFD, 0x00, 0x00, 0x00, 0x0B,
    0xFF, 0xFF, 0xFF, 0xFD, 0x10, 0x00, 0x00, 0x00, 0x05, 0xBF, 0xFF, 0xC6, 0x00, 0x00, 0x00, 0x00,
    0x00, 0x00, 0x9F, 0xF0, 0x00, 0x00, 0x00, 0x00, 0x00, 0x00, 0x09, 0xFF, 0x00, 0x00, 0x00, 0x00,
    0x00, 0x00, 0x00, 0x9F, 0xF0, 0x00, 0x00, 0x00, 0x00, 0x00, 0x00, 0x09, 0xFF, 0x00, 0x00, 0x00,
    0x00, 0x00, 0x00, 0x00, 0x9F, 0xF0, 0x00, 0x00, 0x00, 0x00, 0x00, 0x00, 0x06, 0xCB, 0x00, 0x00,
    0x00, 0x8F, 0xF2, 0x8F, 0xF2, 0x8F, 0xF2, 0x8F, 0xF2, 0x8F, 0xF2, 0x8F, 0xF2, 0x8F, 0xF2, 0x8F,
    0xF2, 0x8F, 0xF2, 0x8F, 0xF2, 0x8F, 0xF2, 0x8F, 0xF2, 0x8F, 0xF2, 0x8F, 0xF2, 0x8F, 0xF2, 0x8F,
    0xF2, 0x8F, 0xF2, 0x8F, 0xF2, 0x8F, 0xF2, 0x8F, 0xF2, 0x00, 0x00, 0x00, 0x00, 0x04, 0x30, 0x00,
    0x04, 0x30, 0x00, 0x00, 0x00, 0x00, 0x00, 0x00, 0x00, 0x00, 0x2F, 0xE0, 0x00, 0x3F, 0xD0, 0x00,
    0x00, 0x00, 0x00, 0x00, 0x00, 0x00, 0x00, 0x0D, 0xF7, 0x00, 0xBF, 0x90, 0x00, 0x00, 0x00, 0x00,
    0x00, 0x00, 0x00, 0x00, 0x04, 0xFF, 0xEF, 0xFD, 0x10, 0x00, 0x00, 0x00, 0x00, 0x00, 0x00, 0x00,
    0x00, 0x00, 0x28, 0xBA, 0x70, 0x00, 0x00, 0x00, 0x00, 0x00, 0x00, 0x00, 0x00, 0x00, 0x00, 0x00,
    0x00, 0x00, 0x00, 0x00, 0x00, 0x00, 0x00, 0x0C, 0xFF, 0x40, 0x00, 0x00, 0x07, 0xFF, 0x20, 0x00,
    0x00, 0x0B, 0xFF, 0x60, 0x02, 0xFF, 0xD0, 0x00, 0x00, 0x07, 0xFF, 0x20, 0x00, 0x00, 0x4F, 0xFB,
    0x00, 0x00, 0x7F, 0xF7, 0x00, 0x00, 0x07, 0xFF, 0x20, 0x00, 0x00, 0xDF, 0xF2, 0x00, 0x00, 0x0D,
    0xFF, 0x20, 0x00, 0x07, 0xFF, 0x20, 0x00, 0x07, 0xFF, 0x70, 0x00, 0x00, 0x03, 0xFF, 0xB0, 0x00,
    0x07, 0xFF, 0x20, 0x00, 0x2F, 0xFC, 0x00, 0x00, 0x00, 0x00, 0x8F, 0xF4, 0x00, 0x07, 0xFF, 0x20,
    0x00, 0xBF, 0xF2, 0x00, 0x00, 0x00, 0x00, 0x0D, 0xFD, 0x00, 0x07, 0xFF, 0x20, 0x04, 0xFF, 0x70,
    0x00, 0x00, 0x00, 0x00, 0x04, 0xFF, 0x70, 0x07, 0xFF, 0x20, 0x0D, 0xFD, 0x00, 0x00, 0x00, 0x00,
    0x00, 0x00, 0x9F, 0xF4, 0x3A, 0xFF, 0x53, 0x8F, 0xF3, 0x00, 0x00, 0x00, 0x00, 0x00, 0x00, 0x1F,
    0xFF, 0xFF, 0xFF, 0xFF, 0xFF, 0xF0, 0x00, 0x00, 0x00, 0x00, 0x00, 0x00, 0x8F, 0xFF, 0xFF, 0xFF,
    0xFF, 0xFF, 0xF2, 0x00, 0x00, 0x00, 0x00, 0x00, 0x02, 0xFF, 0xE1, 0x07, 0xFF, 0x20, 0x5F, 0xFC,
    0x00, 0x00, 0x00, 0x00, 0x00, 0x0C, 0xFF, 0x50, 0x07, 0xFF, 0x20, 0x0B, 0xFF, 0x60, 0x00, 0x00,
    0x00, 0x00, 0x7F, 0xFB, 0x00, 0x07, 0xFF, 0x20, 0x02, 0xFF, 0xF1, 0x00, 0x00, 0x00, 0x02, 0xFF,
    0xF2, 0x00, 0x07, 0xFF, 0x20, 0x00, 0x7F, 0xFB, 0x00, 0x00, 0x00, 0x0B, 0xFF, 0x70, 0x00, 0x07,
    0xFF, 0x20, 0x00, 0x0D, 0xFF, 0x50, 0x00, 0x00, 0x5F, 0xFD, 0x00, 0x00, 0x07, 0xFF, 0x20, 0x00,
    0x03, 0xFF, 0xE1, 0x00, 0x01, 0xEF, 0xF3, 0x00, 0x00, 0x07, 0xFF, 0x20, 0x00, 0x00, 0x9F, 0xFA,
    0x00, 0x0A, 0xFF, 0x90, 0x00, 0x00, 0x07, 0xFF, 0x20, 0x00, 0x00, 0x1E, 0xFF, 0x40, 0x4F, 0xFE,
    0x10, 0x00, 0x00, 0x07, 0xFF, 0x20, 0x00, 0x00, 0x05, 0xFF, 0xD0, 0x00, 0x00, 0x00, 0x2C, 0xA0,
    0x00, 0x1C, 0xA0, 0x00, 0x00, 0x00, 0x00, 0x00, 0x00, 0xFF, 0x10, 0x06, 0xFC, 0x00, 0x00, 0x00,
    0x00, 0x00, 0x00, 0x09, 0xFD, 0x67, 0xFF, 0x40, 0x00, 0x00, 0x00, 0x00, 0x00, 0x00, 0x09, 0xFF,
    0xFE, 0x60, 0x00, 0x00, 0x00, 0x00, 0x00, 0x00, 0x00, 0x01, 0x32, 0x00, 0x00, 0x00, 0x00, 0x00,
    0x00, 0x00, 0x00, 0x00, 0x00, 0x00, 0x00, 0x00, 0x00, 0x00, 0x0D, 0xFF, 0x30, 0x00, 0x09, 0xFF,
    0x00, 0x00, 0x0D, 0xFF, 0x30, 0x2F, 0xFD, 0x00, 0x00, 0x9F, 0xF0, 0x00, 0x07, 0xFF, 0x80, 0x00,
    0x7F, 0xF8, 0x00, 0x09, 0xFF, 0x00, 0x02, 0xFF, 0xC0, 0x00, 0x00, 0xBF, 0xF3, 0x00, 0x9F, 0xF0,
    0x00, 0xCF, 0xF2, 0x00, 0x00, 0x01, 0xEF, 0xD0, 0x09, 0xFF, 0x00, 0x7F, 0xF6, 0x00, 0x00, 0x00,
    0x05, 0xFF, 0x93, 0xDF, 0xF3, 0x5F, 0xFB, 0x00, 0x00, 0x00, 0x00, 0x0D, 0xFF, 0xFF, 0xFF, 0xFF,
    0xFF, 0x10, 0x00, 0x00, 0x00, 0x00, 0xEF, 0xFF, 0xFF, 0xFF, 0xFF, 0xF3, 0x00, 0x00, 0x00, 0x00,
    0x7F, 0xF5, 0x09, 0xFF, 0x01, 0xEF, 0xD0, 0x00, 0x00, 0x00, 0x2F, 0xFB, 0x00, 0x9F, 0xF0, 0x06,
    0xFF, 0x70, 0x00, 0x00, 0x0C, 0xFF, 0x20, 0x09, 0xFF, 0x00, 0x0C, 0xFF, 0x20, 0x00, 0x07, 0xFF,
    0x90, 0x00, 0x9F, 0xF0, 0x00, 0x3F, 0xFC, 0x00, 0x02, 0xFF, 0xE1, 0x00, 0x09, 0xFF, 0x00, 0x00,
    0xAF, 0xF7, 0x00, 0xBF, 0xF6, 0x00, 0x00, 0x9F, 0xF0, 0x00, 0x01, 0xFF, 0xF2, 0x6F, 0xFC, 0x00,
    0x00, 0x09, 0xFF, 0x00, 0x00, 0x07, 0xFF, 0xB0, 0xCF, 0xE0, 0x00, 0x00, 0x00, 0x0A, 0xFF, 0x6C,
    0xFE, 0x00, 0x00, 0x00, 0x07, 0xFF, 0x90, 0xCF, 0xE0, 0x00, 0x00, 0x03, 0xFF, 0xC0, 0x0C, 0xFE,
    0x00, 0x00, 0x01, 0xEF, 0xE1, 0x00, 0xCF, 0xE0, 0x00, 0x00, 0xCF, 0xF4, 0x00, 0x0C, 0xFE, 0x00,
    0x00, 0x9F, 0xF7, 0x00, 0x00, 0xCF, 0xE0, 0x00, 0x5F, 0xFA, 0x00, 0x00, 0x0C, 0xFE, 0x00, 0x2F,
    0xFD, 0x00, 0x00, 0x00, 0xCF, 0xE0, 0x0D, 0xFE, 0x20, 0x00, 0x00, 0x0C, 0xFF, 0xFF, 0xFF, 0xFC,
    0x93, 0x00, 0x00, 0xCF, 0xFF, 0xFF, 0xFF, 0xFF, 0xFB, 0x10, 0x0C, 0xFF, 0x7A, 0xA5, 0x69, 0xEF,
    0xFD, 0x10, 0xCF, 0xE0, 0x00, 0x00, 0x00, 0x9F, 0xFB, 0x0C, 0xFE, 0x00, 0x00, 0x00, 0x00, 0xBF,
    0xF2, 0xCF, 0xE0, 0x00, 0x00, 0x00, 0x03, 0xFF, 0x7C, 0xFE, 0x00, 0x00, 0x00, 0x00, 0x0F, 0xFA,
    0xCF, 0xE0, 0x00, 0x00, 0x00, 0x00, 0xEF, 0xBC, 0xFE, 0x00, 0x00, 0x00, 0x00, 0x0F, 0xFB, 0xCF,
    0xE0, 0x00, 0x00, 0x00, 0x00, 0xFF, 0x9C, 0xFE, 0x00, 0x00, 0x00, 0x00, 0x4F, 0xF6, 0x00, 0x00,
    0x00, 0x00, 0x00, 0x0C, 0xFF, 0x10, 0x00, 0x00, 0x00, 0x01, 0x4C, 0xFF, 0x70, 0x00, 0x00, 0x00,
    0x00, 0xCF, 0xFF, 0x90, 0x00, 0x00, 0x00, 0x00, 0x0C, 0xEA, 0x40, 0x00, 0xEF, 0xA0, 0x00, 0x00,
    0x3F, 0xFD, 0x1E, 0xFA, 0x00, 0x00, 0x2E, 0xFE, 0x10, 0xEF, 0xA0, 0x00, 0x1D, 0xFE, 0x20, 0x0E,
    0xFA, 0x00, 0x0C, 0xFF, 0x30, 0x00, 0xEF, 0xA0, 0x0B, 0xFF, 0x40, 0x00, 0x0E, 0xFA, 0x0A, 0xFF,
    0x60, 0x00, 0x00, 0xEF, 0xFF, 0xFF, 0xFA, 0x50, 0x00, 0x0E, 0xFF, 0xFF, 0xFF, 0xFF, 0xC2, 0x00,
    0xEF, 0xF6, 0x64, 0x6B, 0xFF, 0xD1, 0x0E, 0xFA, 0x00, 0x00, 0x06, 0xFF, 0x80, 0xEF, 0xA0, 0x00,
    0x00, 0x0B, 0xFE, 0x0E, 0xFA, 0x00, 0x00, 0x00, 0x6F, 0xF1, 0xEF, 0xA0, 0x00, 0x00, 0x05, 0xFF,
    0x3E, 0xFA, 0x00, 0x00, 0x00, 0x6F, 0xF1, 0xEF, 0xA0, 0x00, 0x00, 0x0A, 0xFE, 0x00, 0x00, 0x00,
    0x00, 0x03, 0xFF, 0x70, 0x00, 0x00, 0x00, 0x17, 0xFF, 0xD0, 0x00, 0x00, 0x00, 0x08, 0xFF, 0xD2,
    0x00, 0x00, 0x00, 0x00, 0x2D, 0x80, 0x00, 0x00, 0x00, 0x00, 0x0E, 0xFF, 0xFF, 0xFF, 0xFF, 0xFF,
    0xF6, 0x00, 0x00, 0x00, 0x00, 0xFF, 0xFF, 0xFF, 0xFF, 0xFF, 0xFF, 0x60, 0x00, 0x00, 0x00, 0x0F,
    0xFC, 0x22, 0x22, 0x22, 0x6F, 0xF6, 0x00, 0x00, 0x00, 0x00, 0xFF, 0x80, 0x00, 0x00, 0x04, 0xFF,
    0x60, 0x00, 0x00, 0x00, 0x1F, 0xF8, 0x00, 0x00, 0x00, 0x4F, 0xF6, 0x00, 0x00, 0x00, 0x02, 0xFF,
    0x70, 0x00, 0x00, 0x04, 0xFF, 0x60, 0x00, 0x00, 0x00, 0x2F, 0xF6, 0x00, 0x00, 0x00, 0x4F, 0xF6,
    0x00, 0x00, 0x00, 0x03, 0xFF, 0x60, 0x00, 0x00, 0x04, 0xFF, 0x60, 0x00, 0x00, 0x00, 0x3F, 0xF5,
    0x00, 0x00, 0x00, 0x4F, 0xF6, 0x00, 0x00, 0x00, 0x04, 0xFF, 0x40, 0x00, 0x00, 0x04, 0xFF, 0x60,
    0x00, 0x00, 0x00, 0x5F, 0xF3, 0x00, 0x00, 0x00, 0x4F, 0xF6, 0x00, 0x00, 0x00, 0x06, 0xFF, 0x20,
    0x00, 0x00, 0x04, 0xFF, 0x60, 0x00, 0x00, 0x00, 0x8F, 0xF1, 0x00, 0x00, 0x00, 0x4F, 0xF6, 0x00,
    0x00, 0x00, 0x0A, 0xFF, 0x00, 0x00, 0x00, 0x04, 0xFF, 0x60, 0x00, 0x00, 0x00, 0xCF, 0xC0, 0x00,
    0x00, 0x00, 0x4F, 0xF6, 0x00, 0x00, 0x00, 0x1F, 0xF9, 0x00, 0x00, 0x00, 0x04, 0xFF, 0x60, 0x00,
    0x00, 0x08, 0xFF, 0x40, 0x00, 0x00, 0x00, 0x4F, 0xF6, 0x00, 0x00, 0x49, 0xFF, 0xD0, 0x00, 0x00,
    0x00, 0x04, 0xFF, 0x60, 0x00, 0x5F, 0xFF, 0xF3, 0x00, 0x00, 0x00, 0x00, 0x4F, 0xFA, 0xFF, 0x35,
    0xFE, 0xA2, 0x00, 0x00, 0x00, 0x00, 0x04, 0xFF, 0xAF, 0xF3, 0x00, 0x00, 0x00, 0x00, 0x00, 0x00,
    0x00, 0x00, 0x04, 0xFF, 0x20, 0x00, 0x00, 0x00, 0x00, 0x00, 0x00, 0x00, 0x00, 0x7F, 0xF0, 0x00,
    0x00, 0x00, 0x00, 0x00, 0x00, 0x00, 0x00, 0x0C, 0xFA, 0x00, 0x00, 0x00, 0x00, 0x00, 0x00, 0x00,
    0x00, 0x04, 0xFF, 0x20, 0x00, 0x00, 0x00, 0x00, 0x00, 0x00, 0x00, 0x00, 0x2B, 0x50, 0x00, 0x00,
    0x00, 0xFF, 0xFF, 0xFF, 0xFF, 0xFF, 0x00, 0x00, 0x00, 0x0F, 0xFF, 0xFF, 0xFF, 0xFF, 0xF0, 0x00,
    0x00, 0x00, 0xFF, 0x81, 0x11, 0x18, 0xFF, 0x00, 0x00, 0x00, 0x1F, 0xF6, 0x00, 0x00, 0x7F, 0xF0,
    0x00, 0x00, 0x02, 0xFF, 0x50, 0x00, 0x07, 0xFF, 0x00, 0x00, 0x00, 0x2F, 0xF4, 0x00, 0x00, 0x7F,
    0xF0, 0x00, 0x00, 0x03, 0xFF, 0x30, 0x00, 0x07, 0xFF, 0x00, 0x00, 0x00, 0x4F, 0xF2, 0x00, 0x00,
    0x7F, 0xF0, 0x00, 0x00, 0x05, 0xFF, 0x10, 0x00, 0x07, 0xFF, 0x00, 0x00, 0x00, 0x7F, 0xF0, 0x00,
    0x00, 0x7F, 0xF0, 0x00, 0x00, 0x0A, 0xFD, 0x00, 0x00, 0x07, 0xFF, 0x00, 0x00, 0x01, 0xFF, 0x90,
    0x00, 0x00, 0x7F, 0xF0, 0x00, 0x15, 0xDF, 0xF4, 0x00, 0x00, 0x07, 0xFF, 0x00, 0x06, 0xFF, 0xFB,
    0x00, 0x00, 0x00, 0x7F, 0xFF, 0xF3, 0x6F, 0xE8, 0x00, 0x00, 0x00, 0x07, 0xFF, 0xFF, 0x30, 0x00,
    0x00, 0x00, 0x00, 0x00, 0x00, 0x4F, 0xF2, 0x00, 0x00, 0x00, 0x00, 0x00, 0x00, 0x07, 0xFF, 0x00,
    0x00, 0x00, 0x00, 0x00, 0x00, 0x00, 0xCF, 0xA0, 0x00, 0x00, 0x00, 0x00, 0x00, 0x00, 0x4F, 0xF2,
    0x00, 0x00, 0x00, 0x00, 0x00, 0x00, 0x02, 0xB5, 0x00, 0x9F, 0xF1, 0x00, 0x00, 0x00, 0x00, 0x2F,
    0xF7, 0x9F, 0xF1, 0x00, 0x00, 0x00, 0x00, 0x2F, 0xF7, 0x9F, 0xF1, 0x00, 0x00, 0x00, 0x00, 0x2F,
    0xF7, 0x9F, 0xF1, 0x00, 0x00, 0x00, 0x00, 0x2F, 0xF7, 0x9F, 0xF1, 0x00, 0x00, 0x00, 0x00, 0x2F,
    0xF7, 0x9F, 0xF1, 0x00, 0x00, 0x00, 0x00, 0x2F, 0xF7, 0x9F, 0xF1, 0x00, 0x00, 0x00, 0x00, 0x2F,
    0xF7, 0x9F, 0xF1, 0x00, 0x00, 0x00, 0x00, 0x2F, 0xF7, 0x9F, 0xF1, 0x00, 0x00, 0x00, 0x00, 0x2F,
    0xF7, 0x9F, 0xFF, 0xFF, 0xFF, 0xFF, 0xFF, 0xFF, 0xF7, 0x9F, 0xFF, 0xFF, 0xFF, 0xFF, 0xFF, 0xFF,
    0xF7, 0x9F, 0xF3, 0x22, 0x22, 0x22, 0x22, 0x4F, 0xF7, 0x9F, 0xF1, 0x00, 0x00, 0x00, 0x00, 0x2F,
    0xF7, 0x9F, 0xF1, 0x00, 0x00, 0x00, 0x00, 0x2F, 0xF7, 0x9F, 0xF1, 0x00, 0x00, 0x00, 0x00, 0x2F,
    0xF7, 0x9F, 0xF1, 0x00, 0x00, 0x00, 0x00, 0x2F, 0xF7, 0x9F, 0xF1, 0x00, 0x00, 0x00, 0x00, 0x2F,
    0xF7, 0x9F, 0xF1, 0x00, 0x00, 0x00, 0x00, 0x2F, 0xF7, 0x9F, 0xF1, 0x00, 0x00, 0x00, 0x00, 0x2F,
    0xF7, 0x9F, 0xF1, 0x00, 0x00, 0x00, 0x00, 0x2F, 0xF7, 0x00, 0x00, 0x00, 0x00, 0x00, 0x00, 0x2F,
    0xF7, 0x00, 0x00, 0x00, 0x00, 0x00, 0x00, 0x3F, 0xF7, 0x00, 0x00, 0x00, 0x00, 0x00, 0x00, 0x6F,
    0xF5, 0x00, 0x00, 0x00, 0x00, 0x01, 0x34, 0xEF, 0xF1, 0x00, 0x00, 0x00, 0x00, 0x06, 0xFF, 0xFF,
    0x70, 0x00, 0x00, 0x00, 0x00, 0x06, 0xFF, 0xC5, 0x00, 0xFF, 0x80, 0x00, 0x00, 0x0A, 0xFD, 0xFF,
    0x80, 0x00, 0x00, 0x0A, 0xFD, 0xFF, 0x80, 0x00, 0x00, 0x0A, 0xFD, 0xFF, 0x80, 0x00, 0x00, 0x0A,
    0xFD, 0xFF, 0x80, 0x00, 0x00, 0x0A, 0xFD, 0xFF, 0x80, 0x00, 0x00, 0x0A, 0xFD, 0xFF, 0xFF, 0xFF,
    0xFF, 0xFF, 0xFD, 0xFF, 0xFF, 0xFF, 0xFF, 0xFF, 0xFD, 0xFF, 0x80, 0x00, 0x00, 0x0A, 0xFD, 0xFF,
    0x80, 0x00, 0x00, 0x0A, 0xFD, 0xFF, 0x80, 0x00, 0x00, 0x0A, 0xFD, 0xFF, 0x80, 0x00, 0x00, 0x0A,
    0xFD, 0xFF, 0x80, 0x00, 0x00, 0x0A, 0xFD, 0xFF, 0x80, 0x00, 0x00, 0x0A, 0xFD, 0xFF, 0x80, 0x00,
    0x00, 0x0A, 0xFD, 0x00, 0x00, 0x00, 0x00, 0x0A, 0xFD, 0x00, 0x00, 0x00, 0x00, 0x0B, 0xFD, 0x00,
    0x00, 0x00, 0x00, 0x0E, 0xFB, 0x00, 0x00, 0x00, 0x21, 0x8F, 0xF6, 0x00, 0x00, 0x00, 0xFF, 0xFF,
    0xD0, 0x00, 0x00, 0x00, 0xEF, 0xE9, 0x00, 0xBF, 0xF0, 0x00, 0x00, 0x00, 0x00, 0x0F, 0xF9, 0x00,
    0x0B, 0xFF, 0x00, 0x00, 0x00, 0x00, 0x00, 0xFF, 0x90, 0x00, 0xBF, 0xF0, 0x00, 0x00, 0x00, 0x00,
    0x0F, 0xF9, 0x00, 0x0B, 0xFF, 0x00, 0x00, 0x00, 0x00, 0x00, 0xFF, 0x90, 0x00, 0xBF, 0xF0, 0x00,
    0x00, 0x00, 0x00, 0x0F, 0xF9, 0x00, 0x0B, 0xFF, 0x00, 0x00, 0x00, 0x00, 0x00, 0xFF, 0x90, 0x00,
    0xBF, 0xF0, 0x00, 0x00, 0x00, 0x00, 0x0F, 0xF9, 0x00, 0x0B, 0xFF, 0x00, 0x00, 0x00, 0x00, 0x00,
    0xFF, 0x90, 0x00, 0xBF, 0xF2, 0x22, 0x22, 0x22, 0x22, 0x2F, 0xF9, 0x00, 0x0B, 0xFF, 0xFF, 0xFF,
    0xFF, 0xFF, 0xFF, 0xFF, 0x90, 0x00, 0xBF, 0xFF, 0xFF, 0xFF, 0xFF, 0xFF, 0xFF, 0xF9, 0x00, 0x0B,
    0xFF, 0x00, 0x00, 0x00, 0x00, 0x00, 0xFF, 0x90, 0x00, 0xBF, 0xF0, 0x00, 0x00, 0x00, 0x00, 0x0F,
    0xF9, 0x00, 0x0B, 0xFF, 0x00, 0x00, 0x00, 0x00, 0x00, 0xFF, 0x90, 0x00, 0xBF, 0xF0, 0x00, 0x00,
    0x00, 0x00, 0x0F, 0xF9, 0x00, 0x0B, 0xFF, 0x00, 0x00, 0x00, 0x00, 0x00, 0xFF, 0x90, 0x00, 0xBF,
    0xF0, 0x00, 0x00, 0x00, 0x00, 0x0F, 0xF9, 0x00, 0x0B, 0xFF, 0x00, 0x00, 0x00, 0x00, 0x00, 0xFF,
    0x90, 0x00, 0xBF, 0xF0, 0x00, 0x00, 0x00, 0x00, 0x0F, 0xFD, 0xFF, 0x3B, 0xFF, 0x00, 0x00, 0x00,
    0x00, 0x00, 0xFF, 0xDF, 0xF3, 0x00, 0x00, 0x00, 0x00, 0x00, 0x00, 0x00, 0x04, 0xFF, 0x20, 0x00,
    0x00, 0x00, 0x00, 0x00, 0x00, 0x00, 0x7F, 0xF0, 0x00, 0x00, 0x00, 0x00, 0x00, 0x00, 0x00, 0x0C,
    0xFA, 0x00, 0x00, 0x00, 0x00, 0x00, 0x00, 0x00, 0x04, 0xFF, 0x20, 0x00, 0x00, 0x00, 0x00, 0x00,
    0x00, 0x00, 0x2B, 0x50, 0x00, 0xDF, 0xA0, 0x00, 0x00, 0x08, 0xFF, 0x00, 0x0D, 0xFA, 0x00, 0x00,
    0x00, 0x8F, 0xF0, 0x00, 0xDF, 0xA0, 0x00, 0x00, 0x08, 0xFF, 0x00, 0x0D, 0xFA, 0x00, 0x00, 0x00,
    0x8F, 0xF0, 0x00, 0xDF, 0xA0, 0x00, 0x00, 0x08, 0xFF, 0x00, 0x0D, 0xFA, 0x00, 0x00, 0x00, 0x8F,
    0xF0, 0x00, 0xDF, 0xB0, 0x00, 0x00, 0x09, 0xFF, 0x00, 0x0D, 0xFF, 0xFF, 0xFF, 0xFF, 0xFF, 0xF0,
    0x00, 0xDF, 0xFF, 0xFF, 0xFF, 0xFF, 0xFF, 0x00, 0x0D, 0xFA, 0x00, 0x00, 0x00, 0x8F, 0xF0, 0x00,
    0xDF, 0xA0, 0x00, 0x00, 0x08, 0xFF, 0x00, 0x0D, 0xFA, 0x00, 0x00, 0x00, 0x8F, 0xF0, 0x00, 0xDF,
    0xA0, 0x00, 0x00, 0x08, 0xFF, 0x00, 0x0D, 0xFA, 0x00, 0x00, 0x00, 0x8F, 0xFF, 0xF3, 0xDF, 0xA0,
    0x00, 0x00, 0x08, 0xFF, 0xFF, 0x30, 0x00, 0x00, 0x00, 0x00, 0x00, 0x4F, 0xF2, 0x00, 0x00, 0x00,
    0x00, 0x00, 0x07, 0xFF, 0x00, 0x00, 0x00, 0x00, 0x00, 0x00, 0xCF, 0xA0, 0x00, 0x00, 0x00, 0x00,
    0x00, 0x4F, 0xF2, 0x00, 0x00, 0x00, 0x00, 0x00, 0x02, 0xB5, 0x00, 0xFF, 0xB0, 0x00, 0x00, 0x00,
    0x00, 0xEF, 0xCF, 0xFB, 0x00, 0x00, 0x00, 0x00, 0x0E, 0xFC, 0xFF, 0xB0, 0x00, 0x00, 0x00, 0x00,
    0xEF, 0xCF, 0xFB, 0x00, 0x00, 0x00, 0x00, 0x0E, 0xFC, 0xFF, 0xB0, 0x00, 0x00, 0x00, 0x00, 0xEF,
    0xCF, 0xFB, 0x00, 0x00, 0x00, 0x00, 0x0E, 0xFC, 0xEF, 0xB0, 0x00, 0x00, 0x00, 0x00, 0xEF, 0xCC,
    0xFE, 0x00, 0x00, 0x00, 0x00, 0x0E, 0xFC, 0x8F, 0xF5, 0x00, 0x00, 0x00, 0x00, 0xEF, 0xC2, 0xFF,
    0xF9, 0x43, 0x34, 0x58, 0xCF, 0xFC, 0x04, 0xFF, 0xFF, 0xFF, 0xFF, 0xFF, 0xFF, 0xC0, 0x01, 0x7C,
    0xEF, 0xFE, 0xDA, 0x6F, 0xFC, 0x00, 0x00, 0x00, 0x00, 0x00, 0x00, 0xEF, 0xC0, 0x00, 0x00, 0x00,
    0x00, 0x00, 0x0E, 0xFC, 0x00, 0x00, 0x00, 0x00, 0x00, 0x00, 0xEF, 0xC0, 0x00, 0x00, 0x00, 0x00,
    0x00, 0x0E, 0xFC, 0x00, 0x00, 0x00, 0x00, 0x00, 0x00, 0xEF, 0xC0, 0x00, 0x00, 0x00, 0x00, 0x00,
    0x0E, 0xFC, 0x00, 0x00, 0x00, 0x00, 0x09, 0xFF, 0xEF, 0xC0, 0x00, 0x00, 0x00, 0x00, 0x9F, 0xFE,
    0xFC, 0x00, 0x00, 0x00, 0x00, 0x09, 0xFF, 0x00, 0x00, 0x00, 0x00, 0x00, 0x00, 0x9F, 0xF0, 0x00,
    0x00, 0x00, 0x00, 0x00, 0x09, 0xFF, 0x00, 0x00, 0x00, 0x00, 0x00, 0x00, 0x9F, 0xF0, 0x00, 0x00,
    0x00, 0x00, 0x00, 0x09, 0xFF, 0x00, 0x00, 0x00, 0x00, 0x00, 0x00, 0x00, 0x00, 0x09, 0xFF, 0x00,
    0x00, 0x00, 0x7F, 0xF1, 0x9F, 0xF0, 0x00, 0x00, 0x07, 0xFF, 0x19, 0xFF, 0x00, 0x00, 0x00, 0x7F,
    0xF1, 0x9F, 0xF0, 0x00, 0x00, 0x07, 0xFF, 0x18, 0xFF, 0x00, 0x00, 0x00, 0x7F, 0xF1, 0x7F, 0xF1,
    0x00, 0x00, 0x07, 0xFF, 0x14, 0xFF, 0x60, 0x00, 0x00, 0x7F, 0xF1, 0x0D, 0xFF, 0x72, 0x12, 0x5F,
    0xFF, 0x10, 0x2E, 0xFF, 0xFF, 0xFF, 0xFF, 0xF1, 0x00, 0x18, 0xDF, 0xFE, 0xCF, 0xFF, 0x10, 0x00,
    0x00, 0x00, 0x00, 0x7F, 0xF1, 0x00, 0x00, 0x00, 0x00, 0x07, 0xFF, 0x10, 0x00, 0x00, 0x00, 0x00,
    0x7F, 0xF1, 0x00, 0x00, 0x00, 0x09, 0xFF, 0xFF, 0x10, 0x00, 0x00, 0x00, 0x9F, 0xFF, 0xF1, 0x00,
    0x00, 0x00, 0x09, 0xFF, 0x00, 0x00, 0x00, 0x00, 0x00, 0x9F, 0xF0, 0x00, 0x00, 0x00, 0x00, 0x09,
    0xFF, 0x00, 0x00, 0x00, 0x00, 0x00, 0x9F, 0xF0, 0x00, 0x00, 0x00, 0x00, 0x09, 0xFF, 0x00, 0x00,
    0xBF, 0xFE, 0x00, 0x00, 0x00, 0x00, 0x00, 0x00, 0x7F, 0xFF, 0x20, 0x0B, 0xFF, 0xF4, 0x00, 0x00,
    0x00, 0x00, 0x00, 0x0D, 0xFF, 0xF2, 0x00, 0xBF, 0xFF, 0xB0, 0x00, 0x00, 0x00, 0x00, 0x04, 0xFF,
    0xFF, 0x20, 0x0B, 0xFF, 0xFF, 0x10, 0x00, 0x00, 0x00, 0x00, 0xAF, 0xFF, 0xF2, 0x00, 0xBF, 0xCF,
    0xF8, 0x00, 0x00, 0x00, 0x00, 0x1F, 0xFB, 0xFF, 0x20, 0x0B, 0xFB, 0xAF, 0xE0, 0x00, 0x00, 0x00,
    0x07, 0xFF, 0x6F, 0xF2, 0x00, 0xBF, 0xC3, 0xFF, 0x40, 0x00, 0x00, 0x00, 0xDF, 0xA5, 0xFF, 0x20,
    0x0B, 0xFC, 0x0D, 0xFB, 0x00, 0x00, 0x00, 0x4F, 0xF4, 0x5F, 0xF2, 0x00, 0xBF, 0xD0, 0x6F, 0xF1,
    0x00, 0x00, 0x0A, 0xFD, 0x06, 0xFF, 0x20, 0x0B, 0xFD, 0x01, 0xFF, 0x70, 0x00, 0x01, 0xFF, 0x70,
    0x6F, 0xF2, 0x00, 0xBF, 0xE0, 0x09, 0xFE, 0x00, 0x00, 0x7F, 0xF1, 0x07, 0xFF, 0x20, 0x0B, 0xFE,
    0x00, 0x3F, 0xF4, 0x00, 0x0D, 0xFA, 0x00, 0x7F, 0xF2, 0x00, 0xBF, 0xE0, 0x00, 0xCF, 0xB0, 0x04,
    0xFF, 0x30, 0x07, 0xFF, 0x20, 0x0B, 0xFF, 0x00, 0x06, 0xFF, 0x10, 0xAF, 0xD0, 0x00, 0x8F, 0xF2,
    0x00, 0xBF, 0xF0, 0x00, 0x0F, 0xF7, 0x1F, 0xF6, 0x00, 0x08, 0xFF, 0x20, 0x0B, 0xFF, 0x00, 0x00,
    0x9F, 0xE7, 0xFF, 0x10, 0x00, 0x8F, 0xF2, 0x00, 0xBF, 0xF0, 0x00, 0x03, 0xFF, 0xFF, 0x90, 0x00,
    0x08, 0xFF, 0x20, 0x0B, 0xFF, 0x00, 0x00, 0x0C, 0xFF, 0xF3, 0x00, 0x00, 0x8F, 0xF2, 0x00, 0xBF,
    0xF0, 0x00, 0x00, 0x6F, 0xFC, 0x00, 0x00, 0x08, 0xFF, 0xFF, 0x3B, 0xFF, 0x00, 0x00, 0x00, 0xFF,
    0x60, 0x00, 0x00, 0x8F, 0xFF, 0xF3, 0x00, 0x00, 0x00, 0x00, 0x00, 0x00, 0x00, 0x00, 0x00, 0x04,
    0xFF, 0x20, 0x00, 0x00, 0x00, 0x00, 0x00, 0x00, 0x00, 0x00, 0x00, 0x7F, 0xF0, 0x00, 0x00, 0x00,
    0x00, 0x00, 0x00, 0x00, 0x00, 0x00, 0x0C, 0xFA, 0x00, 0x00, 0x00, 0x00, 0x00, 0x00, 0x00, 0x00,
    0x00, 0x04, 0xFF, 0x20, 0x00, 0x00, 0x00, 0x00, 0x00, 0x00, 0x00, 0x00, 0x00, 0x2B, 0x50, 0x00,
    0xDF, 0xFA, 0x00, 0x00, 0x00, 0x00, 0x0C, 0xFF, 0xA0, 0x00, 0xDF, 0xFF, 0x10, 0x00, 0x00, 0x00,
    0x2F, 0xFF, 0xA0, 0x00, 0xDF, 0xFF, 0x80, 0x00, 0x00, 0x00, 0x9F, 0xFF, 0xA0, 0x00, 0xDF, 0xFF,
    0xE0, 0x00, 0x00, 0x01, 0xFF, 0xFF, 0xA0, 0x00, 0xDF, 0xCF, 0xF5, 0x00, 0x00, 0x07, 0xFE, 0xEF,
    0xA0, 0x00, 0xDF, 0xB9, 0xFC, 0x00, 0x00, 0x0E, 0xF7, 0xEF, 0xA0, 0x00, 0xDF, 0xB2, 0xFF, 0x30,
    0x00, 0x5F, 0xF1, 0xEF, 0xA0, 0x00, 0xDF, 0xB0, 0xBF, 0xA0, 0x00, 0xCF, 0x90, 0xEF, 0xA0, 0x00,
    0xDF, 0xB0, 0x4F, 0xF1, 0x03, 0xFF, 0x20, 0xEF, 0xA0, 0x00, 0xDF, 0xB0, 0x0D, 0xF8, 0x0A, 0xFB,
    0x00, 0xEF, 0xA0, 0x00, 0xDF, 0xB0, 0x06, 0xFE, 0x2F, 0xF4, 0x00, 0xEF, 0xA0, 0x00, 0xDF, 0xB0,
    0x00, 0xEF, 0xDF, 0xD0, 0x00, 0xEF, 0xA0, 0x00, 0xDF, 0xB0, 0x00, 0x8F, 0xFF, 0x60, 0x00, 0xEF,
    0xA0, 0x00, 0xDF, 0xB0, 0x00, 0x1F, 0xFE, 0x00, 0x00, 0xEF, 0xEF, 0xF3, 0xDF, 0xB0, 0x00, 0x0A,
    0xF8, 0x00, 0x00, 0xEF, 0xEF, 0xF3, 0x00, 0x00, 0x00, 0x00, 0x00, 0x00, 0x00, 0x00, 0x4F, 0xF2,
    0x00, 0x00, 0x00, 0x00, 0x00, 0x00, 0x00, 0x00, 0x7F, 0xF0, 0x00, 0x00, 0x00, 0x00, 0x00, 0x00,
    0x00, 0x00, 0xCF, 0xA0, 0x00, 0x00, 0x00, 0x00, 0x00, 0x00, 0x00, 0x04, 0xFF, 0x20, 0x00, 0x00,
    0x00, 0x00, 0x00, 0x00, 0x00, 0x02, 0xB5, 0x00, 0x8F, 0xF2, 0x8F, 0xF2, 0x8F, 0xF2, 0x8F, 0xF2,
    0x8F, 0xF2, 0x8F, 0xF2, 0x8F, 0xF2, 0x8F, 0xF2, 0x8F, 0xF2, 0x8F, 0xF2, 0x8F, 0xF2, 0x8F, 0xF2,
    0x8F, 0xF2, 0x8F, 0xF2, 0x8F, 0xF2, 0x8F, 0xF2, 0x8F, 0xF2, 0x8F, 0xF2, 0x8F, 0xF2, 0x8F, 0xF2,
    0x00, 0x00, 0x04, 0x30, 0x00, 0x04, 0x30, 0x00, 0x00, 0x00, 0x00, 0x2F, 0xE0, 0x00, 0x3F, 0xD0,
    0x00, 0x00, 0x00, 0x00, 0x0D, 0xF7, 0x00, 0xBF, 0x90, 0x00, 0x00, 0x00, 0x00, 0x04, 0xFF, 0xEF,
    0xFD, 0x10, 0x00, 0x00, 0x00, 0x00, 0x00, 0x28, 0xBA, 0x70, 0x00, 0x00, 0x00, 0x00, 0x00, 0x00,
    0x00, 0x00, 0x00, 0x00, 0x00, 0x00, 0x00, 0x00, 0x00, 0x03, 0xFF, 0x70, 0x00, 0x00, 0x00, 0x00,
    0x00, 0x00, 0x09, 0xFF, 0xD0, 0x00, 0x00, 0x00, 0x00, 0x00, 0x00, 0x0E, 0xFF, 0xF3, 0x00, 0x00,
    0x00, 0x00, 0x00, 0x00, 0x5F, 0xFE, 0xFA, 0x00, 0x00, 0x00, 0x00, 0x00, 0x00, 0xBF, 0xB6, 0xFF,
    0x00, 0x00, 0x00, 0x00, 0x00, 0x01, 0xFF, 0x51, 0xFF, 0x60, 0x00, 0x00, 0x00, 0x00, 0x07, 0xFF,
    0x00, 0xBF, 0xC0, 0x00, 0x00, 0x00, 0x00, 0x0D, 0xF9, 0x00, 0x5F, 0xF2, 0x00, 0x00, 0x00, 0x00,
    0x3F, 0xF4, 0x00, 0x0F, 0xF8, 0x00, 0x00, 0x00, 0x00, 0xAF, 0xE0, 0x00, 0x09, 0xFE, 0x00, 0x00,
    0x00, 0x00, 0xFF, 0x80, 0x00, 0x03, 0xFF, 0x40, 0x00, 0x00, 0x06, 0xFF, 0x20, 0x00, 0x00, 0xEF,
    0xA0, 0x00, 0x00, 0x0D, 0xFF, 0x22, 0x22, 0x22, 0xBF, 0xF1, 0x00, 0x00, 0x2F, 0xFF, 0xFF, 0xFF,
    0xFF, 0xFF, 0xF6, 0x00, 0x00, 0x8F, 0xFF, 0xFF, 0xFF, 0xFF, 0xFF, 0xFC, 0x00, 0x00, 0xEF, 0xB0,
    0x00, 0x00, 0x00, 0x06, 0xFF, 0x30, 0x04, 0xFF, 0x50, 0x00, 0x00, 0x00, 0x01, 0xFF, 0x90, 0x0A,
    0xFF, 0x00, 0x00, 0x00, 0x00, 0x00, 0xBF, 0xE0, 0x1F, 0xFA, 0x00, 0x00, 0x00, 0x00, 0x00, 0x5F,
    0xF5, 0x6F, 0xF4, 0x00, 0x00, 0x00, 0x00, 0x00, 0x0F, 0xFB, 0x00, 0x2C, 0xA0, 0x00, 0x1C, 0xA0,
    0x00, 0x00, 0xFF, 0x10, 0x06, 0xFC, 0x00, 0x00, 0x09, 0xFD, 0x67, 0xFF, 0x40, 0x00, 0x00, 0x09,
    0xFF, 0xFE, 0x60, 0x00, 0x00, 0x00, 0x01, 0x32, 0x00, 0x00, 0x00, 0x00, 0x00, 0x00, 0x00, 0x00,
    0x00, 0x00, 0x04, 0xAE, 0xFE, 0xC6, 0x00, 0x00, 0x0A, 0xFF, 0xFF, 0xFF, 0xFC, 0x00, 0x09, 0xFF,
    0x92, 0x02, 0x9F, 0xF9, 0x00, 0xFF, 0x90, 0x00, 0x00, 0xBF, 0xF0, 0x06, 0x62, 0x00, 0x00, 0x06,
    0xFF, 0x20, 0x00, 0x00, 0x00, 0x00, 0x5F, 0xF3, 0x00, 0x06, 0xBE, 0xFF, 0xFF, 0xFF, 0x30, 0x2D,
    0xFF, 0xFE, 0xCC, 0xFF, 0xF3, 0x0D, 0xFE, 0x50, 0x00, 0x05, 0xFF, 0x35, 0xFF, 0x40, 0x00, 0x00,
    0x5F, 0xF3, 0x7F, 0xF1, 0x00, 0x00, 0x0A, 0xFF, 0x36, 0xFF, 0x50, 0x00, 0x02, 0xFF, 0xF3, 0x1F,
    0xFF, 0x74, 0x48, 0xFF, 0xFF, 0x30, 0x5F, 0xFF, 0xFF, 0xFF, 0xAF, 0xF5, 0x00, 0x3A, 0xEF, 0xEA,
    0x21, 0xFF, 0x90, 0x00, 0x00, 0x18, 0x70, 0x00, 0x29, 0x60, 0x00, 0x00, 0x00, 0x00, 0x8F, 0xF4,
    0x00, 0xAF, 0xF3, 0x00, 0x00, 0x00, 0x00, 0x6F, 0xF2, 0x00, 0x8F, 0xF1, 0x00, 0x00, 0x00, 0x00,
    0x02, 0x10, 0x00, 0x03, 0x10, 0x00, 0x00, 0x00, 0x00, 0x00, 0x00, 0x00, 0x00, 0x00, 0x00, 0x00,
    0x00, 0x00, 0x00, 0x03, 0xFF, 0x70, 0x00, 0x00, 0x00, 0x00, 0x00, 0x00, 0x09, 0xFF, 0xD0, 0x00,
    0x00, 0x00, 0x00, 0x00, 0x00, 0x0E, 0xFF, 0xF3, 0x00, 0x00, 0x00, 0x00, 0x00, 0x00, 0x5F, 0xFE,
    0xFA, 0x00, 0x00, 0x00, 0x00, 0x00, 0x00, 0xBF, 0xB6, 0xFF, 0x00, 0x00, 0x00, 0x00, 0x00, 0x01,
    0xFF, 0x51, 0xFF, 0x60, 0x00, 0x00, 0x00, 0x00, 0x07, 0xFF, 0x00, 0xBF, 0xC0, 0x00, 0x00, 0x00,
    0x00, 0x0D, 0xF9, 0x00, 0x5F, 0xF2, 0x00, 0x00, 0x00, 0x00, 0x3F, 0xF4, 0x00, 0x0F, 0xF8, 0x00,
    0x00, 0x00, 0x00, 0xAF, 0xE0, 0x00, 0x09, 0xFE, 0x00, 0x00, 0x00, 0x00, 0xFF, 0x80, 0x00, 0x03,
    0xFF, 0x40, 0x00, 0x00, 0x06, 0xFF, 0x20, 0x00, 0x00, 0xEF, 0xA0, 0x00, 0x00, 0x0D, 0xFF, 0x22,
    0x22, 0x22, 0xBF, 0xF1, 0x00, 0x00, 0x2F, 0xFF, 0xFF, 0xFF, 0xFF, 0xFF, 0xF6, 0x00, 0x00, 0x8F,
    0xFF, 0xFF, 0xFF, 0xFF, 0xFF, 0xFC, 0x00, 0x00, 0xEF, 0xB0, 0x00, 0x00, 0x00, 0x06, 0xFF, 0x30,
    0x04, 0xFF, 0x50, 0x00, 0x00, 0x00, 0x01, 0xFF, 0x90, 0x0A, 0xFF, 0x00, 0x00, 0x00, 0x00, 0x00,
    0xBF, 0xE0, 0x1F, 0xFA, 0x00, 0x00, 0x00, 0x00, 0x00, 0x5F, 0xF5, 0x6F, 0xF4, 0x00, 0x00, 0x00,
    0x00, 0x00, 0x0F, 0xFB, 0x00, 0x00, 0x00, 0x00, 0x01, 0x00, 0x00, 0x05, 0xFE, 0x20, 0x06, 0xFE,
    0x10, 0x00, 0x9F, 0xF5, 0x00, 0xAF, 0xF3, 0x00, 0x02, 0xA9, 0x00, 0x03, 0xB8, 0x00, 0x00, 0x00,
    0x00, 0x00, 0x00, 0x00, 0x00, 0x00, 0x00, 0x00, 0x00, 0x00, 0x00, 0x00, 0x04, 0xAE, 0xFE, 0xC6,
    0x00, 0x00, 0x0A, 0xFF, 0xFF, 0xFF, 0xFC, 0x00, 0x09, 0xFF, 0x92, 0x02, 0x9F, 0xF9, 0x00, 0xFF,
    0x90, 0x00, 0x00, 0xBF, 0xF0, 0x06, 0x62, 0x00, 0x00, 0x06, 0xFF, 0x20, 0x00, 0x00, 0x00, 0x00,
    0x5F, 0xF3, 0x00, 0x06, 0xBE, 0xFF, 0xFF, 0xFF, 0x30, 0x2D, 0xFF, 0xFE, 0xCC, 0xFF, 0xF3, 0x0D,
    0xFE, 0x50, 0x00, 0x05, 0xFF, 0x35, 0xFF, 0x40, 0x00, 0x00, 0x5F, 0xF3, 0x7F, 0xF1, 0x00, 0x00,
    0x0A, 0xFF, 0x36, 0xFF, 0x50, 0x00, 0x02, 0xFF, 0xF3, 0x1F, 0xFF, 0x74, 0x48, 0xFF, 0xFF, 0x30,
    0x5F, 0xFF, 0xFF, 0xFF, 0xAF, 0xF5, 0x00, 0x3A, 0xEF, 0xEA, 0x21, 0xFF, 0x90, 0x00, 0x00, 0x00,
    0x00, 0x00, 0x00, 0x7F, 0xFF, 0xFF, 0xFF, 0xFF, 0xFF, 0xFD, 0x00, 0x00, 0x00, 0x00, 0x00, 0x00,
    0x1F, 0xFF, 0xFF, 0xFF, 0xFF, 0xFF, 0xFF, 0xD0, 0x00, 0x00, 0x00, 0x00, 0x00, 0x0A, 0xFF, 0xFF,
    0x81, 0x11, 0x11, 0x11, 0x11, 0x00, 0x00, 0x00, 0x00, 0x00, 0x04, 0xFF, 0x7F, 0xF7, 0x00, 0x00,
    0x00, 0x00, 0x00, 0x00, 0x00, 0x00, 0x00, 0x00, 0xDF, 0xD0, 0xFF, 0x80, 0x00, 0x00, 0x00, 0x00,
    0x00, 0x00, 0x00, 0x00, 0x00, 0x7F, 0xF4, 0x0F, 0xF8, 0x00, 0x00, 0x00, 0x00, 0x00, 0x00, 0x00,
    0x00, 0x00, 0x1F, 0xFB, 0x00, 0xFF, 0x90, 0x00, 0x00, 0x00, 0x00, 0x00, 0x00, 0x00, 0x00, 0x0A,
    0xFF, 0x20, 0x0E, 0xFA, 0x00, 0x00, 0x00, 0x00, 0x00, 0x00, 0x00, 0x00, 0x04, 0xFF, 0x80, 0x00,
    0xDF, 0xB1, 0x11, 0x11, 0x11, 0x00, 0x00, 0x00, 0x00, 0x00, 0xDF, 0xE0, 0x00, 0x0D, 0xFF, 0xFF,
    0xFF, 0xFF, 0xFC, 0x00, 0x00, 0x00, 0x00, 0x7F, 0xF6, 0x00, 0x00, 0xCF, 0xFF, 0xFF, 0xFF, 0xFF,
    0xC0, 0x00, 0x00, 0x00, 0x1F, 0xFC, 0x00, 0x00, 0x0B, 0xFC, 0x00, 0x00, 0x00, 0x00, 0x00, 0x00,
    0x00, 0x0B, 0xFF, 0x96, 0x66, 0x66, 0xFF, 0xF0, 0x00, 0x00, 0x00, 0x00, 0x00, 0x00, 0x04, 0xFF,
    0xFF, 0xFF, 0xFF, 0xFF, 0xFF, 0x00, 0x00, 0x00, 0x00, 0x00, 0x00, 0x00, 0xDF, 0xFF, 0xFF, 0xFF,
    0xFF, 0xFF, 0xF0, 0x00, 0x00, 0x00, 0x00, 0x00, 0x00, 0x7F, 0xF7, 0x00, 0x00, 0x00, 0x09, 0xFF,
    0x00, 0x00, 0x00, 0x00, 0x00, 0x00, 0x2F, 0xFE, 0x00, 0x00, 0x00, 0x00, 0x8F, 0xF0, 0x00, 0x00,
    0x00, 0x00, 0x00, 0x0B, 0xFF, 0x50, 0x00, 0x00, 0x00, 0x07, 0xFF, 0x21, 0x11, 0x11, 0x11, 0x10,
    0x04, 0xFF, 0xC0, 0x00, 0x00, 0x00, 0x00, 0x7F, 0xFF, 0xFF, 0xFF, 0xFF, 0xFF, 0xB0, 0xDF, 0xF3,
    0x00, 0x00, 0x00, 0x00, 0x06, 0xFF, 0xFF, 0xFF, 0xFF, 0xFF, 0xFB, 0x00, 0x18, 0xCF, 0xFE, 0xA3,
    0x00, 0x29, 0xEF, 0xEC, 0x60, 0x00, 0x03, 0xEF, 0xFF, 0xFF, 0xFF, 0x55, 0xFF, 0xFF, 0xFF, 0xFC,
    0x10, 0x1E, 0xFF, 0x72, 0x14, 0xDF, 0xFF, 0xFD, 0x41, 0x28, 0xFF, 0xB0, 0x6F, 0xF5, 0x00, 0x00,
    0x2F, 0xFF, 0xD0, 0x00, 0x00, 0x6F, 0xF3, 0x38, 0x90, 0x00, 0x00, 0x0F, 0xFF, 0x50, 0x00, 0x00,
    0x0F, 0xF7, 0x00, 0x00, 0x00, 0x00, 0x0F, 0xFF, 0x00, 0x00, 0x00, 0x0D, 0xFA, 0x00, 0x39, 0xCE,
    0xEE, 0xEF, 0xFF, 0xFF, 0xFF, 0xFF, 0xFF, 0xFB, 0x09, 0xFF, 0xFF, 0xFF, 0xFF, 0xFF, 0xFF, 0xFF,
    0xFF, 0xFF, 0xFB, 0x6F, 0xFD, 0x41, 0x00, 0x0F, 0xFF, 0x00, 0x00, 0x00, 0x00, 0x00, 0xCF, 0xE0,
    0x00, 0x00, 0x0F, 0xFF, 0x00, 0x00, 0x00, 0x00, 0x00, 0xEF, 0xA0, 0x00, 0x00, 0x0F, 0xFF, 0x40,
    0x00, 0x00, 0x00, 0x00, 0xDF, 0xC0, 0x00, 0x00, 0x3F, 0xFF, 0xD1, 0x00, 0x00, 0x00, 0x40, 0x8F,
    0xF9, 0x21, 0x39, 0xFF, 0xFF, 0xFE, 0x62, 0x13, 0x7D, 0xF1, 0x0D, 0xFF, 0xFF, 0xFF, 0xFB, 0x14,
    0xFF, 0xFF, 0xFF, 0xFF, 0xE3, 0x00, 0x8D, 0xFF, 0xDA, 0x40, 0x00, 0x18, 0xCF, 0xFE, 0xB6, 0x00,
    0x00, 0x04, 0x30, 0x00, 0x04, 0x30, 0x00, 0x02, 0xFE, 0x00, 0x03, 0xFD, 0x00, 0x00, 0x0D, 0xF7,
    0x00, 0xBF, 0x90, 0x00, 0x00, 0x4F, 0xFE, 0xFF, 0xD1, 0x00, 0x00, 0x00, 0x28, 0xBA, 0x70, 0x00,
    0x00, 0x00, 0x00, 0x00, 0x00, 0x00, 0x00, 0xBF, 0xFF, 0xFF, 0xFF, 0xFF, 0xFF, 0xDB, 0xFF, 0xFF,
    0xFF, 0xFF, 0xFF, 0xFD, 0xBF, 0xF2, 0x22, 0x22, 0x22, 0x22, 0x2B, 0xFF, 0x00, 0x00, 0x00, 0x00,
    0x00, 0xBF, 0xF0, 0x00, 0x00, 0x00, 0x00, 0x0B, 0xFF, 0x00, 0x00, 0x00, 0x00, 0x00, 0xBF, 0xF0,
    0x00, 0x00, 0x00, 0x00, 0x0B, 0xFF, 0x00, 0x00, 0x00, 0x00, 0x00, 0xBF, 0xF2, 0x22, 0x22, 0x22,
    0x21, 0x0B, 0xFF, 0xFF, 0xFF, 0xFF, 0xFF, 0x90, 0xBF, 0xFF, 0xFF, 0xFF, 0xFF, 0xF9, 0x0B, 0xFF,
    0x00, 0x00, 0x00, 0x00, 0x00, 0xBF, 0xF0, 0x00, 0x00, 0x00, 0x00, 0x0B, 0xFF, 0x00, 0x00, 0x00,
    0x00, 0x00, 0xBF, 0xF0, 0x00, 0x00, 0x00, 0x00, 0x0B, 0xFF, 0x00, 0x00, 0x00, 0x00, 0x00, 0xBF,
    0xF0, 0x00, 0x00, 0x00, 0x00, 0x0B, 0xFF, 0x22, 0x22, 0x22, 0x22, 0x22, 0xBF, 0xFF, 0xFF, 0xFF,
    0xFF, 0xFF, 0xFB, 0xFF, 0xFF, 0xFF, 0xFF, 0xFF, 0xFF, 0x00, 0x2C, 0xA0, 0x00, 0x1C, 0xA0, 0x00,
    0x00, 0xFF, 0x10, 0x06, 0xFC, 0x00, 0x00, 0x09, 0xFD, 0x67, 0xFF, 0x40, 0x00, 0x00, 0x09, 0xFF,
    0xFE, 0x60, 0x00, 0x00, 0x00, 0x01, 0x32, 0x00, 0x00, 0x00, 0x00, 0x00, 0x00, 0x00, 0x00, 0x00,
    0x00, 0x01, 0x8D, 0xFE, 0xC6, 0x00, 0x00, 0x04, 0xFF, 0xFF, 0xFF, 0xFC, 0x10, 0x03, 0xFF, 0xD5,
    0x12, 0x8F, 0xFB, 0x00, 0xCF, 0xD1, 0x00, 0x00, 0x6F, 0xF3, 0x3F, 0xF5, 0x00, 0x00, 0x00, 0xEF,
    0x88, 0xFF, 0x11, 0x11, 0x11, 0x1C, 0xFB, 0xAF, 0xFF, 0xFF, 0xFF, 0xFF, 0xFF, 0xCB, 0xFF, 0xFF,
    0xFF, 0xFF, 0xFF, 0xFD, 0xBF, 0xD0, 0x00, 0x00, 0x00, 0x00, 0x09, 0xFF, 0x00, 0x00, 0x00, 0x00,
    0x00, 0x5F, 0xF5, 0x00, 0x00, 0x00, 0x00, 0x00, 0xEF, 0xE1, 0x00, 0x00, 0x07, 0xB1, 0x04, 0xFF,
    0xE6, 0x21, 0x4A, 0xFF, 0x50, 0x05, 0xFF, 0xFF, 0xFF, 0xFF, 0x60, 0x00, 0x01, 0x8D, 0xFF, 0xD9,
    0x20, 0x00, 0x00, 0x04, 0x9D, 0xFF, 0xED, 0xA5, 0x00, 0x00, 0x00, 0x0A, 0xFF, 0xFF, 0xFF, 0xFF,
    0xFD, 0x30, 0x00, 0x00, 0x8F, 0xA6, 0x43, 0x46, 0xBF, 0xFF, 0x40, 0x00, 0x01, 0x10, 0x00, 0x00,
    0x00, 0x4F, 0xFF, 0x20, 0x00, 0x00, 0x00, 0x00, 0x00, 0x00, 0x4F, 0xFA, 0x00, 0x00, 0x00, 0x00,
    0x00, 0x00, 0x00, 0xAF, 0xF1, 0x00, 0x00, 0x00, 0x00, 0x00, 0x00, 0x04, 0xFF, 0x60, 0x00, 0x00,
    0x00, 0x00, 0x00, 0x00, 0x1F, 0xF9, 0x00, 0x00, 0x00, 0x00, 0x00, 0x00, 0x00, 0xFF, 0xAB, 0xFF,
    0xFF, 0xFF, 0xFF, 0xFF, 0xFF, 0xFF, 0xFB, 0xBF, 0xFF, 0xFF, 0xFF, 0xFF, 0xFF, 0xFF, 0xFF, 0xBA,
    0xFE, 0x00, 0x00, 0x00, 0x00, 0x00, 0x0E, 0xFA, 0x9F, 0xF0, 0x00, 0x00, 0x00, 0x00, 0x01, 0xFF,
    0x96, 0xFF, 0x20, 0x00, 0x00, 0x00, 0x00, 0x4F, 0xF5, 0x2F, 0xF6, 0x00, 0x00, 0x00, 0x00, 0x0A,
    0xFF, 0x10, 0xCF, 0xD0, 0x00, 0x00, 0x00, 0x03, 0xFF, 0x90, 0x04, 0xFF, 0xA0, 0x00, 0x00, 0x02,
    0xEF, 0xE1, 0x00, 0x08, 0xFF, 0xD7, 0x43, 0x49, 0xFF, 0xF4, 0x00, 0x00, 0x07, 0xFF, 0xFF, 0xFF,
    0xFF, 0xD3, 0x00, 0x00, 0x00, 0x02, 0x8C, 0xEF, 0xEB, 0x60, 0x00, 0x00, 0x00, 0x4A, 0xDF, 0xFD,
    0x81, 0x00, 0x00, 0xBF, 0xFF, 0xFF, 0xFF, 0xF5, 0x00, 0x0D, 0xF8, 0x31, 0x26, 0xEF, 0xF3, 0x00,
    0x31, 0x00, 0x00, 0x01, 0xEF, 0xD0, 0x00, 0x00, 0x00, 0x00, 0x06, 0xFF, 0x40, 0x00, 0x00, 0x00,
    0x00, 0x1F, 0xF8, 0x01, 0x11, 0x11, 0x11, 0x11, 0xFF, 0xAA, 0xFF, 0xFF, 0xFF, 0xFF, 0xFF, 0xFB,
    0xAF, 0xFF, 0xFF, 0xFF, 0xFF, 0xFF, 0xA9, 0xFE, 0x00, 0x00, 0x00, 0x1F, 0xF8, 0x6F, 0xF1, 0x00,
    0x00, 0x07, 0xFF, 0x32, 0xFF, 0x80, 0x00, 0x01, 0xEF, 0xC0, 0x0A, 0xFF, 0x93, 0x15, 0xDF, 0xF3,
    0x00, 0x0C, 0xFF, 0xFF, 0xFF, 0xF4, 0x00, 0x00, 0x06, 0xCE, 0xFD, 0x91, 0x00, 0x00, 0x00, 0x03,
    0xCB, 0x00, 0x04, 0xDA, 0x00, 0x00, 0x00, 0x00, 0x9F, 0xF5, 0x00, 0xAF, 0xF3, 0x00, 0x00, 0x00,
    0x04, 0xED, 0x10, 0x05, 0xFC, 0x00, 0x00, 0x00, 0x00, 0x00, 0x00, 0x00, 0x00, 0x00, 0x00, 0x00,
    0x00, 0x04, 0x9D, 0xFF, 0xED, 0xA5, 0x00, 0x00, 0x00, 0x0A, 0xFF, 0xFF, 0xFF, 0xFF, 0xFD, 0x30,
    0x00, 0x00, 0x8F, 0xA6, 0x43, 0x46, 0xBF, 0xFF, 0x40, 0x00, 0x01, 0x10, 0x00, 0x00, 0x00, 0x4F,
    0xFF, 0x20, 0x00, 0x00, 0x00, 0x00, 0x00, 0x00, 0x4F, 0xFA, 0x00, 0x00, 0x00, 0x00, 0x00, 0x00,
    0x00, 0xAF, 0xF1, 0x00, 0x00, 0x00, 0x00, 0x00, 0x00, 0x04, 0xFF, 0x60, 0x00, 0x00, 0x00, 0x00,
    0x00, 0x00, 0x1F, 0xF9, 0x00, 0x00, 0x00, 0x00, 0x00, 0x00, 0x00, 0xFF, 0xAB, 0xFF, 0xFF, 0xFF,
    0xFF, 0xFF, 0xFF, 0xFF, 0xFB, 0xBF, 0xFF, 0xFF, 0xFF, 0xFF, 0xFF, 0xFF, 0xFF, 0xBA, 0xFE, 0x00,
    0x00, 0x00, 0x00, 0x00, 0x0E, 0xFA, 0x9F, 0xF0, 0x00, 0x00, 0x00, 0x00, 0x01, 0xFF, 0x96, 0xFF,
    0x20, 0x00, 0x00, 0x00, 0x00, 0x4F, 0xF5, 0x2F, 0xF6, 0x00, 0x00, 0x00, 0x00, 0x0A, 0xFF, 0x10,
    0xCF, 0xD0, 0x00, 0x00, 0x00, 0x03, 0xFF, 0x90, 0x04, 0xFF, 0xA0, 0x00, 0x00, 0x02, 0xEF, 0xE1,
    0x00, 0x08, 0xFF, 0xD7, 0x43, 0x49, 0xFF, 0xF4, 0x00, 0x00, 0x07, 0xFF, 0xFF, 0xFF, 0xFF, 0xD3,
    0x00, 0x00, 0x00, 0x02, 0x8C, 0xEF, 0xEB, 0x60, 0x00, 0x00, 0x00, 0x00, 0x00, 0x00, 0x01, 0x00,
    0x00, 0x05, 0xFE, 0x20, 0x06, 0xFE, 0x10, 0x00, 0x9F, 0xF5, 0x00, 0xAF, 0xF3, 0x00, 0x02, 0xA9,
    0x00, 0x03, 0xB8, 0x00, 0x00, 0x00, 0x00, 0x00, 0x00, 0x00, 0x00, 0x00, 0x00, 0x00, 0x00, 0x00,
    0x00, 0x00, 0x4A, 0xDF, 0xFD, 0x81, 0x00, 0x00, 0xBF, 0xFF, 0xFF, 0xFF, 0xF5, 0x00, 0x0D, 0xF8,
    0x31, 0x26, 0xEF, 0xF3, 0x00, 0x31, 0x00, 0x00, 0x01, 0xEF, 0xD0, 0x00, 0x00, 0x00, 0x00, 0x06,
    0xFF, 0x40, 0x00, 0x00, 0x00, 0x00, 0x1F, 0xF8, 0x01, 0x11, 0x11, 0x11, 0x11, 0xFF, 0xAA, 0xFF,
    0xFF, 0xFF, 0xFF, 0xFF, 0xFB, 0xAF, 0xFF, 0xFF, 0xFF, 0xFF, 0xFF, 0xA9, 0xFE, 0x00, 0x00, 0x00,
    0x1F, 0xF8, 0x6F, 0xF1, 0x00, 0x00, 0x07, 0xFF, 0x32, 0xFF, 0x80, 0x00, 0x01, 0xEF, 0xC0, 0x0A,
    0xFF, 0x93, 0x15, 0xDF, 0xF3, 0x00, 0x0C, 0xFF, 0xFF, 0xFF, 0xF4, 0x00, 0x00, 0x06, 0xCE, 0xFD,
    0x91, 0x00, 0x00, 0x00, 0x00, 0x00, 0x00, 0x18, 0x70, 0x00, 0x29, 0x60, 0x00, 0x00, 0x00, 0x00,
    0x00, 0x00, 0x00, 0x00, 0x8F, 0xF4, 0x00, 0xAF, 0xF3, 0x00, 0x00, 0x00, 0x00, 0x00, 0x00, 0x00,
    0x00, 0x6F, 0xF2, 0x00, 0x8F, 0xF1, 0x00, 0x00, 0x00, 0x00, 0x00, 0x00, 0x00, 0x00, 0x02, 0x10,
    0x00, 0x03, 0x10, 0x00, 0x00, 0x00, 0x00, 0x00, 0x00, 0x00, 0x00, 0x00, 0x00, 0x00, 0x00, 0x00,
    0x00, 0x00, 0x00, 0x00, 0x0C, 0xFF, 0x40, 0x00, 0x00, 0x07, 0xFF, 0x20, 0x00, 0x00, 0x0B, 0xFF,
    0x60, 0x02, 0xFF, 0xD0, 0x00, 0x00, 0x07, 0xFF, 0x20, 0x00, 0x00, 0x4F, 0xFB, 0x00, 0x00, 0x7F,
    0xF7, 0x00, 0x00, 0x07, 0xFF, 0x20, 0x00, 0x00, 0xDF, 0xF2, 0x00, 0x00, 0x0D, 0xFF, 0x20, 0x00,
    0x07, 0xFF, 0x20, 0x00, 0x07, 0xFF, 0x70, 0x00, 0x00, 0x03, 0xFF, 0xB0, 0x00, 0x07, 0xFF, 0x20,
    0x00, 0x2F, 0xFC, 0x00, 0x00, 0x00, 0x00, 0x8F, 0xF4, 0x00, 0x07, 0xFF, 0x20, 0x00, 0xBF, 0xF2,
    0x00, 0x00, 0x00, 0x00, 0x0D, 0xFD, 0x00, 0x07, 0xFF, 0x20, 0x04, 0xFF, 0x70, 0x00, 0x00, 0x00,
    0x00, 0x04, 0xFF, 0x70, 0x07, 0xFF, 0x20, 0x0D, 0xFD, 0x00, 0x00, 0x00, 0x00, 0x00, 0x00, 0x9F,
    0xF4, 0x3A, 0xFF, 0x53, 0x8F, 0xF3, 0x00, 0x00, 0x00, 0x00, 0x00, 0x00, 0x1F, 0xFF, 0xFF, 0xFF,
    0xFF, 0xFF, 0xF0, 0x00, 0x00, 0x00, 0x00, 0x00, 0x00, 0x8F, 0xFF, 0xFF, 0xFF, 0xFF, 0xFF, 0xF2,
    0x00, 0x00, 0x00, 0x00, 0x00, 0x02, 0xFF, 0xE1, 0x07, 0xFF, 0x20, 0x5F, 0xFC, 0x00, 0x00, 0x00,
    0x00, 0x00, 0x0C, 0xFF, 0x50, 0x07, 0xFF, 0x20, 0x0B, 0xFF, 0x60, 0x00, 0x00, 0x00, 0x00, 0x7F,
    0xFB, 0x00, 0x07, 0xFF, 0x20, 0x02, 0xFF, 0xF1, 0x00, 0x00, 0x00, 0x02, 0xFF, 0xF2, 0x00, 0x07,
    0xFF, 0x20, 0x00, 0x7F, 0xFB, 0x00, 0x00, 0x00, 0x0B, 0xFF, 0x70, 0x00, 0x07, 0xFF, 0x20, 0x00,
    0x0D, 0xFF, 0x50, 0x00, 0x00, 0x5F, 0xFD, 0x00, 0x00, 0x07, 0xFF, 0x20, 0x00, 0x03, 0xFF, 0xE1,
    0x00, 0x01, 0xEF, 0xF3, 0x00, 0x00, 0x07, 0xFF, 0x20, 0x00, 0x00, 0x9F, 0xFA, 0x00, 0x0A, 0xFF,
    0x90, 0x00, 0x00, 0x07, 0xFF, 0x20, 0x00, 0x00, 0x1E, 0xFF, 0x40, 0x4F, 0xFE, 0x10, 0x00, 0x00,
    0x07, 0xFF, 0x20, 0x00, 0x00, 0x05, 0xFF, 0xD0, 0x00, 0x00, 0x00, 0x00, 0x00, 0x00, 0x01, 0x00,
    0x00, 0x00, 0x00, 0x00, 0x00, 0x05, 0xFE, 0x20, 0x06, 0xFE, 0x10, 0x00, 0x00, 0x00, 0x00, 0x00,
    0x9F, 0xF5, 0x00, 0xAF, 0xF3, 0x00, 0x00, 0x00, 0x00, 0x00, 0x02, 0xA9, 0x00, 0x03, 0xB8, 0x00,
    0x00, 0x00, 0x00, 0x00, 0x00, 0x00, 0x00, 0x00, 0x00, 0x00, 0x00, 0x00, 0x00, 0x00, 0x00, 0x00,
    0x00, 0x00, 0x00, 0x00, 0x00, 0x00, 0x00, 0x0D, 0xFF, 0x30, 0x00, 0x09, 0xFF, 0x00, 0x00, 0x0D,
    0xFF, 0x30, 0x2F, 0xFD, 0x00, 0x00, 0x9F, 0xF0, 0x00, 0x07, 0xFF, 0x80, 0x00, 0x7F, 0xF8, 0x00,
    0x09, 0xFF, 0x00, 0x02, 0xFF, 0xC0, 0x00, 0x00, 0xBF, 0xF3, 0x00, 0x9F, 0xF0, 0x00, 0xCF, 0xF2,
    0x00, 0x00, 0x01, 0xEF, 0xD0, 0x09, 0xFF, 0x00, 0x7F, 0xF6, 0x00, 0x00, 0x00, 0x05, 0xFF, 0x93,
    0xDF, 0xF3, 0x5F, 0xFB, 0x00, 0x00, 0x00, 0x00, 0x0D, 0xFF, 0xFF, 0xFF, 0xFF, 0xFF, 0x10, 0x00,
    0x00, 0x00, 0x00, 0xEF, 0xFF, 0xFF, 0xFF, 0xFF, 0xF3, 0x00, 0x00, 0x00, 0x00, 0x7F, 0xF5, 0x09,
    0xFF, 0x01, 0xEF, 0xD0, 0x00, 0x00, 0x00, 0x2F, 0xFB, 0x00, 0x9F, 0xF0, 0x06, 0xFF, 0x70, 0x00,
    0x00, 0x0C, 0xFF, 0x20, 0x09, 0xFF, 0x00, 0x0C, 0xFF, 0x20, 0x00, 0x07, 0xFF, 0x90, 0x00, 0x9F,
    0xF0, 0x00, 0x3F, 0xFC, 0x00, 0x02, 0xFF, 0xE1, 0x00, 0x09, 0xFF, 0x00, 0x00, 0xAF, 0xF7, 0x00,
    0xBF, 0xF6, 0x00, 0x00, 0x9F, 0xF0, 0x00, 0x01, 0xFF, 0xF2, 0x6F, 0xFC, 0x00, 0x00, 0x09, 0xFF,
    0x00, 0x00, 0x07, 0xFF, 0xB0, 0x00, 0x01, 0x87, 0x00, 0x02, 0x96, 0x00, 0x00, 0x00, 0x8F, 0xF4,
    0x00, 0xAF, 0xF3, 0x00, 0x00, 0x06, 0xFF, 0x20, 0x08, 0xFF, 0x10, 0x00, 0x00, 0x02, 0x10, 0x00,
    0x03, 0x10, 0x00, 0x00, 0x00, 0x00, 0x00, 0x00, 0x00, 0x00, 0x00, 0x00, 0x28, 0xDF, 0xFE, 0xB7,
    0x10, 0x00, 0x00, 0x7F, 0xFF, 0xFF, 0xFF, 0xFE, 0x50, 0x00, 0x6F, 0xFE, 0x73, 0x34, 0x9F, 0xFF,
    0x30, 0x1F, 0xFE, 0x10, 0x00, 0x00, 0x4F, 0xFC, 0x06, 0xFF, 0x50, 0x00, 0x00, 0x00, 0xAF, 0xF0,
    0x9F, 0xF1, 0x00, 0x00, 0x00, 0x08, 0xFF, 0x20, 0x00, 0x00, 0x00, 0x00, 0x00, 0xAF, 0xF0, 0x00,
    0x00, 0x00, 0x00, 0x00, 0x2F, 0xFA, 0x00, 0x00, 0x00, 0x22, 0x34, 0x8F, 0xFD, 0x10, 0x00, 0x00,
    0x0F, 0xFF, 0xFF, 0xF9, 0x00, 0x00, 0x00, 0x00, 0xFF, 0xFF, 0xFF, 0xE6, 0x00, 0x00, 0x00, 0x00,
    0x00, 0x14, 0xBF, 0xF7, 0x00, 0x00, 0x00, 0x00, 0x00, 0x00, 0xBF, 0xF1, 0x00, 0x00, 0x00, 0x00,
    0x00, 0x04, 0xFF, 0x5D, 0xFC, 0x00, 0x00, 0x00, 0x00, 0x3F, 0xF7, 0xBF, 0xF1, 0x00, 0x00, 0x00,
    0x06, 0xFF, 0x55, 0xFF, 0xB0, 0x00, 0x00, 0x02, 0xEF, 0xF0, 0x0B, 0xFF, 0xD6, 0x32, 0x48, 0xFF,
    0xF6, 0x00, 0x0A, 0xFF, 0xFF, 0xFF, 0xFF, 0xF6, 0x00, 0x00, 0x03, 0x9D, 0xFF, 0xEB, 0x71, 0x00,
    0x00, 0x00, 0x00, 0x00, 0x00, 0x10, 0x00, 0x05, 0xFE, 0x20, 0x06, 0xFE, 0x10, 0x09, 0xFF, 0x50,
    0x0A, 0xFF, 0x30, 0x02, 0xA9, 0x00, 0x03, 0xB8, 0x00, 0x00, 0x00, 0x00, 0x00, 0x00, 0x00, 0x00,
    0x00, 0x00, 0x00, 0x00, 0x00, 0x00, 0x29, 0xDF, 0xFE, 0xA5, 0x00, 0x06, 0xFF, 0xFF, 0xFF, 0xFF,
    0xA0, 0x2F, 0xFD, 0x51, 0x13, 0xCF, 0xF4, 0x7F, 0xF1, 0x00, 0x00, 0x1F, 0xF8, 0x00, 0x00, 0x00,
    0x00, 0x0F, 0xF8, 0x00, 0x00, 0x22, 0x24, 0xBF, 0xF1, 0x00, 0x06, 0xFF, 0xFF, 0xFD, 0x30, 0x00,
    0x05, 0xFF, 0xFF, 0xFF, 0x70, 0x00, 0x00, 0x00, 0x02, 0x9F, 0xF5, 0x00, 0x00, 0x00, 0x00, 0x0D,
    0xFB, 0xBF, 0xD0, 0x00, 0x00, 0x0B, 0xFD, 0x8F, 0xF3, 0x00, 0x00, 0x1E, 0xFB, 0x1F, 0xFE, 0x61,
    0x14, 0xCF, 0xF5, 0x04, 0xFF, 0xFF, 0xFF, 0xFF, 0x80, 0x00, 0x18, 0xCF, 0xFE, 0xA3, 0x00, 0x0F,
    0xFF, 0xFF, 0xFF, 0xFF, 0xFF, 0xF0, 0x0F, 0xFF, 0xFF, 0xFF, 0xFF, 0xFF, 0xF0, 0x02, 0x22, 0x22,
    0x22, 0x29, 0xFF, 0x40, 0x00, 0x00, 0x00, 0x00, 0x4F, 0xF7, 0x00, 0x00, 0x00, 0x00, 0x03, 0xFF,
    0x90, 0x00, 0x00, 0x00, 0x00, 0x2E, 0xFB, 0x00, 0x00, 0x00, 0x00, 0x01, 0xDF, 0xD1, 0x00, 0x00,
    0x00, 0x00, 0x0C, 0xFE, 0x20, 0x00, 0x00, 0x00, 0x00, 0xBF, 0xFF, 0xA6, 0x10, 0x00, 0x00, 0x00,
    0xAF, 0xFF, 0xFF, 0xF6, 0x00, 0x00, 0x00, 0x13, 0x34, 0x7E, 0xFF, 0x60, 0x00, 0x00, 0x00, 0x00,
    0x01, 0xDF, 0xF0, 0x00, 0x00, 0x00, 0x00, 0x00, 0x5F, 0xF6, 0x00, 0x00, 0x00, 0x00, 0x00, 0x1F,
    0xF8, 0x7D, 0xD1, 0x00, 0x00, 0x00, 0x0F, 0xF9, 0x6F, 0xF5, 0x00, 0x00, 0x00, 0x4F, 0xF7, 0x2F,
    0xFD, 0x10, 0x00, 0x00, 0xCF, 0xF2, 0x09, 0xFF, 0xD6, 0x23, 0x6D, 0xFF, 0x90, 0x00, 0x9F, 0xFF,
    0xFF, 0xFF, 0xF9, 0x00, 0x00, 0x03, 0xAD, 0xFF, 0xD9, 0x30, 0x00, 0x0F, 0xFF, 0xFF, 0xFF, 0xFF,
    0xFF, 0xE0, 0x0F, 0xFF, 0xFF, 0xFF, 0xFF, 0xFF, 0xD0, 0x01, 0x11, 0x11, 0x11, 0x1B, 0xFF, 0x30,
    0x00, 0x00, 0x00, 0x00, 0x8F, 0xF5, 0x00, 0x00, 0x00, 0x00, 0x06, 0xFF, 0x70, 0x00, 0x00, 0x00,
    0x00, 0x4F, 0xFA, 0x00, 0x00, 0x00, 0x00, 0x03, 0xFF, 0xC0, 0x00, 0x00, 0x00, 0x00, 0x1E, 0xFE,
    0x10, 0x00, 0x00, 0x00, 0x00, 0xDF, 0xFF, 0xD8, 0x30, 0x00, 0x00, 0x00, 0x9F, 0xFF, 0xFF, 0xF8,
    0x00, 0x00, 0x00, 0x00, 0x01, 0x4B, 0xFF, 0x70, 0x00, 0x00, 0x00, 0x00, 0x00, 0xBF, 0xF1, 0x00,
    0x00, 0x00, 0x00, 0x00, 0x3F, 0xF5, 0x00, 0x00, 0x00, 0x00, 0x00, 0x0F, 0xF7, 0x8F, 0xF0, 0x00,
    0x00, 0x00, 0x0F, 0xF8, 0x6F, 0xF4, 0x00, 0x00, 0x00, 0x3F, 0xF6, 0x1F, 0xFD, 0x00, 0x00, 0x00,
    0xCF, 0xF1, 0x07, 0xFF, 0xD5, 0x12, 0x5D, 0xFF, 0x80, 0x00, 0x8F, 0xFF, 0xFF, 0xFF, 0xF8, 0x00,
    0x00, 0x03, 0x9D, 0xFF, 0xD9, 0x30, 0x00, 0x00, 0x00, 0x77, 0x77, 0x77, 0x77, 0x70, 0x00, 0x00,
    0x00, 0xFF, 0xFF, 0xFF, 0xFF, 0xF2, 0x00, 0x00, 0x00, 0x88, 0x88, 0x88, 0x88, 0x81, 0x00, 0x00,
    0x00, 0x00, 0x00, 0x00, 0x00, 0x00, 0x00, 0x00, 0x00, 0x00, 0x00, 0x00, 0x00, 0x00, 0x00, 0x9F,
    0xF1, 0x00, 0x00, 0x00, 0x00, 0x7F, 0xF8, 0x9F, 0xF1, 0x00, 0x00, 0x00, 0x02, 0xFF, 0xF8, 0x9F,
    0xF1, 0x00, 0x00, 0x00, 0x0B, 0xFF, 0xF8, 0x9F, 0xF1, 0x00, 0x00, 0x00, 0x5F, 0xFF, 0xF8, 0x9F,
    0xF1, 0x00, 0x00, 0x01, 0xEF, 0xFF, 0xF8, 0x9F, 0xF1, 0x00, 0x00, 0x0A, 0xFF, 0x6F, 0xF8, 0x9F,
    0xF1, 0x00, 0x00, 0x4F, 0xFA, 0x2F, 0xF8, 0x9F, 0xF1, 0x00, 0x00, 0xDF, 0xE1, 0x2F, 0xF8, 0x9F,
    0xF1, 0x00, 0x08, 0xFF, 0x50, 0x2F, 0xF8, 0x9F, 0xF1, 0x00, 0x3F, 0xFB, 0x00, 0x2F, 0xF8, 0x9F,
    0xF1, 0x00, 0xCF, 0xF2, 0x00, 0x2F, 0xF8, 0x9F, 0xF1, 0x07, 0xFF, 0x70, 0x00, 0x2F, 0xF8, 0x9F,
    0xF1, 0x2F, 0xFC, 0x00, 0x00, 0x2F, 0xF8, 0x9F, 0xF1, 0xBF, 0xF3, 0x00, 0x00, 0x2F, 0xF8, 0x9F,
    0xF6, 0xFF, 0x80, 0x00, 0x00, 0x2F, 0xF8, 0x9F, 0xFF, 0xFE, 0x00, 0x00, 0x00, 0x2F, 0xF8, 0x9F,
    0xFF, 0xF4, 0x00, 0x00, 0x00, 0x2F, 0xF8, 0x9F, 0xFF, 0xA0, 0x00, 0x00, 0x00, 0x2F, 0xF8, 0x9F,
    0xFE, 0x10, 0x00, 0x00, 0x00, 0x2F, 0xF8, 0x9F, 0xF6, 0x00, 0x00, 0x00, 0x00, 0x2F, 0xF8, 0x00,
    0xBB, 0xBB, 0xBB, 0xBB, 0xB1, 0x00, 0x0F, 0xFF, 0xFF, 0xFF, 0xFF, 0x20, 0x00, 0x44, 0x44, 0x44,
    0x44, 0x40, 0x00, 0x00, 0x00, 0x00, 0x00, 0x00, 0x00, 0x00, 0x00, 0x00, 0x00, 0x00, 0x00, 0x0D,
    0xFA, 0x00, 0x00, 0x00, 0xDF, 0xF0, 0xDF, 0xA0, 0x00, 0x00, 0x7F, 0xFF, 0x0D, 0xFA, 0x00, 0x00,
    0x1F, 0xFF, 0xF0, 0xDF, 0xA0, 0x00, 0x0B, 0xFF, 0xFF, 0x0D, 0xFA, 0x00, 0x05, 0xFF, 0xBF, 0xF0,
    0xDF, 0xA0, 0x00, 0xEF, 0x98, 0xFF, 0x0D, 0xFA, 0x00, 0x9F, 0xE0, 0x8F, 0xF0, 0xDF, 0xA0, 0x3F,
    0xF5, 0x08, 0xFF, 0x0D, 0xFA, 0x0C, 0xFB, 0x00, 0x8F, 0xF0, 0xDF, 0xA7, 0xFF, 0x20, 0x08, 0xFF,
    0x0D, 0xFC, 0xFF, 0x70, 0x00, 0x8F, 0xF0, 0xDF, 0xFF, 0xD0, 0x00, 0x08, 0xFF, 0x0D, 0xFF, 0xF3,
    0x00, 0x00, 0x8F, 0xF0, 0xDF, 0xF9, 0x00, 0x00, 0x08, 0xFF, 0x0D, 0xFE, 0x10, 0x00, 0x00, 0x8F,
    0xF0, 0x00, 0x01, 0x87, 0x00, 0x02, 0x96, 0x00, 0x00, 0x00, 0x08, 0xFF, 0x40, 0x0A, 0xFF, 0x30,
    0x00, 0x00, 0x06, 0xFF, 0x20, 0x08, 0xFF, 0x10, 0x00, 0x00, 0x00, 0x21, 0x00, 0x00, 0x31, 0x00,
    0x00, 0x00, 0x00, 0x00, 0x00, 0x00, 0x00, 0x00, 0x00, 0x9F, 0xF1, 0x00, 0x00, 0x00, 0x00, 0x7F,
    0xF8, 0x9F, 0xF1, 0x00, 0x00, 0x00, 0x02, 0xFF, 0xF8, 0x9F, 0xF1, 0x00, 0x00, 0x00, 0x0B, 0xFF,
    0xF8, 0x9F, 0xF1, 0x00, 0x00, 0x00, 0x5F, 0xFF, 0xF8, 0x9F, 0xF1, 0x00, 0x00, 0x01, 0xEF, 0xFF,
    0xF8, 0x9F, 0xF1, 0x00, 0x00, 0x0A, 0xFF, 0x6F, 0xF8, 0x9F, 0xF1, 0x00, 0x00, 0x4F, 0xFA, 0x2F,
    0xF8, 0x9F, 0xF1, 0x00, 0x00, 0xDF, 0xE1, 0x2F, 0xF8, 0x9F, 0xF1, 0x00, 0x08, 0xFF, 0x50, 0x2F,
    0xF8, 0x9F, 0xF1, 0x00, 0x3F, 0xFB, 0x00, 0x2F, 0xF8, 0x9F, 0xF1, 0x00, 0xCF, 0xF2, 0x00, 0x2F,
    0xF8, 0x9F, 0xF1, 0x07, 0xFF, 0x70, 0x00, 0x2F, 0xF8, 0x9F, 0xF1, 0x2F, 0xFC, 0x00, 0x00, 0x2F,
    0xF8, 0x9F, 0xF1, 0xBF, 0xF3, 0x00, 0x00, 0x2F, 0xF8, 0x9F, 0xF6, 0xFF, 0x80, 0x00, 0x00, 0x2F,
    0xF8, 0x9F, 0xFF, 0xFE, 0x00, 0x00, 0x00, 0x2F, 0xF8, 0x9F, 0xFF, 0xF4, 0x00, 0x00, 0x00, 0x2F,
    0xF8, 0x9F, 0xFF, 0xA0, 0x00, 0x00, 0x00, 0x2F, 0xF8, 0x9F, 0xFE, 0x10, 0x00, 0x00, 0x00, 0x2F,
    0xF8, 0x9F, 0xF6, 0x00, 0x00, 0x00, 0x00, 0x2F, 0xF8, 0x00, 0x00, 0x00, 0x00, 0x10, 0x00, 0x00,
    0x5F, 0xE2, 0x00, 0x6F, 0xE1, 0x00, 0x09, 0xFF, 0x50, 0x0A, 0xFF, 0x30, 0x00, 0x2A, 0x90, 0x00,
    0x3B, 0x80, 0x00, 0x00, 0x00, 0x00, 0x00, 0x00, 0x00, 0x00, 0x00, 0x00, 0x00, 0x00, 0x00, 0x00,
    0xDF, 0xA0, 0x00, 0x00, 0x0D, 0xFF, 0x0D, 0xFA, 0x00, 0x00, 0x07, 0xFF, 0xF0, 0xDF, 0xA0, 0x00,
    0x01, 0xFF, 0xFF, 0x0D, 0xFA, 0x00, 0x00, 0xBF, 0xFF, 0xF0, 0xDF, 0xA0, 0x00, 0x5F, 0xFB, 0xFF,
    0x0D, 0xFA, 0x00, 0x0E, 0xF9, 0x8F, 0xF0, 0xDF, 0xA0, 0x09, 0xFE, 0x08, 0xFF, 0x0D, 0xFA, 0x03,
    0xFF, 0x50, 0x8F, 0xF0, 0xDF, 0xA0, 0xCF, 0xB0, 0x08, 0xFF, 0x0D, 0xFA, 0x7F, 0xF2, 0x00, 0x8F,
    0xF0, 0xDF, 0xCF, 0xF7, 0x00, 0x08, 0xFF, 0x0D, 0xFF, 0xFD, 0x00, 0x00, 0x8F, 0xF0, 0xDF, 0xFF,
    0x30, 0x00, 0x08, 0xFF, 0x0D, 0xFF, 0x90, 0x00, 0x00, 0x8F, 0xF0, 0xDF, 0xE1, 0x00, 0x00, 0x08,
    0xFF, 0x00, 0x00, 0x00, 0x04, 0x30, 0x00, 0x05, 0x30, 0x00, 0x00, 0x00, 0x07, 0xFF, 0x30, 0x09,
    0xFF, 0x20, 0x00, 0x00, 0x00, 0x8F, 0xF4, 0x00, 0x9F, 0xF2, 0x00, 0x00, 0x00, 0x00, 0x65, 0x00,
    0x01, 0x74, 0x00, 0x00, 0x00, 0x00, 0x00, 0x00, 0x00, 0x00, 0x00, 0x00, 0x00, 0x00, 0x00, 0x5B,
    0xEF, 0xEC, 0x71, 0x00, 0x00, 0x00, 0x02, 0xDF, 0xFF, 0xFF, 0xFF, 0xE5, 0x00, 0x00, 0x02, 0xEF,
    0xFB, 0x64, 0x59, 0xFF, 0xF6, 0x00, 0x00, 0xCF, 0xF5, 0x00, 0x00, 0x02, 0xDF, 0xF2, 0x00, 0x5F,
    0xF7, 0x00, 0x00, 0x00, 0x02, 0xFF, 0xA0, 0x0C, 0xFE, 0x00, 0x00, 0x00, 0x00, 0x0A, 0xFF, 0x10,
    0xFF, 0x90, 0x00, 0x00, 0x00, 0x00, 0x5F, 0xF4, 0x3F, 0xF6, 0x00, 0x00, 0x00, 0x00, 0x01, 0xFF,
    0x85, 0xFF, 0x40, 0x00, 0x00, 0x00, 0x00, 0x0F, 0xF9, 0x5F, 0xF3, 0x00, 0x00, 0x00, 0x00, 0x00,
    0xFF, 0xA5, 0xFF, 0x30, 0x00, 0x00, 0x00, 0x00, 0x0F, 0xFA, 0x5F, 0xF4, 0x00, 0x00, 0x00, 0x00,
    0x00, 0xFF, 0x93, 0xFF, 0x60, 0x00, 0x00, 0x00, 0x00, 0x1F, 0xF8, 0x0F, 0xF9, 0x00, 0x00, 0x00,
    0x00, 0x04, 0xFF, 0x50, 0xCF, 0xE0, 0x00, 0x00, 0x00, 0x00, 0x9F, 0xF1, 0x06, 0xFF, 0x70, 0x00,
    0x00, 0x00, 0x2F, 0xFA, 0x00, 0x0C, 0xFF, 0x50, 0x00, 0x00, 0x1D, 0xFF, 0x20, 0x00, 0x2E, 0xFF,
    0xB5, 0x45, 0x8F, 0xFF, 0x60, 0x00, 0x00, 0x2D, 0xFF, 0xFF, 0xFF, 0xFF, 0x60, 0x00, 0x00, 0x00,
    0x05, 0xBE, 0xFE, 0xC7, 0x10, 0x00, 0x00, 0x00, 0x00, 0x00, 0x00, 0x01, 0x00, 0x00, 0x00, 0x5F,
    0xE2, 0x00, 0x6F, 0xE1, 0x00, 0x00, 0x9F, 0xF5, 0x00, 0xAF, 0xF3, 0x00, 0x00, 0x2A, 0x90, 0x00,
    0x3B, 0x80, 0x00, 0x00, 0x00, 0x00, 0x00, 0x00, 0x00, 0x00, 0x00, 0x00, 0x00, 0x00, 0x00, 0x00,
    0x00, 0x00, 0x01, 0x8D, 0xFF, 0xD8, 0x10, 0x00, 0x00, 0x4F, 0xFF, 0xFF, 0xFF, 0xF4, 0x00, 0x03,
    0xFF, 0xE5, 0x22, 0x6E, 0xFF, 0x30, 0x0D, 0xFE, 0x10, 0x00, 0x01, 0xEF, 0xD0, 0x4F, 0xF6, 0x00,
    0x00, 0x00, 0x6F, 0xF3, 0x8F, 0xF0, 0x00, 0x00, 0x00, 0x1F, 0xF8, 0xAF, 0xD0, 0x00, 0x00, 0x00,
    0x0D, 0xFA, 0xBF, 0xC0, 0x00, 0x00, 0x00, 0x0D, 0xFB, 0xAF, 0xD0, 0x00, 0x00, 0x00, 0x0D, 0xFA,
    0x8F, 0xF0, 0x00, 0x00, 0x00, 0x0F, 0xF8, 0x4F, 0xF6, 0x00, 0x00, 0x00, 0x6F, 0xF3, 0x0D, 0xFE,
    0x10, 0x00, 0x01, 0xEF, 0xD0, 0x03, 0xFF, 0xE6, 0x22, 0x6E, 0xFF, 0x30, 0x00, 0x4F, 0xFF, 0xFF,
    0xFF, 0xF4, 0x00, 0x00, 0x01, 0x8D, 0xFF, 0xD8, 0x10, 0x00, 0x00, 0x00, 0x07, 0xCE, 0xFE, 0xB6,
    0x00, 0x00, 0x00, 0x00, 0x4E, 0xFF, 0xFF, 0xFF, 0xFD, 0x30, 0x00, 0x00, 0x5F, 0xFF, 0x95, 0x45,
    0xAF, 0xFF, 0x30, 0x00, 0x1E, 0xFE, 0x20, 0x00, 0x00, 0x3F, 0xFE, 0x00, 0x09, 0xFF, 0x30, 0x00,
    0x00, 0x00, 0x5F, 0xF7, 0x00, 0xFF, 0xA0, 0x00, 0x00, 0x00, 0x00, 0xDF, 0xD0, 0x4F, 0xF5, 0x00,
    0x00, 0x00, 0x00, 0x08, 0xFF, 0x17, 0xFF, 0x20, 0x00, 0x00, 0x00, 0x00, 0x5F, 0xF4, 0x8F, 0xF0,
    0x00, 0x00, 0x00, 0x00, 0x03, 0xFF, 0x59, 0xFF, 0xFF, 0xFF, 0xFF, 0xFF, 0xFF, 0xFF, 0xF6, 0x9F,
    0xFF, 0xFF, 0xFF, 0xFF, 0xFF, 0xFF, 0xFF, 0x68, 0xFF, 0x10, 0x00, 0x00, 0x00, 0x00, 0x3F, 0xF5,
    0x7F, 0xF3, 0x00, 0x00, 0x00, 0x00, 0x05, 0xFF, 0x44, 0xFF, 0x60, 0x00, 0x00, 0x00, 0x00, 0x8F,
    0xF1, 0x0F, 0xFB, 0x00, 0x00, 0x00, 0x00, 0x0D, 0xFD, 0x00, 0x9F, 0xF4, 0x00, 0x00, 0x00, 0x06,
    0xFF, 0x70, 0x01, 0xFF, 0xE3, 0x00, 0x00, 0x03, 0xFF, 0xE0, 0x00, 0x05, 0xFF, 0xF9, 0x54, 0x5A,
    0xFF, 0xF3, 0x00, 0x00, 0x04, 0xEF, 0xFF, 0xFF, 0xFF, 0xE3, 0x00, 0x00, 0x00, 0x01, 0x7C, 0xEF,
    0xEB, 0x60, 0x00, 0x00, 0x00, 0x01, 0x8D, 0xFF, 0xD8, 0x10, 0x00, 0x00, 0x4F, 0xFF, 0xFF, 0xFF,
    0xF4, 0x00, 0x03, 0xFF, 0xD4, 0x00, 0x4D, 0xFF, 0x30, 0x0D, 0xFD, 0x00, 0x00, 0x00, 0xDF, 0xD0,
    0x4F, 0xF4, 0x00, 0x00, 0x00, 0x4F, 0xF3, 0x8F, 0xF0, 0x00, 0x00, 0x00, 0x0F, 0xF8, 0xAF, 0xFF,
    0xFF, 0xFF, 0xFF, 0xFF, 0xFA, 0xBF, 0xFF, 0xFF, 0xFF, 0xFF, 0xFF, 0xFB, 0xAF, 0xE0, 0x00, 0x00,
    0x00, 0x0F, 0xFA, 0x8F, 0xF2, 0x00, 0x00, 0x00, 0x2F, 0xF8, 0x4F, 0xF8, 0x00, 0x00, 0x00, 0x8F,
    0xF3, 0x0D, 0xFF, 0x10, 0x00, 0x02, 0xFF, 0xD0, 0x03, 0xFF, 0xE5, 0x00, 0x5E, 0xFF, 0x30, 0x00,
    0x4F, 0xFF, 0xFF, 0xFF, 0xF4, 0x00, 0x00, 0x01, 0x8D, 0xFF, 0xD8, 0x10, 0x00, 0x00, 0x00, 0x04,
    0x30, 0x00, 0x05, 0x30, 0x00, 0x00, 0x00, 0x07, 0xFF, 0x30, 0x09, 0xFF, 0x20, 0x00, 0x00, 0x00,
    0x8F, 0xF4, 0x00, 0x9F, 0xF2, 0x00, 0x00, 0x00, 0x00, 0x65, 0x00, 0x01, 0x74, 0x00, 0x00, 0x00,
    0x00, 0x00, 0x00, 0x00, 0x00, 0x00, 0x00, 0x00, 0x00, 0x00, 0x7C, 0xEF, 0xEB, 0x60, 0x00, 0x00,
    0x00, 0x04, 0xEF, 0xFF, 0xFF, 0xFF, 0xD3, 0x00, 0x00, 0x05, 0xFF, 0xF9, 0x54, 0x5A, 0xFF, 0xF3,
    0x00, 0x01, 0xEF, 0xE2, 0x00, 0x00, 0x03, 0xFF, 0xE0, 0x00, 0x9F, 0xF3, 0x00, 0x00, 0x00, 0x05,
    0xFF, 0x70, 0x0F, 0xFA, 0x00, 0x00, 0x00, 0x00, 0x0D, 0xFD, 0x04, 0xFF, 0x50, 0x00, 0x00, 0x00,
    0x00, 0x8F, 0xF1, 0x7F, 0xF2, 0x00, 0x00, 0x00, 0x00, 0x05, 0xFF, 0x48, 0xFF, 0x00, 0x00, 0x00,
    0x00, 0x00, 0x3F, 0xF5, 0x9F, 0xFF, 0xFF, 0xFF, 0xFF, 0xFF, 0xFF, 0xFF, 0x69, 0xFF, 0xFF, 0xFF,
    0xFF, 0xFF, 0xFF, 0xFF, 0xF6, 0x8F, 0xF1, 0x00, 0x00, 0x00, 0x00, 0x03, 0xFF, 0x57, 0xFF, 0x30,
    0x00, 0x00, 0x00, 0x00, 0x5F, 0xF4, 0x4F, 0xF6, 0x00, 0x00, 0x00, 0x00, 0x08, 0xFF, 0x10, 0xFF,
    0xB0, 0x00, 0x00, 0x00, 0x00, 0xDF, 0xD0, 0x09, 0xFF, 0x40, 0x00, 0x00, 0x00, 0x6F, 0xF7, 0x00,
    0x1F, 0xFE, 0x30, 0x00, 0x00, 0x3F, 0xFE, 0x00, 0x00, 0x5F, 0xFF, 0x95, 0x45, 0xAF, 0xFF, 0x30,
    0x00, 0x00, 0x4E, 0xFF, 0xFF, 0xFF, 0xFE, 0x30, 0x00, 0x00, 0x00, 0x17, 0xCE, 0xFE, 0xB6, 0x00,
    0x00, 0x00, 0x00, 0x00, 0x00, 0x00, 0x01, 0x00, 0x00, 0x00, 0x5F, 0xE2, 0x00, 0x6F, 0xE1, 0x00,
    0x00, 0x9F, 0xF5, 0x00, 0xAF, 0xF3, 0x00, 0x00, 0x2A, 0x90, 0x00, 0x3B, 0x80, 0x00, 0x00, 0x00,
    0x00, 0x00, 0x00, 0x00, 0x00, 0x00, 0x00, 0x00, 0x00, 0x00, 0x00, 0x00, 0x00, 0x01, 0x8D, 0xFF,
    0xD8, 0x10, 0x00, 0x00, 0x4F, 0xFF, 0xFF, 0xFF, 0xF4, 0x00, 0x03, 0xFF, 0xD4, 0x00, 0x4D, 0xFF,
    0x30, 0x0D, 0xFD, 0x00, 0x00, 0x00, 0xDF, 0xD0, 0x4F, 0xF4, 0x00, 0x00, 0x00, 0x4F, 0xF3, 0x8F,
    0xF0, 0x00, 0x00, 0x00, 0x0F, 0xF8, 0xAF, 0xFF, 0xFF, 0xFF, 0xFF, 0xFF, 0xFA, 0xBF, 0xFF, 0xFF,
    0xFF, 0xFF, 0xFF, 0xFB, 0xAF, 0xE0, 0x00, 0x00, 0x00, 0x0F, 0xFA, 0x8F, 0xF2, 0x00, 0x00, 0x00,
    0x2F, 0xF8, 0x4F, 0xF8, 0x00, 0x00, 0x00, 0x8F, 0xF3, 0x0D, 0xFF, 0x10, 0x00, 0x02, 0xFF, 0xD0,
    0x03, 0xFF, 0xE5, 0x00, 0x5E, 0xFF, 0x30, 0x00, 0x4F, 0xFF, 0xFF, 0xFF, 0xF4, 0x00, 0x00, 0x01,
    0x8D, 0xFF, 0xD8, 0x10, 0x00, 0x00, 0x01, 0x87, 0x00, 0x02, 0x96, 0x00, 0x00, 0x00, 0x08, 0xFF,
    0x40, 0x0A, 0xFF, 0x30, 0x00, 0x00, 0x06, 0xFF, 0x20, 0x08, 0xFF, 0x10, 0x00, 0x00, 0x00, 0x21,
    0x00, 0x00, 0x31, 0x00, 0x00, 0x00, 0x00, 0x00, 0x00, 0x00, 0x00, 0x00, 0x00, 0x00, 0x01, 0x7C,
    0xEF, 0xEB, 0x60, 0x00, 0x00, 0x00, 0x5F, 0xFF, 0xFF, 0xFF, 0xFD, 0x30, 0x00, 0x04, 0xFF, 0xE8,
    0x43, 0x4A, 0xFF, 0xF3, 0x00, 0x0E, 0xFE, 0x20, 0x00, 0x00, 0x4F, 0xFD, 0x00, 0x5F, 0xF5, 0x00,
    0x00, 0x00, 0x06, 0xFF, 0x60, 0xAF, 0xF0, 0x00, 0x00, 0x00, 0x00, 0xEF, 0xC0, 0xEF, 0xC0, 0x00,
    0x00, 0x00, 0x00, 0x9F, 0xF1, 0x00, 0x00, 0x00, 0x00, 0x00, 0x00, 0x6F, 0xF3, 0x00, 0x00, 0x02,
    0x22, 0x22, 0x22, 0x7F, 0xF4, 0x00, 0x00, 0x2F, 0xFF, 0xFF, 0xFF, 0xFF, 0xF5, 0x00, 0x00, 0x2F,
    0xFF, 0xFF, 0xFF, 0xFF, 0xF5, 0x00, 0x00, 0x00, 0x00, 0x00, 0x00, 0x5F, 0xF4, 0x00, 0x00, 0x00,
    0x00, 0x00, 0x00, 0x6F, 0xF3, 0xDF, 0xC0, 0x00, 0x00, 0x00, 0x00, 0x9F, 0xF1, 0xAF, 0xF0, 0x00,
    0x00, 0x00, 0x00, 0xEF, 0xD0, 0x5F, 0xF5, 0x00, 0x00, 0x00, 0x05, 0xFF, 0x60, 0x0D, 0xFE, 0x10,
    0x00, 0x00, 0x3F, 0xFD, 0x00, 0x03, 0xFF, 0xE7, 0x42, 0x48, 0xFF, 0xF3, 0x00, 0x00, 0x4E, 0xFF,
    0xFF, 0xFF, 0xFE, 0x30, 0x00, 0x00, 0x01, 0x6C, 0xEF, 0xEC, 0x60, 0x00, 0x00, 0x00, 0x00, 0x00,
    0x00, 0x01, 0x00, 0x00, 0x05, 0xFE, 0x20, 0x06, 0xFE, 0x10, 0x00, 0x9F, 0xF5, 0x00, 0xAF, 0xF3,
    0x00, 0x02, 0xA9, 0x00, 0x03, 0xB8, 0x00, 0x00, 0x00, 0x00, 0x00, 0x00, 0x00, 0x00, 0x00, 0x00,
    0x00, 0x00, 0x00, 0x00, 0x00, 0x05, 0xBE, 0xFD, 0x81, 0x00, 0x00, 0x0B, 0xFF, 0xFF, 0xFF, 0xF4,
    0x00, 0x0B, 0xFF, 0x72, 0x25, 0xEF, 0xF2, 0x04, 0xFF, 0x40, 0x00, 0x02, 0xFF, 0xB0, 0x8F, 0xD0,
    0x00, 0x00, 0x08, 0xFF, 0x20, 0x00, 0x00, 0x11, 0x11, 0x4F, 0xF6, 0x00, 0x00, 0x8F, 0xFF, 0xFF,
    0xFF, 0x80, 0x00, 0x08, 0xFF, 0xFF, 0xFF, 0xF9, 0x00, 0x00, 0x00, 0x00, 0x00, 0xFF, 0x80, 0x00,
    0x00, 0x00, 0x00, 0x2F, 0xF6, 0x8F, 0xD0, 0x00, 0x00, 0x08, 0xFF, 0x25, 0xFF, 0x40, 0x00, 0x02,
    0xFF, 0xB0, 0x0D, 0xFF, 0x72, 0x15, 0xEF, 0xF2, 0x00, 0x2D, 0xFF, 0xFF, 0xFF, 0xE4, 0x00, 0x00,
    0x07, 0xCE, 0xFD, 0x81, 0x00, 0x00, 0x00, 0x07, 0x77, 0x77, 0x77, 0x77, 0x00, 0x00, 0x00, 0x0F,
    0xFF, 0xFF, 0xFF, 0xFF, 0x20, 0x00, 0x00, 0x08, 0x88, 0x88, 0x88, 0x88, 0x10, 0x00, 0x00, 0x00,
    0x00, 0x00, 0x00, 0x00, 0x00, 0x00, 0x00, 0x00, 0x00, 0x00, 0x00, 0x00, 0x00, 0x00, 0xBF, 0xF3,
    0x00, 0x00, 0x00, 0x00, 0x7F, 0xF9, 0x4F, 0xFA, 0x00, 0x00, 0x00, 0x00, 0xDF, 0xF2, 0x0C, 0xFF,
    0x20, 0x00, 0x00, 0x04, 0xFF, 0xB0, 0x05, 0xFF, 0x90, 0x00, 0x00, 0x0A, 0xFF, 0x40, 0x00, 0xDF,
    0xF1, 0x00, 0x00, 0x1F, 0xFD, 0x00, 0x00, 0x6F, 0xF7, 0x00, 0x00, 0x7F, 0xF6, 0x00, 0x00, 0x0E,
    0xFE, 0x00, 0x00, 0xDF, 0xF0, 0x00, 0x00, 0x07, 0xFF, 0x60, 0x04, 0xFF, 0x90, 0x00, 0x00, 0x00,
    0xEF, 0xD0, 0x0A, 0xFF, 0x20, 0x00, 0x00, 0x00, 0x8F, 0xF4, 0x1F, 0xFB, 0x00, 0x00, 0x00, 0x00,
    0x1F, 0xFB, 0x7F, 0xF4, 0x00, 0x00, 0x00, 0x00, 0x09, 0xFF, 0xFF, 0xD0, 0x00, 0x00, 0x00, 0x00,
    0x02, 0xFF, 0xFF, 0x60, 0x00, 0x00, 0x00, 0x00, 0x00, 0xAF, 0xFF, 0x00, 0x00, 0x00, 0x00, 0x00,
    0x00, 0x5F, 0xFA, 0x00, 0x00, 0x00, 0x00, 0x00, 0x00, 0x9F, 0xF2, 0x00, 0x00, 0x00, 0x00, 0x00,
    0x01, 0xFF, 0xB0, 0x00, 0x00, 0x00, 0x00, 0x12, 0x3D, 0xFF, 0x30, 0x00, 0x00, 0x00, 0x00, 0x6F,
    0xFF, 0xF7, 0x00, 0x00, 0x00, 0x00, 0x00, 0x6F, 0xFC, 0x40, 0x00, 0x00, 0x00, 0x00, 0x00, 0x33,
    0x33, 0x33, 0x33, 0x30, 0x00, 0x0F, 0xFF, 0xFF, 0xFF, 0xFF, 0x20, 0x00, 0xCC, 0xCC, 0xCC, 0xCC,
    0xC1, 0x00, 0x00, 0x00, 0x00, 0x00, 0x00, 0x00, 0x00, 0x00, 0x00, 0x00, 0x00, 0x00, 0x00, 0x00,
    0x00, 0x00, 0x00, 0x00, 0x00, 0x8F, 0xF3, 0x00, 0x00, 0x00, 0xEF, 0xB2, 0xFF, 0x80, 0x00, 0x00,
    0x4F, 0xF6, 0x0C, 0xFE, 0x00, 0x00, 0x09, 0xFF, 0x10, 0x7F, 0xF3, 0x00, 0x00, 0xDF, 0xB0, 0x01,
    0xFF, 0x80, 0x00, 0x2F, 0xF5, 0x00, 0x0B, 0xFE, 0x00, 0x07, 0xFF, 0x00, 0x00, 0x6F, 0xF3, 0x00,
    0xCF, 0xA0, 0x00, 0x00, 0xFF, 0x80, 0x1F, 0xF5, 0x00, 0x00, 0x0A, 0xFD, 0x06, 0xFF, 0x00, 0x00,
    0x00, 0x4F, 0xF3, 0xBF, 0xA0, 0x00, 0x00, 0x00, 0xEF, 0x9F, 0xF4, 0x00, 0x00, 0x00, 0x09, 0xFF,
    0xFE, 0x00, 0x00, 0x00, 0x00, 0x3F, 0xFF, 0x90, 0x00, 0x00, 0x00, 0x00, 0xEF, 0xF4, 0x00, 0x00,
    0x00, 0x00, 0x0D, 0xFF, 0x00, 0x00, 0x00, 0x00, 0x00, 0xBF, 0x90, 0x00, 0x00, 0x00, 0x00, 0x1F,
    0xF3, 0x00, 0x00, 0x00, 0x00, 0x08, 0xFD, 0x00, 0x00, 0x00, 0x03, 0x48, 0xFF, 0x50, 0x00, 0x00,
    0x00, 0xDF, 0xFF, 0xA0, 0x00, 0x00, 0x00, 0x0B, 0xFE, 0x70, 0x00, 0x00, 0x00, 0x00, 0x00, 0x01,
    0x87, 0x00, 0x02, 0x96, 0x00, 0x00, 0x00, 0x08, 0xFF, 0x40, 0x0A, 0xFF, 0x30, 0x00, 0x00, 0x06,
    0xFF, 0x20, 0x08, 0xFF, 0x10, 0x00, 0x00, 0x00, 0x21, 0x00, 0x00, 0x31, 0x00, 0x00, 0x00, 0x00,
    0x00, 0x00, 0x00, 0x00, 0x00, 0x00, 0xBF, 0xF3, 0x00, 0x00, 0x00, 0x00, 0x7F, 0xF9, 0x4F, 0xFA,
    0x00, 0x00, 0x00, 0x00, 0xDF, 0xF2, 0x0C, 0xFF, 0x20, 0x00, 0x00, 0x04, 0xFF, 0xB0, 0x05, 0xFF,
    0x90, 0x00, 0x00, 0x0A, 0xFF, 0x40, 0x00, 0xDF, 0xF1, 0x00, 0x00, 0x1F, 0xFD, 0x00, 0x00, 0x6F,
    0xF7, 0x00, 0x00, 0x7F, 0xF6, 0x00, 0x00, 0x0E, 0xFE, 0x00, 0x00, 0xDF, 0xF0, 0x00, 0x00, 0x07,
    0xFF, 0x60, 0x04, 0xFF, 0x90, 0x00, 0x00, 0x00, 0xEF, 0xD0, 0x0A, 0xFF, 0x20, 0x00, 0x00, 0x00,
    0x8F, 0xF4, 0x1F, 0xFB, 0x00, 0x00, 0x00, 0x00, 0x1F, 0xFB, 0x7F, 0xF4, 0x00, 0x00, 0x00, 0x00,
    0x09, 0xFF, 0xFF, 0xD0, 0x00, 0x00, 0x00, 0x00, 0x02, 0xFF, 0xFF, 0x60, 0x00, 0x00, 0x00, 0x00,
    0x00, 0xAF, 0xFF, 0x00, 0x00, 0x00, 0x00, 0x00, 0x00, 0x5F, 0xFA, 0x00, 0x00, 0x00, 0x00, 0x00,
    0x00, 0x9F, 0xF2, 0x00, 0x00, 0x00, 0x00, 0x00, 0x01, 0xFF, 0xB0, 0x00, 0x00, 0x00, 0x00, 0x12,
    0x3D, 0xFF, 0x30, 0x00, 0x00, 0x00, 0x00, 0x6F, 0xFF, 0xF7, 0x00, 0x00, 0x00, 0x00, 0x00, 0x6F,
    0xFC, 0x40, 0x00, 0x00, 0x00, 0x00, 0x00, 0x04, 0x30, 0x00, 0x05, 0x30, 0x00, 0x07, 0xFF, 0x30,
    0x09, 0xFF, 0x20, 0x00, 0x8F, 0xF4, 0x00, 0x9F, 0xF2, 0x00, 0x00, 0x65, 0x00, 0x01, 0x74, 0x00,
    0x00, 0x00, 0x00, 0x00, 0x00, 0x00, 0x00, 0x00, 0x00, 0x00, 0x00, 0x00, 0x00, 0x8F, 0xF3, 0x00,
    0x00, 0x00, 0xEF, 0xB2, 0xFF, 0x80, 0x00, 0x00, 0x4F, 0xF6, 0x0C, 0xFE, 0x00, 0x00, 0x09, 0xFF,
    0x10, 0x7F, 0xF3, 0x00, 0x00, 0xDF, 0xB0, 0x01, 0xFF, 0x80, 0x00, 0x2F, 0xF5, 0x00, 0x0B, 0xFE,
    0x00, 0x07, 0xFF, 0x00, 0x00, 0x6F, 0xF3, 0x00, 0xCF, 0xA0, 0x00, 0x00, 0xFF, 0x80, 0x1F, 0xF5,
    0x00, 0x00, 0x0A, 0xFD, 0x06, 0xFF, 0x00, 0x00, 0x00, 0x4F, 0xF3, 0xBF, 0xA0, 0x00, 0x00, 0x00,
    0xEF, 0x9F, 0xF4, 0x00, 0x00, 0x00, 0x09, 0xFF, 0xFE, 0x00, 0x00, 0x00, 0x00, 0x3F, 0xFF, 0x90,
    0x00, 0x00, 0x00, 0x00, 0xEF, 0xF4, 0x00, 0x00, 0x00, 0x00, 0x0D, 0xFF, 0x00, 0x00, 0x00, 0x00,
    0x00, 0xBF, 0x90, 0x00, 0x00, 0x00, 0x00, 0x1F, 0xF3, 0x00, 0x00, 0x00, 0x00, 0x08, 0xFD, 0x00,
    0x00, 0x00, 0x03, 0x48, 0xFF, 0x50, 0x00, 0x00, 0x00, 0xDF, 0xFF, 0xA0, 0x00, 0x00, 0x00, 0x0B,
    0xFE, 0x70, 0x00, 0x00, 0x00, 0x00, 0x00, 0x00, 0x00, 0x14, 0x40, 0x03, 0x43, 0x00, 0x00, 0x00,
    0x00, 0xCF, 0xC0, 0x5F, 0xF6, 0x00, 0x00, 0x00, 0x06, 0xFE, 0x12, 0xFF, 0x80, 0x00, 0x00, 0x00,
    0x0E, 0xF4, 0x0D, 0xF9, 0x00, 0x00, 0x00, 0x00, 0x5C, 0x70, 0x6C, 0x90, 0x00, 0x00, 0x00, 0x00,
    0x00, 0x00, 0x00, 0x00, 0x00, 0x00, 0xBF, 0xF3, 0x00, 0x00, 0x00, 0x00, 0x7F, 0xF9, 0x4F, 0xFA,
    0x00, 0x00, 0x00, 0x00, 0xDF, 0xF2, 0x0C, 0xFF, 0x20, 0x00, 0x00, 0x04, 0xFF, 0xB0, 0x05, 0xFF,
    0x90, 0x00, 0x00, 0x0A, 0xFF, 0x40, 0x00, 0xDF, 0xF1, 0x00, 0x00, 0x1F, 0xFD, 0x00, 0x00, 0x6F,
    0xF7, 0x00, 0x00, 0x7F, 0xF6, 0x00, 0x00, 0x0E, 0xFE, 0x00, 0x00, 0xDF, 0xF0, 0x00, 0x00, 0x07,
    0xFF, 0x60, 0x04, 0xFF, 0x90, 0x00, 0x00, 0x00, 0xEF, 0xD0, 0x0A, 0xFF, 0x20, 0x00, 0x00, 0x00,
    0x8F, 0xF4, 0x1F, 0xFB, 0x00, 0x00, 0x00, 0x00, 0x1F, 0xFB, 0x7F, 0xF4, 0x00, 0x00, 0x00, 0x00,
    0x09, 0xFF, 0xFF, 0xD0, 0x00, 0x00, 0x00, 0x00, 0x02, 0xFF, 0xFF, 0x60, 0x00, 0x00, 0x00, 0x00,
    0x00, 0xAF, 0xFF, 0x00, 0x00, 0x00, 0x00, 0x00, 0x00, 0x5F, 0xFA, 0x00, 0x00, 0x00, 0x00, 0x00,
    0x00, 0x9F, 0xF2, 0x00, 0x00, 0x00, 0x00, 0x00, 0x01, 0xFF, 0xB0, 0x00, 0x00, 0x00, 0x00, 0x12,
    0x3D, 0xFF, 0x30, 0x00, 0x00, 0x00, 0x00, 0x6F, 0xFF, 0xF7, 0x00, 0x00, 0x00, 0x00, 0x00, 0x6F,
    0xFC, 0x40, 0x00, 0x00, 0x00, 0x00, 0x00, 0x00, 0x0A, 0xFE, 0x12, 0xFF, 0xA0, 0x00, 0x00, 0x4F,
    0xF3, 0x0D, 0xFB, 0x00, 0x00, 0x00, 0xDF, 0x70, 0xBF, 0xC0, 0x00, 0x00, 0x06, 0xFB, 0x07, 0xFD,
    0x10, 0x00, 0x00, 0x00, 0x00, 0x00, 0x00, 0x00, 0x00, 0x00, 0x00, 0x00, 0x00, 0x00, 0x00, 0x00,
    0x8F, 0xF3, 0x00, 0x00, 0x00, 0xEF, 0xB0, 0x2F, 0xF8, 0x00, 0x00, 0x04, 0xFF, 0x60, 0x0C, 0xFE,
    0x00, 0x00, 0x09, 0xFF, 0x10, 0x07, 0xFF, 0x30, 0x00, 0x0D, 0xFB, 0x00, 0x01, 0xFF, 0x80, 0x00,
    0x2F, 0xF5, 0x00, 0x00, 0xBF, 0xE0, 0x00, 0x7F, 0xF0, 0x00, 0x00, 0x6F, 0xF3, 0x00, 0xCF, 0xA0,
    0x00, 0x00, 0x0F, 0xF8, 0x01, 0xFF, 0x50, 0x00, 0x00, 0x0A, 0xFD, 0x06, 0xFF, 0x00, 0x00, 0x00,
    0x04, 0xFF, 0x3B, 0xFA, 0x00, 0x00, 0x00, 0x00, 0xEF, 0x9F, 0xF4, 0x00, 0x00, 0x00, 0x00, 0x9F,
    0xFF, 0xE0, 0x00, 0x00, 0x00, 0x00, 0x3F, 0xFF, 0x90, 0x00, 0x00, 0x00, 0x00, 0x0E, 0xFF, 0x40,
    0x00, 0x00, 0x00, 0x00, 0x0D, 0xFF, 0x00, 0x00, 0x00, 0x00, 0x00, 0x0B, 0xF9, 0x00, 0x00, 0x00,
    0x00, 0x00, 0x1F, 0xF3, 0x00, 0x00, 0x00, 0x00, 0x00, 0x8F, 0xD0, 0x00, 0x00, 0x00, 0x03, 0x48,
    0xFF, 0x50, 0x00, 0x00, 0x00, 0x0D, 0xFF, 0xFA, 0x00, 0x00, 0x00, 0x00, 0x0B, 0xFE, 0x70, 0x00,
    0x00, 0x00, 0x00, 0x00, 0x01, 0x87, 0x00, 0x02, 0x96, 0x00, 0x00, 0x00, 0x8F, 0xF4, 0x00, 0xAF,
    0xF3, 0x00, 0x00, 0x06, 0xFF, 0x20, 0x08, 0xFF, 0x10, 0x00, 0x00, 0x02, 0x10, 0x00, 0x03, 0x10,
    0x00, 0x00, 0x00, 0x00, 0x00, 0x00, 0x00, 0x00, 0x0F, 0xFB, 0x00, 0x00, 0x00, 0x00, 0x0E, 0xFC,
    0xFF, 0xB0, 0x00, 0x00, 0x00, 0x00, 0xEF, 0xCF, 0xFB, 0x00, 0x00, 0x00, 0x00, 0x0E, 0xFC, 0xFF,
    0xB0, 0x00, 0x00, 0x00, 0x00, 0xEF, 0xCF, 0xFB, 0x00, 0x00, 0x00, 0x00, 0x0E, 0xFC, 0xFF, 0xB0,
    0x00, 0x00, 0x00, 0x00, 0xEF, 0xCE, 0xFB, 0x00, 0x00, 0x00, 0x00, 0x0E, 0xFC, 0xCF, 0xE0, 0x00,
    0x00, 0x00, 0x00, 0xEF, 0xC8, 0xFF, 0x50, 0x00, 0x00, 0x00, 0x0E, 0xFC, 0x2F, 0xFF, 0x94, 0x33,
    0x45, 0x8C, 0xFF, 0xC0, 0x4F, 0xFF, 0xFF, 0xFF, 0xFF, 0xFF, 0xFC, 0x00, 0x17, 0xCE, 0xFF, 0xED,
    0xA6, 0xFF, 0xC0, 0x00, 0x00, 0x00, 0x00, 0x00, 0x0E, 0xFC, 0x00, 0x00, 0x00, 0x00, 0x00, 0x00,
    0xEF, 0xC0, 0x00, 0x00, 0x00, 0x00, 0x00, 0x0E, 0xFC, 0x00, 0x00, 0x00, 0x00, 0x00, 0x00, 0xEF,
    0xC0, 0x00, 0x00, 0x00, 0x00, 0x00, 0x0E, 0xFC, 0x00, 0x00, 0x00, 0x00, 0x00, 0x00, 0xEF, 0xC0,
    0x00, 0x00, 0x00, 0x00, 0x00, 0x0E, 0xFC, 0x00, 0x00, 0x00, 0x00, 0x00, 0x00, 0xEF, 0xC0, 0x00,
    0x00, 0x00, 0x00, 0x10, 0x00, 0x00, 0x5F, 0xE2, 0x00, 0x6F, 0xE1, 0x00, 0x09, 0xFF, 0x50, 0x0A,
    0xFF, 0x30, 0x00, 0x2A, 0x90, 0x00, 0x3B, 0x80, 0x00, 0x00, 0x00, 0x00, 0x00, 0x00, 0x00, 0x00,
    0x00, 0x00, 0x00, 0x00, 0x00, 0x00, 0x9F, 0xF0, 0x00, 0x00, 0x07, 0xFF, 0x19, 0xFF, 0x00, 0x00,
    0x00, 0x7F, 0xF1, 0x9F, 0xF0, 0x00, 0x00, 0x07, 0xFF, 0x19, 0xFF, 0x00, 0x00, 0x00, 0x7F, 0xF1,
    0x8F, 0xF0, 0x00, 0x00, 0x07, 0xFF, 0x17, 0xFF, 0x10, 0x00, 0x00, 0x7F, 0xF1, 0x4F, 0xF6, 0x00,
    0x00, 0x07, 0xFF, 0x10, 0xDF, 0xF7, 0x21, 0x25, 0xFF, 0xF1, 0x02, 0xEF, 0xFF, 0xFF, 0xFF, 0xFF,
    0x10, 0x01, 0x8D, 0xFF, 0xEC, 0xFF, 0xF1, 0x00, 0x00, 0x00, 0x00, 0x07, 0xFF, 0x10, 0x00, 0x00,
    0x00, 0x00, 0x7F, 0xF1, 0x00, 0x00, 0x00, 0x00, 0x07, 0xFF, 0x10, 0x00, 0x00, 0x00, 0x00, 0x7F,
    0xF1, 0x00, 0x00, 0x00, 0x00, 0x07, 0xFF, 0x10, 0x9F, 0xFF, 0xFF, 0xFF, 0xFF, 0xFF, 0xA9, 0xFF,
    0xFF, 0xFF, 0xFF, 0xFF, 0xFA, 0x9F, 0xF3, 0x22, 0x22, 0x22, 0x22, 0x19, 0xFF, 0x10, 0x00, 0x00,
    0x00, 0x00, 0x9F, 0xF1, 0x00, 0x00, 0x00, 0x00, 0x09, 0xFF, 0x10, 0x00, 0x00, 0x00, 0x00, 0x9F,
    0xF1, 0x00, 0x00, 0x00, 0x00, 0x09, 0xFF, 0x10, 0x00, 0x00, 0x00, 0x00, 0x9F, 0xF1, 0x00, 0x00,
    0x00, 0x00, 0x09, 0xFF, 0x10, 0x00, 0x00, 0x00, 0x00, 0x9F, 0xF1, 0x00, 0x00, 0x00, 0x00, 0x09,
    0xFF, 0x10, 0x00, 0x00, 0x00, 0x00, 0x9F, 0xF1, 0x00, 0x00, 0x00, 0x00, 0x09, 0xFF, 0x10, 0x00,
    0x00, 0x00, 0x00, 0x9F, 0xF1, 0x00, 0x00, 0x00, 0x00, 0x09, 0xFF, 0x10, 0x00, 0x00, 0x00, 0x00,
    0x9F, 0xF1, 0x00, 0x00, 0x00, 0x00, 0x09, 0xFF, 0x10, 0x00, 0x00, 0x00, 0x00, 0x9F, 0xFF, 0xF0,
    0x00, 0x00, 0x00, 0x09, 0xFF, 0xFF, 0x00, 0x00, 0x00, 0x00, 0x00, 0x9F, 0xF0, 0x00, 0x00, 0x00,
    0x00, 0x09, 0xFF, 0x00, 0x00, 0x00, 0x00, 0x00, 0x9F, 0xF0, 0x00, 0x00, 0x00, 0x00, 0x09, 0xFF,
    0x00, 0x00, 0x00, 0x00, 0x00, 0x9F, 0xF0, 0x00, 0x00, 0x00, 0x00, 0xEF, 0xFF, 0xFF, 0xFF, 0xF7,
    0xEF, 0xFF, 0xFF, 0xFF, 0xF7, 0xEF, 0xB1, 0x11, 0x11, 0x10, 0xEF, 0xA0, 0x00, 0x00, 0x00, 0xEF,
    0xA0, 0x00, 0x00, 0x00, 0xEF, 0xA0, 0x00, 0x00, 0x00, 0xEF, 0xA0, 0x00, 0x00, 0x00, 0xEF, 0xA0,
    0x00, 0x00, 0x00, 0xEF, 0xA0, 0x00, 0x00, 0x00, 0xEF, 0xA0, 0x00, 0x00, 0x00, 0xEF, 0xA0, 0x00,
    0x00, 0x00, 0xEF, 0xA0, 0x00, 0x00, 0x00, 0xEF, 0xA0, 0x00, 0x00, 0x00, 0xEF, 0xFF, 0xF0, 0x00,
    0x00, 0xEF, 0xFF, 0xF0, 0x00, 0x00, 0x00, 0x9F, 0xF0, 0x00, 0x00, 0x00, 0x9F, 0xF0, 0x00, 0x00,
    0x00, 0x9F, 0xF0, 0x00, 0x00, 0x00, 0x9F, 0xF0, 0x00, 0x00, 0x00, 0x9F, 0xF0, 0x00, 0x00, 0x00,
    0x00, 0x01, 0x87, 0x00, 0x02, 0x96, 0x00, 0x00, 0x00, 0x00, 0x00, 0x08, 0xFF, 0x40, 0x0A, 0xFF,
    0x30, 0x00, 0x00, 0x00, 0x00, 0x06, 0xFF, 0x20, 0x08, 0xFF, 0x10, 0x00, 0x00, 0x00, 0x00, 0x00,
    0x21, 0x00, 0x00, 0x31, 0x00, 0x00, 0x00, 0x00, 0x00, 0x00, 0x00, 0x00, 0x00, 0x00, 0x00, 0x00,
    0x00, 0x9F, 0xF1, 0x00, 0x00, 0x00, 0x00, 0x00, 0x00, 0x0F, 0xFA, 0x9F, 0xF1, 0x00, 0x00, 0x00,
    0x00, 0x00, 0x00, 0x0F, 0xFA, 0x9F, 0xF1, 0x00, 0x00, 0x00, 0x00, 0x00, 0x00, 0x0F, 0xFA, 0x9F,
    0xF1, 0x00, 0x00, 0x00, 0x00, 0x00, 0x00, 0x0F, 0xFA, 0x9F, 0xF1, 0x00, 0x00, 0x00, 0x00, 0x00,
    0x00, 0x0F, 0xFA, 0x9F, 0xF1, 0x00, 0x00, 0x00, 0x00, 0x00, 0x00, 0x0F, 0xFA, 0x9F, 0xF1, 0x00,
    0x00, 0x00, 0x00, 0x00, 0x00, 0x0F, 0xFA, 0x9F, 0xF3, 0x22, 0x22, 0x10, 0x00, 0x00, 0x00, 0x0F,
    0xFA, 0x9F, 0xFF, 0xFF, 0xFF, 0xFF, 0xC6, 0x00, 0x00, 0x0F, 0xFA, 0x9F, 0xFF, 0xFF, 0xFF, 0xFF,
    0xFF, 0xC0, 0x00, 0x0F, 0xFA, 0x9F, 0xF1, 0x00, 0x00, 0x14, 0xBF, 0xFA, 0x00, 0x0F, 0xFA, 0x9F,
    0xF1, 0x00, 0x00, 0x00, 0x0B, 0xFF, 0x20, 0x0F, 0xFA, 0x9F, 0xF1, 0x00, 0x00, 0x00, 0x03, 0xFF,
    0x70, 0x0F, 0xFA, 0x9F, 0xF1, 0x00, 0x00, 0x00, 0x00, 0xFF, 0x90, 0x0F, 0xFA, 0x9F, 0xF1, 0x00,
    0x00, 0x00, 0x01, 0xFF, 0x90, 0x0F, 0xFA, 0x9F, 0xF1, 0x00, 0x00, 0x00, 0x05, 0xFF, 0x60, 0x0F,
    0xFA, 0x9F, 0xF1, 0x00, 0x00, 0x00, 0x1D, 0xFF, 0x10, 0x0F, 0xFA, 0x9F, 0xF3, 0x22, 0x22, 0x36,
    0xDF, 0xF8, 0x00, 0x0F, 0xFA, 0x9F, 0xFF, 0xFF, 0xFF, 0xFF, 0xFF, 0x90, 0x00, 0x0F, 0xFA, 0x9F,
    0xFF, 0xFF, 0xFF, 0xFD, 0x93, 0x00, 0x00, 0x0F, 0xFA, 0x00, 0x00, 0x00, 0x00, 0x00, 0x01, 0x00,
    0x00, 0x00, 0x00, 0x00, 0x5F, 0xE2, 0x00, 0x6F, 0xE1, 0x00, 0x00, 0x00, 0x00, 0x9F, 0xF5, 0x00,
    0xAF, 0xF3, 0x00, 0x00, 0x00, 0x00, 0x2A, 0x90, 0x00, 0x3B, 0x80, 0x00, 0x00, 0x00, 0x00, 0x00,
    0x00, 0x00, 0x00, 0x00, 0x00, 0x00, 0x00, 0x00, 0x00, 0x00, 0x00, 0x00, 0x00, 0x00, 0x00, 0xDF,
    0xB0, 0x00, 0x00, 0x00, 0x00, 0x00, 0x4F, 0xF3, 0xDF, 0xB0, 0x00, 0x00, 0x00, 0x00, 0x00, 0x4F,
    0xF3, 0xDF, 0xB0, 0x00, 0x00, 0x00, 0x00, 0x00, 0x4F, 0xF3, 0xDF, 0xB0, 0x00, 0x00, 0x00, 0x00,
    0x00, 0x4F, 0xF3, 0xDF, 0xB0, 0x00, 0x00, 0x00, 0x00, 0x00, 0x4F, 0xF3, 0xDF, 0xFF, 0xFF, 0xFE,
    0xB4, 0x00, 0x00, 0x4F, 0xF3, 0xDF, 0xFF, 0xFF, 0xFF, 0xFF, 0x90, 0x00, 0x4F, 0xF3, 0xDF, 0xC1,
    0x11, 0x14, 0xCF, 0xF5, 0x00, 0x4F, 0xF3, 0xDF, 0xB0, 0x00, 0x00, 0x0E, 0xFB, 0x00, 0x4F, 0xF3,
    0xDF, 0xB0, 0x00, 0x00, 0x0A, 0xFE, 0x00, 0x4F, 0xF3, 0xDF, 0xB0, 0x00, 0x00, 0x09, 0xFE, 0x00,
    0x4F, 0xF3, 0xDF, 0xB0, 0x00, 0x00, 0x0E, 0xFB, 0x00, 0x4F, 0xF3, 0xDF, 0xB1, 0x11, 0x13, 0xBF,
    0xF4, 0x00, 0x4F, 0xF3, 0xDF, 0xFF, 0xFF, 0xFF, 0xFF, 0x80, 0x00, 0x4F, 0xF3, 0xDF, 0xFF, 0xFF,
    0xFE, 0xB4, 0x00, 0x00, 0x4F, 0xF3, 0x00, 0x09, 0xFF, 0xFF, 0xFF, 0xFF, 0xFF, 0xFA, 0x00, 0x09,
    0xFF, 0xFF, 0xFF, 0xFF, 0xFF, 0xFA, 0x00, 0x09, 0xFF, 0x32, 0x22, 0x22, 0x22, 0x21, 0x00, 0x09,
    0xFF, 0x10, 0x00, 0x00, 0x00, 0x00, 0x00, 0x09, 0xFF, 0x10, 0x00, 0x00, 0x00, 0x00, 0x00, 0x09,
    0xFF, 0x10, 0x00, 0x00, 0x00, 0x00, 0x00, 0x09, 0xFF, 0x10, 0x00, 0x00, 0x00, 0x00, 0x01, 0x1A,
    0xFF, 0x21, 0x10, 0x00, 0x00, 0x00, 0x0F, 0xFF, 0xFF, 0xFF, 0xFA, 0x00, 0x00, 0x00, 0x0F, 0xFF,
    0xFF, 0xFF, 0xFA, 0x00, 0x00, 0x00, 0x00, 0x09, 0xFF, 0x10, 0x00, 0x00, 0x00, 0x00, 0x00, 0x09,
    0xFF, 0x10, 0x00, 0x00, 0x00, 0x00, 0x00, 0x09, 0xFF, 0x10, 0x00, 0x00, 0x00, 0x00, 0x00, 0x09,
    0xFF, 0x10, 0x00, 0x00, 0x00, 0x00, 0x00, 0x09, 0xFF, 0x10, 0x00, 0x00, 0x00, 0x00, 0x00, 0x09,
    0xFF, 0x10, 0x00, 0x00, 0x00, 0x00, 0x00, 0x09, 0xFF, 0x10, 0x00, 0x00, 0x00, 0x00, 0x00, 0x09,
    0xFF, 0x10, 0x00, 0x00, 0x00, 0x00, 0x00, 0x09, 0xFF, 0xFE, 0x00, 0x00, 0x00, 0x00, 0x00, 0x09,
    0xFF, 0xFE, 0x00, 0x00, 0x00, 0x00, 0x00, 0x00, 0x0A, 0xFE, 0x00, 0x00, 0x00, 0x00, 0x00, 0x00,
    0x0A, 0xFE, 0x00, 0x00, 0x00, 0x00, 0x00, 0x00, 0x0D, 0xFC, 0x00, 0x00, 0x00, 0x00, 0x00, 0x43,
    0x8F, 0xF8, 0x00, 0x00, 0x00, 0x00, 0x00, 0xEF, 0xFF, 0xE1, 0x00, 0x00, 0x00, 0x00, 0x00, 0xDF,
    0xE9, 0x10, 0x00, 0x00, 0x00, 0x00, 0x00, 0x0E, 0xFF, 0xFF, 0xFF, 0xFF, 0x70, 0x00, 0xEF, 0xFF,
    0xFF, 0xFF, 0xF7, 0x00, 0x0E, 0xFB, 0x11, 0x11, 0x11, 0x00, 0x00, 0xEF, 0xA0, 0x00, 0x00, 0x00,
    0x00, 0x0E, 0xFA, 0x00, 0x00, 0x00, 0x00, 0x11, 0xFF, 0xB1, 0x11, 0x00, 0x00, 0x0F, 0xFF, 0xFF,
    0xFF, 0xFA, 0x00, 0x00, 0xFF, 0xFF, 0xFF, 0xFF, 0xA0, 0x00, 0x00, 0x0E, 0xFA, 0x00, 0x00, 0x00,
    0x00, 0x00, 0xEF, 0xA0, 0x00, 0x00, 0x00, 0x00, 0x0E, 0xFA, 0x00, 0x00, 0x00, 0x00, 0x00, 0xEF,
    0xA0, 0x00, 0x00, 0x00, 0x00, 0x0E, 0xFA, 0x00, 0x00, 0x00, 0x00, 0x00, 0xEF, 0xFF, 0xE0, 0x00,
    0x00, 0x00, 0x0E, 0xFF, 0xFE, 0x00, 0x00, 0x00, 0x00, 0x00, 0xAF, 0xE0, 0x00, 0x00, 0x00, 0x00,
    0x0A, 0xFE, 0x00, 0x00, 0x00, 0x00, 0x00, 0xDF, 0xC0, 0x00, 0x00, 0x00, 0x43, 0x8F, 0xF8, 0x00,
    0x00, 0x00, 0x0E, 0xFF, 0xFE, 0x10, 0x00, 0x00, 0x00, 0xDF, 0xE9, 0x10, 0x00, 0x00, 0x00, 0x0B,
    0xFF, 0x50, 0x00, 0x00, 0x00, 0x0B, 0xFF, 0x50, 0x02, 0xFF, 0xE0, 0x00, 0x00, 0x00, 0x5F, 0xFB,
    0x00, 0x00, 0x7F, 0xF9, 0x00, 0x00, 0x00, 0xEF, 0xF2, 0x00, 0x00, 0x0D, 0xFF, 0x30, 0x00, 0x09,
    0xFF, 0x70, 0x00, 0x00, 0x03, 0xFF, 0xD0, 0x00, 0x3F, 0xFC, 0x00, 0x00, 0x00, 0x00, 0x9F, 0xF7,
    0x00, 0xDF, 0xF3, 0x00, 0x00, 0x00, 0x00, 0x0E, 0xFF, 0x17, 0xFF, 0x80, 0x00, 0x00, 0x00, 0x00,
    0x04, 0xFF, 0xCF, 0xFD, 0x00, 0x00, 0x00, 0x00, 0x00, 0x00, 0xAF, 0xFF, 0xF4, 0x00, 0x00, 0x00,
    0x00, 0x00, 0x00, 0x1F, 0xFF, 0xA0, 0x00, 0x00, 0x00, 0x00, 0x00, 0x00, 0x2F, 0xFF, 0xB0, 0x00,
    0x00, 0x00, 0x00, 0x00, 0x00, 0xCF, 0xFF, 0xF6, 0x00, 0x00, 0x00, 0x00, 0x00, 0x06, 0xFF, 0xAE,
    0xFE, 0x10, 0x00, 0x00, 0x00, 0x00, 0x1F, 0xFE, 0x15, 0xFF, 0xA0, 0x00, 0x00, 0x00, 0x00, 0xBF,
    0xF5, 0x00, 0xBF, 0xF4, 0x00, 0x00, 0x00, 0x05, 0xFF, 0xB0, 0x00, 0x2F, 0xFE, 0x00, 0x00, 0x00,
    0x1E, 0xFF, 0x20, 0x00, 0x07, 0xFF, 0x90, 0x00, 0x00, 0x9F, 0xF7, 0x00, 0x00, 0x00, 0xDF, 0xF3,
    0x00, 0x04, 0xFF, 0xD0, 0x00, 0x00, 0x00, 0x3F, 0xFF, 0xFE, 0x0D, 0xFF, 0x30, 0x00, 0x00, 0x00,
    0x09, 0xFF, 0xFE, 0x00, 0x00, 0x00, 0x00, 0x00, 0x00, 0x00, 0x0A, 0xFE, 0x00, 0x00, 0x00, 0x00,
    0x00, 0x00, 0x00, 0x0A, 0xFE, 0x00, 0x00, 0x00, 0x00, 0x00, 0x00, 0x00, 0x0D, 0xFC, 0x00, 0x00,
    0x00, 0x00, 0x00, 0x00, 0x43, 0x8F, 0xF8, 0x00, 0x00, 0x00, 0x00, 0x00, 0x00, 0xEF, 0xFF, 0xE1,
    0x00, 0x00, 0x00, 0x00, 0x00, 0x00, 0xDF, 0xE9, 0x10, 0x0E, 0xFE, 0x00, 0x00, 0x02, 0xFF, 0xC0,
    0x04, 0xFF, 0x80, 0x00, 0x0B, 0xFF, 0x20, 0x00, 0xAF, 0xF2, 0x00, 0x5F, 0xF7, 0x00, 0x00, 0x1E,
    0xFB, 0x00, 0xEF, 0xD0, 0x00, 0x00, 0x05, 0xFF, 0x48, 0xFF, 0x30, 0x00, 0x00, 0x00, 0xBF, 0xEF,
    0xF8, 0x00, 0x00, 0x00, 0x00, 0x1F, 0xFF, 0xD0, 0x00, 0x00, 0x00, 0x00, 0x09, 0xFF, 0x70, 0x00,
    0x00, 0x00, 0x00, 0x3F, 0xFF, 0xE1, 0x00, 0x00, 0x00, 0x00, 0xCF, 0xDE, 0xFA, 0x00, 0x00, 0x00,
    0x07, 0xFF, 0x46, 0xFF, 0x50, 0x00, 0x00, 0x2F, 0xFA, 0x00, 0xCF, 0xE1, 0x00, 0x00, 0xCF, 0xF1,
    0x00, 0x2F, 0xFA, 0x00, 0x07, 0xFF, 0x60, 0x00, 0x09, 0xFF, 0xFE, 0x2F, 0xFC, 0x00, 0x00, 0x00,
    0xEF, 0xFF, 0x00, 0x00, 0x00, 0x00, 0x00, 0x0A, 0xFE, 0x00, 0x00, 0x00, 0x00, 0x00, 0x0A, 0xFE,
    0x00, 0x00, 0x00, 0x00, 0x00, 0x0D, 0xFC, 0x00, 0x00, 0x00, 0x00, 0x43, 0x8F, 0xF8, 0x00, 0x00,
    0x00, 0x00, 0xEF, 0xFF, 0xE1, 0x00, 0x00, 0x00, 0x00, 0xDF, 0xE9, 0x10, 0x0B, 0xFF, 0x50, 0x00,
    0x00, 0x00, 0x0B, 0xFF, 0x50, 0x2F, 0xFE, 0x00, 0x00, 0x00, 0x05, 0xFF, 0xB0, 0x00, 0x8F, 0xF8,
    0x00, 0x00, 0x00, 0xEF, 0xF2, 0x00, 0x00, 0xDF, 0xF2, 0x00, 0x00, 0x8F, 0xF7, 0x00, 0x00, 0x04,
    0xFF, 0xC0, 0x00, 0x2F, 0xFD, 0x00, 0x00, 0x00, 0x0A, 0xFF, 0x60, 0x0C, 0xFF, 0x30, 0x00, 0x00,
    0x00, 0x1E, 0xFE, 0x16, 0xFF, 0x90, 0x00, 0x00, 0x00, 0x00, 0x6F, 0xFA, 0xEF, 0xE1, 0x00, 0x00,
    0x00, 0x00, 0x01, 0xDF, 0xFF, 0xF7, 0x10, 0x00, 0x00, 0x00, 0x08, 0xFF, 0xFF, 0xFF, 0xFF, 0x30,
    0x00, 0x00, 0x00, 0x8F, 0xFF, 0xFF, 0xFF, 0xF3, 0x00, 0x00, 0x00, 0x00, 0x0B, 0xFF, 0xFF, 0x40,
    0x00, 0x00, 0x00, 0x00, 0x05, 0xFF, 0xCF, 0xFE, 0x00, 0x00, 0x00, 0x00, 0x01, 0xEF, 0xF1, 0x7F,
    0xF9, 0x00, 0x00, 0x00, 0x00, 0xAF, 0xF6, 0x00, 0xCF, 0xF3, 0x00, 0x00, 0x00, 0x4F, 0xFC, 0x00,
    0x02, 0xFF, 0xD0, 0x00, 0x00, 0x0E, 0xFF, 0x20, 0x00, 0x08, 0xFF, 0x80, 0x00, 0x09, 0xFF, 0x70,
    0x00, 0x00, 0x0D, 0xFF, 0x30, 0x03, 0xFF, 0xD0, 0x00, 0x00, 0x00, 0x3F, 0xFD, 0x00, 0xDF, 0xF3,
    0x00, 0x00, 0x00, 0x00, 0x9F, 0xF7, 0x0E, 0xFE, 0x00, 0x00, 0x02, 0xFF, 0xC0, 0x04, 0xFF, 0x90,
    0x00, 0x0C, 0xFF, 0x20, 0x00, 0x9F, 0xF3, 0x00, 0x6F, 0xF6, 0x00, 0x00, 0x0D, 0xFC, 0x01, 0xFF,
    0xB0, 0x00, 0x00, 0x03, 0xFF, 0x6A, 0xFF, 0x10, 0x00, 0x00, 0x01, 0x9F, 0xFF, 0xF7, 0x10, 0x00,
    0x00, 0x6F, 0xFF, 0xFF, 0xFF, 0xF5, 0x00, 0x00, 0x6F, 0xFF, 0xFF, 0xFF, 0xF5, 0x00, 0x00, 0x00,
    0x5F, 0xFF, 0xF2, 0x00, 0x00, 0x00, 0x00, 0xEF, 0xBC, 0xFC, 0x00, 0x00, 0x00, 0x09, 0xFF, 0x23,
    0xFF, 0x60, 0x00, 0x00, 0x3F, 0xF8, 0x00, 0xAF, 0xF1, 0x00, 0x00, 0xDF, 0xE0, 0x00, 0x2F, 0xFB,
    0x00, 0x07, 0xFF, 0x60, 0x00, 0x08, 0xFF, 0x50, 0x2F, 0xFC, 0x00, 0x00, 0x00, 0xEF, 0xE0,
};

static const font_glyph_t roboto_title_glyphs[] = {
    {0x0020, 0, 0, 0, 0, 0, 7},          {0x0021, 0, 4, 20, 2, 6, 7},
    {0x0022, 40, 7, 7, 1, 5, 9},         {0x0023, 65, 16, 20, 1, 6, 17},
    {0x0024, 225, 14, 26, 1, 3, 16},     {0x0025, 407, 19, 20, 1, 6, 21},
    {0x0026, 597, 17, 20, 1, 6, 17},     {0x0027, 767, 3, 7, 1, 5, 5},
    {0x0028, 778, 9, 28, 1, 4, 10},      {0x0029, 904, 8, 28, 0, 4, 10},
    {0x002A, 1016, 12, 12, 0, 6, 12},    {0x002B, 1088, 14, 14, 1, 10, 16},
    {0x002C, 1186, 5, 7, 0, 23, 6},      {0x002D, 1204, 8, 3, 0, 16, 8},
    {0x002E, 1216, 5, 4, 1, 22, 7},      {0x002F, 1226, 11, 22, 0, 6, 12},
    {0x0030, 1347, 14, 20, 1, 6, 16},    {0x0031, 1487, 8, 20, 2, 6, 16},
    {0x0032, 1567, 14, 20, 1, 6, 16},    {0x0033, 1707, 13, 20, 1, 6, 16},
    {0x0034, 1837, 16, 20, 0, 6, 16},    {0x0035, 1997, 13, 20, 2, 6, 16},
    {0x0036, 2127, 14, 20, 1, 6, 16},    {0x0037, 2267, 14, 20, 1, 6, 16},
    {0x0038, 2407, 14, 20, 1, 6, 16},    {0x0039, 2547, 13, 20, 1, 6, 16},
    {0x003A, 2677, 5, 16, 1, 10, 7},     {0x003B, 2717, 6, 20, 0, 10, 6},
    {0x003C, 2777, 13, 12, 0, 11, 14},   {0x003D, 2855, 12, 9, 2, 12, 15},
    {0x003E, 2909, 13, 12, 1, 11, 15},   {0x003F, 2987, 12, 20, 1, 6, 13},
    {0x0040, 3107, 23, 26, 1, 6, 25},    {0x0041, 3406, 18, 20, 0, 6, 18},
    {0x0042, 3586, 14, 20, 2, 6, 17},    {0x0043, 3726, 16, 20, 1, 6, 18},
    {0x0044, 3886, 15, 20, 2, 6, 18},    {0x0045, 4036, 13, 20, 2, 6, 16},
    {0x0046, 4166, 13, 20, 2, 6, 15},    {0x0047, 4296, 17, 20, 1, 6, 19},
    {0x0048, 4466, 16, 20, 2, 6, 20},    {0x0049, 4626, 4, 20, 2, 6, 8},
    {0x004A, 4666, 14, 20, 0, 6, 15},    {0x004B, 4806, 16, 20, 2, 6, 18},
    {0x004C, 4966, 13, 20, 2, 6, 15},    {0x004D, 5096, 21, 20, 2, 6, 24},
    {0x004E, 5306, 16, 20, 2, 6, 20},    {0x004F, 5466, 17, 20, 1, 6, 19},
    {0x0050, 5636, 15, 20, 2, 6, 18},    {0x0051, 5786, 17, 23, 1, 6, 19},
    {0x0052, 5982, 15, 20, 2, 6, 17},    {0x0053, 6132, 15, 20, 1, 6, 17},
    {0x0054, 6282, 17, 20, 0, 6, 17},    {0x0055, 6452, 16, 20, 1, 6, 18},
    {0x0056, 6612, 18, 20, 0, 6, 18},    {0x0057, 6792, 25, 20, 0, 6, 25},
    {0x0058, 7042, 17, 20, 0, 6, 18},    {0x0059, 7212, 17, 20, 0, 6, 17},
    {0x005A, 7382, 15, 20, 1, 6, 17},    {0x005B, 7532, 6, 27, 2, 3, 7},
    {0x005C, 7613, 12, 22, 0, 6, 12},    {0x005D, 7745, 6, 27, 0, 3, 7},
    {0x005E, 7826, 11, 10, 0, 6, 12},    {0x005F, 7881, 13, 3, 0, 26, 13},
    {0x0060, 7901, 7, 4, 0, 5, 9},       {0x0061, 7915, 13, 15, 1, 11, 15},
    {0x0062, 8013, 14, 21, 1, 5, 16},    {0x0063, 8160, 13, 15, 1, 11, 15},
    {0x0064, 8258, 13, 21, 1, 5, 16},    {0x0065, 8395, 13, 15, 1, 11, 15},
    {0x0066, 8493, 10, 21, 0, 5, 10},    {0x0067, 8598, 13, 21, 1, 11, 16},
    {0x0068, 8735, 13, 21, 1, 5, 15},    {0x0069, 8872, 4, 21, 1, 5, 7},
    {0x006A, 8914, 6, 27, -1, 5, 7},     {0x006B, 8995, 14, 21, 1, 5, 14},
    {0x006C, 9142, 3, 21, 2, 5, 7},      {0x006D, 9174, 22, 15, 1, 11, 25},
    {0x006E, 9339, 13, 15, 1, 11, 15},   {0x006F, 9437, 14, 15, 1, 11, 16},
    {0x0070, 9542, 14, 21, 1, 11, 16},   {0x0071, 9689, 13, 21, 1, 11, 16},
    {0x0072, 9826, 9, 15, 1, 11, 9},     {0x0073, 9894, 13, 15, 1, 11, 14},
    {0x0074, 9992, 9, 18, 0, 8, 9},      {0x0075, 10073, 13, 15, 1, 11, 15},
    {0x0076, 10171, 14, 15, 0, 11, 14},  {0x0077, 10276, 21, 15, 0, 11, 21},
    {0x0078, 10434, 14, 15, 0, 11, 14},  {0x0079, 10539, 13, 21, 0, 11, 13},
    {0x007A, 10676, 12, 15, 1, 11, 14},  {0x007B, 10766, 10, 27, 0, 4, 9},
    {0x007C, 10901, 3, 24, 2, 6, 7},     {0x007D, 10937, 9, 27, 0, 4, 9},
    {0x007E, 11059, 17, 7, 1, 14, 19},   {0x0080, 11119, 11, 20, 1, 6, 12},
    {0x0081, 11229, 11, 20, 1, 6, 12},   {0x0082, 11339, 11, 20, 1, 6, 12},
    {0x0083, 11449, 11, 20, 1, 6, 12},   {0x0084, 11559, 11, 20, 1, 6, 12},
    {0x0085, 11669, 11, 20, 1, 6, 12},   {0x0086, 11779, 11, 20, 1, 6, 12},
    {0x0087, 11889, 11, 20, 1, 6, 12},   {0x0088, 11999, 11, 20, 1, 6, 12},
    {0x0089, 12109, 11, 20, 1, 6, 12},   {0x008A, 12219, 11, 20, 1, 6, 12},
    {0x008B, 12329, 11, 20, 1, 6, 12},   {0x008C, 12439, 11, 20, 1, 6, 12},
    {0x008D, 12549, 11, 20, 1, 6, 12},   {0x008E, 12659, 11, 20, 1, 6, 12},
    {0x008F, 12769, 11, 20, 1, 6, 12},   {0x0090, 12879, 11, 20, 1, 6, 12},
    {0x0091, 12989, 11, 20, 1, 6, 12},   {0x0092, 13099, 11, 20, 1, 6, 12},
    {0x0093, 13209, 11, 20, 1, 6, 12},   {0x0094, 13319, 11, 20, 1, 6, 12},
    {0x0095, 13429, 11, 20, 1, 6, 12},   {0x0096, 13539, 11, 20, 1, 6, 12},
    {0x0097, 13649, 11, 20, 1, 6, 12},   {0x0098, 13759, 11, 20, 1, 6, 12},
    {0x0099, 13869, 11, 20, 1, 6, 12},   {0x009A, 13979, 11, 20, 1, 6, 12},
    {0x009B, 14089, 11, 20, 1, 6, 12},   {0x009C, 14199, 11, 20, 1, 6, 12},
    {0x009D, 14309, 11, 20, 1, 6, 12},   {0x009E, 14419, 11, 20, 1, 6, 12},
    {0x009F, 14529, 11, 20, 1, 6, 12},   {0x00A0, 0, 0, 0, 0, 0, 7},
    {0x00A1, 14639, 4, 20, 1, 11, 7},    {0x00A2, 14679, 13, 21, 1, 8, 15},
    {0x00A3, 14816, 15, 20, 1, 6, 16},   {0x00A4, 14966, 18, 19, 1, 8, 20},
    {0x00A5, 15137, 15, 20, 0, 6, 15},   {0x00A6, 15287, 3, 23, 2, 6, 7},
    {0x00A7, 15322, 15, 27, 1, 6, 17},   {0x00A8, 15525, 10, 3, 1, 6, 12},
    {0x00A9, 15540, 20, 20, 1, 6, 22},   {0x00AA, 15740, 9, 11, 2, 6, 13},
    {0x00AB, 15790, 11, 11, 1, 13, 13},  {0x00AC, 15851, 13, 6, 1, 15, 16},
    {0x00AD, 0, 0, 0, 0, 0, 0},          {0x00AE, 15890, 20, 20, 1, 6, 22},
    {0x00AF, 16090, 11, 2, 1, 6, 13},    {0x00B0, 16101, 8, 7, 1, 6, 10},
    {0x00B1, 16129, 13, 17, 1, 9, 15},   {0x00B2, 16240, 10, 11, 0, 6, 10},
    {0x00B3, 16295, 10, 11, 0, 6, 10},   {0x00B4, 16350, 7, 4, 1, 5, 9},
    {0x00B5, 16364, 12, 21, 2, 11, 16},  {0x00B6, 16490, 12, 20, 0, 6, 14},
    {0x00B7, 16610, 4, 3, 2, 15, 7},     {0x00B8, 16616, 5, 6, 1, 26, 7},
    {0x00B9, 16631, 6, 11, 1, 6, 10},    {0x00BA, 16664, 11, 11, 1, 6, 13},
    {0x00BB, 16725, 12, 11, 1, 13, 13},  {0x00BC, 16791, 20, 20, 0, 6, 21},
    {0x00BD, 16991, 21, 20, 0, 6, 22},   {0x00BE, 17201, 20, 20, 1, 6, 22},
    {0x00BF, 17401, 13, 20, 0, 11, 13},  {0x00C0, 17531, 18, 26, 0, 0, 18},
    {0x00C1, 17765, 18, 26, 0, 0, 18},   {0x00C2, 17999, 18, 26, 0, 0, 18},
    {0x00C3, 18233, 18, 25, 0, 1, 18},   {0x00C4, 18458, 18, 25, 0, 1, 18},
    {0x00C5, 18683, 18, 27, 0, -1, 18},  {0x00C6, 18926, 27, 20, -1, 6, 26},
    {0x00C7, 19196, 16, 26, 1, 6, 18},   {0x00C8, 19404, 13, 26, 2, 0, 16},
    {0x00C9, 19573, 13, 26, 2, 0, 16},   {0x00CA, 19742, 13, 26, 2, 0, 16},
    {0x00CB, 19911, 13, 25, 2, 1, 16},   {0x00CC, 20074, 7, 26, -1, 0, 8},
    {0x00CD, 20165, 7, 26, 2, 0, 8},     {0x00CE, 20256, 9, 26, -1, 0, 8},
    {0x00CF, 20373, 10, 25, -1, 1, 8},   {0x00D0, 20498, 18, 20, 0, 6, 19},
    {0x00D1, 20678, 16, 25, 2, 1, 20},   {0x00D2, 20878, 17, 25, 1, 1, 19},
    {0x00D3, 21091, 17, 25, 1, 1, 19},   {0x00D4, 21304, 17, 26, 1, 0, 19},
    {0x00D5, 21525, 17, 25, 1, 1, 19},   {0x00D6, 21738, 17, 25, 1, 1, 19},
    {0x00D7, 21951, 13, 12, 1, 11, 15},  {0x00D8, 22029, 17, 22, 1, 5, 19},
    {0x00D9, 22216, 16, 26, 1, 0, 18},   {0x00DA, 22424, 16, 26, 1, 0, 18},
    {0x00DB, 22632, 16, 26, 1, 0, 18},   {0x00DC, 22840, 16, 25, 1, 1, 18},
    {0x00DD, 23040, 17, 26, 0, 0, 17},   {0x00DE, 23261, 14, 20, 2, 6, 17},
    {0x00DF, 23401, 15, 21, 1, 5, 17},   {0x00E0, 23559, 13, 21, 1, 5, 15},
    {0x00E1, 23696, 13, 21, 1, 5, 15},   {0x00E2, 23833, 13, 21, 1, 5, 15},
    {0x00E3, 23970, 13, 20, 1, 6, 15},   {0x00E4, 24100, 13, 21, 1, 5, 15},
    {0x00E5, 24237, 13, 23, 1, 3, 15},   {0x00E6, 24387, 22, 15, 1, 11, 24},
    {0x00E7, 24552, 13, 21, 1, 11, 15},  {0x00E8, 24689, 13, 21, 1, 5, 15},
    {0x00E9, 24826, 13, 21, 1, 5, 15},   {0x00EA, 24963, 13, 21, 1, 5, 15},
    {0x00EB, 25100, 13, 21, 1, 5, 15},   {0x00EC, 25237, 7, 22, -2, 4, 7},
    {0x00ED, 25314, 7, 22, 1, 4, 7},     {0x00EE, 25391, 9, 22, -1, 4, 7},
    {0x00EF, 25490, 10, 21, -1, 5, 7},   {0x00F0, 25595, 14, 22, 1, 4, 16},
    {0x00F1, 25749, 13, 21, 1, 5, 15},   {0x00F2, 25886, 14, 21, 1, 5, 16},
    {0x00F3, 26033, 14, 21, 1, 5, 16},   {0x00F4, 26180, 14, 21, 1, 5, 16},
    {0x00F5, 26327, 14, 20, 1, 6, 16},   {0x00F6, 26467, 14, 21, 1, 5, 16},
    {0x00F7, 26614, 15, 17, 0, 8, 16},   {0x00F8, 26742, 14, 18, 1, 10, 16},
    {0x00F9, 26868, 13, 22, 1, 4, 15},   {0x00FA, 27011, 13, 22, 1, 4, 15},
    {0x00FB, 27154, 13, 22, 1, 4, 15},   {0x00FC, 27297, 13, 21, 1, 5, 15},
    {0x00FD, 27434, 13, 28, 0, 4, 13},   {0x00FE, 27616, 13, 27, 2, 5, 16},
    {0x00FF, 27792, 13, 27, 0, 5, 13},   {0x0370, 27968, 11, 20, 1, 6, 12},
    {0x0371, 28078, 11, 20, 1, 6, 12},   {0x0372, 28188, 11, 20, 1, 6, 12},
    {0x0373, 28298, 11, 20, 1, 6, 12},   {0x0374, 28408, 11, 20, 1, 6, 12},
    {0x0375, 28518, 11, 20, 1, 6, 12},   {0x0376, 28628, 11, 20, 1, 6, 12},
    {0x0377, 28738, 11, 20, 1, 6, 12},   {0x0378, 28848, 11, 20, 1, 6, 12},
    {0x0379, 28958, 11, 20, 1, 6, 12},   {0x037A, 29068, 11, 20, 1, 6, 12},
    {0x037B, 29178, 11, 20, 1, 6, 12},   {0x037C, 29288, 11, 20, 1, 6, 12},
    {0x037D, 29398, 11, 20, 1, 6, 12},   {0x037E, 29508, 6, 20, 0, 10, 6},
    {0x037F, 29568, 11, 20, 1, 6, 12},   {0x0380, 29678, 11, 20, 1, 6, 12},
    {0x0381, 29788, 11, 20, 1, 6, 12},   {0x0382, 29898, 11, 20, 1, 6, 12},
    {0x0383, 30008, 11, 20, 1, 6, 12},   {0x0384, 30118, 4, 5, 2, 4, 7},
    {0x0385, 30128, 12, 7, 1, 3, 14},    {0x0386, 30170, 18, 23, 0, 3, 18},
    {0x0387, 30377, 4, 3, 2, 15, 7},     {0x0388, 30383, 18, 23, -2, 3, 17},
    {0x0389, 30590, 21, 22, -2, 4, 21},  {0x038A, 30821, 9, 23, -2, 3, 9},
    {0x038B, 30925, 11, 20, 1, 6, 12},   {0x038C, 31035, 19, 23, -1, 3, 20},
    {0x038D, 31254, 11, 20, 1, 6, 12},   {0x038E, 31364, 20, 22, -2, 4, 18},
    {0x038F, 31584, 18, 23, -1, 3, 19},  {0x0390, 31791, 12, 24, -2, 2, 9},
    {0x0391, 31935, 18, 20, 0, 6, 18},   {0x0392, 32115, 14, 20, 2, 6, 17},
    {0x0393, 32255, 13, 20, 2, 6, 16},   {0x0394, 32385, 20, 20, 0, 6, 20},
    {0x0395, 32585, 13, 20, 2, 6, 16},   {0x0396, 32715, 15, 20, 1, 6, 17},
    {0x0397, 32865, 16, 20, 2, 6, 20},   {0x0398, 33025, 17, 20, 1, 6, 19},
    {0x0399, 33195, 4, 20, 2, 6, 8},     {0x039A, 33235, 16, 20, 2, 6, 18},
    {0x039B, 33395, 18, 20, 0, 6, 18},   {0x039C, 33575, 21, 20, 2, 6, 24},
    {0x039D, 33785, 16, 20, 2, 6, 20},   {0x039E, 33945, 14, 20, 1, 6, 16},
    {0x039F, 34085, 17, 20, 1, 6, 19},   {0x03A0, 34255, 16, 20, 2, 6, 20},
    {0x03A1, 34415, 15, 20, 2, 6, 18},   {0x03A2, 34565, 11, 20, 1, 6, 12},
    {0x03A3, 34675, 15, 20, 0, 6, 16},   {0x03A4, 34825, 17, 20, 0, 6, 17},
    {0x03A5, 34995, 17, 20, 0, 6, 17},   {0x03A6, 35165, 19, 20, 1, 6, 20},
    {0x03A7, 35355, 17, 20, 0, 6, 18},   {0x03A8, 35525, 17, 20, 1, 6, 19},
    {0x03A9, 35695, 16, 20, 1, 6, 19},   {0x03AA, 35855, 10, 25, -1, 1, 8},
    {0x03AB, 35980, 17, 25, 0, 1, 17},   {0x03AC, 36193, 15, 22, 1, 4, 16},
    {0x03AD, 36358, 13, 22, 1, 4, 15},   {0x03AE, 36501, 12, 29, 2, 3, 16},
    {0x03AF, 36675, 7, 22, 2, 4, 9},     {0x03B0, 36752, 13, 24, 1, 2, 15},
    {0x03B1, 36908, 15, 15, 1, 11, 16},  {0x03B2, 37021, 14, 25, 2, 6, 17},
    {0x03B3, 37196, 14, 21, 0, 11, 14},  {0x03B4, 37343, 14, 21, 1, 5, 16},
    {0x03B5, 37490, 13, 15, 1, 11, 15},  {0x03B6, 37588, 13, 25, 1, 6, 14},
    {0x03B7, 37751, 12, 21, 2, 11, 16},  {0x03B8, 37877, 14, 20, 1, 6, 16},
    {0x03B9, 38017, 7, 15, 2, 11, 9},    {0x03BA, 38070, 13, 15, 2, 11, 16},
    {0x03BB, 38168, 15, 21, 0, 5, 16},   {0x03BC, 38326, 12, 21, 2, 11, 16},
    {0x03BD, 38452, 14, 15, 0, 11, 14},  {0x03BE, 38557, 12, 25, 1, 6, 14},
    {0x03BF, 38707, 14, 15, 1, 11, 16},  {0x03C0, 38812, 17, 15, 0, 11, 17},
    {0x03C1, 38940, 13, 21, 2, 11, 16},  {0x03C2, 39077, 13, 20, 1, 11, 15},
    {0x03C3, 39207, 15, 15, 1, 11, 16},  {0x03C4, 39320, 13, 15, 1, 11, 15},
    {0x03C5, 39418, 13, 15, 1, 11, 15},  {0x03C6, 39516, 18, 22, 1, 11, 20},
    {0x03C7, 39714, 15, 21, 1, 11, 16},  {0x03C8, 39872, 18, 21, 1, 11, 20},
    {0x03C9, 40061, 21, 15, 1, 11, 23},  {0x03CA, 40219, 10, 21, -1, 5, 9},
    {0x03CB, 40324, 13, 21, 1, 5, 15},   {0x03CC, 40461, 14, 22, 1, 4, 16},
    {0x03CD, 40615, 13, 22, 1, 4, 15},   {0x03CE, 40758, 21, 22, 1, 4, 23},
    {0x03CF, 40989, 11, 20, 1, 6, 12},   {0x03D0, 41099, 11, 20, 1, 6, 12},
    {0x03D1, 41209, 15, 20, 1, 6, 16},   {0x03D2, 41359, 17, 20, -1, 6, 15},
    {0x03D3, 41529, 20, 22, -3, 4, 16},  {0x03D4, 41749, 11, 20, 1, 6, 12},
    {0x03D5, 41859, 11, 20, 1, 6, 12},   {0x03D6, 41969, 21, 15, 1, 11, 22},
    {0x03D7, 42127, 11, 20, 1, 6, 12},   {0x03D8, 42237, 11, 20, 1, 6, 12},
    {0x03D9, 42347, 11, 20, 1, 6, 12},   {0x03DA, 42457, 11, 20, 1, 6, 12},
    {0x03DB, 42567, 11, 20, 1, 6, 12},   {0x03DC, 42677, 11, 20, 1, 6, 12},
    {0x03DD, 42787, 11, 20, 1, 6, 12},   {0x03DE, 42897, 11, 20, 1, 6, 12},
    {0x03DF, 43007, 11, 20, 1, 6, 12},   {0x03E0, 43117, 11, 20, 1, 6, 12},
    {0x03E1, 43227, 11, 20, 1, 6, 12},   {0x03E2, 43337, 11, 20, 1, 6, 12},
    {0x03E3, 43447, 11, 20, 1, 6, 12},   {0x03E4, 43557, 11, 20, 1, 6, 12},
    {0x03E5, 43667, 11, 20, 1, 6, 12},   {0x03E6, 43777, 11, 20, 1, 6, 12},
    {0x03E7, 43887, 11, 20, 1, 6, 12},   {0x03E8, 43997, 11, 20, 1, 6, 12},
    {0x03E9, 44107, 11, 20, 1, 6, 12},   {0x03EA, 44217, 11, 20, 1, 6, 12},
    {0x03EB, 44327, 11, 20, 1, 6, 12},   {0x03EC, 44437, 11, 20, 1, 6, 12},
    {0x03ED, 44547, 11, 20, 1, 6, 12},   {0x03EE, 44657, 11, 20, 1, 6, 12},
    {0x03EF, 44767, 11, 20, 1, 6, 12},   {0x03F0, 44877, 11, 20, 1, 6, 12},
    {0x03F1, 44987, 11, 20, 1, 6, 12},   {0x03F2, 45097, 11, 20, 1, 6, 12},
    {0x03F3, 45207, 11, 20, 1, 6, 12},   {0x03F4, 45317, 11, 20, 1, 6, 12},
    {0x03F5, 45427, 11, 20, 1, 6, 12},   {0x03F6, 45537, 11, 20, 1, 6, 12},
    {0x03F7, 45647, 11, 20, 1, 6, 12},   {0x03F8, 45757, 11, 20, 1, 6, 12},
    {0x03F9, 45867, 11, 20, 1, 6, 12},   {0x03FA, 45977, 11, 20, 1, 6, 12},
    {0x03FB, 46087, 11, 20, 1, 6, 12},   {0x03FC, 46197, 11, 20, 1, 6, 12},
    {0x03FD, 46307, 11, 20, 1, 6, 12},   {0x03FE, 46417, 11, 20, 1, 6, 12},
    {0x03FF, 46527, 11, 20, 1, 6, 12},   {0x0400, 46637, 13, 26, 2, 0, 16},
    {0x0401, 46806, 13, 25, 2, 1, 16},   {0x0402, 46969, 20, 20, 0, 6, 21},
    {0x0403, 47169, 13, 26, 2, 0, 16},   {0x0404, 47338, 16, 20, 1, 6, 19},
    {0x0405, 47498, 15, 20, 1, 6, 17},   {0x0406, 47648, 4, 20, 2, 6, 8},
    {0x0407, 47688, 10, 25, -1, 1, 8},   {0x0408, 47813, 14, 20, 0, 6, 15},
    {0x0409, 47953, 29, 20, 0, 6, 30},   {0x040A, 48243, 28, 20, 2, 6, 30},
    {0x040B, 48523, 21, 20, 0, 6, 23},   {0x040C, 48733, 16, 26, 2, 0, 18},
    {0x040D, 48941, 16, 26, 2, 0, 20},   {0x040E, 49149, 16, 26, 1, 0, 18},
    {0x040F, 49357, 16, 25, 2, 6, 20},   {0x0410, 49557, 18, 20, 0, 6, 18},
    {0x0411, 49737, 15, 20, 2, 6, 18},   {0x0412, 49887, 14, 20, 2, 6, 17},
    {0x0413, 50027, 13, 20, 2, 6, 16},   {0x0414, 50157, 21, 25, 0, 6, 21},
    {0x0415, 50420, 13, 20, 2, 6, 16},   {0x0416, 50550, 26, 20, 0, 6, 25},
    {0x0417, 50810, 15, 20, 1, 6, 17},   {0x0418, 50960, 16, 20, 2, 6, 20},
    {0x0419, 51120, 16, 26, 2, 0, 20},   {0x041A, 51328, 16, 20, 2, 6, 18},
    {0x041B, 51488, 18, 20, 0, 6, 20},   {0x041C, 51668, 21, 20, 2, 6, 24},
    {0x041D, 51878, 16, 20, 2, 6, 20},   {0x041E, 52038, 17, 20, 1, 6, 19},
    {0x041F, 52208, 16, 20, 2, 6, 20},   {0x0420, 52368, 15, 20, 2, 6, 18},
    {0x0421, 52518, 16, 20, 1, 6, 18},   {0x0422, 52678, 17, 20, 0, 6, 17},
    {0x0423, 52848, 16, 20, 1, 6, 18},   {0x0424, 53008, 20, 21, 1, 6, 22},
    {0x0425, 53218, 17, 20, 0, 6, 18},   {0x0426, 53388, 18, 25, 2, 6, 20},
    {0x0427, 53613, 15, 20, 2, 6, 19},   {0x0428, 53763, 22, 20, 2, 6, 26},
    {0x0429, 53983, 24, 25, 2, 6, 27},   {0x042A, 54283, 21, 20, 0, 6, 21},
    {0x042B, 54493, 20, 20, 2, 6, 24},   {0x042C, 54693, 15, 20, 2, 6, 18},
    {0x042D, 54843, 16, 20, 2, 6, 19},   {0x042E, 55003, 22, 20, 2, 6, 25},
    {0x042F, 55223, 15, 20, 1, 6, 18},   {0x0430, 55373, 13, 15, 1, 11, 15},
    {0x0431, 55471, 14, 21, 1, 5, 15},   {0x0432, 55618, 13, 15, 2, 11, 16},
    {0x0433, 55716, 10, 15, 2, 11, 12},  {0x0434, 55791, 17, 19, 0, 11, 17},
    {0x0435, 55953, 13, 15, 1, 11, 15},  {0x0436, 56051, 21, 15, 0, 11, 21},
    {0x0437, 56209, 12, 15, 1, 11, 14},  {0x0438, 56299, 13, 15, 2, 11, 16},
    {0x0439, 56397, 13, 21, 2, 5, 16},   {0x043A, 56534, 13, 15, 2, 11, 15},
    {0x043B, 56632, 15, 15, 0, 11, 16},  {0x043C, 56745, 17, 15, 2, 11, 21},
    {0x043D, 56873, 13, 15, 2, 11, 16},  {0x043E, 56971, 14, 15, 1, 11, 16},
    {0x043F, 57076, 13, 15, 2, 11, 16},  {0x0440, 57174, 14, 21, 1, 11, 16},
    {0x0441, 57321, 13, 15, 1, 11, 15},  {0x0442, 57419, 13, 15, 0, 11, 13},
    {0x0443, 57517, 13, 21, 0, 11, 13},  {0x0444, 57654, 18, 27, 1, 5, 20},
    {0x0445, 57897, 14, 15, 0, 11, 14},  {0x0446, 58002, 14, 19, 2, 11, 17},
    {0x0447, 58135, 13, 16, 1, 10, 15},  {0x0448, 58239, 19, 15, 2, 11, 23},
    {0x0449, 58382, 21, 19, 2, 11, 23},  {0x044A, 58582, 17, 15, 0, 11, 17},
    {0x044B, 58710, 18, 15, 2, 11, 22},  {0x044C, 58845, 12, 15, 2, 11, 15},
    {0x044D, 58935, 13, 15, 1, 11, 15},  {0x044E, 59033, 20, 15, 2, 11, 23},
    {0x044F, 59183, 14, 15, 0, 11, 15},  {0x0450, 59288, 13, 21, 1, 5, 15},
    {0x0451, 59425, 13, 21, 1, 5, 15},   {0x0452, 59562, 15, 27, -1, 5, 15},
    {0x0453, 59765, 10, 21, 2, 5, 12},   {0x0454, 59870, 13, 15, 1, 11, 15},
    {0x0455, 59968, 13, 15, 1, 11, 14},  {0x0456, 60066, 4, 21, 1, 5, 7},
    {0x0457, 60108, 10, 21, -1, 5, 7},   {0x0458, 60213, 6, 27, -1, 5, 7},
    {0x0459, 60294, 23, 15, 0, 11, 24},  {0x045A, 60467, 22, 15, 2, 11, 24},
    {0x045B, 60632, 15, 21, -1, 5, 16},  {0x045C, 60790, 13, 21, 2, 5, 15},
    {0x045D, 60927, 13, 21, 2, 5, 16},   {0x045E, 61064, 13, 27, 0, 5, 13},
    {0x045F, 61240, 13, 20, 2, 11, 16},  {0x0460, 61370, 21, 20, 2, 6, 25},
    {0x0461, 61580, 19, 15, 1, 11, 22},  {0x0462, 61723, 18, 20, -1, 6, 18},
    {0x0463, 61903, 15, 21, -1, 5, 15},  {0x0464, 62061, 22, 20, 2, 6, 25},
    {0x0465, 62281, 18, 15, 2, 11, 21},  {0x0466, 62416, 18, 20, 0, 6, 17},
    {0x0467, 62596, 15, 15, 0, 11, 15},  {0x0468, 62709, 23, 20, 2, 6, 25},
    {0x0469, 62939, 19, 15, 2, 11, 21},  {0x046A, 63082, 20, 20, 2, 6, 24},
    {0x046B, 63282, 17, 16, 2, 10, 21},  {0x046C, 63418, 28, 20, 2, 6, 32},
    {0x046D, 63698, 24, 16, 2, 10, 27},  {0x046E, 63890, 12, 33, 1, -1, 14},
    {0x046F, 64088, 12, 28, 1, 4, 14},   {0x0470, 64256, 17, 20, 1, 6, 19},
    {0x0471, 64426, 18, 21, 1, 11, 20},  {0x0472, 64615, 17, 20, 1, 6, 19},
    {0x0473, 64785, 14, 15, 1, 11, 16},  {0x0474, 64890, 18, 20, 0, 6, 18},
    {0x0475, 65070, 15, 15, 0, 11, 14},  {0x0476, 65183, 18, 25, 0, 1, 18},
    {0x0477, 65408, 16, 21, -1, 5, 14},  {0x0478, 65576, 31, 26, 1, 6, 33},
    {0x0479, 65979, 28, 21, 1, 11, 29},  {0x047A, 66273, 17, 24, 1, 4, 19},
    {0x047B, 66477, 14, 17, 1, 10, 16},  {0x047C, 66596, 21, 27, 2, -1, 25},
    {0x047D, 66880, 19, 22, 1, 4, 22},   {0x047E, 67089, 21, 26, 2, 0, 25},
    {0x047F, 67362, 19, 21, 1, 5, 22},   {0x0480, 67562, 16, 25, 1, 6, 18},
    {0x0481, 67762, 13, 20, 1, 11, 15},  {0x0482, 67892, 15, 18, 1, 8, 17},
    {0x0483, 68027, 11, 5, -13, 5, 0},   {0x0484, 68055, 11, 3, -13, 5, 0},
    {0x0485, 68072, 5, 4, -10, 4, 0},    {0x0486, 68082, 4, 4, -9, 4, 0},
    {0x0487, 68090, 11, 20, 1, 6, 12},   {0x0488, 68200, 27, 25, -21, 6, 0},
    {0x0489, 68538, 26, 27, -21, 5, 0},  {0x048A, 68889, 19, 31, 2, 0, 21},
    {0x048B, 69184, 15, 26, 2, 5, 17},   {0x048C, 69379, 18, 20, -1, 6, 18},
    {0x048D, 69559, 15, 23, -1, 3, 15},  {0x048E, 69732, 15, 20, 2, 6, 18},
    {0x048F, 69882, 14, 21, 1, 11, 16},  {0x0490, 70029, 13, 25, 2, 1, 15},
    {0x0491, 70192, 10, 19, 2, 7, 12},   {0x0492, 70287, 15, 20, 0, 6, 16},
    {0x0493, 70437, 13, 15, -1, 11, 12}, {0x0494, 70535, 14, 24, 2, 6, 17},
    {0x0495, 70703, 12, 19, 2, 11, 14},  {0x0496, 70817, 26, 25, 0, 6, 27},
    {0x0497, 71142, 22, 20, 0, 11, 22},  {0x0498, 71362, 15, 26, 1, 6, 17},
    {0x0499, 71557, 12, 21, 1, 11, 14},  {0x049A, 71683, 16, 25, 2, 6, 20},
    {0x049B, 71883, 14, 20, 2, 11, 17},  {0x049C, 72023, 16, 20, 2, 6, 18},
    {0x049D, 72183, 14, 15, 2, 11, 16},  {0x049E, 72288, 19, 20, 0, 6, 18},
    {0x049F, 72478, 16, 21, -1, 5, 15},  {0x04A0, 72646, 23, 20, 0, 6, 23},
    {0x04A1, 72876, 20, 15, 0, 11, 19},  {0x04A2, 73026, 18, 25, 2, 6, 21},
    {0x04A3, 73251, 14, 20, 2, 11, 17},  {0x04A4, 73391, 25, 20, 2, 6, 27},
    {0x04A5, 73641, 17, 15, 2, 11, 20},  {0x04A6, 73769, 26, 24, 2, 6, 29},
    {0x04A7, 74081, 22, 19, 2, 11, 24},  {0x04A8, 74290, 19, 21, 1, 6, 21},
    {0x04A9, 74490, 16, 16, 1, 10, 17},  {0x04AA, 74618, 16, 26, 1, 6, 18},
    {0x04AB, 74826, 13, 21, 1, 11, 15},  {0x04AC, 74963, 17, 25, 0, 6, 17},
    {0x04AD, 75176, 13, 20, 0, 11, 13},  {0x04AE, 75306, 17, 20, 0, 6, 17},
    {0x04AF, 75476, 14, 21, 0, 11, 14},  {0x04B0, 75623, 17, 20, 0, 6, 17},
    {0x04B1, 75793, 14, 21, 0, 11, 14},  {0x04B2, 75940, 17, 25, 0, 6, 18},
    {0x04B3, 76153, 14, 20, 0, 11, 15},  {0x04B4, 76293, 24, 25, 0, 6, 25},
    {0x04B5, 76593, 18, 19, 0, 11, 19},  {0x04B6, 76764, 17, 25, 2, 6, 20},
    {0x04B7, 76977, 14, 21, 1, 10, 16},  {0x04B8, 77124, 15, 20, 2, 6, 19},
    {0x04B9, 77274, 13, 16, 1, 10, 15},  {0x04BA, 77378, 16, 20, 1, 6, 19},
    {0x04BB, 77538, 13, 21, 1, 5, 15},   {0x04BC, 77675, 21, 20, 0, 6, 22},
    {0x04BD, 77885, 17, 15, -1, 11, 17}, {0x04BE, 78013, 21, 26, 0, 6, 22},
    {0x04BF, 78286, 17, 21, -1, 11, 17}, {0x04C0, 78465, 4, 20, 2, 6, 8},
    {0x04C1, 78505, 26, 26, 0, 0, 25},   {0x04C2, 78843, 21, 21, 0, 5, 21},
    {0x04C3, 79064, 15, 24, 2, 6, 18},   {0x04C4, 79244, 13, 19, 2, 11, 15},
    {0x04C5, 79368, 21, 25, 0, 6, 21},   {0x04C6, 79631, 17, 20, 0, 11, 17},
    {0x04C7, 79801, 16, 26, 2, 6, 20},   {0x04C8, 80009, 12, 21, 2, 11, 16},
    {0x04C9, 80135, 19, 25, 2, 6, 21},   {0x04CA, 80373, 15, 20, 2, 11, 17},
    {0x04CB, 80523, 15, 25, 2, 6, 19},   {0x04CC, 80711, 13, 21, 1, 10, 15},
    {0x04CD, 80848, 23, 25, 2, 6, 26},   {0x04CE, 81136, 20, 20, 2, 11, 22},
    {0x04CF, 81336, 4, 20, 2, 6, 8},     {0x04D0, 81376, 18, 26, 0, 0, 18},
    {0x04D1, 81610, 13, 21, 1, 5, 15},   {0x04D2, 81747, 18, 25, 0, 1, 18},
    {0x04D3, 81972, 13, 21, 1, 5, 15},   {0x04D4, 82109, 27, 20, -1, 6, 26},
    {0x04D5, 82379, 22, 15, 1, 11, 24},  {0x04D6, 82544, 13, 26, 2, 0, 16},
    {0x04D7, 82713, 13, 21, 1, 5, 15},   {0x04D8, 82850, 17, 20, 1, 6, 19},
    {0x04D9, 83020, 13, 15, 1, 11, 15},  {0x04DA, 83118, 17, 24, 1, 2, 19},
    {0x04DB, 83322, 13, 21, 1, 5, 15},   {0x04DC, 83459, 26, 25, 0, 1, 25},
    {0x04DD, 83784, 21, 21, 0, 5, 21},   {0x04DE, 84005, 15, 25, 1, 1, 17},
    {0x04DF, 84193, 12, 21, 1, 5, 14},   {0x04E0, 84319, 14, 20, 1, 6, 16},
    {0x04E1, 84459, 14, 20, 1, 11, 16},  {0x04E2, 84599, 16, 25, 2, 1, 20},
    {0x04E3, 84799, 13, 20, 2, 6, 16},   {0x04E4, 84929, 16, 25, 2, 1, 20},
    {0x04E5, 85129, 13, 21, 2, 5, 16},   {0x04E6, 85266, 17, 25, 1, 1, 19},
    {0x04E7, 85479, 14, 21, 1, 5, 16},   {0x04E8, 85626, 17, 20, 1, 6, 19},
    {0x04E9, 85796, 14, 15, 1, 11, 16},  {0x04EA, 85901, 17, 25, 1, 1, 19},
    {0x04EB, 86114, 14, 21, 1, 5, 16},   {0x04EC, 86261, 16, 25, 2, 1, 19},
    {0x04ED, 86461, 13, 21, 1, 5, 15},   {0x04EE, 86598, 16, 25, 1, 1, 18},
    {0x04EF, 86798, 13, 27, 0, 5, 13},   {0x04F0, 86974, 16, 25, 1, 1, 18},
    {0x04F1, 87174, 13, 27, 0, 5, 13},   {0x04F2, 87350, 16, 26, 1, 0, 18},
    {0x04F3, 87558, 14, 27, 0, 5, 13},   {0x04F4, 87747, 15, 25, 2, 1, 19},
    {0x04F5, 87935, 13, 21, 1, 5, 15},   {0x04F6, 88072, 13, 25, 2, 6, 16},
    {0x04F7, 88235, 10, 20, 2, 11, 12},  {0x04F8, 88335, 20, 25, 2, 1, 24},
    {0x04F9, 88585, 18, 21, 2, 5, 22},   {0x04FA, 88774, 16, 26, 0, 6, 17},
    {0x04FB, 88982, 13, 21, 0, 11, 13},  {0x04FC, 89119, 18, 26, 0, 6, 18},
    {0x04FD, 89353, 14, 21, 0, 11, 15},  {0x04FE, 89500, 17, 20, 0, 6, 18},
    {0x04FF, 89670, 14, 15, 0, 11, 14},
};

static const font_info_t roboto_title = {roboto_title_bitmaps,
                                         roboto_title_glyphs,
                                         sizeof(roboto_title_glyphs) / sizeof(font_glyph_t),
                                         33,
                                         26};

/* Font: roboto_body */
static const uint8_t roboto_body_bitmaps[] = {
    0x8F, 0x28, 0xF2, 0x7F, 0x27, 0xF2, 0x7F, 0x17, 0xF1, 0x7F, 0x16, 0xF1, 0x6F, 0x10, 0x00, 0x00,
    0x05, 0xF2, 0x5F, 0x20, 0xC7, 0x6D, 0xC6, 0x6C, 0xC5, 0x6A, 0xC3, 0x69, 0x00, 0x02, 0xF1, 0x09,
    0xA0, 0x00, 0x05, 0xE0, 0x0C, 0x70, 0x00, 0x08, 0xB0, 0x0F, 0x40, 0x03, 0x3F, 0xB3, 0x5F, 0x53,
    0x4F, 0xFF, 0xFF, 0xFF, 0xFD, 0x00, 0x1F, 0x20, 0x8B, 0x00, 0x00, 0x4F, 0x00, 0xB8, 0x00, 0x00,
    0x7C, 0x00, 0xE5, 0x00, 0xFF, 0xFF, 0xFF, 0xFF, 0xF3, 0x33, 0xF9, 0x38, 0xF3, 0x30, 0x01, 0xF2,
    0x07, 0xC0, 0x00, 0x04, 0xF0, 0x0A, 0x90, 0x00, 0x07, 0xC0, 0x0D, 0x60, 0x00, 0x00, 0x00, 0x6E,
    0x00, 0x00, 0x00, 0x00, 0x6E, 0x00, 0x00, 0x00, 0x2A, 0xFF, 0xD5, 0x00, 0x01, 0xEF, 0x97, 0xDF,
    0x40, 0x06, 0xF5, 0x00, 0x0E, 0xD0, 0x08, 0xF2, 0x00, 0x0A, 0xF0, 0x05, 0xF7, 0x00, 0x00, 0x00,
    0x00, 0xDF, 0xA3, 0x00, 0x00, 0x00, 0x09, 0xFF, 0xD5, 0x00, 0x00, 0x00, 0x06, 0xDF, 0x70, 0x00,
    0x00, 0x00, 0x0D, 0xF0, 0x0F, 0xA0, 0x00, 0x08, 0xF2, 0x0C, 0xE1, 0x00, 0x0B, 0xF0, 0x04, 0xFD,
    0x78, 0xCF, 0x80, 0x00, 0x4B, 0xFF, 0xD6, 0x00, 0x00, 0x00, 0x8C, 0x00, 0x00, 0x00, 0x00, 0x8C,
    0x00, 0x00, 0x01, 0xCF, 0xC3, 0x00, 0x00, 0x00, 0x00, 0xCA, 0x28, 0xD0, 0x00, 0x50, 0x00, 0x0F,
    0x20, 0x1F, 0x20, 0x6D, 0x00, 0x00, 0xF2, 0x01, 0xF2, 0x1F, 0x30, 0x00, 0x0C, 0x92, 0x8E, 0x0B,
    0x90, 0x00, 0x00, 0x2C, 0xFD, 0x35, 0xE0, 0x00, 0x00, 0x00, 0x00, 0x00, 0xE5, 0x00, 0x00, 0x00,
    0x00, 0x00, 0x9A, 0x0A, 0xFE, 0x50, 0x00, 0x00, 0x3E, 0x19, 0xC2, 0x5F, 0x20, 0x00, 0x0D, 0x60,
    0xD6, 0x00, 0xD6, 0x00, 0x08, 0xC0, 0x0D, 0x60, 0x0D, 0x60, 0x00, 0x82, 0x00, 0x9C, 0x25, 0xF2,
    0x00, 0x00, 0x00, 0x00, 0xAF, 0xE5, 0x00, 0x00, 0x19, 0xEF, 0xB2, 0x00, 0x00, 0x00, 0xAF, 0x86,
    0xED, 0x00, 0x00, 0x00, 0xFA, 0x00, 0x6F, 0x20, 0x00, 0x00, 0xFA, 0x00, 0x8F, 0x00, 0x00, 0x00,
    0xAF, 0x38, 0xF6, 0x00, 0x00, 0x00, 0x1F, 0xFF, 0x50, 0x00, 0x00, 0x00, 0x5F, 0xFE, 0x00, 0x00,
    0x00, 0x05, 0xFA, 0x5F, 0x90, 0x1F, 0x50, 0x0E, 0xC0, 0x08, 0xF6, 0x4F, 0x30, 0x1F, 0x80, 0x00,
    0xAF, 0xFE, 0x00, 0x0E, 0xC0, 0x00, 0x0F, 0xF8, 0x00, 0x06, 0xFB, 0x66, 0xBF, 0xFD, 0x00, 0x00,
    0x5C, 0xFF, 0xC6, 0x4F, 0xB0, 0x1F, 0x31, 0xF3, 0x1F, 0x21, 0xF1, 0x00, 0x04, 0x80, 0x04, 0xF5,
    0x01, 0xE7, 0x00, 0x8E, 0x00, 0x0F, 0x80, 0x05, 0xF3, 0x00, 0x9F, 0x00, 0x0B, 0xD0, 0x00, 0xCD,
    0x00, 0x0C, 0xD0, 0x00, 0xBD, 0x00, 0x09, 0xF0, 0x00, 0x5F, 0x30, 0x00, 0xF7, 0x00, 0x09, 0xE0,
    0x00, 0x1E, 0x70, 0x00, 0x4F, 0x40, 0x00, 0x49, 0x76, 0x00, 0x03, 0xF6, 0x00, 0x05, 0xF2, 0x00,
    0x0C, 0xB0, 0x00, 0x6F, 0x20, 0x01, 0xF8, 0x00, 0x0D, 0xB0, 0x00, 0xBE, 0x00, 0x0A, 0xF0, 0x00,
    0xAF, 0x00, 0x0B, 0xE0, 0x00, 0xDB, 0x00, 0x1F, 0x80, 0x05, 0xF2, 0x00, 0xBB, 0x00, 0x4F, 0x20,
    0x2E, 0x60, 0x07, 0x60, 0x00, 0x00, 0x0C, 0x80, 0x00, 0x00, 0x0B, 0x80, 0x00, 0x8D, 0x7C, 0x97,
    0xD4, 0x38, 0xCF, 0xFC, 0x82, 0x00, 0x8E, 0xF3, 0x00, 0x05, 0xF3, 0x9E, 0x10, 0x06, 0x80, 0x0B,
    0x30, 0x00, 0x00, 0xBE, 0x00, 0x00, 0x00, 0x00, 0xBE, 0x00, 0x00, 0x00, 0x00, 0xBE, 0x00, 0x00,
    0x00, 0x00, 0xBE, 0x00, 0x00, 0x28, 0x88, 0xFF, 0x88, 0x83, 0x5F, 0xFF, 0xFF, 0xFF, 0xF7, 0x00,
    0x00, 0xBE, 0x00, 0x00, 0x00, 0x00, 0xBE, 0x00, 0x00, 0x00, 0x00, 0xBE, 0x00, 0x00, 0x00, 0x00,
    0xBE, 0x00, 0x00, 0x0E, 0xB0, 0xEA, 0x3F, 0x56, 0xA0, 0x35, 0x55, 0x3A, 0xFF, 0xFA, 0x7E, 0x18,
    0xE2, 0x00, 0x00, 0x0A, 0xB0, 0x00, 0x01, 0xF5, 0x00, 0x00, 0x7E, 0x00, 0x00, 0x0D, 0x90, 0x00,
    0x03, 0xF3, 0x00, 0x00, 0x9C, 0x00, 0x00, 0x0E, 0x60, 0x00, 0x05, 0xF1, 0x00, 0x00, 0xBA, 0x00,
    0x00, 0x1F, 0x40, 0x00, 0x07, 0xE0, 0x00, 0x00, 0xD8, 0x00, 0x00, 0x4F, 0x20, 0x00, 0x0A, 0xC0,
    0x00, 0x00, 0x03, 0xBF, 0xEB, 0x30, 0x01, 0xFD, 0x76, 0xDF, 0x30, 0x8F, 0x20, 0x01, 0xFA, 0x0D,
    0xC0, 0x00, 0x0B, 0xE0, 0xEA, 0x00, 0x00, 0x9F, 0x0F, 0xA0, 0x00, 0x08, 0xF1, 0xFA, 0x00, 0x00,
    0x8F, 0x1F, 0xA0, 0x00, 0x08, 0xF1, 0xFB, 0x00, 0x00, 0x9F, 0x0D, 0xD0, 0x00, 0x0B, 0xE0, 0x8F,
    0x20, 0x01, 0xFA, 0x01, 0xEE, 0x66, 0xDF, 0x20, 0x02, 0xBE, 0xFC, 0x30, 0x00, 0x00, 0x05, 0xB6,
    0x29, 0xFF, 0xF6, 0x8E, 0x85, 0xF6, 0x10, 0x03, 0xF6, 0x00, 0x03, 0xF6, 0x00, 0x03, 0xF6, 0x00,
    0x03, 0xF6, 0x00, 0x03, 0xF6, 0x00, 0x03, 0xF6, 0x00, 0x03, 0xF6, 0x00, 0x03, 0xF6, 0x00, 0x03,
    0xF6, 0x00, 0x03, 0xF6, 0x00, 0x4C, 0xFF, 0xC4, 0x00, 0x05, 0xFC, 0x66, 0xDF, 0x40, 0x0E, 0xD0,
    0x00, 0x1F, 0xB0, 0x1F, 0x80, 0x00, 0x0C, 0xD0, 0x00, 0x00, 0x00, 0x0E, 0xA0, 0x00, 0x00, 0x00,
    0x6F, 0x30, 0x00, 0x00, 0x03, 0xF9, 0x00, 0x00, 0x00, 0x2E, 0xC0, 0x00, 0x00, 0x01, 0xDD, 0x10,
    0x00, 0x00, 0x0C, 0xE1, 0x00, 0x00, 0x00, 0xBE, 0x20, 0x00, 0x00, 0x09, 0xF8, 0x55, 0x55, 0x52,
    0x0E, 0xFF, 0xFF, 0xFF, 0xF7, 0x00, 0x3B, 0xFF, 0xB3, 0x00, 0x3F, 0xC6, 0x6D, 0xF2, 0x0C, 0xE0,
    0x00, 0x2F, 0x90, 0xF9, 0x00, 0x00, 0xEB, 0x00, 0x00, 0x00, 0x2F, 0x80, 0x00, 0x35, 0x7E, 0xC0,
    0x00, 0x0E, 0xFF, 0xF5, 0x00, 0x00, 0x00, 0x29, 0xF6, 0x00, 0x00, 0x00, 0x0D, 0xC2, 0xF8, 0x00,
    0x00, 0xBE, 0x0E, 0xD0, 0x00, 0x1E, 0xB0, 0x4F, 0xC6, 0x7D, 0xF3, 0x00, 0x3C, 0xFE, 0xB3, 0x00,
    0x00, 0x00, 0x02, 0xFF, 0x00, 0x00, 0x00, 0x0B, 0xFE, 0x00, 0x00, 0x00, 0x6F, 0xDE, 0x00, 0x00,
    0x01, 0xE8, 0xBE, 0x00, 0x00, 0x0A, 0xD0, 0xBE, 0x00, 0x00, 0x4F, 0x40, 0xBE, 0x00, 0x00, 0xEA,
    0x00, 0xBE, 0x00, 0x08, 0xF1, 0x00, 0xBE, 0x00, 0x3F, 0xA5, 0x55, 0xFF, 0x53, 0x8F, 0xFF, 0xFF,
    0xFF, 0xFB, 0x00, 0x00, 0x00, 0xBE, 0x00, 0x00, 0x00, 0x00, 0xBE, 0x00, 0x00, 0x00, 0x00, 0xBE,
    0x00, 0x09, 0xFF, 0xFF, 0xFF, 0x00, 0xBE, 0x88, 0x88, 0x80, 0x0C, 0xB0, 0x00, 0x00, 0x00, 0xE9,
    0x00, 0x00, 0x00, 0x0F, 0xCD, 0xFD, 0x70, 0x02, 0xFE, 0x88, 0xDF, 0x80, 0x02, 0x10, 0x00, 0xDF,
    0x10, 0x00, 0x00, 0x06, 0xF5, 0x00, 0x00, 0x00, 0x4F, 0x69, 0xF0, 0x00, 0x05, 0xF4, 0x4F, 0x50,
    0x00, 0xBF, 0x10, 0xBF, 0x86, 0xBF, 0x80, 0x00, 0x8D, 0xFD, 0x70, 0x00, 0x00, 0x07, 0xCE, 0x60,
    0x00, 0x1D, 0xFA, 0x72, 0x00, 0x0B, 0xF3, 0x00, 0x00, 0x03, 0xF6, 0x00, 0x00, 0x00, 0x8F, 0x6D,
    0xFD, 0x60, 0x0B, 0xFF, 0x86, 0xCF, 0x60, 0xCF, 0x30, 0x00, 0xDD, 0x0E, 0xF0, 0x00, 0x07, 0xF1,
    0xCD, 0x00, 0x00, 0x6F, 0x3A, 0xF0, 0x00, 0x07, 0xF1, 0x5F, 0x70, 0x00, 0xDE, 0x00, 0xBF, 0x86,
    0xCF, 0x50, 0x00, 0x8E, 0xFD, 0x50, 0x00, 0x5F, 0xFF, 0xFF, 0xFF, 0xF5, 0x15, 0x55, 0x55, 0x5B,
    0xF1, 0x00, 0x00, 0x00, 0x0E, 0xA0, 0x00, 0x00, 0x00, 0x6F, 0x30, 0x00, 0x00, 0x00, 0xDC, 0x00,
    0x00, 0x00, 0x04, 0xF5, 0x00, 0x00, 0x00, 0x0B, 0xD0, 0x00, 0x00, 0x00, 0x2F, 0x70, 0x00, 0x00,
    0x00, 0xAF, 0x00, 0x00, 0x00, 0x01, 0xF9, 0x00, 0x00, 0x00, 0x08, 0xF2, 0x00, 0x00, 0x00, 0x0F,
    0xB0, 0x00, 0x00, 0x00, 0x7F, 0x40, 0x00, 0x00, 0x03, 0xBF, 0xFB, 0x40, 0x02, 0xFE, 0x66, 0xDF,
    0x30, 0x9F, 0x20, 0x01, 0xFA, 0x0A, 0xF0, 0x00, 0x0D, 0xC0, 0x8F, 0x20, 0x01, 0xF9, 0x01, 0xDE,
    0x66, 0xDE, 0x10, 0x05, 0xFF, 0xFF, 0x70, 0x05, 0xF9, 0x10, 0x8F, 0x70, 0xDC, 0x00, 0x00, 0xBF,
    0x0F, 0xA0, 0x00, 0x08, 0xF1, 0xDD, 0x00, 0x00, 0xCE, 0x05, 0xFC, 0x66, 0xBF, 0x60, 0x04, 0xCF,
    0xFC, 0x50, 0x00, 0x00, 0x3C, 0xFE, 0xA1, 0x00, 0x3F, 0xD6, 0x8F, 0xD0, 0x0B, 0xE1, 0x00, 0x5F,
    0x50, 0xF9, 0x00, 0x00, 0xEB, 0x1F, 0x80, 0x00, 0x0B, 0xD0, 0xFA, 0x00, 0x00, 0xFF, 0x0C, 0xF1,
    0x00, 0x2F, 0xE0, 0x4F, 0xD6, 0x8E, 0xFD, 0x00, 0x4D, 0xFD, 0x4D, 0x90, 0x00, 0x00, 0x02, 0xF5,
    0x00, 0x00, 0x01, 0xCE, 0x00, 0x01, 0x69, 0xEE, 0x30, 0x00, 0x4F, 0xD8, 0x10, 0x00, 0x7E, 0x18,
    0xE2, 0x00, 0x00, 0x00, 0x00, 0x00, 0x00, 0x00, 0x00, 0x00, 0x7E, 0x18, 0xE2, 0x07, 0xE1, 0x08,
    0xE2, 0x00, 0x00, 0x00, 0x00, 0x00, 0x00, 0x00, 0x00, 0x00, 0x00, 0x00, 0x00, 0x0E, 0xB0, 0x0E,
    0xA0, 0x3F, 0x50, 0x6A, 0x00, 0x00, 0x00, 0x00, 0x6A, 0x00, 0x00, 0x7E, 0xFB, 0x01, 0x8E, 0xFB,
    0x40, 0x6F, 0xE8, 0x20, 0x00, 0x6F, 0xE8, 0x10, 0x00, 0x01, 0x8E, 0xFA, 0x40, 0x00, 0x00, 0x7E,
    0xFB, 0x00, 0x00, 0x00, 0x6A, 0x46, 0x66, 0x66, 0x64, 0xAF, 0xFF, 0xFF, 0xFA, 0x00, 0x00, 0x00,
    0x00, 0x00, 0x00, 0x00, 0x00, 0xAF, 0xFF, 0xFF, 0xFA, 0x46, 0x66, 0x66, 0x64, 0xA6, 0x00, 0x00,
    0x00, 0xBF, 0xE8, 0x10, 0x00, 0x03, 0x9F, 0xFA, 0x20, 0x00, 0x00, 0x6C, 0xFC, 0x00, 0x00, 0x6D,
    0xFC, 0x03, 0x9F, 0xF9, 0x20, 0xBF, 0xE8, 0x10, 0x00, 0xA6, 0x00, 0x00, 0x00, 0x01, 0x9E, 0xFD,
    0x60, 0x0D, 0xF9, 0x7D, 0xF5, 0x4F, 0x60, 0x01, 0xFB, 0x00, 0x00, 0x00, 0xEC, 0x00, 0x00, 0x03,
    0xF7, 0x00, 0x00, 0x2E, 0xD0, 0x00, 0x01, 0xED, 0x10, 0x00, 0x09, 0xF2, 0x00, 0x00, 0x0D, 0xD0,
    0x00, 0x00, 0x00, 0x00, 0x00, 0x00, 0x00, 0x00, 0x00, 0x00, 0x09, 0xA0, 0x00, 0x00, 0x0B, 0xC0,
    0x00, 0x00, 0x00, 0x5B, 0xEF, 0xEB, 0x60, 0x00, 0x00, 0x01, 0xBE, 0x84, 0x23, 0x7D, 0xC1, 0x00,
    0x00, 0xCB, 0x10, 0x00, 0x00, 0x0A, 0xC0, 0x00, 0x8D, 0x00, 0x00, 0x00, 0x00, 0x0D, 0x60, 0x1F,
    0x40, 0x01, 0xAF, 0xE8, 0x00, 0x5C, 0x06, 0xE0, 0x00, 0xDB, 0x37, 0xF2, 0x01, 0xF0, 0xB9, 0x00,
    0x7E, 0x00, 0x4F, 0x00, 0x0F, 0x3E, 0x70, 0x0D, 0x80, 0x05, 0xE0, 0x00, 0xE3, 0xF5, 0x01, 0xF5,
    0x00, 0x7D, 0x00, 0x0E, 0x3F, 0x40, 0x2F, 0x30, 0x0B, 0xC0, 0x00, 0xF1, 0xE5, 0x01, 0xF5, 0x00,
    0xFC, 0x00, 0x5C, 0x0C, 0x90, 0x0D, 0xD5, 0xAE, 0xE2, 0x3E, 0x50, 0x7E, 0x00, 0x3D, 0xE8, 0x0A,
    0xFD, 0x60, 0x01, 0xF5, 0x00, 0x00, 0x00, 0x00, 0x00, 0x00, 0x07, 0xE3, 0x00, 0x00, 0x00, 0x00,
    0x00, 0x00, 0x08, 0xF9, 0x41, 0x25, 0x90, 0x00, 0x00, 0x00, 0x03, 0xAD, 0xFE, 0xC8, 0x00, 0x00,
    0x00, 0x00, 0x00, 0x1F, 0xF0, 0x00, 0x00, 0x00, 0x00, 0x6F, 0xF3, 0x00, 0x00, 0x00, 0x00, 0xCC,
    0xF9, 0x00, 0x00, 0x00, 0x02, 0xF6, 0xAE, 0x00, 0x00, 0x00, 0x08, 0xF1, 0x4F, 0x50, 0x00, 0x00,
    0x0E, 0xA0, 0x0E, 0xB0, 0x00, 0x00, 0x4F, 0x50, 0x09, 0xF1, 0x00, 0x00, 0xAE, 0x00, 0x03, 0xF7,
    0x00, 0x01, 0xFF, 0x66, 0x66, 0xFF, 0x00, 0x06, 0xFF, 0xFF, 0xFF, 0xFF, 0x30, 0x0D, 0xE0, 0x00,
    0x00, 0x2F, 0x90, 0x2F, 0x80, 0x00, 0x00, 0x0C, 0xE0, 0x9F, 0x20, 0x00, 0x00, 0x06, 0xF5, 0x8F,
    0xFF, 0xFE, 0xB4, 0x00, 0x8F, 0x86, 0x67, 0xDF, 0x40, 0x8F, 0x30, 0x00, 0x1F, 0xB0, 0x8F, 0x30,
    0x00, 0x0D, 0xD0, 0x8F, 0x30, 0x00, 0x2F, 0xA0, 0x8F, 0xAB, 0xBD, 0xFD, 0x10, 0x8F, 0xFF, 0xFF,
    0xF9, 0x00, 0x8F, 0x30, 0x00, 0x5F, 0xA0, 0x8F, 0x30, 0x00, 0x09, 0xF1, 0x8F, 0x30, 0x00, 0x08,
    0xF2, 0x8F, 0x30, 0x00, 0x0C, 0xF0, 0x8F, 0x86, 0x66, 0xCF, 0x70, 0x8F, 0xFF, 0xFF, 0xC6, 0x00,
    0x00, 0x4B, 0xEF, 0xD8, 0x00, 0x06, 0xFD, 0x76, 0x9F, 0xC0, 0x2F, 0xB0, 0x00, 0x05, 0xF7, 0x9F,
    0x30, 0x00, 0x00, 0xEC, 0xDE, 0x00, 0x00, 0x00, 0x00, 0xEC, 0x00, 0x00, 0x00, 0x00, 0xFC, 0x00,
    0x00, 0x00, 0x00, 0xEC, 0x00, 0x00, 0x00, 0x00, 0xDE, 0x00, 0x00, 0x00, 0x00, 0x9F, 0x30, 0x00,
    0x00, 0xEC, 0x2F, 0xB0, 0x00, 0x05, 0xF7, 0x07, 0xFC, 0x76, 0x9F, 0xC0, 0x00, 0x4C, 0xFF, 0xD7,
    0x00, 0x8F, 0xFF, 0xFD, 0x80, 0x00, 0x8F, 0x96, 0x69, 0xFD, 0x10, 0x8F, 0x30, 0x00, 0x3F, 0xC0,
    0x8F, 0x30, 0x00, 0x07, 0xF4, 0x8F, 0x30, 0x00, 0x01, 0xF9, 0x8F, 0x30, 0x00, 0x00, 0xFB, 0x8F,
    0x30, 0x00, 0x00, 0xEB, 0x8F, 0x30, 0x00, 0x00, 0xFB, 0x8F, 0x30, 0x00, 0x02, 0xF9, 0x8F, 0x30,
    0x00, 0x07, 0xF4, 0x8F, 0x30, 0x00, 0x3F, 0xC0, 0x8F, 0x96, 0x7A, 0xFD, 0x10, 0x8F, 0xFF, 0xFC,
    0x70, 0x00, 0x8F, 0xFF, 0xFF, 0xFF, 0x88, 0xF9, 0x66, 0x66, 0x63, 0x8F, 0x30, 0x00, 0x00, 0x08,
    0xF3, 0x00, 0x00, 0x00, 0x8F, 0x30, 0x00, 0x00, 0x08, 0xF9, 0x66, 0x66, 0x40, 0x8F, 0xFF, 0xFF,
    0xFB, 0x08, 0xF3, 0x00, 0x00, 0x00, 0x8F, 0x30, 0x00, 0x00, 0x08, 0xF3, 0x00, 0x00, 0x00, 0x8F,
    0x30, 0x00, 0x00, 0x08, 0xF9, 0x66, 0x66, 0x63, 0x8F, 0xFF, 0xFF, 0xFF, 0x90, 0x8F, 0xFF, 0xFF,
    0xFF, 0x68, 0xF9, 0x66, 0x66, 0x62, 0x8F, 0x30, 0x00, 0x00, 0x08, 0xF3, 0x00, 0x00, 0x00, 0x8F,
    0x30, 0x00, 0x00, 0x08, 0xF9, 0x66, 0x66, 0x30, 0x8F, 0xFF, 0xFF, 0xF8, 0x08, 0xF3, 0x00, 0x00,
    0x00, 0x8F, 0x30, 0x00, 0x00, 0x08, 0xF3, 0x00, 0x00, 0x00, 0x8F, 0x30, 0x00, 0x00, 0x08, 0xF3,
    0x00, 0x00, 0x00, 0x8F, 0x30, 0x00, 0x00, 0x00, 0x00, 0x4B, 0xEF, 0xD8, 0x00, 0x07, 0xFD, 0x76,
    0xAF, 0xC0, 0x2F, 0xB0, 0x00, 0x06, 0xF7, 0x9F, 0x30, 0x00, 0x00, 0xED, 0xCF, 0x00, 0x00, 0x00,
    0x00, 0xED, 0x00, 0x00, 0x00, 0x00, 0xEC, 0x00, 0x04, 0x66, 0x65, 0xED, 0x00, 0x0B, 0xFF, 0xFF,
    0xCF, 0x00, 0x00, 0x00, 0xCF, 0x8F, 0x50, 0x00, 0x00, 0xCF, 0x1F, 0xD1, 0x00, 0x00, 0xCF, 0x05,
    0xFE, 0x86, 0x7C, 0xFA, 0x00, 0x2A, 0xEF, 0xEB, 0x50, 0x8F, 0x30, 0x00, 0x00, 0x5F, 0x58, 0xF3,
    0x00, 0x00, 0x05, 0xF5, 0x8F, 0x30, 0x00, 0x00, 0x5F, 0x58, 0xF3, 0x00, 0x00, 0x05, 0xF5, 0x8F,
    0x30, 0x00, 0x00, 0x5F, 0x58, 0xF9, 0x66, 0x66, 0x6A, 0xF5, 0x8F, 0xFF, 0xFF, 0xFF, 0xFF, 0x58,
    0xF3, 0x00, 0x00, 0x05, 0xF5, 0x8F, 0x30, 0x00, 0x00, 0x5F, 0x58, 0xF3, 0x00, 0x00, 0x05, 0xF5,
    0x8F, 0x30, 0x00, 0x00, 0x5F, 0x58, 0xF3, 0x00, 0x00, 0x05, 0xF5, 0x8F, 0x30, 0x00, 0x00, 0x5F,
    0x50, 0x6F, 0x56, 0xF5, 0x6F, 0x56, 0xF5, 0x6F, 0x56, 0xF5, 0x6F, 0x56, 0xF5, 0x6F, 0x56, 0xF5,
    0x6F, 0x56, 0xF5, 0x6F, 0x50, 0x00, 0x00, 0x00, 0x2F, 0x80, 0x00, 0x00, 0x02, 0xF8, 0x00, 0x00,
    0x00, 0x2F, 0x80, 0x00, 0x00, 0x02, 0xF8, 0x00, 0x00, 0x00, 0x2F, 0x80, 0x00, 0x00, 0x02, 0xF8,
    0x00, 0x00, 0x00, 0x2F, 0x80, 0x00, 0x00, 0x02, 0xF8, 0x00, 0x00, 0x00, 0x2F, 0x87, 0xF3, 0x00,
    0x02, 0xF7, 0x4F, 0x80, 0x00, 0x8F, 0x40, 0xCF, 0x96, 0x9F, 0xC0, 0x00, 0x9E, 0xFE, 0x80, 0x00,
    0x8F, 0x30, 0x00, 0x09, 0xF7, 0x08, 0xF3, 0x00, 0x07, 0xF9, 0x00, 0x8F, 0x30, 0x05, 0xFB, 0x00,
    0x08, 0xF3, 0x03, 0xFC, 0x00, 0x00, 0x8F, 0x32, 0xED, 0x10, 0x00, 0x08, 0xF4, 0xEF, 0x20, 0x00,
    0x00, 0x8F, 0xFF, 0xF7, 0x00, 0x00, 0x08, 0xFF, 0x4C, 0xF3, 0x00, 0x00, 0x8F, 0x70, 0x2F, 0xD1,
    0x00, 0x08, 0xF3, 0x00, 0x5F, 0xA0, 0x00, 0x8F, 0x30, 0x00, 0x9F, 0x60, 0x08, 0xF3, 0x00, 0x00,
    0xDF, 0x30, 0x8F, 0x30, 0x00, 0x02, 0xFD, 0x00, 0x8F, 0x30, 0x00, 0x00, 0x08, 0xF3, 0x00, 0x00,
    0x00, 0x8F, 0x30, 0x00, 0x00, 0x08, 0xF3, 0x00, 0x00, 0x00, 0x8F, 0x30, 0x00, 0x00, 0x08, 0xF3,
    0x00, 0x00, 0x00, 0x8F, 0x30, 0x00, 0x00, 0x08, 0xF3, 0x00, 0x00, 0x00, 0x8F, 0x30, 0x00, 0x00,
    0x08, 0xF3, 0x00, 0x00, 0x00, 0x8F, 0x30, 0x00, 0x00, 0x08, 0xF9, 0x66, 0x66, 0x61, 0x8F, 0xFF,
    0xFF, 0xFF, 0x40, 0x8F, 0xD0, 0x00, 0x00, 0x00, 0x2F, 0xF3, 0x8F, 0xF4, 0x00, 0x00, 0x00, 0x8F,
    0xF3, 0x8F, 0xFA, 0x00, 0x00, 0x00, 0xEF, 0xF3, 0x8F, 0xAF, 0x10, 0x00, 0x05, 0xFA, 0xF3, 0x8F,
    0x4F, 0x70, 0x00, 0x0B, 0xE6, 0xF3, 0x8F, 0x1C, 0xD0, 0x00, 0x2F, 0x76, 0xF3, 0x8F, 0x26, 0xF3,
    0x00, 0x8F, 0x16, 0xF3, 0x8F, 0x20, 0xFA, 0x00, 0xEA, 0x07, 0xF3, 0x8F, 0x20, 0x9F, 0x15, 0xF4,
    0x07, 0xF3, 0x8F, 0x20, 0x3F, 0x6B, 0xE0, 0x07, 0xF3, 0x8F, 0x20, 0x0C, 0xDF, 0x70, 0x07, 0xF3,
    0x8F, 0x20, 0x06, 0xFF, 0x10, 0x07, 0xF3, 0x8F, 0x20, 0x00, 0xFA, 0x00, 0x07, 0xF3, 0x8F, 0x80,
    0x00, 0x00, 0x5F, 0x58, 0xFF, 0x20, 0x00, 0x05, 0xF5, 0x8F, 0xFC, 0x00, 0x00, 0x5F, 0x58, 0xFA,
    0xF7, 0x00, 0x05, 0xF5, 0x8F, 0x3D, 0xF2, 0x00, 0x5F, 0x58, 0xF3, 0x3F, 0xB0, 0x05, 0xF5, 0x8F,
    0x30, 0x8F, 0x50, 0x5F, 0x58, 0xF3, 0x00, 0xDE, 0x15, 0xF5, 0x8F, 0x30, 0x04, 0xFA, 0x5F, 0x58,
    0xF3, 0x00, 0x09, 0xFA, 0xF5, 0x8F, 0x30, 0x00, 0x1E, 0xFF, 0x58, 0xF3, 0x00, 0x00, 0x5F, 0xF5,
    0x8F, 0x30, 0x00, 0x00, 0xBF, 0x50, 0x00, 0x3B, 0xEF, 0xD7, 0x00, 0x00, 0x5F, 0xE8, 0x7B, 0xFB,
    0x00, 0x2F, 0xC0, 0x00, 0x06, 0xF7, 0x08, 0xF3, 0x00, 0x00, 0x0C, 0xE0, 0xCE, 0x00, 0x00, 0x00,
    0x8F, 0x2E, 0xC0, 0x00, 0x00, 0x06, 0xF4, 0xFB, 0x00, 0x00, 0x00, 0x5F, 0x5E, 0xC0, 0x00, 0x00,
    0x06, 0xF4, 0xCE, 0x00, 0x00, 0x00, 0x8F, 0x38, 0xF3, 0x00, 0x00, 0x0C, 0xE0, 0x2F, 0xC0, 0x00,
    0x06, 0xF8, 0x00, 0x5F, 0xD8, 0x7A, 0xFC, 0x00, 0x00, 0x3B, 0xEF, 0xD7, 0x00, 0x00, 0x8F, 0xFF,
    0xFF, 0xD8, 0x00, 0x8F, 0x86, 0x66, 0xAF, 0xC0, 0x8F, 0x30, 0x00, 0x07, 0xF6, 0x8F, 0x30, 0x00,
    0x01, 0xFA, 0x8F, 0x30, 0x00, 0x00, 0xFA, 0x8F, 0x30, 0x00, 0x06, 0xF6, 0x8F, 0x96, 0x66, 0x9F,
    0xD0, 0x8F, 0xFF, 0xFF, 0xD8, 0x10, 0x8F, 0x30, 0x00, 0x00, 0x00, 0x8F, 0x30, 0x00, 0x00, 0x00,
    0x8F, 0x30, 0x00, 0x00, 0x00, 0x8F, 0x30, 0x00, 0x00, 0x00, 0x8F, 0x30, 0x00, 0x00, 0x00, 0x00,
    0x04, 0xBF, 0xFC, 0x60, 0x00, 0x00, 0x7F, 0xD8, 0x7B, 0xFA, 0x00, 0x02, 0xFB, 0x00, 0x00, 0x8F,
    0x60, 0x09, 0xF2, 0x00, 0x00, 0x0D, 0xD0, 0x0E, 0xC0, 0x00, 0x00, 0x09, 0xF1, 0x0F, 0xA0, 0x00,
    0x00, 0x07, 0xF3, 0x0F, 0xA0, 0x00, 0x00, 0x06, 0xF4, 0x0F, 0xB0, 0x00, 0x00, 0x07, 0xF3, 0x0E,
    0xD0, 0x00, 0x00, 0x09, 0xF1, 0x09, 0xF2, 0x00, 0x00, 0x0D, 0xD0, 0x02, 0xFB, 0x00, 0x00, 0x7F,
    0x60, 0x00, 0x6F, 0xD7, 0x7E, 0xFB, 0x00, 0x00, 0x04, 0xBF, 0xFF, 0xF8, 0x00, 0x00, 0x00, 0x00,
    0x00, 0xAF, 0xB0, 0x00, 0x00, 0x00, 0x00, 0x07, 0xA0, 0x8F, 0xFF, 0xFE, 0xB4, 0x00, 0x8F, 0x86,
    0x67, 0xDF, 0x60, 0x8F, 0x30, 0x00, 0x0D, 0xE0, 0x8F, 0x30, 0x00, 0x08, 0xF2, 0x8F, 0x30, 0x00,
    0x08, 0xF2, 0x8F, 0x30, 0x00, 0x0E, 0xE0, 0x8F, 0x96, 0x67, 0xDF, 0x50, 0x8F, 0xFF, 0xFF, 0xF3,
    0x00, 0x8F, 0x30, 0x08, 0xF4, 0x00, 0x8F, 0x30, 0x00, 0xED, 0x00, 0x8F, 0x30, 0x00, 0x6F, 0x60,
    0x8F, 0x30, 0x00, 0x0D, 0xE1, 0x8F, 0x30, 0x00, 0x04, 0xF8, 0x00, 0x29, 0xEF, 0xE9, 0x10, 0x03,
    0xFE, 0x86, 0x8F, 0xE1, 0x0B, 0xF1, 0x00, 0x02, 0xF9, 0x0D, 0xD0, 0x00, 0x00, 0xCE, 0x0A, 0xF5,
    0x00, 0x00, 0x00, 0x01, 0xDF, 0xB6, 0x10, 0x00, 0x00, 0x07, 0xEF, 0xFA, 0x20, 0x00, 0x00, 0x03,
    0x9F, 0xF3, 0x00, 0x00, 0x00, 0x02, 0xFC, 0x3F, 0x80, 0x00, 0x00, 0xBF, 0x0E, 0xD1, 0x00, 0x00,
    0xED, 0x04, 0xFE, 0x86, 0x7D, 0xF5, 0x00, 0x29, 0xDF, 0xEA, 0x30, 0x9F, 0xFF, 0xFF, 0xFF, 0xFF,
    0x53, 0x66, 0x6D, 0xF9, 0x66, 0x62, 0x00, 0x00, 0x7F, 0x30, 0x00, 0x00, 0x00, 0x07, 0xF3, 0x00,
    0x00, 0x00, 0x00, 0x7F, 0x30, 0x00, 0x00, 0x00, 0x07, 0xF3, 0x00, 0x00, 0x00, 0x00, 0x7F, 0x30,
    0x00, 0x00, 0x00, 0x07, 0xF3, 0x00, 0x00, 0x00, 0x00, 0x7F, 0x30, 0x00, 0x00, 0x00, 0x07, 0xF3,
    0x00, 0x00, 0x00, 0x00, 0x7F, 0x30, 0x00, 0x00, 0x00, 0x07, 0xF3, 0x00, 0x00, 0x00, 0x00, 0x7F,
    0x30, 0x00, 0x00, 0xCE, 0x00, 0x00, 0x03, 0xF8, 0xCE, 0x00, 0x00, 0x03, 0xF8, 0xCE, 0x00, 0x00,
    0x03, 0xF8, 0xCE, 0x00, 0x00, 0x03, 0xF8, 0xCE, 0x00, 0x00, 0x03, 0xF8, 0xCE, 0x00, 0x00, 0x03,
    0xF8, 0xCE, 0x00, 0x00, 0x03, 0xF8, 0xCE, 0x00, 0x00, 0x03, 0xF8, 0xCE, 0x00, 0x00, 0x03, 0xF7,
    0xAF, 0x00, 0x00, 0x04, 0xF6, 0x6F, 0x60, 0x00, 0x0B, 0xF2, 0x0C, 0xFA, 0x67, 0xCF, 0x70, 0x00,
    0x7D, 0xFF, 0xB5, 0x00, 0x9F, 0x40, 0x00, 0x00, 0x0C, 0xF1, 0x3F, 0x90, 0x00, 0x00, 0x2F, 0xA0,
    0x0D, 0xE0, 0x00, 0x00, 0x7F, 0x40, 0x07, 0xF4, 0x00, 0x00, 0xDE, 0x00, 0x01, 0xF9, 0x00, 0x02,
    0xF9, 0x00, 0x00, 0xBE, 0x00, 0x07, 0xF3, 0x00, 0x00, 0x6F, 0x40, 0x0D, 0xD0, 0x00, 0x00, 0x0F,
    0xA0, 0x2F, 0x70, 0x00, 0x00, 0x0A, 0xF0, 0x8F, 0x20, 0x00, 0x00, 0x04, 0xF4, 0xDC, 0x00, 0x00,
    0x00, 0x00, 0xED, 0xF6, 0x00, 0x00, 0x00, 0x00, 0x9F, 0xF0, 0x00, 0x00, 0x00, 0x00, 0x3F, 0xD0,
    0x00, 0x00, 0x5F, 0x50, 0x00, 0x0F, 0xF0, 0x00, 0x03, 0xF7, 0x1F, 0x80, 0x00, 0x0F, 0xF3, 0x00,
    0x07, 0xF3, 0x0D, 0xC0, 0x00, 0x4F, 0xF7, 0x00, 0x0A, 0xF0, 0x0A, 0xF0, 0x00, 0x9E, 0xAC, 0x00,
    0x0E, 0xB0, 0x06, 0xF3, 0x00, 0xDA, 0x6F, 0x00, 0x1F, 0x80, 0x02, 0xF7, 0x02, 0xF5, 0x2F, 0x40,
    0x5F, 0x40, 0x00, 0xEB, 0x06, 0xF1, 0x0D, 0x90, 0x8F, 0x00, 0x00, 0xAE, 0x0B, 0xC0, 0x09, 0xD0,
    0xCC, 0x00, 0x00, 0x7F, 0x2F, 0x70, 0x04, 0xF2, 0xF8, 0x00, 0x00, 0x3F, 0x9F, 0x20, 0x00, 0xF9,
    0xF5, 0x00, 0x00, 0x0F, 0xFE, 0x00, 0x00, 0xBF, 0xF1, 0x00, 0x00, 0x0B, 0xF9, 0x00, 0x00, 0x7F,
    0xD0, 0x00, 0x00, 0x07, 0xF5, 0x00, 0x00, 0x3F, 0xA0, 0x00, 0x1F, 0xD0, 0x00, 0x00, 0x9F, 0x60,
    0x7F, 0x80, 0x00, 0x3F, 0xC0, 0x00, 0xCF, 0x20, 0x0C, 0xF2, 0x00, 0x03, 0xFB, 0x06, 0xF8, 0x00,
    0x00, 0x09, 0xF7, 0xFD, 0x00, 0x00, 0x00, 0x0E, 0xFF, 0x40, 0x00, 0x00, 0x00, 0x8F, 0xD0, 0x00,
    0x00, 0x00, 0x1E, 0xFF, 0x50, 0x00, 0x00, 0x0A, 0xF5, 0xEE, 0x10, 0x00, 0x04, 0xFA, 0x05, 0xF9,
    0x00, 0x00, 0xDF, 0x10, 0x0B, 0xF3, 0x00, 0x8F, 0x60, 0x00, 0x2F, 0xD0, 0x2F, 0xC0, 0x00, 0x00,
    0x8F, 0x70, 0x9F, 0x50, 0x00, 0x00, 0x8F, 0x61, 0xFD, 0x00, 0x00, 0x1F, 0xD0, 0x08, 0xF5, 0x00,
    0x08, 0xF4, 0x00, 0x0E, 0xD0, 0x01, 0xFC, 0x00, 0x00, 0x6F, 0x50, 0x9F, 0x30, 0x00, 0x00, 0xDD,
    0x2F, 0xA0, 0x00, 0x00, 0x05, 0xFD, 0xF2, 0x00, 0x00, 0x00, 0x0C, 0xF9, 0x00, 0x00, 0x00, 0x00,
    0x7F, 0x30, 0x00, 0x00, 0x00, 0x07, 0xF3, 0x00, 0x00, 0x00, 0x00, 0x7F, 0x30, 0x00, 0x00, 0x00,
    0x07, 0xF3, 0x00, 0x00, 0x00, 0x00, 0x7F, 0x30, 0x00, 0x00, 0x2F, 0xFF, 0xFF, 0xFF, 0xFE, 0x00,
    0x66, 0x66, 0x66, 0xAF, 0xA0, 0x00, 0x00, 0x00, 0x1E, 0xE0, 0x00, 0x00, 0x00, 0x0A, 0xF4, 0x00,
    0x00, 0x00, 0x05, 0xF9, 0x00, 0x00, 0x00, 0x01, 0xED, 0x00, 0x00, 0x00, 0x00, 0xAF, 0x30, 0x00,
    0x00, 0x00, 0x5F, 0x80, 0x00, 0x00, 0x00, 0x1E, 0xD0, 0x00, 0x00, 0x00, 0x0B, 0xF3, 0x00, 0x00,
    0x00, 0x06, 0xF8, 0x00, 0x00, 0x00, 0x01, 0xFF, 0x66, 0x66, 0x66, 0x60, 0x3F, 0xFF, 0xFF, 0xFF,
    0xFF, 0x10, 0xBF, 0xF9, 0xBF, 0x53, 0xBE, 0x00, 0xBE, 0x00, 0xBE, 0x00, 0xBE, 0x00, 0xBE, 0x00,
    0xBE, 0x00, 0xBE, 0x00, 0xBE, 0x00, 0xBE, 0x00, 0xBE, 0x00, 0xBE, 0x00, 0xBE, 0x00, 0xBE, 0x00,
    0xBE, 0x00, 0xBF, 0x53, 0xBF, 0xF9, 0x7F, 0x10, 0x00, 0x00, 0x1F, 0x70, 0x00, 0x00, 0x0B, 0xD0,
    0x00, 0x00, 0x04, 0xF3, 0x00, 0x00, 0x00, 0xE9, 0x00, 0x00, 0x00, 0x8F, 0x00, 0x00, 0x00, 0x2F,
    0x60, 0x00, 0x00, 0x0C, 0xC0, 0x00, 0x00, 0x06, 0xF2, 0x00, 0x00, 0x00, 0xF8, 0x00, 0x00, 0x00,
    0xAE, 0x00, 0x00, 0x00, 0x4F, 0x40, 0x00, 0x00, 0x0D, 0xA0, 0x00, 0x00, 0x07, 0xF1, 0xEF, 0xF6,
    0x47, 0xF6, 0x03, 0xF6, 0x03, 0xF6, 0x03, 0xF6, 0x03, 0xF6, 0x03, 0xF6, 0x03, 0xF6, 0x03, 0xF6,
    0x03, 0xF6, 0x03, 0xF6, 0x03, 0xF6, 0x03, 0xF6, 0x03, 0xF6, 0x03, 0xF6, 0x03, 0xF6, 0x47, 0xF6,
    0xEF, 0xF6, 0x00, 0x1F, 0x90, 0x00, 0x07, 0xFE, 0x00, 0x00, 0xEA, 0xF6, 0x00, 0x5F, 0x2A, 0xD0,
    0x0C, 0xB0, 0x3F, 0x43, 0xF4, 0x00, 0xCB, 0xFF, 0xFF, 0xFF, 0xFF, 0x15, 0x55, 0x55, 0x55, 0x50,
    0x2F, 0xB0, 0x00, 0x5F, 0x50, 0x00, 0x9D, 0x00, 0x00, 0x4B, 0xEF, 0xB2, 0x00, 0x5F, 0xB6, 0x7E,
    0xE1, 0x0A, 0xB0, 0x00, 0x5F, 0x50, 0x00, 0x00, 0x02, 0xF7, 0x00, 0x5C, 0xEF, 0xFF, 0x70, 0x7F,
    0x93, 0x24, 0xF7, 0x0F, 0xB0, 0x00, 0x2F, 0x70, 0xFC, 0x00, 0x09, 0xF7, 0x0A, 0xFA, 0x7A, 0xFF,
    0x80, 0x09, 0xEF, 0xB3, 0xFB, 0xCD, 0x00, 0x00, 0x00, 0x0C, 0xD0, 0x00, 0x00, 0x00, 0xCD, 0x00,
    0x00, 0x00, 0x0C, 0xD0, 0x00, 0x00, 0x00, 0xCD, 0x5D, 0xFD, 0x60, 0x0C, 0xFE, 0x86, 0xCF, 0x60,
    0xCF, 0x20, 0x00, 0xEE, 0x0D, 0xF0, 0x00, 0x08, 0xF1, 0xFF, 0x00, 0x00, 0x6F, 0x3F, 0xF0, 0x00,
    0x06, 0xF3, 0xDF, 0x00, 0x00, 0x8F, 0x1C, 0xF3, 0x00, 0x0E, 0xD0, 0xCF, 0xE7, 0x6C, 0xF5, 0x0C,
    0xC5, 0xDF, 0xD6, 0x00, 0x00, 0x3B, 0xFF, 0xC4, 0x00, 0x2F, 0xD6, 0x7C, 0xF4, 0x0A, 0xE1, 0x00,
    0x0D, 0xB0, 0xF9, 0x00, 0x00, 0x00, 0x2F, 0x70, 0x00, 0x00, 0x02, 0xF7, 0x00, 0x00, 0x00, 0x0F,
    0x90, 0x00, 0x00, 0x00, 0xAE, 0x10, 0x00, 0xDB, 0x02, 0xFD, 0x66, 0xCF, 0x30, 0x03, 0xBF, 0xFB,
    0x30, 0x00, 0x00, 0x00, 0x0C, 0xE0, 0x00, 0x00, 0x00, 0xCE, 0x00, 0x00, 0x00, 0x0C, 0xE0, 0x00,
    0x00, 0x00, 0xCE, 0x00, 0x4C, 0xFD, 0x7C, 0xE0, 0x3F, 0xE7, 0x7D, 0xFE, 0x0B, 0xF2, 0x00, 0x1F,
    0xE0, 0xFA, 0x00, 0x00, 0xFF, 0x2F, 0x80, 0x00, 0x0F, 0xF2, 0xF8, 0x00, 0x00, 0xFF, 0x0F, 0xA0,
    0x00, 0x0F, 0xF0, 0xBF, 0x10, 0x01, 0xFE, 0x03, 0xFD, 0x77, 0xDF, 0xE0, 0x04, 0xCF, 0xE7, 0xAE,
    0x00, 0x2A, 0xFF, 0xB3, 0x00, 0x1E, 0xE7, 0x6D, 0xF1, 0x0A, 0xF1, 0x00, 0x1F, 0x90, 0xFF, 0x55,
    0x55, 0xDC, 0x2F, 0xFF, 0xFF, 0xFF, 0xE2, 0xF7, 0x00, 0x00, 0x00, 0x0F, 0xA0, 0x00, 0x00, 0x00,
    0xBF, 0x20, 0x00, 0x51, 0x02, 0xFE, 0x75, 0x9F, 0x60, 0x02, 0xAE, 0xFC, 0x50, 0x00, 0x09, 0xEF,
    0x30, 0x09, 0xFA, 0x61, 0x00, 0xED, 0x00, 0x00, 0x0F, 0xA0, 0x00, 0x7F, 0xFF, 0xFB, 0x01, 0x4F,
    0xE4, 0x20, 0x00, 0xFA, 0x00, 0x00, 0x0F, 0xA0, 0x00, 0x00, 0xFA, 0x00, 0x00, 0x0F, 0xA0, 0x00,
    0x00, 0xFA, 0x00, 0x00, 0x0F, 0xA0, 0x00, 0x00, 0xFA, 0x00, 0x00, 0x0F, 0xA0, 0x00, 0x00, 0x4C,
    0xFD, 0x7A, 0xE0, 0x3F, 0xE7, 0x7D, 0xFE, 0x0B, 0xF2, 0x00, 0x1F, 0xE0, 0xFA, 0x00, 0x00, 0xFF,
    0x1F, 0x80, 0x00, 0x0F, 0xF1, 0xF8, 0x00, 0x00, 0xFF, 0x0F, 0xA0, 0x00, 0x0F, 0xF0, 0xAF, 0x10,
    0x01, 0xFE, 0x02, 0xFD, 0x77, 0xDF, 0xE0, 0x04, 0xCF, 0xE7, 0xCD, 0x00, 0x00, 0x00, 0x0C, 0xC0,
    0x14, 0x00, 0x02, 0xF9, 0x06, 0xF9, 0x57, 0xEE, 0x10, 0x05, 0xCF, 0xEA, 0x20, 0xCD, 0x00, 0x00,
    0x00, 0xCD, 0x00, 0x00, 0x00, 0xCD, 0x00, 0x00, 0x00, 0xCD, 0x00, 0x00, 0x00, 0xCD, 0x4C, 0xFD,
    0x60, 0xCF, 0xE8, 0x7C, 0xF4, 0xCF, 0x30, 0x01, 0xF9, 0xDF, 0x00, 0x00, 0xEB, 0xDF, 0x00, 0x00,
    0xEB, 0xCD, 0x00, 0x00, 0xEB, 0xCD, 0x00, 0x00, 0xEB, 0xCD, 0x00, 0x00, 0xEB, 0xCD, 0x00, 0x00,
    0xEB, 0xCD, 0x00, 0x00, 0xEB, 0x6B, 0x08, 0xE0, 0x00, 0x00, 0x00, 0xAF, 0x0A, 0xF0, 0xAF, 0x0A,
    0xF0, 0xAF, 0x0A, 0xF0, 0xAF, 0x0A, 0xF0, 0xAF, 0x0A, 0xF0, 0x00, 0x8A, 0x00, 0x0A, 0xD0, 0x00,
    0x00, 0x00, 0x00, 0x00, 0x00, 0xBE, 0x00, 0x0B, 0xE0, 0x00, 0xBE, 0x00, 0x0B, 0xE0, 0x00, 0xBE,
    0x00, 0x0B, 0xE0, 0x00, 0xBE, 0x00, 0x0B, 0xE0, 0x00, 0xBE, 0x00, 0x0B, 0xE0, 0x00, 0xBE, 0x00,
    0x0C, 0xE0, 0x37, 0xFB, 0x08, 0xFC, 0x20, 0xCE, 0x00, 0x00, 0x00, 0x0C, 0xE0, 0x00, 0x00, 0x00,
    0xCE, 0x00, 0x00, 0x00, 0x0C, 0xE0, 0x00, 0x00, 0x00, 0xCE, 0x00, 0x0B, 0xF4, 0x0C, 0xE0, 0x0A,
    0xF5, 0x00, 0xCE, 0x08, 0xF7, 0x00, 0x0C, 0xE6, 0xF9, 0x00, 0x00, 0xCF, 0xFF, 0x30, 0x00, 0x0C,
    0xFC, 0xFD, 0x00, 0x00, 0xCF, 0x04, 0xFA, 0x00, 0x0C, 0xE0, 0x09, 0xF5, 0x00, 0xCE, 0x00, 0x0D,
    0xE1, 0x0C, 0xE0, 0x00, 0x2F, 0xB0, 0xAF, 0xAF, 0xAF, 0xAF, 0xAF, 0xAF, 0xAF, 0xAF, 0xAF, 0xAF,
    0xAF, 0xAF, 0xAF, 0xAF, 0xCC, 0x5D, 0xFD, 0x60, 0x7E, 0xFC, 0x40, 0xCF, 0xD7, 0x7D, 0xFC, 0xD7,
    0x7E, 0xF1, 0xCF, 0x10, 0x01, 0xFF, 0x10, 0x03, 0xF6, 0xDF, 0x00, 0x00, 0xFF, 0x00, 0x01, 0xF8,
    0xEF, 0x00, 0x00, 0xEB, 0x00, 0x01, 0xF9, 0xCD, 0x00, 0x00, 0xEB, 0x00, 0x01, 0xF9, 0xCD, 0x00,
    0x00, 0xEB, 0x00, 0x01, 0xF9, 0xCD, 0x00, 0x00, 0xEB, 0x00, 0x01, 0xF9, 0xCD, 0x00, 0x00, 0xEB,
    0x00, 0x01, 0xF9, 0xCD, 0x00, 0x00, 0xEB, 0x00, 0x01, 0xF9, 0xCC, 0x4C, 0xFD, 0x60, 0xCF, 0xE8,
    0x7C, 0xF4, 0xCF, 0x30, 0x01, 0xF9, 0xDF, 0x00, 0x00, 0xEB, 0xDF, 0x00, 0x00, 0xEB, 0xCD, 0x00,
    0x00, 0xEB, 0xCD, 0x00, 0x00, 0xEB, 0xCD, 0x00, 0x00, 0xEB, 0xCD, 0x00, 0x00, 0xEB, 0xCD, 0x00,
    0x00, 0xEB, 0x00, 0x2A, 0xEF, 0xC4, 0x00, 0x02, 0xEE, 0x76, 0xCF, 0x50, 0x0A, 0xF2, 0x00, 0x0D,
    0xE0, 0x0F, 0xA0, 0x00, 0x06, 0xF4, 0x2F, 0x70, 0x00, 0x03, 0xF6, 0x2F, 0x70, 0x00, 0x03, 0xF7,
    0x0F, 0xA0, 0x00, 0x06, 0xF4, 0x0B, 0xF2, 0x00, 0x0C, 0xE0, 0x02, 0xEE, 0x66, 0xCF, 0x50, 0x00,
    0x2A, 0xEF, 0xC4, 0x00, 0xCC, 0x5D, 0xFD, 0x60, 0x0C, 0xFE, 0x76, 0xDF, 0x50, 0xCF, 0x10, 0x01,
    0xEE, 0x0E, 0xF0, 0x00, 0x09, 0xF1, 0xFF, 0x00, 0x00, 0x6F, 0x3F, 0xF0, 0x00, 0x06, 0xF3, 0xEF,
    0x00, 0x00, 0x8F, 0x1C, 0xF1, 0x00, 0x0E, 0xD0, 0xCF, 0xD6, 0x6D, 0xF5, 0x0C, 0xD6, 0xDF, 0xD6,
    0x00, 0xCD, 0x00, 0x00, 0x00, 0x0C, 0xD0, 0x00, 0x00, 0x00, 0xCD, 0x00, 0x00, 0x00, 0x0C, 0xD0,
    0x00, 0x00, 0x00, 0x00, 0x4C, 0xFE, 0x7A, 0xD0, 0x4F, 0xE6, 0x7D, 0xFD, 0x0C, 0xF2, 0x00, 0x0F,
    0xE0, 0xFA, 0x00, 0x00, 0xFF, 0x1F, 0x80, 0x00, 0x0F, 0xF2, 0xF8, 0x00, 0x00, 0xFF, 0x0F, 0xA0,
    0x00, 0x0F, 0xF0, 0xBF, 0x10, 0x01, 0xFE, 0x03, 0xFD, 0x66, 0xDF, 0xD0, 0x04, 0xCF, 0xE7, 0xCD,
    0x00, 0x00, 0x00, 0x0C, 0xD0, 0x00, 0x00, 0x00, 0xCD, 0x00, 0x00, 0x00, 0x0C, 0xD0, 0x00, 0x00,
    0x00, 0xCD, 0xCD, 0x6E, 0xCC, 0xFF, 0xA7, 0xCF, 0x30, 0x0C, 0xF0, 0x00, 0xCE, 0x00, 0x0C, 0xD0,
    0x00, 0xCD, 0x00, 0x0C, 0xD0, 0x00, 0xCD, 0x00, 0x0C, 0xD0, 0x00, 0x00, 0x5C, 0xFE, 0x91, 0x00,
    0x6F, 0xB6, 0x8F, 0xD0, 0x0C, 0xE0, 0x00, 0x7F, 0x30, 0xBF, 0x40, 0x00, 0x00, 0x02, 0xDF, 0xE9,
    0x40, 0x00, 0x00, 0x49, 0xDF, 0xB0, 0x01, 0x00, 0x00, 0x8F, 0x41, 0xFA, 0x00, 0x05, 0xF5, 0x09,
    0xFA, 0x57, 0xEE, 0x10, 0x07, 0xDF, 0xEA, 0x20, 0x03, 0xF7, 0x00, 0x03, 0xF7, 0x00, 0xEF, 0xFF,
    0xF3, 0x37, 0xFB, 0x40, 0x03, 0xF7, 0x00, 0x03, 0xF7, 0x00, 0x03, 0xF7, 0x00, 0x03, 0xF7, 0x00,
    0x03, 0xF7, 0x00, 0x02, 0xF7, 0x00, 0x00, 0xFD, 0x61, 0x00, 0x6E, 0xF3, 0xCD, 0x00, 0x00, 0xFB,
    0xCD, 0x00, 0x00, 0xFB, 0xCD, 0x00, 0x00, 0xFB, 0xCD, 0x00, 0x00, 0xFB, 0xCD, 0x00, 0x00, 0xFB,
    0xCD, 0x00, 0x00, 0xFB, 0xCD, 0x00, 0x00, 0xFB, 0xAF, 0x00, 0x02, 0xFB, 0x5F, 0xC6, 0x8E, 0xFB,
    0x07, 0xDF, 0xD6, 0xEB, 0x8F, 0x10, 0x00, 0x6F, 0x33, 0xF6, 0x00, 0x0B, 0xD0, 0x0D, 0xB0, 0x00,
    0xF8, 0x00, 0x8F, 0x10, 0x5F, 0x30, 0x02, 0xF5, 0x0A, 0xD0, 0x00, 0x0D, 0xB0, 0xF8, 0x00, 0x00,
    0x7F, 0x5F, 0x20, 0x00, 0x02, 0xFE, 0xD0, 0x00, 0x00, 0x0C, 0xF7, 0x00, 0x00, 0x00, 0x7F, 0x20,
    0x00, 0x7F, 0x20, 0x01, 0xFA, 0x00, 0x0A, 0xF0, 0x3F, 0x60, 0x05, 0xFD, 0x00, 0x0E, 0xB0, 0x0E,
    0xA0, 0x0A, 0xFF, 0x20, 0x1F, 0x60, 0x0A, 0xE0, 0x0E, 0x6F, 0x70, 0x5F, 0x20, 0x06, 0xF2, 0x4F,
    0x1A, 0xB0, 0x9D, 0x00, 0x01, 0xF6, 0x8C, 0x05, 0xF0, 0xD9, 0x00, 0x00, 0xDA, 0xD8, 0x00, 0xF6,
    0xF4, 0x00, 0x00, 0x8F, 0xF3, 0x00, 0xBF, 0xF0, 0x00, 0x00, 0x4F, 0xF0, 0x00, 0x6F, 0xC0, 0x00,
    0x00, 0x0F, 0xC0, 0x00, 0x1F, 0x70, 0x00, 0x3F, 0xA0, 0x00, 0xCF, 0x20, 0x9F, 0x30, 0x5F, 0x70,
    0x01, 0xEC, 0x0E, 0xD0, 0x00, 0x05, 0xFC, 0xF3, 0x00, 0x00, 0x0B, 0xF9, 0x00, 0x00, 0x00, 0xCF,
    0xA0, 0x00, 0x00, 0x6F, 0xAF, 0x50, 0x00, 0x1F, 0xB0, 0xCE, 0x00, 0x0A, 0xF2, 0x03, 0xF9, 0x04,
    0xF8, 0x00, 0x0A, 0xF3, 0xAF, 0x20, 0x00, 0x9F, 0x24, 0xF7, 0x00, 0x0E, 0xC0, 0x0E, 0xC0, 0x02,
    0xF7, 0x00, 0x9F, 0x10, 0x7F, 0x20, 0x04, 0xF6, 0x0C, 0xC0, 0x00, 0x0E, 0xB1, 0xF7, 0x00, 0x00,
    0x9F, 0x6F, 0x20, 0x00, 0x03, 0xFF, 0xC0, 0x00, 0x00, 0x0E, 0xF7, 0x00, 0x00, 0x00, 0xDF, 0x20,
    0x00, 0x00, 0x0A, 0xD0, 0x00, 0x00, 0x01, 0xF7, 0x00, 0x00, 0x17, 0xDE, 0x10, 0x00, 0x03, 0xFC,
    0x30, 0x00, 0x00, 0x2F, 0xFF, 0xFF, 0xFF, 0x10, 0x55, 0x55, 0x7F, 0xE0, 0x00, 0x00, 0x0B, 0xF2,
    0x00, 0x00, 0x07, 0xF6, 0x00, 0x00, 0x03, 0xFA, 0x00, 0x00, 0x00, 0xDE, 0x10, 0x00, 0x00, 0x9F,
    0x40, 0x00, 0x00, 0x4F, 0x80, 0x00, 0x00, 0x1F, 0xF5, 0x55, 0x55, 0x13, 0xFF, 0xFF, 0xFF, 0xF5,
    0x00, 0x01, 0x9A, 0x00, 0x0C, 0xE3, 0x00, 0x5F, 0x50, 0x00, 0x8F, 0x10, 0x00, 0x9F, 0x10, 0x00,
    0x9F, 0x00, 0x00, 0xBF, 0x00, 0x28, 0xF8, 0x00, 0xCF, 0xF1, 0x00, 0x04, 0xFA, 0x00, 0x00, 0xAF,
    0x00, 0x00, 0x9F, 0x00, 0x00, 0x9F, 0x10, 0x00, 0x8F, 0x20, 0x00, 0x5F, 0x60, 0x00, 0x0C, 0xE3,
    0x00, 0x00, 0x8A, 0x7D, 0x7D, 0x7D, 0x7D, 0x7D, 0x7D, 0x7D, 0x7D, 0x7D, 0x7D, 0x7D, 0x7D, 0x7D,
    0x7D, 0x7D, 0x99, 0x10, 0x00, 0x2D, 0xD0, 0x00, 0x04, 0xF6, 0x00, 0x00, 0xF9, 0x00, 0x00, 0xFA,
    0x00, 0x00, 0xFA, 0x00, 0x00, 0xEC, 0x00, 0x00, 0x7F, 0x92, 0x00, 0x0D, 0xFD, 0x00, 0x9F, 0x40,
    0x00, 0xEB, 0x00, 0x00, 0xFA, 0x00, 0x00, 0xFA, 0x00, 0x00, 0xF9, 0x00, 0x04, 0xF6, 0x00, 0x2D,
    0xD0, 0x00, 0x99, 0x10, 0x00, 0x00, 0x00, 0x00, 0x00, 0x00, 0x00, 0x5E, 0xE7, 0x00, 0x04, 0xF0,
    0x3F, 0x99, 0xF9, 0x00, 0x8D, 0x09, 0xC0, 0x06, 0xFB, 0x8F, 0x70, 0xCA, 0x00, 0x05, 0xDF, 0x80,
    0x00, 0x00, 0x00, 0x00, 0x00, 0x00, 0x1F, 0x77, 0x77, 0xF1, 0x2C, 0x10, 0x02, 0xC1, 0x26, 0x70,
    0x07, 0x61, 0x25, 0x70, 0x07, 0x61, 0x25, 0x25, 0x62, 0x61, 0x25, 0x08, 0x80, 0x61, 0x25, 0x09,
    0x70, 0x61, 0x25, 0x08, 0x80, 0x61, 0x25, 0x16, 0x71, 0x61, 0x25, 0x70, 0x16, 0x61, 0x26, 0x70,
    0x08, 0x61, 0x2B, 0x20, 0x03, 0xA1, 0x2F, 0x77, 0x77, 0xF1, 0x1F, 0x77, 0x77, 0xF1, 0x2C, 0x10,
    0x02, 0xC1, 0x26, 0x70, 0x07, 0x61, 0x25, 0x70, 0x07, 0x61, 0x25, 0x25, 0x62, 0x61, 0x25, 0x08,
    0x80, 0x61, 0x25, 0x09, 0x70, 0x61, 0x25, 0x08, 0x80, 0x61, 0x25, 0x16, 0x71, 0x61, 0x25, 0x70,
    0x16, 0x61, 0x26, 0x70, 0x08, 0x61, 0x2B, 0x20, 0x03, 0xA1, 0x2F, 0x77, 0x77, 0xF1, 0x1F, 0x77,
    0x77, 0xF1, 0x2C, 0x10, 0x02, 0xC1, 0x26, 0x70, 0x07, 0x61, 0x25, 0x70, 0x07, 0x61, 0x25, 0x25,
    0x62, 0x61, 0x25, 0x08, 0x80, 0x61, 0x25, 0x09, 0x70, 0x61, 0x25, 0x08, 0x80, 0x61, 0x25, 0x16,
    0x71, 0x61, 0x25, 0x70, 0x16, 0x61, 0x26, 0x70, 0x08, 0x61, 0x2B, 0x20, 0x03, 0xA1, 0x2F, 0x77,
    0x77, 0xF1, 0x1F, 0x77, 0x77, 0xF1, 0x2C, 0x10, 0x02, 0xC1, 0x26, 0x70, 0x07, 0x61, 0x25, 0x70,
    0x07, 0x61, 0x25, 0x25, 0x62, 0x61, 0x25, 0x08, 0x80, 0x61, 0x25, 0x09, 0x70, 0x61, 0x25, 0x08,
    0x80, 0x61, 0x25, 0x16, 0x71, 0x61, 0x25, 0x70, 0x16, 0x61, 0x26, 0x70, 0x08, 0x61, 0x2B, 0x20,
    0x03, 0xA1, 0x2F, 0x77, 0x77, 0xF1, 0x1F, 0x77, 0x77, 0xF1, 0x2C, 0x10, 0x02, 0xC1, 0x26, 0x70,
    0x07, 0x61, 0x25, 0x70, 0x07, 0x61, 0x25, 0x25, 0x62, 0x61, 0x25, 0x08, 0x80, 0x61, 0x25, 0x09,
    0x70, 0x61, 0x25, 0x08, 0x80, 0x61, 0x25, 0x16, 0x71, 0x61, 0x25, 0x70, 0x16, 0x61, 0x26, 0x70,
    0x08, 0x61, 0x2B, 0x20, 0x03, 0xA1, 0x2F, 0x77, 0x77, 0xF1, 0x1F, 0x77, 0x77, 0xF1, 0x2C, 0x10,
    0x02, 0xC1, 0x26, 0x70, 0x07, 0x61, 0x25, 0x70, 0x07, 0x61, 0x25, 0x25, 0x62, 0x61, 0x25, 0x08,
    0x80, 0x61, 0x25, 0x09, 0x70, 0x61, 0x25, 0x08, 0x80, 0x61, 0x25, 0x16, 0x71, 0x61, 0x25, 0x70,
    0x16, 0x61, 0x26, 0x70, 0x08, 0x61, 0x2B, 0x20, 0x03, 0xA1, 0x2F, 0x77, 0x77, 0xF1, 0x1F, 0x77,
    0x77, 0xF1, 0x2C, 0x10, 0x02, 0xC1, 0x26, 0x70, 0x07, 0x61, 0x25, 0x70, 0x07, 0x61, 0x25, 0x25,
    0x62, 0x61, 0x25, 0x08, 0x80, 0x61, 0x25, 0x09, 0x70, 0x61, 0x25, 0x08, 0x80, 0x61, 0x25, 0x16,
    0x71, 0x61, 0x25, 0x70, 0x16, 0x61, 0x26, 0x70, 0x08, 0x61, 0x2B, 0x20, 0x03, 0xA1, 0x2F, 0x77,
    0x77, 0xF1, 0x1F, 0x77, 0x77, 0xF1, 0x2C, 0x10, 0x02, 0xC1, 0x26, 0x70, 0x07, 0x61, 0x25, 0x70,
    0x07, 0x61, 0x25, 0x25, 0x62, 0x61, 0x25, 0x08, 0x80, 0x61, 0x25, 0x09, 0x70, 0x61, 0x25, 0x08,
    0x80, 0x61, 0x25, 0x16, 0x71, 0x61, 0x25, 0x70, 0x16, 0x61, 0x26, 0x70, 0x08, 0x61, 0x2B, 0x20,
    0x03, 0xA1, 0x2F, 0x77, 0x77, 0xF1, 0x1F, 0x77, 0x77, 0xF1, 0x2C, 0x10, 0x02, 0xC1, 0x26, 0x70,
    0x07, 0x61, 0x25, 0x70, 0x07, 0x61, 0x25, 0x25, 0x62, 0x61, 0x25, 0x08, 0x80, 0x61, 0x25, 0x09,
    0x70, 0x61, 0x25, 0x08, 0x80, 0x61, 0x25, 0x16, 0x71, 0x61, 0x25, 0x70, 0x16, 0x61, 0x26, 0x70,
    0x08, 0x61, 0x2B, 0x20, 0x03, 0xA1, 0x2F, 0x77, 0x77, 0xF1, 0x1F, 0x77, 0x77, 0xF1, 0x2C, 0x10,
    0x02, 0xC1, 0x26, 0x70, 0x07, 0x61, 0x25, 0x70, 0x07, 0x61, 0x25, 0x25, 0x62, 0x61, 0x25, 0x08,
    0x80, 0x61, 0x25, 0x09, 0x70, 0x61, 0x25, 0x08, 0x80, 0x61, 0x25, 0x16, 0x71, 0x61, 0x25, 0x70,
    0x16, 0x61, 0x26, 0x70, 0x08, 0x61, 0x2B, 0x20, 0x03, 0xA1, 0x2F, 0x77, 0x77, 0xF1, 0x1F, 0x77,
    0x77, 0xF1, 0x2C, 0x10, 0x02, 0xC1, 0x26, 0x70, 0x07, 0x61, 0x25, 0x70, 0x07, 0x61, 0x25, 0x25,
    0x62, 0x61, 0x25, 0x08, 0x80, 0x61, 0x25, 0x09, 0x70, 0x61, 0x25, 0x08, 0x80, 0x61, 0x25, 0x16,
    0x71, 0x61, 0x25, 0x70, 0x16, 0x61, 0x26, 0x70, 0x08, 0x61, 0x2B, 0x20, 0x03, 0xA1, 0x2F, 0x77,
    0x77, 0xF1, 0x1F, 0x77, 0x77, 0xF1, 0x2C, 0x10, 0x02, 0xC1, 0x26, 0x70, 0x07, 0x61, 0x25, 0x70,
    0x07, 0x61, 0x25, 0x25, 0x62, 0x61, 0x25, 0x08, 0x80, 0x61, 0x25, 0x09, 0x70, 0x61, 0x25, 0x08,
    0x80, 0x61, 0x25, 0x16, 0x71, 0x61, 0x25, 0x70, 0x16, 0x61, 0x26, 0x70, 0x08, 0x61, 0x2B, 0x20,
    0x03, 0xA1, 0x2F, 0x77, 0x77, 0xF1, 0x1F, 0x77, 0x77, 0xF1, 0x2C, 0x10, 0x02, 0xC1, 0x26, 0x70,
    0x07, 0x61, 0x25, 0x70, 0x07, 0x61, 0x25, 0x25, 0x62, 0x61, 0x25, 0x08, 0x80, 0x61, 0x25, 0x09,
    0x70, 0x61, 0x25, 0x08, 0x80, 0x61, 0x25, 0x16, 0x71, 0x61, 0x25, 0x70, 0x16, 0x61, 0x26, 0x70,
    0x08, 0x61, 0x2B, 0x20, 0x03, 0xA1, 0x2F, 0x77, 0x77, 0xF1, 0x1F, 0x77, 0x77, 0xF1, 0x2C, 0x10,
    0x02, 0xC1, 0x26, 0x70, 0x07, 0x61, 0x25, 0x70, 0x07, 0x61, 0x25, 0x25, 0x62, 0x61, 0x25, 0x08,
    0x80, 0x61, 0x25, 0x09, 0x70, 0x61, 0x25, 0x08, 0x80, 0x61, 0x25, 0x16, 0x71, 0x61, 0x25, 0x70,
    0x16, 0x61, 0x26, 0x70, 0x08, 0x61, 0x2B, 0x20, 0x03, 0xA1, 0x2F, 0x77, 0x77, 0xF1, 0x1F, 0x77,
    0x77, 0xF1, 0x2C, 0x10, 0x02, 0xC1, 0x26, 0x70, 0x07, 0x61, 0x25, 0x70, 0x07, 0x61, 0x25, 0x25,
    0x62, 0x61, 0x25, 0x08, 0x80, 0x61, 0x25, 0x09, 0x70, 0x61, 0x25, 0x08, 0x80, 0x61, 0x25, 0x16,
    0x71, 0x61, 0x25, 0x70, 0x16, 0x61, 0x26, 0x70, 0x08, 0x61, 0x2B, 0x20, 0x03, 0xA1, 0x2F, 0x77,
    0x77, 0xF1, 0x1F, 0x77, 0x77, 0xF1, 0x2C, 0x10, 0x02, 0xC1, 0x26, 0x70, 0x07, 0x61, 0x25, 0x70,
    0x07, 0x61, 0x25, 0x25, 0x62, 0x61, 0x25, 0x08, 0x80, 0x61, 0x25, 0x09, 0x70, 0x61, 0x25, 0x08,
    0x80, 0x61, 0x25, 0x16, 0x71, 0x61, 0x25, 0x70, 0x16, 0x61, 0x26, 0x70, 0x08, 0x61, 0x2B, 0x20,
    0x03, 0xA1, 0x2F, 0x77, 0x77, 0xF1, 0x1F, 0x77, 0x77, 0xF1, 0x2C, 0x10, 0x02, 0xC1, 0x26, 0x70,
    0x07, 0x61, 0x25, 0x70, 0x07, 0x61, 0x25, 0x25, 0x62, 0x61, 0x25, 0x08, 0x80, 0x61, 0x25, 0x09,
    0x70, 0x61, 0x25, 0x08, 0x80, 0x61, 0x25, 0x16, 0x71, 0x61, 0x25, 0x70, 0x16, 0x61, 0x26, 0x70,
    0x08, 0x61, 0x2B, 0x20, 0x03, 0xA1, 0x2F, 0x77, 0x77, 0xF1, 0x1F, 0x77, 0x77, 0xF1, 0x2C, 0x10,
    0x02, 0xC1, 0x26, 0x70, 0x07, 0x61, 0x25, 0x70, 0x07, 0x61, 0x25, 0x25, 0x62, 0x61, 0x25, 0x08,
    0x80, 0x61, 0x25, 0x09, 0x70, 0x61, 0x25, 0x08, 0x80, 0x61, 0x25, 0x16, 0x71, 0x61, 0x25, 0x70,
    0x16, 0x61, 0x26, 0x70, 0x08, 0x61, 0x2B, 0x20, 0x03, 0xA1, 0x2F, 0x77, 0x77, 0xF1, 0x1F, 0x77,
    0x77, 0xF1, 0x2C, 0x10, 0x02, 0xC1, 0x26, 0x70, 0x07, 0x61, 0x25, 0x70, 0x07, 0x61, 0x25, 0x25,
    0x62, 0x61, 0x25, 0x08, 0x80, 0x61, 0x25, 0x09, 0x70, 0x61, 0x25, 0x08, 0x80, 0x61, 0x25, 0x16,
    0x71, 0x61, 0x25, 0x70, 0x16, 0x61, 0x26, 0x70, 0x08, 0x61, 0x2B, 0x20, 0x03, 0xA1, 0x2F, 0x77,
    0x77, 0xF1, 0x1F, 0x77, 0x77, 0xF1, 0x2C, 0x10, 0x02, 0xC1, 0x26, 0x70, 0x07, 0x61, 0x25, 0x70,
    0x07, 0x61, 0x25, 0x25, 0x62, 0x61, 0x25, 0x08, 0x80, 0x61, 0x25, 0x09, 0x70, 0x61, 0x25, 0x08,
    0x80, 0x61, 0x25, 0x16, 0x71, 0x61, 0x25, 0x70, 0x16, 0x61, 0x26, 0x70, 0x08, 0x61, 0x2B, 0x20,
    0x03, 0xA1, 0x2F, 0x77, 0x77, 0xF1, 0x1F, 0x77, 0x77, 0xF1, 0x2C, 0x10, 0x02, 0xC1, 0x26, 0x70,
    0x07, 0x61, 0x25, 0x70, 0x07, 0x61, 0x25, 0x25, 0x62, 0x61, 0x25, 0x08, 0x80, 0x61, 0x25, 0x09,
    0x70, 0x61, 0x25, 0x08, 0x80, 0x61, 0x25, 0x16, 0x71, 0x61, 0x25, 0x70, 0x16, 0x61, 0x26, 0x70,
    0x08, 0x61, 0x2B, 0x20, 0x03, 0xA1, 0x2F, 0x77, 0x77, 0xF1, 0x1F, 0x77, 0x77, 0xF1, 0x2C, 0x10,
    0x02, 0xC1, 0x26, 0x70, 0x07, 0x61, 0x25, 0x70, 0x07, 0x61, 0x25, 0x25, 0x62, 0x61, 0x25, 0x08,
    0x80, 0x61, 0x25, 0x09, 0x70, 0x61, 0x25, 0x08, 0x80, 0x61, 0x25, 0x16, 0x71, 0x61, 0x25, 0x70,
    0x16, 0x61, 0x26, 0x70, 0x08, 0x61, 0x2B, 0x20, 0x03, 0xA1, 0x2F, 0x77, 0x77, 0xF1, 0x1F, 0x77,
    0x77, 0xF1, 0x2C, 0x10, 0x02, 0xC1, 0x26, 0x70, 0x07, 0x61, 0x25, 0x70, 0x07, 0x61, 0x25, 0x25,
    0x62, 0x61, 0x25, 0x08, 0x80, 0x61, 0x25, 0x09, 0x70, 0x61, 0x25, 0x08, 0x80, 0x61, 0x25, 0x16,
    0x71, 0x61, 0x25, 0x70, 0x16, 0x61, 0x26, 0x70, 0x08, 0x61, 0x2B, 0x20, 0x03, 0xA1, 0x2F, 0x77,
    0x77, 0xF1, 0x1F, 0x77, 0x77, 0xF1, 0x2C, 0x10, 0x02, 0xC1, 0x26, 0x70, 0x07, 0x61, 0x25, 0x70,
    0x07, 0x61, 0x25, 0x25, 0x62, 0x61, 0x25, 0x08, 0x80, 0x61, 0x25, 0x09, 0x70, 0x61, 0x25, 0x08,
    0x80, 0x61, 0x25, 0x16, 0x71, 0x61, 0x25, 0x70, 0x16, 0x61, 0x26, 0x70, 0x08, 0x61, 0x2B, 0x20,
    0x03, 0xA1, 0x2F, 0x77, 0x77, 0xF1, 0x1F, 0x77, 0x77, 0xF1, 0x2C, 0x10, 0x02, 0xC1, 0x26, 0x70,
    0x07, 0x61, 0x25, 0x70, 0x07, 0x61, 0x25, 0x25, 0x62, 0x61, 0x25, 0x08, 0x80, 0x61, 0x25, 0x09,
    0x70, 0x61, 0x25, 0x08, 0x80, 0x61, 0x25, 0x16, 0x71, 0x61, 0x25, 0x70, 0x16, 0x61, 0x26, 0x70,
    0x08, 0x61, 0x2B, 0x20, 0x03, 0xA1, 0x2F, 0x77, 0x77, 0xF1, 0x1F, 0x77, 0x77, 0xF1, 0x2C, 0x10,
    0x02, 0xC1, 0x26, 0x70, 0x07, 0x61, 0x25, 0x70, 0x07, 0x61, 0x25, 0x25, 0x62, 0x61, 0x25, 0x08,
    0x80, 0x61, 0x25, 0x09, 0x70, 0x61, 0x25, 0x08, 0x80, 0x61, 0x25, 0x16, 0x71, 0x61, 0x25, 0x70,
    0x16, 0x61, 0x26, 0x70, 0x08, 0x61, 0x2B, 0x20, 0x03, 0xA1, 0x2F, 0x77, 0x77, 0xF1, 0x1F, 0x77,
    0x77, 0xF1, 0x2C, 0x10, 0x02, 0xC1, 0x26, 0x70, 0x07, 0x61, 0x25, 0x70, 0x07, 0x61, 0x25, 0x25,
    0x62, 0x61, 0x25, 0x08, 0x80, 0x61, 0x25, 0x09, 0x70, 0x61, 0x25, 0x08, 0x80, 0x61, 0x25, 0x16,
    0x71, 0x61, 0x25, 0x70, 0x16, 0x61, 0x26, 0x70, 0x08, 0x61, 0x2B, 0x20, 0x03, 0xA1, 0x2F, 0x77,
    0x77, 0xF1, 0x1F, 0x77, 0x77, 0xF1, 0x2C, 0x10, 0x02, 0xC1, 0x26, 0x70, 0x07, 0x61, 0x25, 0x70,
    0x07, 0x61, 0x25, 0x25, 0x62, 0x61, 0x25, 0x08, 0x80, 0x61, 0x25, 0x09, 0x70, 0x61, 0x25, 0x08,
    0x80, 0x61, 0x25, 0x16, 0x71, 0x61, 0x25, 0x70, 0x16, 0x61, 0x26, 0x70, 0x08, 0x61, 0x2B, 0x20,
    0x03, 0xA1, 0x2F, 0x77, 0x77, 0xF1, 0x1F, 0x77, 0x77, 0xF1, 0x2C, 0x10, 0x02, 0xC1, 0x26, 0x70,
    0x07, 0x61, 0x25, 0x70, 0x07, 0x61, 0x25, 0x25, 0x62, 0x61, 0x25, 0x08, 0x80, 0x61, 0x25, 0x09,
    0x70, 0x61, 0x25, 0x08, 0x80, 0x61, 0x25, 0x16, 0x71, 0x61, 0x25, 0x70, 0x16, 0x61, 0x26, 0x70,
    0x08, 0x61, 0x2B, 0x20, 0x03, 0xA1, 0x2F, 0x77, 0x77, 0xF1, 0x1F, 0x77, 0x77, 0xF1, 0x2C, 0x10,
    0x02, 0xC1, 0x26, 0x70, 0x07, 0x61, 0x25, 0x70, 0x07, 0x61, 0x25, 0x25, 0x62, 0x61, 0x25, 0x08,
    0x80, 0x61, 0x25, 0x09, 0x70, 0x61, 0x25, 0x08, 0x80, 0x61, 0x25, 0x16, 0x71, 0x61, 0x25, 0x70,
    0x16, 0x61, 0x26, 0x70, 0x08, 0x61, 0x2B, 0x20, 0x03, 0xA1, 0x2F, 0x77, 0x77, 0xF1, 0x1F, 0x77,
    0x77, 0xF1, 0x2C, 0x10, 0x02, 0xC1, 0x26, 0x70, 0x07, 0x61, 0x25, 0x70, 0x07, 0x61, 0x25, 0x25,
    0x62, 0x61, 0x25, 0x08, 0x80, 0x61, 0x25, 0x09, 0x70, 0x61, 0x25, 0x08, 0x80, 0x61, 0x25, 0x16,
    0x71, 0x61, 0x25, 0x70, 0x16, 0x61, 0x26, 0x70, 0x08, 0x61, 0x2B, 0x20, 0x03, 0xA1, 0x2F, 0x77,
    0x77, 0xF1, 0x1F, 0x77, 0x77, 0xF1, 0x2C, 0x10, 0x02, 0xC1, 0x26, 0x70, 0x07, 0x61, 0x25, 0x70,
    0x07, 0x61, 0x25, 0x25, 0x62, 0x61, 0x25, 0x08, 0x80, 0x61, 0x25, 0x09, 0x70, 0x61, 0x25, 0x08,
    0x80, 0x61, 0x25, 0x16, 0x71, 0x61, 0x25, 0x70, 0x16, 0x61, 0x26, 0x70, 0x08, 0x61, 0x2B, 0x20,
    0x03, 0xA1, 0x2F, 0x77, 0x77, 0xF1, 0x8E, 0x08, 0xE0, 0x00, 0x00, 0x00, 0x8F, 0x08, 0xF0, 0x8F,
    0x08, 0xF0, 0x9F, 0x09, 0xF0, 0x9F, 0x09, 0xF1, 0x9F, 0x10, 0x00, 0x00, 0xCE, 0x00, 0x00, 0x00,
    0x0C, 0xE0, 0x00, 0x00, 0x2A, 0xFF, 0xC5, 0x00, 0x1E, 0xE7, 0x6C, 0xF6, 0x0A, 0xF2, 0x00, 0x0C,
    0xD0, 0xEB, 0x00, 0x00, 0x00, 0x0F, 0x90, 0x00, 0x00, 0x00, 0xF9, 0x00, 0x00, 0x00, 0x0E, 0xB0,
    0x00, 0x00, 0x00, 0x9F, 0x20, 0x00, 0xCD, 0x01, 0xEE, 0x66, 0xCF, 0x50, 0x02, 0xAF, 0xFC, 0x40,
    0x00, 0x00, 0xCE, 0x00, 0x00, 0x00, 0x0C, 0xE0, 0x00, 0x00, 0x02, 0xBF, 0xFB, 0x30, 0x00, 0x2F,
    0xE7, 0x8E, 0xF2, 0x00, 0xAF, 0x20, 0x03, 0xF8, 0x00, 0xDD, 0x00, 0x00, 0x64, 0x00, 0xDD, 0x00,
    0x00, 0x00, 0x00, 0xCE, 0x00, 0x00, 0x00, 0x16, 0xFF, 0x66, 0x40, 0x00, 0x3F, 0xFF, 0xFF, 0xB0,
    0x00, 0x00, 0xBF, 0x00, 0x00, 0x00, 0x00, 0xBF, 0x00, 0x00, 0x00, 0x00, 0xCE, 0x00, 0x00, 0x00,
    0x17, 0xFE, 0x66, 0x66, 0x65, 0x2F, 0xFF, 0xFF, 0xFF, 0xFE, 0x00, 0x00, 0x00, 0x00, 0x00, 0x00,
    0x08, 0xA1, 0x9E, 0xFD, 0x81, 0xB7, 0x0A, 0xFF, 0xFA, 0x8B, 0xFF, 0xFA, 0x00, 0xFF, 0x30, 0x00,
    0x4F, 0xF0, 0x06, 0xF4, 0x00, 0x00, 0x06, 0xF5, 0x0A, 0xE0, 0x00, 0x00, 0x00, 0xF9, 0x0B, 0xC0,
    0x00, 0x00, 0x00, 0xDA, 0x0A, 0xE0, 0x00, 0x00, 0x00, 0xF9, 0x06, 0xF5, 0x00, 0x00, 0x06, 0xF5,
    0x00, 0xFF, 0x30, 0x00, 0x4F, 0xF0, 0x08, 0xFF, 0xFA, 0x8B, 0xFF, 0xF8, 0x09, 0xC2, 0x9E, 0xFD,
    0x82, 0xC9, 0x00, 0x00, 0x00, 0x00, 0x00, 0x00, 0xAF, 0x40, 0x00, 0x0C, 0xF1, 0x2F, 0xA0, 0x00,
    0x3F, 0x90, 0x0B, 0xF1, 0x00, 0xAF, 0x20, 0x03, 0xF8, 0x01, 0xFA, 0x00, 0x00, 0xBE, 0x07, 0xF3,
    0x00, 0x00, 0x4F, 0x6E, 0xB0, 0x00, 0x01, 0x1F, 0xFF, 0x51, 0x00, 0x0F, 0xFF, 0xFF, 0xFF, 0x60,
    0x00, 0x02, 0xF9, 0x00, 0x00, 0x0F, 0xFF, 0xFF, 0xFF, 0x60, 0x01, 0x14, 0xFA, 0x11, 0x00, 0x00,
    0x02, 0xF8, 0x00, 0x00, 0x00, 0x02, 0xF8, 0x00, 0x00, 0xBE, 0xBE, 0xBE, 0xBE, 0xBE, 0xBE, 0xBE,
    0x00, 0x00, 0xBE, 0xBE, 0xBE, 0xBE, 0xBE, 0xBE, 0xBE, 0x00, 0x2A, 0xDF, 0xEA, 0x20, 0x00, 0x2F,
    0xD7, 0x57, 0xEF, 0x20, 0x0A, 0xF1, 0x00, 0x02, 0xFA, 0x00, 0xBE, 0x00, 0x00, 0x0A, 0xA0, 0x07,
    0xF9, 0x10, 0x00, 0x00, 0x00, 0x0E, 0xFF, 0xC7, 0x10, 0x00, 0x09, 0xFA, 0xBD, 0xFF, 0x90, 0x00,
    0xF9, 0x00, 0x02, 0xAF, 0xA0, 0x1F, 0x90, 0x00, 0x00, 0xBF, 0x00, 0xBF, 0x81, 0x00, 0x0A, 0xF0,
    0x01, 0xBF, 0xFC, 0xBB, 0xF7, 0x00, 0x00, 0x27, 0xDF, 0xFC, 0x00, 0x00, 0x00, 0x00, 0x2B, 0xF5,
    0x02, 0xC5, 0x00, 0x00, 0x0F, 0xA0, 0x0F, 0xC0, 0x00, 0x02, 0xF9, 0x00, 0x7F, 0xD7, 0x58, 0xEF,
    0x20, 0x00, 0x4B, 0xEF, 0xDA, 0x20, 0x00, 0x0B, 0x70, 0x1C, 0x40, 0xE9, 0x02, 0xF6, 0x00, 0x00,
    0x6C, 0xFF, 0xC7, 0x00, 0x00, 0x00, 0x1C, 0xC5, 0x11, 0x4B, 0xD2, 0x00, 0x00, 0xD8, 0x00, 0x44,
    0x00, 0x6D, 0x10, 0x07, 0xA0, 0x3E, 0xDE, 0xE3, 0x09, 0x90, 0x0D, 0x20, 0xDA, 0x00, 0xAB, 0x01,
    0xE0, 0x1E, 0x00, 0xF3, 0x00, 0x35, 0x00, 0xD2, 0x2D, 0x01, 0xF2, 0x00, 0x00, 0x00, 0xC4, 0x1E,
    0x00, 0xF3, 0x00, 0x35, 0x00, 0xD2, 0x0D, 0x30, 0xCA, 0x00, 0xBA, 0x01, 0xE0, 0x07, 0xB0, 0x3E,
    0xEE, 0xE2, 0x09, 0x90, 0x00, 0xD8, 0x00, 0x43, 0x00, 0x7D, 0x10, 0x00, 0x1C, 0xB4, 0x11, 0x4B,
    0xD2, 0x00, 0x00, 0x00, 0x6C, 0xFF, 0xC7, 0x00, 0x00, 0x09, 0xEF, 0xA0, 0x7F, 0x55, 0xF7, 0x01,
    0x00, 0xCA, 0x1A, 0xEF, 0xFA, 0x9E, 0x20, 0xCA, 0x9E, 0x36, 0xFA, 0x2C, 0xFC, 0xCC, 0x00, 0x0C,
    0x70, 0xC7, 0x00, 0x9C, 0x09, 0xC0, 0x05, 0xF3, 0x5F, 0x30, 0x0F, 0xB0, 0xFB, 0x00, 0x05, 0xF3,
    0x5F, 0x30, 0x00, 0x9C, 0x09, 0xC0, 0x00, 0x0C, 0x70, 0xC7, 0xEF, 0xFF, 0xFF, 0xF8, 0x67, 0x77,
    0x7A, 0xF9, 0x00, 0x00, 0x03, 0xF6, 0x00, 0x00, 0x03, 0xF6, 0x00, 0x00, 0x6C, 0xFF, 0xC7, 0x00,
    0x00, 0x00, 0x1D, 0xB4, 0x11, 0x4B, 0xD2, 0x00, 0x00, 0xD8, 0x00, 0x00, 0x00, 0x7D, 0x10, 0x07,
    0xA0, 0x8F, 0xFF, 0xA0, 0x09, 0x80, 0x0E, 0x20, 0x8C, 0x13, 0xD8, 0x02, 0xE0, 0x1E, 0x00, 0x8B,
    0x00, 0x8B, 0x00, 0xD2, 0x2D, 0x00, 0x8D, 0x23, 0xD7, 0x00, 0xC3, 0x1E, 0x00, 0x8F, 0xFF, 0xF2,
    0x00, 0xD2, 0x0E, 0x30, 0x8B, 0x00, 0xAA, 0x02, 0xE0, 0x07, 0xB0, 0x8B, 0x00, 0x7C, 0x0A, 0x80,
    0x00, 0xD8, 0x00, 0x00, 0x00, 0x7D, 0x10, 0x00, 0x1D, 0xB4, 0x11, 0x4B, 0xD2, 0x00, 0x00, 0x00,
    0x6C, 0xFF, 0xC7, 0x00, 0x00, 0x34, 0x44, 0x44, 0x0C, 0xFF, 0xFF, 0xF2, 0x0B, 0xF9, 0x09, 0xA3,
    0xD5, 0xD4, 0x08, 0x9A, 0xA3, 0xD6, 0x1C, 0xF9, 0x00, 0x00, 0x00, 0xCB, 0x00, 0x00, 0x00, 0x0C,
    0xB0, 0x00, 0x00, 0x00, 0xCB, 0x00, 0x00, 0x00, 0x0C, 0xB0, 0x00, 0x2F, 0xFF, 0xFF, 0xFF, 0xE0,
    0x55, 0x5F, 0xF5, 0x54, 0x00, 0x00, 0xCB, 0x00, 0x00, 0x00, 0x0C, 0xB0, 0x00, 0x00, 0x00, 0x76,
    0x00, 0x00, 0x45, 0x55, 0x55, 0x52, 0x0C, 0xFF, 0xFF, 0xFF, 0x80, 0x06, 0xEF, 0xB1, 0x3F, 0x63,
    0xDA, 0x14, 0x00, 0xD9, 0x00, 0x08, 0xF2, 0x00, 0x9E, 0x30, 0x0A, 0xE4, 0x22, 0x3F, 0xFF, 0xFF,
    0x07, 0xDE, 0xB2, 0x3F, 0x63, 0xDA, 0x00, 0x01, 0xD9, 0x00, 0xEF, 0xF1, 0x00, 0x01, 0xBB, 0x5F,
    0x52, 0xCC, 0x08, 0xEF, 0xC2, 0x08, 0xF5, 0x1F, 0x90, 0xAC, 0x00, 0xAF, 0x00, 0x00, 0xCD, 0xAF,
    0x00, 0x00, 0xCD, 0xAF, 0x00, 0x00, 0xCD, 0xAF, 0x00, 0x00, 0xCD, 0xAF, 0x00, 0x00, 0xCD, 0xAF,
    0x00, 0x00, 0xFE, 0xAF, 0x00, 0x00, 0xFD, 0xAF, 0x40, 0x00, 0xFD, 0xAF, 0xD6, 0x6D, 0xFD, 0xAF,
    0xAE, 0xE8, 0xAD, 0xAF, 0x00, 0x00, 0x00, 0xAF, 0x00, 0x00, 0x00, 0xAF, 0x00, 0x00, 0x00, 0xAF,
    0x00, 0x00, 0x00, 0x00, 0x6C, 0xFF, 0xF5, 0x08, 0xFF, 0xFF, 0xF5, 0x2F, 0xFF, 0xFF, 0xF5, 0x5F,
    0xFF, 0xFF, 0xF5, 0x5F, 0xFF, 0xFF, 0xF5, 0x2F, 0xFF, 0xFF, 0xF5, 0x09, 0xFF, 0xFF, 0xF5, 0x00,
    0x6C, 0xFF, 0xF5, 0x00, 0x00, 0x05, 0xF5, 0x00, 0x00, 0x05, 0xF5, 0x00, 0x00, 0x05, 0xF5, 0x00,
    0x00, 0x05, 0xF5, 0x00, 0x00, 0x05, 0xF5, 0x6D, 0x27, 0xF2, 0xCA, 0x13, 0xC9, 0x0B, 0xAE, 0xB1,
    0x17, 0xC5, 0xEC, 0xF5, 0x00, 0xF5, 0x00, 0xF5, 0x00, 0xF5, 0x00, 0xF5, 0x00, 0xF5, 0x08, 0xEF,
    0xA1, 0x08, 0xF6, 0x5E, 0xA0, 0xDA, 0x00, 0x7F, 0x0E, 0x80, 0x05, 0xF1, 0xDA, 0x00, 0x7F, 0x08,
    0xF6, 0x5E, 0xA0, 0x09, 0xEF, 0xA1, 0x00, 0x0E, 0x60, 0xE6, 0x00, 0x05, 0xE1, 0x5E, 0x10, 0x00,
    0xCB, 0x0C, 0xB0, 0x00, 0x3F, 0x63, 0xF6, 0x00, 0x5F, 0x35, 0xF3, 0x02, 0xF5, 0x2F, 0x50, 0x0C,
    0x70, 0xC7, 0x00, 0x17, 0xC5, 0x00, 0x00, 0x00, 0x00, 0xEC, 0xF5, 0x00, 0x08, 0x60, 0x00, 0x00,
    0xF5, 0x00, 0x2F, 0x20, 0x00, 0x00, 0xF5, 0x00, 0xB8, 0x00, 0x00, 0x00, 0xF5, 0x05, 0xE0, 0x00,
    0x00, 0x00, 0xF5, 0x0E, 0x50, 0x00, 0x00, 0x00, 0xF5, 0x8B, 0x00, 0xCF, 0x30, 0x00, 0x02, 0xF2,
    0x06, 0xFF, 0x30, 0x00, 0x0B, 0x80, 0x3F, 0x6F, 0x30, 0x00, 0x5E, 0x01, 0xE6, 0x5F, 0x50, 0x00,
    0xE5, 0x07, 0xFF, 0xFF, 0xF2, 0x03, 0xA0, 0x00, 0x00, 0x2F, 0x30, 0x00, 0x00, 0x00, 0x00, 0x2F,
    0x30, 0x17, 0xC5, 0x00, 0x00, 0x00, 0x00, 0xEC, 0xF5, 0x00, 0x08, 0x60, 0x00, 0x00, 0xF5, 0x00,
    0x2F, 0x20, 0x00, 0x00, 0xF5, 0x00, 0xB8, 0x00, 0x00, 0x00, 0xF5, 0x05, 0xE0, 0x00, 0x00, 0x00,
    0xF5, 0x0E, 0x50, 0x00, 0x00, 0x00, 0xF5, 0x8B, 0x06, 0xEF, 0xB1, 0x00, 0x02, 0xF2, 0x3F, 0x63,
    0xDA, 0x00, 0x0B, 0x80, 0x14, 0x00, 0xD9, 0x00, 0x5E, 0x00, 0x00, 0x08, 0xF2, 0x00, 0xE5, 0x00,
    0x00, 0x9E, 0x30, 0x03, 0xA0, 0x00, 0x0A, 0xE4, 0x22, 0x00, 0x00, 0x00, 0x3F, 0xFF, 0xFF, 0x07,
    0xEE, 0xB2, 0x00, 0x00, 0x00, 0x00, 0x3F, 0x63, 0xDA, 0x00, 0x00, 0x86, 0x00, 0x00, 0x01, 0xD9,
    0x00, 0x02, 0xF2, 0x00, 0x00, 0xEF, 0xF2, 0x00, 0x0B, 0x80, 0x00, 0x00, 0x01, 0xBB, 0x00, 0x5E,
    0x00, 0x00, 0x5F, 0x52, 0xCC, 0x00, 0xE5, 0x00, 0x00, 0x08, 0xEF, 0xC2, 0x08, 0xB0, 0xCF, 0x30,
    0x00, 0x00, 0x00, 0x2F, 0x26, 0xFF, 0x30, 0x00, 0x00, 0x00, 0xB8, 0x3F, 0x6F, 0x30, 0x00, 0x00,
    0x05, 0xE2, 0xE6, 0x5F, 0x50, 0x00, 0x00, 0x0E, 0x57, 0xFF, 0xFF, 0xF2, 0x00, 0x00, 0x3A, 0x00,
    0x00, 0x2F, 0x30, 0x00, 0x00, 0x00, 0x00, 0x00, 0x2F, 0x30, 0x00, 0x07, 0xE1, 0x00, 0x00, 0x07,
    0xE1, 0x00, 0x00, 0x00, 0x00, 0x00, 0x00, 0x00, 0x00, 0x00, 0x00, 0x08, 0xF2, 0x00, 0x00, 0x0C,
    0xE0, 0x00, 0x00, 0xAF, 0x40, 0x00, 0x08, 0xF6, 0x00, 0x00, 0x2F, 0x90, 0x00, 0x00, 0x5F, 0x40,
    0x00, 0x00, 0x5F, 0x60, 0x00, 0xEB, 0x0E, 0xF8, 0x7D, 0xF5, 0x02, 0xBE, 0xFC, 0x50, 0x00, 0x02,
    0xFB, 0x00, 0x00, 0x00, 0x00, 0x00, 0x5F, 0x50, 0x00, 0x00, 0x00, 0x00, 0x09, 0xD0, 0x00, 0x00,
    0x00, 0x00, 0x00, 0x00, 0x00, 0x00, 0x00, 0x00, 0x1F, 0xF0, 0x00, 0x00, 0x00, 0x00, 0x6F, 0xF3,
    0x00, 0x00, 0x00, 0x00, 0xCC, 0xF9, 0x00, 0x00, 0x00, 0x02, 0xF6, 0xAE, 0x00, 0x00, 0x00, 0x08,
    0xF1, 0x4F, 0x50, 0x00, 0x00, 0x0E, 0xA0, 0x0E, 0xB0, 0x00, 0x00, 0x4F, 0x50, 0x09, 0xF1, 0x00,
    0x00, 0xAE, 0x00, 0x03, 0xF7, 0x00, 0x01, 0xFF, 0x66, 0x66, 0xFF, 0x00, 0x06, 0xFF, 0xFF, 0xFF,
    0xFF, 0x30, 0x0D, 0xE0, 0x00, 0x00, 0x2F, 0x90, 0x2F, 0x80, 0x00, 0x00, 0x0C, 0xE0, 0x9F, 0x20,
    0x00, 0x00, 0x06, 0xF5, 0x00, 0x00, 0x00, 0x8F, 0x50, 0x00, 0x00, 0x00, 0x01, 0xF9, 0x00, 0x00,
    0x00, 0x00, 0x0A, 0xC0, 0x00, 0x00, 0x00, 0x00, 0x00, 0x00, 0x00, 0x00, 0x00, 0x00, 0x1F, 0xF0,
    0x00, 0x00, 0x00, 0x00, 0x6F, 0xF3, 0x00, 0x00, 0x00, 0x00, 0xCC, 0xF9, 0x00, 0x00, 0x00, 0x02,
    0xF6, 0xAE, 0x00, 0x00, 0x00, 0x08, 0xF1, 0x4F, 0x50, 0x00, 0x00, 0x0E, 0xA0, 0x0E, 0xB0, 0x00,
    0x00, 0x4F, 0x50, 0x09, 0xF1, 0x00, 0x00, 0xAE, 0x00, 0x03, 0xF7, 0x00, 0x01, 0xFF, 0x66, 0x66,
    0xFF, 0x00, 0x06, 0xFF, 0xFF, 0xFF, 0xFF, 0x30, 0x0D, 0xE0, 0x00, 0x00, 0x2F, 0x90, 0x2F, 0x80,
    0x00, 0x00, 0x0C, 0xE0, 0x9F, 0x20, 0x00, 0x00, 0x06, 0xF5, 0x00, 0x00, 0x1D, 0xE4, 0x00, 0x00,
    0x00, 0x02, 0xD6, 0x3E, 0x50, 0x00, 0x00, 0x00, 0x00, 0x00, 0x00, 0x00, 0x00, 0x00, 0x1F, 0xF0,
    0x00, 0x00, 0x00, 0x00, 0x6F, 0xF3, 0x00, 0x00, 0x00, 0x00, 0xCC, 0xF9, 0x00, 0x00, 0x00, 0x02,
    0xF6, 0xAE, 0x00, 0x00, 0x00, 0x08, 0xF1, 0x4F, 0x50, 0x00, 0x00, 0x0E, 0xA0, 0x0E, 0xB0, 0x00,
    0x00, 0x4F, 0x50, 0x09, 0xF1, 0x00, 0x00, 0xAE, 0x00, 0x03, 0xF7, 0x00, 0x01, 0xFF, 0x66, 0x66,
    0xFF, 0x00, 0x06, 0xFF, 0xFF, 0xFF, 0xFF, 0x30, 0x0D, 0xE0, 0x00, 0x00, 0x2F, 0x90, 0x2F, 0x80,
    0x00, 0x00, 0x0C, 0xE0, 0x9F, 0x20, 0x00, 0x00, 0x06, 0xF5, 0x00, 0x02, 0xDC, 0x00, 0xE3, 0x00,
    0x00, 0x0A, 0xA7, 0xB6, 0xF0, 0x00, 0x00, 0x0D, 0x40, 0x8F, 0x70, 0x00, 0x00, 0x00, 0x00, 0x00,
    0x00, 0x00, 0x00, 0x00, 0x1F, 0xF0, 0x00, 0x00, 0x00, 0x00, 0x6F, 0xF3, 0x00, 0x00, 0x00, 0x00,
    0xCC, 0xF9, 0x00, 0x00, 0x00, 0x02, 0xF6, 0xAE, 0x00, 0x00, 0x00, 0x08, 0xF1, 0x4F, 0x50, 0x00,
    0x00, 0x0E, 0xA0, 0x0E, 0xB0, 0x00, 0x00, 0x4F, 0x50, 0x09, 0xF1, 0x00, 0x00, 0xAE, 0x00, 0x03,
    0xF7, 0x00, 0x01, 0xFF, 0x66, 0x66, 0xFF, 0x00, 0x06, 0xFF, 0xFF, 0xFF, 0xFF, 0x30, 0x0D, 0xE0,
    0x00, 0x00, 0x2F, 0x90, 0x2F, 0x80, 0x00, 0x00, 0x0C, 0xE0, 0x9F, 0x20, 0x00, 0x00, 0x06, 0xF5,
    0x00, 0x0B, 0x70, 0x1C, 0x40, 0x00, 0x00, 0x0E, 0x90, 0x2F, 0x60, 0x00, 0x00, 0x00, 0x00, 0x00,
    0x00, 0x00, 0x00, 0x00, 0x1F, 0xF0, 0x00, 0x00, 0x00, 0x00, 0x6F, 0xF3, 0x00, 0x00, 0x00, 0x00,
    0xCC, 0xF9, 0x00, 0x00, 0x00, 0x02, 0xF6, 0xAE, 0x00, 0x00, 0x00, 0x08, 0xF1, 0x4F, 0x50, 0x00,
    0x00, 0x0E, 0xA0, 0x0E, 0xB0, 0x00, 0x00, 0x4F, 0x50, 0x09, 0xF1, 0x00, 0x00, 0xAE, 0x00, 0x03,
    0xF7, 0x00, 0x01, 0xFF, 0x66, 0x66, 0xFF, 0x00, 0x06, 0xFF, 0xFF, 0xFF, 0xFF, 0x30, 0x0D, 0xE0,
    0x00, 0x00, 0x2F, 0x90, 0x2F, 0x80, 0x00, 0x00, 0x0C, 0xE0, 0x9F, 0x20, 0x00, 0x00, 0x06, 0xF5,
    0x00, 0x00, 0x4D, 0xC3, 0x00, 0x00, 0x00, 0x00, 0xC1, 0x2B, 0x00, 0x00, 0x00, 0x00, 0xD1, 0x2B,
    0x00, 0x00, 0x00, 0x00, 0x4C, 0xC3, 0x00, 0x00, 0x00, 0x00, 0x00, 0x00, 0x00, 0x00, 0x00, 0x00,
    0x1F, 0xF0, 0x00, 0x00, 0x00, 0x00, 0x6F, 0xF3, 0x00, 0x00, 0x00, 0x00, 0xCC, 0xF9, 0x00, 0x00,
    0x00, 0x02, 0xF6, 0xAE, 0x00, 0x00, 0x00, 0x08, 0xF1, 0x4F, 0x50, 0x00, 0x00, 0x0E, 0xA0, 0x0E,
    0xB0, 0x00, 0x00, 0x4F, 0x50, 0x09, 0xF1, 0x00, 0x00, 0xAE, 0x00, 0x03, 0xF7, 0x00, 0x01, 0xFF,
    0x66, 0x66, 0xFF, 0x00, 0x06, 0xFF, 0xFF, 0xFF, 0xFF, 0x30, 0x0D, 0xE0, 0x00, 0x00, 0x2F, 0x90,
    0x2F, 0x80, 0x00, 0x00, 0x0C, 0xE0, 0x9F, 0x20, 0x00, 0x00, 0x06, 0xF5, 0x00, 0x00, 0x00, 0x00,
    0xBF, 0xFF, 0xFF, 0xFF, 0xF0, 0x00, 0x00, 0x00, 0x04, 0xFF, 0xF5, 0x55, 0x55, 0x50, 0x00, 0x00,
    0x00, 0x0D, 0xDB, 0xF0, 0x00, 0x00, 0x00, 0x00, 0x00, 0x00, 0x7F, 0x4A, 0xF0, 0x00, 0x00, 0x00,
    0x00, 0x00, 0x01, 0xFB, 0x09, 0xF0, 0x00, 0x00, 0x00, 0x00, 0x00, 0x0A, 0xF2, 0x08, 0xF6, 0x55,
    0x55, 0x10, 0x00, 0x00, 0x4F, 0x90, 0x08, 0xFF, 0xFF, 0xFF, 0x40, 0x00, 0x00, 0xDE, 0x10, 0x07,
    0xF2, 0x00, 0x00, 0x00, 0x00, 0x07, 0xFF, 0x88, 0x8F, 0xF3, 0x00, 0x00, 0x00, 0x00, 0x1F, 0xFF,
    0xFF, 0xFF, 0xF3, 0x00, 0x00, 0x00, 0x00, 0xAF, 0x40, 0x00, 0x05, 0xF4, 0x00, 0x00, 0x00, 0x03,
    0xFB, 0x00, 0x00, 0x05, 0xFA, 0x55, 0x55, 0x52, 0x0D, 0xF2, 0x00, 0x00, 0x04, 0xFF, 0xFF, 0xFF,
    0xF8, 0x00, 0x4B, 0xEF, 0xD8, 0x00, 0x06, 0xFD, 0x76, 0x9F, 0xC0, 0x2F, 0xB0, 0x00, 0x05, 0xF7,
    0x9F, 0x30, 0x00, 0x00, 0xEC, 0xDE, 0x00, 0x00, 0x00, 0x00, 0xEC, 0x00, 0x00, 0x00, 0x00, 0xFC,
    0x00, 0x00, 0x00, 0x00, 0xEC, 0x00, 0x00, 0x00, 0x00, 0xDE, 0x00, 0x00, 0x00, 0x00, 0x9F, 0x30,
    0x00, 0x00, 0xEC, 0x2F, 0xB0, 0x00, 0x05, 0xF7, 0x07, 0xFC, 0x76, 0x9F, 0xC0, 0x00, 0x4C, 0xFF,
    0xD7, 0x00, 0x00, 0x00, 0xCA, 0x10, 0x00, 0x00, 0x00, 0x3C, 0x90, 0x00, 0x00, 0x00, 0x0B, 0xA0,
    0x00, 0x00, 0x00, 0xEB, 0x10, 0x00, 0x02, 0xFB, 0x00, 0x00, 0x00, 0x05, 0xF5, 0x00, 0x00, 0x00,
    0x09, 0xD0, 0x00, 0x00, 0x00, 0x00, 0x00, 0x00, 0x8F, 0xFF, 0xFF, 0xFF, 0x88, 0xF9, 0x66, 0x66,
    0x63, 0x8F, 0x30, 0x00, 0x00, 0x08, 0xF3, 0x00, 0x00, 0x00, 0x8F, 0x30, 0x00, 0x00, 0x08, 0xF9,
    0x66, 0x66, 0x40, 0x8F, 0xFF, 0xFF, 0xFB, 0x08, 0xF3, 0x00, 0x00, 0x00, 0x8F, 0x30, 0x00, 0x00,
    0x08, 0xF3, 0x00, 0x00, 0x00, 0x8F, 0x30, 0x00, 0x00, 0x08, 0xF9, 0x66, 0x66, 0x63, 0x8F, 0xFF,
    0xFF, 0xFF, 0x90, 0x00, 0x00, 0x8F, 0x50, 0x00, 0x00, 0x1F, 0x90, 0x00, 0x00, 0x0A, 0xC0, 0x00,
    0x00, 0x00, 0x00, 0x00, 0x00, 0x8F, 0xFF, 0xFF, 0xFF, 0x88, 0xF9, 0x66, 0x66, 0x63, 0x8F, 0x30,
    0x00, 0x00, 0x08, 0xF3, 0x00, 0x00, 0x00, 0x8F, 0x30, 0x00, 0x00, 0x08, 0xF9, 0x66, 0x66, 0x40,
    0x8F, 0xFF, 0xFF, 0xFB, 0x08, 0xF3, 0x00, 0x00, 0x00, 0x8F, 0x30, 0x00, 0x00, 0x08, 0xF3, 0x00,
    0x00, 0x00, 0x8F, 0x30, 0x00, 0x00, 0x08, 0xF9, 0x66, 0x66, 0x63, 0x8F, 0xFF, 0xFF, 0xFF, 0x90,
    0x00, 0x1D, 0xE4, 0x00, 0x00, 0x2D, 0x63, 0xE5, 0x00, 0x00, 0x00, 0x00, 0x00, 0x08, 0xFF, 0xFF,
    0xFF, 0xF8, 0x8F, 0x96, 0x66, 0x66, 0x38, 0xF3, 0x00, 0x00, 0x00, 0x8F, 0x30, 0x00, 0x00, 0x08,
    0xF3, 0x00, 0x00, 0x00, 0x8F, 0x96, 0x66, 0x64, 0x08, 0xFF, 0xFF, 0xFF, 0xB0, 0x8F, 0x30, 0x00,
    0x00, 0x08, 0xF3, 0x00, 0x00, 0x00, 0x8F, 0x30, 0x00, 0x00, 0x08, 0xF3, 0x00, 0x00, 0x00, 0x8F,
    0x96, 0x66, 0x66, 0x38, 0xFF, 0xFF, 0xFF, 0xF9, 0x00, 0x00, 0x00, 0x00, 0x00, 0x0E, 0xA0, 0x3F,
    0x60, 0x00, 0xA6, 0x01, 0xB4, 0x00, 0x00, 0x00, 0x00, 0x00, 0x8F, 0xFF, 0xFF, 0xFF, 0x88, 0xF9,
    0x66, 0x66, 0x63, 0x8F, 0x30, 0x00, 0x00, 0x08, 0xF3, 0x00, 0x00, 0x00, 0x8F, 0x30, 0x00, 0x00,
    0x08, 0xF9, 0x66, 0x66, 0x40, 0x8F, 0xFF, 0xFF, 0xFB, 0x08, 0xF3, 0x00, 0x00, 0x00, 0x8F, 0x30,
    0x00, 0x00, 0x08, 0xF3, 0x00, 0x00, 0x00, 0x8F, 0x30, 0x00, 0x00, 0x08, 0xF9, 0x66, 0x66, 0x63,
    0x8F, 0xFF, 0xFF, 0xFF, 0x90, 0x2F, 0xB0, 0x00, 0x5F, 0x50, 0x00, 0x9D, 0x00, 0x00, 0x00, 0x00,
    0x6F, 0x50, 0x06, 0xF5, 0x00, 0x6F, 0x50, 0x06, 0xF5, 0x00, 0x6F, 0x50, 0x06, 0xF5, 0x00, 0x6F,
    0x50, 0x06, 0xF5, 0x00, 0x6F, 0x50, 0x06, 0xF5, 0x00, 0x6F, 0x50, 0x06, 0xF5, 0x00, 0x6F, 0x50,
    0x08, 0xF5, 0x1F, 0x90, 0xAC, 0x00, 0x00, 0x00, 0x6F, 0x50, 0x6F, 0x50, 0x6F, 0x50, 0x6F, 0x50,
    0x6F, 0x50, 0x6F, 0x50, 0x6F, 0x50, 0x6F, 0x50, 0x6F, 0x50, 0x6F, 0x50, 0x6F, 0x50, 0x6F, 0x50,
    0x6F, 0x50, 0x01, 0xDE, 0x40, 0x2D, 0x63, 0xE5, 0x00, 0x00, 0x00, 0x00, 0x6F, 0x50, 0x00, 0x6F,
    0x50, 0x00, 0x6F, 0x50, 0x00, 0x6F, 0x50, 0x00, 0x6F, 0x50, 0x00, 0x6F, 0x50, 0x00, 0x6F, 0x50,
    0x00, 0x6F, 0x50, 0x00, 0x6F, 0x50, 0x00, 0x6F, 0x50, 0x00, 0x6F, 0x50, 0x00, 0x6F, 0x50, 0x00,
    0x6F, 0x50, 0x00, 0x00, 0x00, 0x00, 0xEA, 0x03, 0xF6, 0x0A, 0x60, 0x1B, 0x40, 0x00, 0x00, 0x00,
    0x00, 0x6F, 0x50, 0x00, 0x06, 0xF5, 0x00, 0x00, 0x6F, 0x50, 0x00, 0x06, 0xF5, 0x00, 0x00, 0x6F,
    0x50, 0x00, 0x06, 0xF5, 0x00, 0x00, 0x6F, 0x50, 0x00, 0x06, 0xF5, 0x00, 0x00, 0x6F, 0x50, 0x00,
    0x06, 0xF5, 0x00, 0x00, 0x6F, 0x50, 0x00, 0x06, 0xF5, 0x00, 0x00, 0x6F, 0x50, 0x00, 0x04, 0xFF,
    0xFF, 0xE9, 0x20, 0x00, 0x04, 0xFD, 0x66, 0x8E, 0xF4, 0x00, 0x04, 0xF7, 0x00, 0x01, 0xCF, 0x10,
    0x04, 0xF7, 0x00, 0x00, 0x3F, 0x80, 0x04, 0xF7, 0x00, 0x00, 0x0D, 0xD0, 0x39, 0xFC, 0x55, 0x00,
    0x0B, 0xF0, 0xAF, 0xFF, 0xFE, 0x00, 0x0A, 0xF0, 0x04, 0xF7, 0x00, 0x00, 0x0B, 0xF0, 0x04, 0xF7,
    0x00, 0x00, 0x0D, 0xD0, 0x04, 0xF7, 0x00, 0x00, 0x3F, 0x80, 0x04, 0xF7, 0x00, 0x01, 0xDF, 0x10,
    0x04, 0xFD, 0x66, 0x9E, 0xF4, 0x00, 0x04, 0xFF, 0xFF, 0xD9, 0x20, 0x00, 0x00, 0x2D, 0xC0, 0x0E,
    0x30, 0x00, 0x0A, 0xA7, 0xB6, 0xF0, 0x00, 0x00, 0xD4, 0x08, 0xF7, 0x00, 0x00, 0x00, 0x00, 0x00,
    0x00, 0x00, 0x8F, 0x80, 0x00, 0x00, 0x5F, 0x58, 0xFF, 0x20, 0x00, 0x05, 0xF5, 0x8F, 0xFC, 0x00,
    0x00, 0x5F, 0x58, 0xFA, 0xF7, 0x00, 0x05, 0xF5, 0x8F, 0x3D, 0xF2, 0x00, 0x5F, 0x58, 0xF3, 0x3F,
    0xB0, 0x05, 0xF5, 0x8F, 0x30, 0x8F, 0x50, 0x5F, 0x58, 0xF3, 0x00, 0xDE, 0x15, 0xF5, 0x8F, 0x30,
    0x04, 0xFA, 0x5F, 0x58, 0xF3, 0x00, 0x09, 0xFA, 0xF5, 0x8F, 0x30, 0x00, 0x1E, 0xFF, 0x58, 0xF3,
    0x00, 0x00, 0x5F, 0xF5, 0x8F, 0x30, 0x00, 0x00, 0xBF, 0x50, 0x00, 0x2F, 0xB0, 0x00, 0x00, 0x00,
    0x00, 0x5F, 0x50, 0x00, 0x00, 0x00, 0x00, 0x9D, 0x00, 0x00, 0x00, 0x00, 0x00, 0x00, 0x00, 0x00,
    0x00, 0x3B, 0xEF, 0xD7, 0x00, 0x00, 0x5F, 0xE8, 0x7B, 0xFB, 0x00, 0x2F, 0xC0, 0x00, 0x06, 0xF7,
    0x08, 0xF3, 0x00, 0x00, 0x0C, 0xE0, 0xCE, 0x00, 0x00, 0x00, 0x8F, 0x2E, 0xC0, 0x00, 0x00, 0x06,
    0xF4, 0xFB, 0x00, 0x00, 0x00, 0x5F, 0x5E, 0xC0, 0x00, 0x00, 0x06, 0xF4, 0xCE, 0x00, 0x00, 0x00,
    0x8F, 0x38, 0xF3, 0x00, 0x00, 0x0C, 0xE0, 0x2F, 0xC0, 0x00, 0x06, 0xF8, 0x00, 0x5F, 0xD8, 0x7A,
    0xFC, 0x00, 0x00, 0x3B, 0xEF, 0xD7, 0x00, 0x00, 0x00, 0x00, 0x08, 0xF5, 0x00, 0x00, 0x00, 0x01,
    0xF9, 0x00, 0x00, 0x00, 0x00, 0xAC, 0x00, 0x00, 0x00, 0x00, 0x00, 0x00, 0x00, 0x00, 0x00, 0x3B,
    0xEF, 0xD7, 0x00, 0x00, 0x5F, 0xE8, 0x7B, 0xFB, 0x00, 0x2F, 0xC0, 0x00, 0x06, 0xF7, 0x08, 0xF3,
    0x00, 0x00, 0x0C, 0xE0, 0xCE, 0x00, 0x00, 0x00, 0x8F, 0x2E, 0xC0, 0x00, 0x00, 0x06, 0xF4, 0xFB,
    0x00, 0x00, 0x00, 0x5F, 0x5E, 0xC0, 0x00, 0x00, 0x06, 0xF4, 0xCE, 0x00, 0x00, 0x00, 0x8F, 0x38,
    0xF3, 0x00, 0x00, 0x0C, 0xE0, 0x2F, 0xC0, 0x00, 0x06, 0xF8, 0x00, 0x5F, 0xD8, 0x7A, 0xFC, 0x00,
    0x00, 0x3B, 0xEF, 0xD7, 0x00, 0x00, 0x00, 0x01, 0xDE, 0x40, 0x00, 0x00, 0x02, 0xD6, 0x3E, 0x50,
    0x00, 0x00, 0x00, 0x00, 0x00, 0x00, 0x00, 0x03, 0xBE, 0xFD, 0x70, 0x00, 0x05, 0xFE, 0x87, 0xBF,
    0xB0, 0x02, 0xFC, 0x00, 0x00, 0x6F, 0x70, 0x8F, 0x30, 0x00, 0x00, 0xCE, 0x0C, 0xE0, 0x00, 0x00,
    0x08, 0xF2, 0xEC, 0x00, 0x00, 0x00, 0x6F, 0x4F, 0xB0, 0x00, 0x00, 0x05, 0xF5, 0xEC, 0x00, 0x00,
    0x00, 0x6F, 0x4C, 0xE0, 0x00, 0x00, 0x08, 0xF3, 0x8F, 0x30, 0x00, 0x00, 0xCE, 0x02, 0xFC, 0x00,
    0x00, 0x6F, 0x80, 0x05, 0xFD, 0x87, 0xAF, 0xC0, 0x00, 0x03, 0xBE, 0xFD, 0x70, 0x00, 0x00, 0x2D,
    0xC0, 0x0E, 0x30, 0x00, 0x0A, 0xA7, 0xB6, 0xF0, 0x00, 0x00, 0xD4, 0x08, 0xF7, 0x00, 0x00, 0x00,
    0x00, 0x00, 0x00, 0x00, 0x00, 0x3B, 0xEF, 0xD7, 0x00, 0x00, 0x5F, 0xE8, 0x7B, 0xFB, 0x00, 0x2F,
    0xC0, 0x00, 0x06, 0xF7, 0x08, 0xF3, 0x00, 0x00, 0x0C, 0xE0, 0xCE, 0x00, 0x00, 0x00, 0x8F, 0x2E,
    0xC0, 0x00, 0x00, 0x06, 0xF4, 0xFB, 0x00, 0x00, 0x00, 0x5F, 0x5E, 0xC0, 0x00, 0x00, 0x06, 0xF4,
    0xCE, 0x00, 0x00, 0x00, 0x8F, 0x38, 0xF3, 0x00, 0x00, 0x0C, 0xE0, 0x2F, 0xC0, 0x00, 0x06, 0xF8,
    0x00, 0x5F, 0xD8, 0x7A, 0xFC, 0x00, 0x00, 0x3B, 0xEF, 0xD7, 0x00, 0x00, 0x00, 0x0B, 0x70, 0x1C,
    0x40, 0x00, 0x00, 0xE9, 0x02, 0xF6, 0x00, 0x00, 0x00, 0x00, 0x00, 0x00, 0x00, 0x03, 0xBE, 0xFD,
    0x70, 0x00, 0x05, 0xFE, 0x87, 0xBF, 0xB0, 0x02, 0xFC, 0x00, 0x00, 0x6F, 0x70, 0x8F, 0x30, 0x00,
    0x00, 0xCE, 0x0C, 0xE0, 0x00, 0x00, 0x08, 0xF2, 0xEC, 0x00, 0x00, 0x00, 0x6F, 0x4F, 0xB0, 0x00,
    0x00, 0x05, 0xF5, 0xEC, 0x00, 0x00, 0x00, 0x6F, 0x4C, 0xE0, 0x00, 0x00, 0x08, 0xF3, 0x8F, 0x30,
    0x00, 0x00, 0xCE, 0x02, 0xFC, 0x00, 0x00, 0x6F, 0x80, 0x05, 0xFD, 0x87, 0xAF, 0xC0, 0x00, 0x03,
    0xBE, 0xFD, 0x70, 0x00, 0x09, 0x50, 0x00, 0x1B, 0x20, 0xBF, 0x50, 0x1C, 0xF4, 0x00, 0xBF, 0x6C,
    0xF4, 0x00, 0x00, 0xCF, 0xF4, 0x00, 0x00, 0x0D, 0xFF, 0x50, 0x00, 0x0C, 0xF5, 0xCF, 0x50, 0x0C,
    0xF5, 0x00, 0xCF, 0x40, 0xA5, 0x00, 0x00, 0xB3, 0x00, 0x00, 0x00, 0x00, 0x04, 0x20, 0x03, 0xBE,
    0xFD, 0x74, 0xE0, 0x05, 0xFE, 0x87, 0xBF, 0xF5, 0x02, 0xFC, 0x00, 0x00, 0xFF, 0x70, 0x8F, 0x30,
    0x00, 0x2E, 0xFD, 0x0C, 0xE0, 0x00, 0x0C, 0x78, 0xF2, 0xEC, 0x00, 0x06, 0xC0, 0x6F, 0x4F, 0xB0,
    0x01, 0xE3, 0x05, 0xF5, 0xEC, 0x00, 0xA8, 0x00, 0x6F, 0x4C, 0xE0, 0x5E, 0x00, 0x08, 0xF3, 0x8F,
    0x4E, 0x40, 0x00, 0xCE, 0x01, 0xFF, 0xB0, 0x00, 0x6F, 0x80, 0x08, 0xFF, 0x87, 0xAF, 0xC0, 0x00,
    0xD9, 0xBF, 0xFD, 0x70, 0x00, 0x39, 0x00, 0x00, 0x00, 0x00, 0x00, 0x00, 0x2F, 0xB0, 0x00, 0x00,
    0x00, 0x05, 0xF5, 0x00, 0x00, 0x00, 0x00, 0x9D, 0x00, 0x00, 0x00, 0x00, 0x00, 0x00, 0x00, 0xCE,
    0x00, 0x00, 0x03, 0xF8, 0xCE, 0x00, 0x00, 0x03, 0xF8, 0xCE, 0x00, 0x00, 0x03, 0xF8, 0xCE, 0x00,
    0x00, 0x03, 0xF8, 0xCE, 0x00, 0x00, 0x03, 0xF8, 0xCE, 0x00, 0x00, 0x03, 0xF8, 0xCE, 0x00, 0x00,
    0x03, 0xF8, 0xCE, 0x00, 0x00, 0x03, 0xF8, 0xCE, 0x00, 0x00, 0x03, 0xF7, 0xAF, 0x00, 0x00, 0x04,
    0xF6, 0x6F, 0x60, 0x00, 0x0B, 0xF2, 0x0C, 0xFA, 0x67, 0xCF, 0x70, 0x00, 0x7D, 0xFF, 0xB5, 0x00,
    0x00, 0x00, 0x08, 0xF5, 0x00, 0x00, 0x00, 0x1F, 0x90, 0x00, 0x00, 0x00, 0xAC, 0x00, 0x00, 0x00,
    0x00, 0x00, 0x00, 0x00, 0xCE, 0x00, 0x00, 0x03, 0xF8, 0xCE, 0x00, 0x00, 0x03, 0xF8, 0xCE, 0x00,
    0x00, 0x03, 0xF8, 0xCE, 0x00, 0x00, 0x03, 0xF8, 0xCE, 0x00, 0x00, 0x03, 0xF8, 0xCE, 0x00, 0x00,
    0x03, 0xF8, 0xCE, 0x00, 0x00, 0x03, 0xF8, 0xCE, 0x00, 0x00, 0x03, 0xF8, 0xCE, 0x00, 0x00, 0x03,
    0xF7, 0xAF, 0x00, 0x00, 0x04, 0xF6, 0x6F, 0x60, 0x00, 0x0B, 0xF2, 0x0C, 0xFA, 0x67, 0xCF, 0x70,
    0x00, 0x7D, 0xFF, 0xB5, 0x00, 0x00, 0x01, 0xDE, 0x40, 0x00, 0x00, 0x2D, 0x63, 0xE5, 0x00, 0x00,
    0x00, 0x00, 0x00, 0x00, 0xCE, 0x00, 0x00, 0x03, 0xF8, 0xCE, 0x00, 0x00, 0x03, 0xF8, 0xCE, 0x00,
    0x00, 0x03, 0xF8, 0xCE, 0x00, 0x00, 0x03, 0xF8, 0xCE, 0x00, 0x00, 0x03, 0xF8, 0xCE, 0x00, 0x00,
    0x03, 0xF8, 0xCE, 0x00, 0x00, 0x03, 0xF8, 0xCE, 0x00, 0x00, 0x03, 0xF8, 0xCE, 0x00, 0x00, 0x03,
    0xF7, 0xAF, 0x00, 0x00, 0x04, 0xF6, 0x6F, 0x60, 0x00, 0x0B, 0xF2, 0x0C, 0xFA, 0x67, 0xCF, 0x70,
    0x00, 0x7D, 0xFF, 0xB5, 0x00, 0x00, 0xB7, 0x01, 0xC4, 0x00, 0x00, 0xE9, 0x02, 0xF6, 0x00, 0x00,
    0x00, 0x00, 0x00, 0x00, 0xCE, 0x00, 0x00, 0x03, 0xF8, 0xCE, 0x00, 0x00, 0x03, 0xF8, 0xCE, 0x00,
    0x00, 0x03, 0xF8, 0xCE, 0x00, 0x00, 0x03, 0xF8, 0xCE, 0x00, 0x00, 0x03, 0xF8, 0xCE, 0x00, 0x00,
    0x03, 0xF8, 0xCE, 0x00, 0x00, 0x03, 0xF8, 0xCE, 0x00, 0x00, 0x03, 0xF8, 0xCE, 0x00, 0x00, 0x03,
    0xF7, 0xAF, 0x00, 0x00, 0x04, 0xF6, 0x6F, 0x60, 0x00, 0x0B, 0xF2, 0x0C, 0xFA, 0x67, 0xCF, 0x70,
    0x00, 0x7D, 0xFF, 0xB5, 0x00, 0x00, 0x00, 0x08, 0xF5, 0x00, 0x00, 0x00, 0x01, 0xF9, 0x00, 0x00,
    0x00, 0x00, 0xAC, 0x00, 0x00, 0x00, 0x00, 0x00, 0x00, 0x00, 0x00, 0x9F, 0x50, 0x00, 0x00, 0x8F,
    0x61, 0xFD, 0x00, 0x00, 0x1F, 0xD0, 0x08, 0xF5, 0x00, 0x08, 0xF4, 0x00, 0x0E, 0xD0, 0x01, 0xFC,
    0x00, 0x00, 0x6F, 0x50, 0x9F, 0x30, 0x00, 0x00, 0xDD, 0x2F, 0xA0, 0x00, 0x00, 0x05, 0xFD, 0xF2,
    0x00, 0x00, 0x00, 0x0C, 0xF9, 0x00, 0x00, 0x00, 0x00, 0x7F, 0x30, 0x00, 0x00, 0x00, 0x07, 0xF3,
    0x00, 0x00, 0x00, 0x00, 0x7F, 0x30, 0x00, 0x00, 0x00, 0x07, 0xF3, 0x00, 0x00, 0x00, 0x00, 0x7F,
    0x30, 0x00, 0x00, 0x8F, 0x10, 0x00, 0x00, 0x08, 0xF1, 0x00, 0x00, 0x00, 0x8F, 0x10, 0x00, 0x00,
    0x08, 0xFF, 0xFF, 0xEA, 0x20, 0x8F, 0x65, 0x57, 0xEF, 0x28, 0xF1, 0x00, 0x02, 0xFA, 0x8F, 0x10,
    0x00, 0x0D, 0xC8, 0xF1, 0x00, 0x01, 0xFA, 0x8F, 0x65, 0x57, 0xEF, 0x28, 0xFF, 0xFF, 0xEA, 0x20,
    0x8F, 0x10, 0x00, 0x00, 0x08, 0xF1, 0x00, 0x00, 0x00, 0x8F, 0x10, 0x00, 0x00, 0x00, 0x03, 0xCF,
    0xE9, 0x00, 0x02, 0xFC, 0x68, 0xF9, 0x00, 0x9F, 0x10, 0x0B, 0xE0, 0x0B, 0xE0, 0x00, 0xAE, 0x00,
    0xCD, 0x00, 0x1E, 0xA0, 0x0C, 0xD0, 0x08, 0xF2, 0x00, 0xCD, 0x00, 0xBE, 0x00, 0x0C, 0xD0, 0x08,
    0xF4, 0x00, 0xCD, 0x00, 0x0C, 0xF6, 0x0C, 0xD0, 0x00, 0x0B, 0xF5, 0xCD, 0x00, 0x00, 0x0D, 0xDC,
    0xD0, 0x00, 0x00, 0xCE, 0xCD, 0x0B, 0x85, 0x9F, 0x8C, 0xD0, 0x9E, 0xFE, 0x80, 0x00, 0x14, 0x20,
    0x00, 0x00, 0x01, 0xDD, 0x00, 0x00, 0x00, 0x03, 0xF7, 0x00, 0x00, 0x00, 0x06, 0xB0, 0x00, 0x00,
    0x00, 0x00, 0x00, 0x00, 0x04, 0xBE, 0xFB, 0x20, 0x05, 0xFB, 0x67, 0xEE, 0x10, 0xAB, 0x00, 0x05,
    0xF5, 0x00, 0x00, 0x00, 0x2F, 0x70, 0x05, 0xCE, 0xFF, 0xF7, 0x07, 0xF9, 0x32, 0x4F, 0x70, 0xFB,
    0x00, 0x02, 0xF7, 0x0F, 0xC0, 0x00, 0x9F, 0x70, 0xAF, 0xA7, 0xAF, 0xF8, 0x00, 0x9E, 0xFB, 0x3F,
    0xB0, 0x00, 0x00, 0x01, 0x42, 0x00, 0x00, 0x00, 0xAF, 0x30, 0x00, 0x00, 0x3F, 0x50, 0x00, 0x00,
    0x08, 0x80, 0x00, 0x00, 0x00, 0x00, 0x00, 0x00, 0x04, 0xBE, 0xFB, 0x20, 0x05, 0xFB, 0x67, 0xEE,
    0x10, 0xAB, 0x00, 0x05, 0xF5, 0x00, 0x00, 0x00, 0x2F, 0x70, 0x05, 0xCE, 0xFF, 0xF7, 0x07, 0xF9,
    0x32, 0x4F, 0x70, 0xFB, 0x00, 0x02, 0xF7, 0x0F, 0xC0, 0x00, 0x9F, 0x70, 0xAF, 0xA7, 0xAF, 0xF8,
    0x00, 0x9E, 0xFB, 0x3F, 0xB0, 0x00, 0x00, 0x23, 0x00, 0x00, 0x00, 0x4E, 0xD7, 0x00, 0x00, 0x2B,
    0x31, 0xA5, 0x00, 0x00, 0x00, 0x00, 0x00, 0x00, 0x4B, 0xEF, 0xB2, 0x00, 0x5F, 0xB6, 0x7E, 0xE1,
    0x0A, 0xB0, 0x00, 0x5F, 0x50, 0x00, 0x00, 0x02, 0xF7, 0x00, 0x5C, 0xEF, 0xFF, 0x70, 0x7F, 0x93,
    0x24, 0xF7, 0x0F, 0xB0, 0x00, 0x2F, 0x70, 0xFC, 0x00, 0x09, 0xF7, 0x0A, 0xFA, 0x7A, 0xFF, 0x80,
    0x09, 0xEF, 0xB3, 0xFB, 0x00, 0x02, 0x10, 0x03, 0x10, 0x04, 0xFE, 0x20, 0xF2, 0x00, 0xB8, 0x3D,
    0xAE, 0x00, 0x0A, 0x30, 0x4B, 0x30, 0x00, 0x00, 0x00, 0x00, 0x00, 0x04, 0xBE, 0xFB, 0x20, 0x05,
    0xFB, 0x67, 0xEE, 0x10, 0xAB, 0x00, 0x05, 0xF5, 0x00, 0x00, 0x00, 0x2F, 0x70, 0x05, 0xCE, 0xFF,
    0xF7, 0x07, 0xF9, 0x32, 0x4F, 0x70, 0xFB, 0x00, 0x02, 0xF7, 0x0F, 0xC0, 0x00, 0x9F, 0x70, 0xAF,
    0xA7, 0xAF, 0xF8, 0x00, 0x9E, 0xFB, 0x3F, 0xB0, 0x00, 0x32, 0x00, 0x41, 0x00, 0x0F, 0xB0, 0x3F,
    0x70, 0x00, 0x63, 0x00, 0x72, 0x00, 0x00, 0x00, 0x00, 0x00, 0x00, 0x4B, 0xEF, 0xB2, 0x00, 0x5F,
    0xB6, 0x7E, 0xE1, 0x0A, 0xB0, 0x00, 0x5F, 0x50, 0x00, 0x00, 0x02, 0xF7, 0x00, 0x5C, 0xEF, 0xFF,
    0x70, 0x7F, 0x93, 0x24, 0xF7, 0x0F, 0xB0, 0x00, 0x2F, 0x70, 0xFC, 0x00, 0x09, 0xF7, 0x0A, 0xFA,
    0x7A, 0xFF, 0x80, 0x09, 0xEF, 0xB3, 0xFB, 0x00, 0x04, 0xDC, 0x30, 0x00, 0x00, 0xC1, 0x2B, 0x00,
    0x00, 0x0D, 0x12, 0xB0, 0x00, 0x00, 0x4C, 0xC3, 0x00, 0x00, 0x00, 0x00, 0x00, 0x00, 0x04, 0xBE,
    0xFB, 0x20, 0x05, 0xFB, 0x67, 0xEE, 0x10, 0xAB, 0x00, 0x05, 0xF5, 0x00, 0x00, 0x00, 0x2F, 0x70,
    0x05, 0xCE, 0xFF, 0xF7, 0x07, 0xF9, 0x32, 0x4F, 0x70, 0xFB, 0x00, 0x02, 0xF7, 0x0F, 0xC0, 0x00,
    0x9F, 0x70, 0xAF, 0xA7, 0xAF, 0xF8, 0x00, 0x9E, 0xFB, 0x3F, 0xB0, 0x00, 0x7D, 0xFE, 0x90, 0x4C,
    0xFE, 0xA1, 0x00, 0x9F, 0xA6, 0x9F, 0xFF, 0xC6, 0x7E, 0xD0, 0x0E, 0xB0, 0x00, 0xAF, 0xD0, 0x00,
    0x4F, 0x50, 0x00, 0x13, 0x3D, 0xFC, 0x44, 0x44, 0xF8, 0x03, 0xCF, 0xFF, 0xFF, 0xFF, 0xFF, 0xFF,
    0x90, 0xEE, 0x40, 0x0B, 0xF6, 0x00, 0x00, 0x00, 0x3F, 0x70, 0x00, 0xAF, 0x80, 0x00, 0x00, 0x03,
    0xF7, 0x00, 0x0F, 0xFE, 0x00, 0x00, 0x10, 0x0E, 0xF7, 0x6C, 0xFA, 0xFC, 0x66, 0x9F, 0x30, 0x2C,
    0xFF, 0xB4, 0x03, 0xBF, 0xFD, 0x70, 0x00, 0x3B, 0xFF, 0xC4, 0x00, 0x2F, 0xD6, 0x7C, 0xF4, 0x0A,
    0xE1, 0x00, 0x0D, 0xB0, 0xF9, 0x00, 0x00, 0x00, 0x2F, 0x70, 0x00, 0x00, 0x02, 0xF7, 0x00, 0x00,
    0x00, 0x0F, 0x90, 0x00, 0x00, 0x00, 0xAE, 0x10, 0x00, 0xDB, 0x02, 0xFD, 0x66, 0xCF, 0x30, 0x03,
    0xBF, 0xFB, 0x30, 0x00, 0x00, 0xCA, 0x10, 0x00, 0x00, 0x03, 0xC9, 0x00, 0x00, 0x00, 0x0B, 0xA0,
    0x00, 0x00, 0x0E, 0xB1, 0x00, 0x00, 0x14, 0x20, 0x00, 0x00, 0x01, 0xDD, 0x00, 0x00, 0x00, 0x03,
    0xF7, 0x00, 0x00, 0x00, 0x06, 0xB0, 0x00, 0x00, 0x00, 0x00, 0x00, 0x00, 0x02, 0xAF, 0xFB, 0x30,
    0x01, 0xEE, 0x76, 0xDF, 0x10, 0xAF, 0x10, 0x01, 0xF9, 0x0F, 0xF5, 0x55, 0x5D, 0xC2, 0xFF, 0xFF,
    0xFF, 0xFE, 0x2F, 0x70, 0x00, 0x00, 0x00, 0xFA, 0x00, 0x00, 0x00, 0x0B, 0xF2, 0x00, 0x05, 0x10,
    0x2F, 0xE7, 0x59, 0xF6, 0x00, 0x2A, 0xEF, 0xC5, 0x00, 0x00, 0x00, 0x01, 0x42, 0x00, 0x00, 0x00,
    0xAF, 0x30, 0x00, 0x00, 0x3F, 0x50, 0x00, 0x00, 0x08, 0x80, 0x00, 0x00, 0x00, 0x00, 0x00, 0x00,
    0x02, 0xAF, 0xFB, 0x30, 0x01, 0xEE, 0x76, 0xDF, 0x10, 0xAF, 0x10, 0x01, 0xF9, 0x0F, 0xF5, 0x55,
    0x5D, 0xC2, 0xFF, 0xFF, 0xFF, 0xFE, 0x2F, 0x70, 0x00, 0x00, 0x00, 0xFA, 0x00, 0x00, 0x00, 0x0B,
    0xF2, 0x00, 0x05, 0x10, 0x2F, 0xE7, 0x59, 0xF6, 0x00, 0x2A, 0xEF, 0xC5, 0x00, 0x00, 0x00, 0x23,
    0x00, 0x00, 0x00, 0x4E, 0xD7, 0x00, 0x00, 0x2B, 0x31, 0xA5, 0x00, 0x00, 0x00, 0x00, 0x00, 0x00,
    0x2A, 0xFF, 0xB3, 0x00, 0x1E, 0xE7, 0x6D, 0xF1, 0x0A, 0xF1, 0x00, 0x1F, 0x90, 0xFF, 0x55, 0x55,
    0xDC, 0x2F, 0xFF, 0xFF, 0xFF, 0xE2, 0xF7, 0x00, 0x00, 0x00, 0x0F, 0xA0, 0x00, 0x00, 0x00, 0xBF,
    0x20, 0x00, 0x51, 0x02, 0xFE, 0x75, 0x9F, 0x60, 0x02, 0xAE, 0xFC, 0x50, 0x00, 0x32, 0x00, 0x41,
    0x00, 0x0F, 0xB0, 0x3F, 0x70, 0x00, 0x63, 0x00, 0x72, 0x00, 0x00, 0x00, 0x00, 0x00, 0x00, 0x2A,
    0xFF, 0xB3, 0x00, 0x1E, 0xE7, 0x6D, 0xF1, 0x0A, 0xF1, 0x00, 0x1F, 0x90, 0xFF, 0x55, 0x55, 0xDC,
    0x2F, 0xFF, 0xFF, 0xFF, 0xE2, 0xF7, 0x00, 0x00, 0x00, 0x0F, 0xA0, 0x00, 0x00, 0x00, 0xBF, 0x20,
    0x00, 0x51, 0x02, 0xFE, 0x75, 0x9F, 0x60, 0x02, 0xAE, 0xFC, 0x50, 0x28, 0x40, 0x00, 0xBF, 0x10,
    0x01, 0xE9, 0x00, 0x03, 0x70, 0x00, 0x00, 0x00, 0x0A, 0xF0, 0x00, 0xAF, 0x00, 0x0A, 0xF0, 0x00,
    0xAF, 0x00, 0x0A, 0xF0, 0x00, 0xAF, 0x00, 0x0A, 0xF0, 0x00, 0xAF, 0x00, 0x0A, 0xF0, 0x00, 0xAF,
    0x00, 0x02, 0x84, 0x0C, 0xE1, 0x5F, 0x30, 0x64, 0x00, 0x00, 0x00, 0xAF, 0x00, 0xAF, 0x00, 0xAF,
    0x00, 0xAF, 0x00, 0xAF, 0x00, 0xAF, 0x00, 0xAF, 0x00, 0xAF, 0x00, 0xAF, 0x00, 0xAF, 0x00, 0x00,
    0x57, 0x00, 0x07, 0xDA, 0xB0, 0x27, 0x10, 0x64, 0x00, 0x00, 0x00, 0x00, 0xAF, 0x00, 0x00, 0xAF,
    0x00, 0x00, 0xAF, 0x00, 0x00, 0xAF, 0x00, 0x00, 0xAF, 0x00, 0x00, 0xAF, 0x00, 0x00, 0xAF, 0x00,
    0x00, 0xAF, 0x00, 0x00, 0xAF, 0x00, 0x00, 0xAF, 0x00, 0x03, 0x20, 0x04, 0x10, 0xFB, 0x03, 0xF7,
    0x06, 0x30, 0x07, 0x20, 0x00, 0x00, 0x00, 0x00, 0xAF, 0x00, 0x00, 0x0A, 0xF0, 0x00, 0x00, 0xAF,
    0x00, 0x00, 0x0A, 0xF0, 0x00, 0x00, 0xAF, 0x00, 0x00, 0x0A, 0xF0, 0x00, 0x00, 0xAF, 0x00, 0x00,
    0x0A, 0xF0, 0x00, 0x00, 0xAF, 0x00, 0x00, 0x0A, 0xF0, 0x00, 0x06, 0xC6, 0x00, 0x21, 0x00, 0x6D,
    0xFE, 0xAE, 0x50, 0x00, 0x08, 0xFF, 0x60, 0x00, 0x05, 0xE8, 0xEE, 0x10, 0x00, 0x01, 0x03, 0xF9,
    0x00, 0x1A, 0xFF, 0xAD, 0xF0, 0x0D, 0xF8, 0x68, 0xFF, 0x37, 0xF5, 0x00, 0x09, 0xF5, 0xCE, 0x00,
    0x00, 0x4F, 0x6D, 0xC0, 0x00, 0x04, 0xF6, 0xCE, 0x00, 0x00, 0x6F, 0x37, 0xF5, 0x00, 0x0D, 0xE0,
    0x0D, 0xF8, 0x5B, 0xF5, 0x00, 0x19, 0xEF, 0xC4, 0x00, 0x00, 0x54, 0x00, 0x62, 0x06, 0xFE, 0x40,
    0xF2, 0x0C, 0x61, 0xDD, 0xD0, 0x07, 0x10, 0x27, 0x10, 0x00, 0x00, 0x00, 0x00, 0xCC, 0x4C, 0xFD,
    0x60, 0xCF, 0xE8, 0x7C, 0xF4, 0xCF, 0x30, 0x01, 0xF9, 0xDF, 0x00, 0x00, 0xEB, 0xDF, 0x00, 0x00,
    0xEB, 0xCD, 0x00, 0x00, 0xEB, 0xCD, 0x00, 0x00, 0xEB, 0xCD, 0x00, 0x00, 0xEB, 0xCD, 0x00, 0x00,
    0xEB, 0xCD, 0x00, 0x00, 0xEB, 0x00, 0x14, 0x20, 0x00, 0x00, 0x00, 0x1D, 0xD0, 0x00, 0x00, 0x00,
    0x03, 0xF7, 0x00, 0x00, 0x00, 0x00, 0x6B, 0x00, 0x00, 0x00, 0x00, 0x00, 0x00, 0x00, 0x00, 0x2A,
    0xEF, 0xC4, 0x00, 0x02, 0xEE, 0x76, 0xCF, 0x50, 0x0A, 0xF2, 0x00, 0x0D, 0xE0, 0x0F, 0xA0, 0x00,
    0x06, 0xF4, 0x2F, 0x70, 0x00, 0x03, 0xF6, 0x2F, 0x70, 0x00, 0x03, 0xF7, 0x0F, 0xA0, 0x00, 0x06,
    0xF4, 0x0B, 0xF2, 0x00, 0x0C, 0xE0, 0x02, 0xEE, 0x66, 0xCF, 0x50, 0x00, 0x2A, 0xEF, 0xC4, 0x00,
    0x00, 0x00, 0x01, 0x42, 0x00, 0x00, 0x00, 0x0A, 0xF3, 0x00, 0x00, 0x00, 0x3F, 0x50, 0x00, 0x00,
    0x00, 0x88, 0x00, 0x00, 0x00, 0x00, 0x00, 0x00, 0x00, 0x00, 0x2A, 0xEF, 0xC4, 0x00, 0x02, 0xEE,
    0x76, 0xCF, 0x50, 0x0A, 0xF2, 0x00, 0x0D, 0xE0, 0x0F, 0xA0, 0x00, 0x06, 0xF4, 0x2F, 0x70, 0x00,
    0x03, 0xF6, 0x2F, 0x70, 0x00, 0x03, 0xF7, 0x0F, 0xA0, 0x00, 0x06, 0xF4, 0x0B, 0xF2, 0x00, 0x0C,
    0xE0, 0x02, 0xEE, 0x66, 0xCF, 0x50, 0x00, 0x2A, 0xEF, 0xC4, 0x00, 0x00, 0x00, 0x23, 0x00, 0x00,
    0x00, 0x04, 0xED, 0x70, 0x00, 0x00, 0x2B, 0x31, 0xA5, 0x00, 0x00, 0x00, 0x00, 0x00, 0x00, 0x00,
    0x2A, 0xEF, 0xC4, 0x00, 0x02, 0xEE, 0x76, 0xCF, 0x50, 0x0A, 0xF2, 0x00, 0x0D, 0xE0, 0x0F, 0xA0,
    0x00, 0x06, 0xF4, 0x2F, 0x70, 0x00, 0x03, 0xF6, 0x2F, 0x70, 0x00, 0x03, 0xF7, 0x0F, 0xA0, 0x00,
    0x06, 0xF4, 0x0B, 0xF2, 0x00, 0x0C, 0xE0, 0x02, 0xEE, 0x66, 0xCF, 0x50, 0x00, 0x2A, 0xEF, 0xC4,
    0x00, 0x00, 0x02, 0x10, 0x03, 0x10, 0x00, 0x4F, 0xE2, 0x0F, 0x20, 0x00, 0xB8, 0x3D, 0xAE, 0x00,
    0x00, 0xA3, 0x04, 0xB3, 0x00, 0x00, 0x00, 0x00, 0x00, 0x00, 0x00, 0x2A, 0xEF, 0xC4, 0x00, 0x02,
    0xEE, 0x76, 0xCF, 0x50, 0x0A, 0xF2, 0x00, 0x0D, 0xE0, 0x0F, 0xA0, 0x00, 0x06, 0xF4, 0x2F, 0x70,
    0x00, 0x03, 0xF6, 0x2F, 0x70, 0x00, 0x03, 0xF7, 0x0F, 0xA0, 0x00, 0x06, 0xF4, 0x0B, 0xF2, 0x00,
    0x0C, 0xE0, 0x02, 0xEE, 0x66, 0xCF, 0x50, 0x00, 0x2A, 0xEF, 0xC4, 0x00, 0x00, 0x32, 0x00, 0x41,
    0x00, 0x00, 0xFB, 0x03, 0xF7, 0x00, 0x00, 0x63, 0x00, 0x72, 0x00, 0x00, 0x00, 0x00, 0x00, 0x00,
    0x00, 0x2A, 0xEF, 0xC4, 0x00, 0x02, 0xEE, 0x76, 0xCF, 0x50, 0x0A, 0xF2, 0x00, 0x0D, 0xE0, 0x0F,
    0xA0, 0x00, 0x06, 0xF4, 0x2F, 0x70, 0x00, 0x03, 0xF6, 0x2F, 0x70, 0x00, 0x03, 0xF7, 0x0F, 0xA0,
    0x00, 0x06, 0xF4, 0x0B, 0xF2, 0x00, 0x0C, 0xE0, 0x02, 0xEE, 0x66, 0xCF, 0x50, 0x00, 0x2A, 0xEF,
    0xC4, 0x00, 0x00, 0x00, 0xAC, 0x00, 0x00, 0x00, 0x00, 0xBD, 0x00, 0x00, 0x00, 0x00, 0x00, 0x00,
    0x00, 0x00, 0x00, 0x00, 0x00, 0x00, 0x6F, 0xFF, 0xFF, 0xFF, 0xF6, 0x6F, 0xFF, 0xFF, 0xFF, 0xF6,
    0x00, 0x00, 0x00, 0x00, 0x00, 0x00, 0x00, 0x00, 0x00, 0x00, 0x00, 0x00, 0xBD, 0x00, 0x00, 0x00,
    0x00, 0xAC, 0x00, 0x00, 0x00, 0x00, 0x00, 0x0A, 0x60, 0x00, 0x2A, 0xEF, 0xEF, 0x00, 0x02, 0xEE,
    0x76, 0xFF, 0x50, 0x0A, 0xF2, 0x02, 0xFD, 0xE0, 0x0F, 0xA0, 0x0A, 0x76, 0xF4, 0x2F, 0x70, 0x2E,
    0x03, 0xF6, 0x2F, 0x70, 0x97, 0x03, 0xF6, 0x0F, 0xA1, 0xE0, 0x06, 0xF4, 0x0B, 0xFB, 0x80, 0x0C,
    0xE0, 0x02, 0xFF, 0x86, 0xCF, 0x50, 0x00, 0xAF, 0xEF, 0xC4, 0x00, 0x01, 0xE1, 0x00, 0x00, 0x00,
    0x02, 0x84, 0x00, 0x00, 0x00, 0xBF, 0x10, 0x00, 0x00, 0x1E, 0x90, 0x00, 0x00, 0x03, 0x70, 0x00,
    0x00, 0x00, 0x00, 0x00, 0xCD, 0x00, 0x00, 0xFB, 0xCD, 0x00, 0x00, 0xFB, 0xCD, 0x00, 0x00, 0xFB,
    0xCD, 0x00, 0x00, 0xFB, 0xCD, 0x00, 0x00, 0xFB, 0xCD, 0x00, 0x00, 0xFB, 0xCD, 0x00, 0x00, 0xFB,
    0xAF, 0x00, 0x02, 0xFB, 0x5F, 0xC6, 0x8E, 0xFB, 0x07, 0xDF, 0xD6, 0xEB, 0x00, 0x00, 0x28, 0x40,
    0x00, 0x00, 0xCE, 0x10, 0x00, 0x05, 0xF3, 0x00, 0x00, 0x06, 0x40, 0x00, 0x00, 0x00, 0x00, 0x00,
    0xCD, 0x00, 0x00, 0xFB, 0xCD, 0x00, 0x00, 0xFB, 0xCD, 0x00, 0x00, 0xFB, 0xCD, 0x00, 0x00, 0xFB,
    0xCD, 0x00, 0x00, 0xFB, 0xCD, 0x00, 0x00, 0xFB, 0xCD, 0x00, 0x00, 0xFB, 0xAF, 0x00, 0x02, 0xFB,
    0x5F, 0xC6, 0x8E, 0xFB, 0x07, 0xDF, 0xD6, 0xEB, 0x00, 0x05, 0x70, 0x00, 0x00, 0x7D, 0xAB, 0x00,
    0x02, 0x71, 0x06, 0x40, 0x00, 0x00, 0x00, 0x00, 0xCD, 0x00, 0x00, 0xFB, 0xCD, 0x00, 0x00, 0xFB,
    0xCD, 0x00, 0x00, 0xFB, 0xCD, 0x00, 0x00, 0xFB, 0xCD, 0x00, 0x00, 0xFB, 0xCD, 0x00, 0x00, 0xFB,
    0xCD, 0x00, 0x00, 0xFB, 0xAF, 0x00, 0x02, 0xFB, 0x5F, 0xC6, 0x8E, 0xFB, 0x07, 0xDF, 0xD6, 0xEB,
    0x03, 0x20, 0x04, 0x10, 0x0F, 0xB0, 0x3F, 0x70, 0x06, 0x30, 0x07, 0x20, 0x00, 0x00, 0x00, 0x00,
    0xCD, 0x00, 0x00, 0xFB, 0xCD, 0x00, 0x00, 0xFB, 0xCD, 0x00, 0x00, 0xFB, 0xCD, 0x00, 0x00, 0xFB,
    0xCD, 0x00, 0x00, 0xFB, 0xCD, 0x00, 0x00, 0xFB, 0xCD, 0x00, 0x00, 0xFB, 0xAF, 0x00, 0x02, 0xFB,
    0x5F, 0xC6, 0x8E, 0xFB, 0x07, 0xDF, 0xD6, 0xEB, 0x00, 0x00, 0x28, 0x40, 0x00, 0x00, 0x0C, 0xE1,
    0x00, 0x00, 0x05, 0xF3, 0x00, 0x00, 0x00, 0x64, 0x00, 0x00, 0x00, 0x00, 0x00, 0x00, 0x0A, 0xF2,
    0x00, 0x09, 0xF2, 0x4F, 0x70, 0x00, 0xEC, 0x00, 0xEC, 0x00, 0x2F, 0x70, 0x09, 0xF1, 0x07, 0xF2,
    0x00, 0x4F, 0x60, 0xCC, 0x00, 0x00, 0xEB, 0x1F, 0x70, 0x00, 0x09, 0xF6, 0xF2, 0x00, 0x00, 0x3F,
    0xFC, 0x00, 0x00, 0x00, 0xEF, 0x70, 0x00, 0x00, 0x0D, 0xF2, 0x00, 0x00, 0x00, 0xAD, 0x00, 0x00,
    0x00, 0x1F, 0x70, 0x00, 0x01, 0x7D, 0xE1, 0x00, 0x00, 0x3F, 0xC3, 0x00, 0x00, 0x00, 0xBF, 0x00,
    0x00, 0x00, 0x0B, 0xF0, 0x00, 0x00, 0x00, 0xBF, 0x00, 0x00, 0x00, 0x0B, 0xF0, 0x00, 0x00, 0x00,
    0xBF, 0x5D, 0xFD, 0x70, 0x0B, 0xFE, 0x86, 0xDF, 0x70, 0xBF, 0x20, 0x00, 0xDE, 0x0B, 0xF0, 0x00,
    0x07, 0xF2, 0xEF, 0x00, 0x00, 0x5F, 0x4F, 0xF0, 0x00, 0x05, 0xF4, 0xCF, 0x00, 0x00, 0x7F, 0x2B,
    0xF1, 0x00, 0x0D, 0xE0, 0xBF, 0xE7, 0x6C, 0xF6, 0x0B, 0xF5, 0xDF, 0xE7, 0x00, 0xBF, 0x00, 0x00,
    0x00, 0x0B, 0xF0, 0x00, 0x00, 0x00, 0xBF, 0x00, 0x00, 0x00, 0x0B, 0xF0, 0x00, 0x00, 0x00, 0x00,
    0x32, 0x00, 0x41, 0x00, 0x0F, 0xB0, 0x3F, 0x70, 0x00, 0x63, 0x00, 0x72, 0x00, 0x00, 0x00, 0x00,
    0x00, 0xAF, 0x20, 0x00, 0x9F, 0x24, 0xF7, 0x00, 0x0E, 0xC0, 0x0E, 0xC0, 0x02, 0xF7, 0x00, 0x9F,
    0x10, 0x7F, 0x20, 0x04, 0xF6, 0x0C, 0xC0, 0x00, 0x0E, 0xB1, 0xF7, 0x00, 0x00, 0x9F, 0x6F, 0x20,
    0x00, 0x03, 0xFF, 0xC0, 0x00, 0x00, 0x0E, 0xF7, 0x00, 0x00, 0x00, 0xDF, 0x20, 0x00, 0x00, 0x0A,
    0xD0, 0x00, 0x00, 0x01, 0xF7, 0x00, 0x00, 0x17, 0xDE, 0x10, 0x00, 0x03, 0xFC, 0x30, 0x00, 0x00,
    0x1F, 0x77, 0x77, 0xF1, 0x2C, 0x10, 0x02, 0xC1, 0x26, 0x70, 0x07, 0x61, 0x25, 0x70, 0x07, 0x61,
    0x25, 0x25, 0x62, 0x61, 0x25, 0x08, 0x80, 0x61, 0x25, 0x09, 0x70, 0x61, 0x25, 0x08, 0x80, 0x61,
    0x25, 0x16, 0x71, 0x61, 0x25, 0x70, 0x16, 0x61, 0x26, 0x70, 0x08, 0x61, 0x2B, 0x20, 0x03, 0xA1,
    0x2F, 0x77, 0x77, 0xF1, 0x1F, 0x77, 0x77, 0xF1, 0x2C, 0x10, 0x02, 0xC1, 0x26, 0x70, 0x07, 0x61,
    0x25, 0x70, 0x07, 0x61, 0x25, 0x25, 0x62, 0x61, 0x25, 0x08, 0x80, 0x61, 0x25, 0x09, 0x70, 0x61,
    0x25, 0x08, 0x80, 0x61, 0x25, 0x16, 0x71, 0x61, 0x25, 0x70, 0x16, 0x61, 0x26, 0x70, 0x08, 0x61,
    0x2B, 0x20, 0x03, 0xA1, 0x2F, 0x77, 0x77, 0xF1, 0x1F, 0x77, 0x77, 0xF1, 0x2C, 0x10, 0x02, 0xC1,
    0x26, 0x70, 0x07, 0x61, 0x25, 0x70, 0x07, 0x61, 0x25, 0x25, 0x62, 0x61, 0x25, 0x08, 0x80, 0x61,
    0x25, 0x09, 0x70, 0x61, 0x25, 0x08, 0x80, 0x61, 0x25, 0x16, 0x71, 0x61, 0x25, 0x70, 0x16, 0x61,
    0x26, 0x70, 0x08, 0x61, 0x2B, 0x20, 0x03, 0xA1, 0x2F, 0x77, 0x77, 0xF1, 0x1F, 0x77, 0x77, 0xF1,
    0x2C, 0x10, 0x02, 0xC1, 0x26, 0x70, 0x07, 0x61, 0x25, 0x70, 0x07, 0x61, 0x25, 0x25, 0x62, 0x61,
    0x25, 0x08, 0x80, 0x61, 0x25, 0x09, 0x70, 0x61, 0x25, 0x08, 0x80, 0x61, 0x25, 0x16, 0x71, 0x61,
    0x25, 0x70, 0x16, 0x61, 0x26, 0x70, 0x08, 0x61, 0x2B, 0x20, 0x03, 0xA1, 0x2F, 0x77, 0x77, 0xF1,
    0x1F, 0x77, 0x77, 0xF1, 0x2C, 0x10, 0x02, 0xC1, 0x26, 0x70, 0x07, 0x61, 0x25, 0x70, 0x07, 0x61,
    0x25, 0x25, 0x62, 0x61, 0x25, 0x08, 0x80, 0x61, 0x25, 0x09, 0x70, 0x61, 0x25, 0x08, 0x80, 0x61,
    0x25, 0x16, 0x71, 0x61, 0x25, 0x70, 0x16, 0x61, 0x26, 0x70, 0x08, 0x61, 0x2B, 0x20, 0x03, 0xA1,
    0x2F, 0x77, 0x77, 0xF1, 0x1F, 0x77, 0x77, 0xF1, 0x2C, 0x10, 0x02, 0xC1, 0x26, 0x70, 0x07, 0x61,
    0x25, 0x70, 0x07, 0x61, 0x25, 0x25, 0x62, 0x61, 0x25, 0x08, 0x80, 0x61, 0x25, 0x09, 0x70, 0x61,
    0x25, 0x08, 0x80, 0x61, 0x25, 0x16, 0x71, 0x61, 0x25, 0x70, 0x16, 0x61, 0x26, 0x70, 0x08, 0x61,
    0x2B, 0x20, 0x03, 0xA1, 0x2F, 0x77, 0x77, 0xF1, 0x1F, 0x77, 0x77, 0xF1, 0x2C, 0x10, 0x02, 0xC1,
    0x26, 0x70, 0x07, 0x61, 0x25, 0x70, 0x07, 0x61, 0x25, 0x25, 0x62, 0x61, 0x25, 0x08, 0x80, 0x61,
    0x25, 0x09, 0x70, 0x61, 0x25, 0x08, 0x80, 0x61, 0x25, 0x16, 0x71, 0x61, 0x25, 0x70, 0x16, 0x61,
    0x26, 0x70, 0x08, 0x61, 0x2B, 0x20, 0x03, 0xA1, 0x2F, 0x77, 0x77, 0xF1, 0x1F, 0x77, 0x77, 0xF1,
    0x2C, 0x10, 0x02, 0xC1, 0x26, 0x70, 0x07, 0x61, 0x25, 0x70, 0x07, 0x61, 0x25, 0x25, 0x62, 0x61,
    0x25, 0x08, 0x80, 0x61, 0x25, 0x09, 0x70, 0x61, 0x25, 0x08, 0x80, 0x61, 0x25, 0x16, 0x71, 0x61,
    0x25, 0x70, 0x16, 0x61, 0x26, 0x70, 0x08, 0x61, 0x2B, 0x20, 0x03, 0xA1, 0x2F, 0x77, 0x77, 0xF1,
    0x1F, 0x77, 0x77, 0xF1, 0x2C, 0x10, 0x02, 0xC1, 0x26, 0x70, 0x07, 0x61, 0x25, 0x70, 0x07, 0x61,
    0x25, 0x25, 0x62, 0x61, 0x25, 0x08, 0x80, 0x61, 0x25, 0x09, 0x70, 0x61, 0x25, 0x08, 0x80, 0x61,
    0x25, 0x16, 0x71, 0x61, 0x25, 0x70, 0x16, 0x61, 0x26, 0x70, 0x08, 0x61, 0x2B, 0x20, 0x03, 0xA1,
    0x2F, 0x77, 0x77, 0xF1, 0x1F, 0x77, 0x77, 0xF1, 0x2C, 0x10, 0x02, 0xC1, 0x26, 0x70, 0x07, 0x61,
    0x25, 0x70, 0x07, 0x61, 0x25, 0x25, 0x62, 0x61, 0x25, 0x08, 0x80, 0x61, 0x25, 0x09, 0x70, 0x61,
    0x25, 0x08, 0x80, 0x61, 0x25, 0x16, 0x71, 0x61, 0x25, 0x70, 0x16, 0x61, 0x26, 0x70, 0x08, 0x61,
    0x2B, 0x20, 0x03, 0xA1, 0x2F, 0x77, 0x77, 0xF1, 0x1F, 0x77, 0x77, 0xF1, 0x2C, 0x10, 0x02, 0xC1,
    0x26, 0x70, 0x07, 0x61, 0x25, 0x70, 0x07, 0x61, 0x25, 0x25, 0x62, 0x61, 0x25, 0x08, 0x80, 0x61,
    0x25, 0x09, 0x70, 0x61, 0x25, 0x08, 0x80, 0x61, 0x25, 0x16, 0x71, 0x61, 0x25, 0x70, 0x16, 0x61,
    0x26, 0x70, 0x08, 0x61, 0x2B, 0x20, 0x03, 0xA1, 0x2F, 0x77, 0x77, 0xF1, 0x1F, 0x77, 0x77, 0xF1,
    0x2C, 0x10, 0x02, 0xC1, 0x26, 0x70, 0x07, 0x61, 0x25, 0x70, 0x07, 0x61, 0x25, 0x25, 0x62, 0x61,
    0x25, 0x08, 0x80, 0x61, 0x25, 0x09, 0x70, 0x61, 0x25, 0x08, 0x80, 0x61, 0x25, 0x16, 0x71, 0x61,
    0x25, 0x70, 0x16, 0x61, 0x26, 0x70, 0x08, 0x61, 0x2B, 0x20, 0x03, 0xA1, 0x2F, 0x77, 0x77, 0xF1,
    0x1F, 0x77, 0x77, 0xF1, 0x2C, 0x10, 0x02, 0xC1, 0x26, 0x70, 0x07, 0x61, 0x25, 0x70, 0x07, 0x61,
    0x25, 0x25, 0x62, 0x61, 0x25, 0x08, 0x80, 0x61, 0x25, 0x09, 0x70, 0x61, 0x25, 0x08, 0x80, 0x61,
    0x25, 0x16, 0x71, 0x61, 0x25, 0x70, 0x16, 0x61, 0x26, 0x70, 0x08, 0x61, 0x2B, 0x20, 0x03, 0xA1,
    0x2F, 0x77, 0x77, 0xF1, 0x1F, 0x77, 0x77, 0xF1, 0x2C, 0x10, 0x02, 0xC1, 0x26, 0x70, 0x07, 0x61,
    0x25, 0x70, 0x07, 0x61, 0x25, 0x25, 0x62, 0x61, 0x25, 0x08, 0x80, 0x61, 0x25, 0x09, 0x70, 0x61,
    0x25, 0x08, 0x80, 0x61, 0x25, 0x16, 0x71, 0x61, 0x25, 0x70, 0x16, 0x61, 0x26, 0x70, 0x08, 0x61,
    0x2B, 0x20, 0x03, 0xA1, 0x2F, 0x77, 0x77, 0xF1, 0x07, 0xE1, 0x08, 0xE2, 0x00, 0x00, 0x00, 0x00,
    0x00, 0x00, 0x00, 0x00, 0x00, 0x00, 0x00, 0x00, 0x0E, 0xB0, 0x0E, 0xA0, 0x3F, 0x50, 0x6A, 0x00,
    0x1F, 0x77, 0x77, 0xF1, 0x2C, 0x10, 0x02, 0xC1, 0x26, 0x70, 0x07, 0x61, 0x25, 0x70, 0x07, 0x61,
    0x25, 0x25, 0x62, 0x61, 0x25, 0x08, 0x80, 0x61, 0x25, 0x09, 0x70, 0x61, 0x25, 0x08, 0x80, 0x61,
    0x25, 0x16, 0x71, 0x61, 0x25, 0x70, 0x16, 0x61, 0x26, 0x70, 0x08, 0x61, 0x2B, 0x20, 0x03, 0xA1,
    0x2F, 0x77, 0x77, 0xF1, 0x1F, 0x77, 0x77, 0xF1, 0x2C, 0x10, 0x02, 0xC1, 0x26, 0x70, 0x07, 0x61,
    0x25, 0x70, 0x07, 0x61, 0x25, 0x25, 0x62, 0x61, 0x25, 0x08, 0x80, 0x61, 0x25, 0x09, 0x70, 0x61,
    0x25, 0x08, 0x80, 0x61, 0x25, 0x16, 0x71, 0x61, 0x25, 0x70, 0x16, 0x61, 0x26, 0x70, 0x08, 0x61,
    0x2B, 0x20, 0x03, 0xA1, 0x2F, 0x77, 0x77, 0xF1, 0x1F, 0x77, 0x77, 0xF1, 0x2C, 0x10, 0x02, 0xC1,
    0x26, 0x70, 0x07, 0x61, 0x25, 0x70, 0x07, 0x61, 0x25, 0x25, 0x62, 0x61, 0x25, 0x08, 0x80, 0x61,
    0x25, 0x09, 0x70, 0x61, 0x25, 0x08, 0x80, 0x61, 0x25, 0x16, 0x71, 0x61, 0x25, 0x70, 0x16, 0x61,
    0x26, 0x70, 0x08, 0x61, 0x2B, 0x20, 0x03, 0xA1, 0x2F, 0x77, 0x77, 0xF1, 0x1F, 0x77, 0x77, 0xF1,
    0x2C, 0x10, 0x02, 0xC1, 0x26, 0x70, 0x07, 0x61, 0x25, 0x70, 0x07, 0x61, 0x25, 0x25, 0x62, 0x61,
    0x25, 0x08, 0x80, 0x61, 0x25, 0x09, 0x70, 0x61, 0x25, 0x08, 0x80, 0x61, 0x25, 0x16, 0x71, 0x61,
    0x25, 0x70, 0x16, 0x61, 0x26, 0x70, 0x08, 0x61, 0x2B, 0x20, 0x03, 0xA1, 0x2F, 0x77, 0x77, 0xF1,
    0x1F, 0x77, 0x77, 0xF1, 0x2C, 0x10, 0x02, 0xC1, 0x26, 0x70, 0x07, 0x61, 0x25, 0x70, 0x07, 0x61,
    0x25, 0x25, 0x62, 0x61, 0x25, 0x08, 0x80, 0x61, 0x25, 0x09, 0x70, 0x61, 0x25, 0x08, 0x80, 0x61,
    0x25, 0x16, 0x71, 0x61, 0x25, 0x70, 0x16, 0x61, 0x26, 0x70, 0x08, 0x61, 0x2B, 0x20, 0x03, 0xA1,
    0x2F, 0x77, 0x77, 0xF1, 0x0F, 0x72, 0xF1, 0x4C, 0x00, 0x00, 0x0E, 0xA0, 0x0A, 0x81, 0xF3, 0xA8,
    0xCB, 0x00, 0x0D, 0xB0, 0x00, 0x74, 0x00, 0x00, 0x00, 0x00, 0x01, 0xF4, 0x00, 0x00, 0x00, 0x00,
    0x03, 0xE0, 0x1F, 0xF0, 0x00, 0x00, 0x02, 0x50, 0x6F, 0xF3, 0x00, 0x00, 0x00, 0x00, 0xCC, 0xF9,
    0x00, 0x00, 0x00, 0x02, 0xF6, 0xAE, 0x00, 0x00, 0x00, 0x08, 0xF1, 0x4F, 0x50, 0x00, 0x00, 0x0E,
    0xA0, 0x0E, 0xB0, 0x00, 0x00, 0x4F, 0x50, 0x09, 0xF1, 0x00, 0x00, 0xAE, 0x00, 0x03, 0xF7, 0x00,
    0x01, 0xFF, 0x66, 0x66, 0xFF, 0x00, 0x06, 0xFF, 0xFF, 0xFF, 0xFF, 0x30, 0x0D, 0xE0, 0x00, 0x00,
    0x2F, 0x90, 0x2F, 0x80, 0x00, 0x00, 0x0C, 0xE0, 0x9F, 0x20, 0x00, 0x00, 0x06, 0xF5, 0x6D, 0x27,
    0xF2, 0x07, 0x40, 0x00, 0x00, 0x00, 0x00, 0x01, 0xF4, 0x00, 0x00, 0x00, 0x00, 0x00, 0x3E, 0x00,
    0x8F, 0xFF, 0xFF, 0xFF, 0x82, 0x50, 0x08, 0xF9, 0x66, 0x66, 0x63, 0x00, 0x00, 0x8F, 0x30, 0x00,
    0x00, 0x00, 0x00, 0x08, 0xF3, 0x00, 0x00, 0x00, 0x00, 0x00, 0x8F, 0x30, 0x00, 0x00, 0x00, 0x00,
    0x08, 0xF9, 0x66, 0x66, 0x40, 0x00, 0x00, 0x8F, 0xFF, 0xFF, 0xFB, 0x00, 0x00, 0x08, 0xF3, 0x00,
    0x00, 0x00, 0x00, 0x00, 0x8F, 0x30, 0x00, 0x00, 0x00, 0x00, 0x08, 0xF3, 0x00, 0x00, 0x00, 0x00,
    0x00, 0x8F, 0x30, 0x00, 0x00, 0x00, 0x00, 0x08, 0xF9, 0x66, 0x66, 0x63, 0x00, 0x00, 0x8F, 0xFF,
    0xFF, 0xFF, 0x90, 0x0F, 0x70, 0x00, 0x00, 0x00, 0x00, 0x00, 0x02, 0xF1, 0x08, 0xF3, 0x00, 0x00,
    0x05, 0xF5, 0x4C, 0x00, 0x8F, 0x30, 0x00, 0x00, 0x5F, 0x50, 0x00, 0x08, 0xF3, 0x00, 0x00, 0x05,
    0xF5, 0x00, 0x00, 0x8F, 0x30, 0x00, 0x00, 0x5F, 0x50, 0x00, 0x08, 0xF3, 0x00, 0x00, 0x05, 0xF5,
    0x00, 0x00, 0x8F, 0x96, 0x66, 0x66, 0xAF, 0x50, 0x00, 0x08, 0xFF, 0xFF, 0xFF, 0xFF, 0xF5, 0x00,
    0x00, 0x8F, 0x30, 0x00, 0x00, 0x5F, 0x50, 0x00, 0x08, 0xF3, 0x00, 0x00, 0x05, 0xF5, 0x00, 0x00,
    0x8F, 0x30, 0x00, 0x00, 0x5F, 0x50, 0x00, 0x08, 0xF3, 0x00, 0x00, 0x05, 0xF5, 0x00, 0x00, 0x8F,
    0x30, 0x00, 0x00, 0x5F, 0x50, 0x00, 0x08, 0xF3, 0x00, 0x00, 0x05, 0xF5, 0x07, 0x40, 0x00, 0x1F,
    0x40, 0x00, 0x3E, 0x06, 0xF5, 0x25, 0x06, 0xF5, 0x00, 0x06, 0xF5, 0x00, 0x06, 0xF5, 0x00, 0x06,
    0xF5, 0x00, 0x06, 0xF5, 0x00, 0x06, 0xF5, 0x00, 0x06, 0xF5, 0x00, 0x06, 0xF5, 0x00, 0x06, 0xF5,
    0x00, 0x06, 0xF5, 0x00, 0x06, 0xF5, 0x00, 0x06, 0xF5, 0x1F, 0x77, 0x77, 0xF1, 0x2C, 0x10, 0x02,
    0xC1, 0x26, 0x70, 0x07, 0x61, 0x25, 0x70, 0x07, 0x61, 0x25, 0x25, 0x62, 0x61, 0x25, 0x08, 0x80,
    0x61, 0x25, 0x09, 0x70, 0x61, 0x25, 0x08, 0x80, 0x61, 0x25, 0x16, 0x71, 0x61, 0x25, 0x70, 0x16,
    0x61, 0x26, 0x70, 0x08, 0x61, 0x2B, 0x20, 0x03, 0xA1, 0x2F, 0x77, 0x77, 0xF1, 0x03, 0x20, 0x00,
    0x00, 0x00, 0x00, 0x00, 0xF5, 0x00, 0x00, 0x00, 0x00, 0x00, 0x2F, 0x00, 0x3B, 0xEF, 0xD7, 0x00,
    0x03, 0x80, 0x5F, 0xE8, 0x7B, 0xFB, 0x00, 0x00, 0x2F, 0xC0, 0x00, 0x06, 0xF7, 0x00, 0x08, 0xF3,
    0x00, 0x00, 0x0C, 0xE0, 0x00, 0xCE, 0x00, 0x00, 0x00, 0x8F, 0x20, 0x0E, 0xC0, 0x00, 0x00, 0x06,
    0xF4, 0x00, 0xFB, 0x00, 0x00, 0x00, 0x5F, 0x50, 0x0E, 0xC0, 0x00, 0x00, 0x06, 0xF4, 0x00, 0xCE,
    0x00, 0x00, 0x00, 0x8F, 0x30, 0x08, 0xF3, 0x00, 0x00, 0x0C, 0xE0, 0x00, 0x2F, 0xC0, 0x00, 0x06,
    0xF8, 0x00, 0x00, 0x5F, 0xD8, 0x7A, 0xFC, 0x00, 0x00, 0x00, 0x3B, 0xEF, 0xD7, 0x00, 0x00, 0x1F,
    0x77, 0x77, 0xF1, 0x2C, 0x10, 0x02, 0xC1, 0x26, 0x70, 0x07, 0x61, 0x25, 0x70, 0x07, 0x61, 0x25,
    0x25, 0x62, 0x61, 0x25, 0x08, 0x80, 0x61, 0x25, 0x09, 0x70, 0x61, 0x25, 0x08, 0x80, 0x61, 0x25,
    0x16, 0x71, 0x61, 0x25, 0x70, 0x16, 0x61, 0x26, 0x70, 0x08, 0x61, 0x2B, 0x20, 0x03, 0xA1, 0x2F,
    0x77, 0x77, 0xF1, 0x03, 0x20, 0x00, 0x00, 0x00, 0x00, 0x00, 0x0F, 0x50, 0x00, 0x00, 0x00, 0x00,
    0x00, 0x2F, 0x09, 0xF5, 0x00, 0x00, 0x08, 0xF6, 0x38, 0x01, 0xFD, 0x00, 0x00, 0x1F, 0xD0, 0x00,
    0x00, 0x8F, 0x50, 0x00, 0x8F, 0x40, 0x00, 0x00, 0x0E, 0xD0, 0x01, 0xFC, 0x00, 0x00, 0x00, 0x06,
    0xF5, 0x09, 0xF3, 0x00, 0x00, 0x00, 0x00, 0xDD, 0x2F, 0xA0, 0x00, 0x00, 0x00, 0x00, 0x5F, 0xDF,
    0x20, 0x00, 0x00, 0x00, 0x00, 0x0C, 0xF9, 0x00, 0x00, 0x00, 0x00, 0x00, 0x07, 0xF3, 0x00, 0x00,
    0x00, 0x00, 0x00, 0x07, 0xF3, 0x00, 0x00, 0x00, 0x00, 0x00, 0x07, 0xF3, 0x00, 0x00, 0x00, 0x00,
    0x00, 0x07, 0xF3, 0x00, 0x00, 0x00, 0x00, 0x00, 0x07, 0xF3, 0x00, 0x00, 0x03, 0x20, 0x00, 0x00,
    0x00, 0x00, 0x0F, 0x50, 0x00, 0x00, 0x00, 0x00, 0x2F, 0x00, 0x5C, 0xFF, 0xB3, 0x00, 0x38, 0x08,
    0xFB, 0x67, 0xDF, 0x50, 0x00, 0x4F, 0x90, 0x00, 0x0C, 0xF1, 0x00, 0xAF, 0x10, 0x00, 0x04, 0xF7,
    0x00, 0xED, 0x00, 0x00, 0x00, 0xFB, 0x00, 0xFB, 0x00, 0x00, 0x00, 0xFC, 0x00, 0xFB, 0x00, 0x00,
    0x00, 0xEC, 0x00, 0xEC, 0x00, 0x00, 0x00, 0xFB, 0x00, 0xBE, 0x00, 0x00, 0x01, 0xF8, 0x00, 0x5F,
    0x30, 0x00, 0x06, 0xF3, 0x00, 0x0D, 0xC0, 0x00, 0x1E, 0xA0, 0x00, 0x58, 0xFF, 0x57, 0xFF, 0x74,
    0x00, 0xFF, 0xFF, 0xAE, 0xFF, 0xFB, 0x00, 0x06, 0x60, 0x03, 0x20, 0xF6, 0x32, 0xED, 0x17, 0x0E,
    0xC5, 0x40, 0x00, 0x54, 0x00, 0x00, 0x00, 0x00, 0x04, 0xF5, 0x00, 0x00, 0x4F, 0x50, 0x00, 0x04,
    0xF5, 0x00, 0x00, 0x4F, 0x50, 0x00, 0x04, 0xF5, 0x00, 0x00, 0x4F, 0x50, 0x00, 0x04, 0xF5, 0x00,
    0x00, 0x4F, 0x60, 0x00, 0x01, 0xFC, 0x61, 0x00, 0x07, 0xEF, 0x20, 0x00, 0x00, 0x1F, 0xF0, 0x00,
    0x00, 0x00, 0x00, 0x6F, 0xF3, 0x00, 0x00, 0x00, 0x00, 0xCC, 0xF9, 0x00, 0x00, 0x00, 0x02, 0xF6,
    0xAE, 0x00, 0x00, 0x00, 0x08, 0xF1, 0x4F, 0x50, 0x00, 0x00, 0x0E, 0xA0, 0x0E, 0xB0, 0x00, 0x00,
    0x4F, 0x50, 0x09, 0xF1, 0x00, 0x00, 0xAE, 0x00, 0x03, 0xF7, 0x00, 0x01, 0xFF, 0x66, 0x66, 0xFF,
    0x00, 0x06, 0xFF, 0xFF, 0xFF, 0xFF, 0x30, 0x0D, 0xE0, 0x00, 0x00, 0x2F, 0x90, 0x2F, 0x80, 0x00,
    0x00, 0x0C, 0xE0, 0x9F, 0x20, 0x00, 0x00, 0x06, 0xF5, 0x8F, 0xFF, 0xFE, 0xB4, 0x00, 0x8F, 0x86,
    0x67, 0xDF, 0x40, 0x8F, 0x30, 0x00, 0x1F, 0xB0, 0x8F, 0x30, 0x00, 0x0D, 0xD0, 0x8F, 0x30, 0x00,
    0x2F, 0xA0, 0x8F, 0xAB, 0xBD, 0xFD, 0x10, 0x8F, 0xFF, 0xFF, 0xF9, 0x00, 0x8F, 0x30, 0x00, 0x5F,
    0xA0, 0x8F, 0x30, 0x00, 0x09, 0xF1, 0x8F, 0x30, 0x00, 0x08, 0xF2, 0x8F, 0x30, 0x00, 0x0C, 0xF0,
    0x8F, 0x86, 0x66, 0xCF, 0x70, 0x8F, 0xFF, 0xFF, 0xC6, 0x00, 0x7F, 0xFF, 0xFF, 0xFF, 0x67, 0xF8,
    0x66, 0x66, 0x62, 0x7F, 0x40, 0x00, 0x00, 0x07, 0xF4, 0x00, 0x00, 0x00, 0x7F, 0x40, 0x00, 0x00,
    0x07, 0xF4, 0x00, 0x00, 0x00, 0x7F, 0x40, 0x00, 0x00, 0x07, 0xF4, 0x00, 0x00, 0x00, 0x7F, 0x40,
    0x00, 0x00, 0x07, 0xF4, 0x00, 0x00, 0x00, 0x7F, 0x40, 0x00, 0x00, 0x07, 0xF4, 0x00, 0x00, 0x00,
    0x7F, 0x40, 0x00, 0x00, 0x00, 0x00, 0x00, 0x08, 0xF5, 0x00, 0x00, 0x00, 0x00, 0x00, 0xEF, 0xC0,
    0x00, 0x00, 0x00, 0x00, 0x5F, 0xBF, 0x20, 0x00, 0x00, 0x00, 0x0C, 0xD1, 0xF8, 0x00, 0x00, 0x00,
    0x03, 0xF7, 0x0A, 0xE0, 0x00, 0x00, 0x00, 0x9F, 0x10, 0x4F, 0x50, 0x00, 0x00, 0x1F, 0xA0, 0x00,
    0xEB, 0x00, 0x00, 0x07, 0xF3, 0x00, 0x08, 0xF1, 0x00, 0x00, 0xDD, 0x00, 0x00, 0x2F, 0x80, 0x00,
    0x4F, 0x60, 0x00, 0x00, 0xCE, 0x00, 0x0A, 0xF0, 0x00, 0x00, 0x06, 0xF4, 0x01, 0xFF, 0x66, 0x66,
    0x66, 0x7F, 0xA0, 0x8F, 0xFF, 0xFF, 0xFF, 0xFF, 0xFF, 0x10, 0x8F, 0xFF, 0xFF, 0xFF, 0x88, 0xF9,
    0x66, 0x66, 0x63, 0x8F, 0x30, 0x00, 0x00, 0x08, 0xF3, 0x00, 0x00, 0x00, 0x8F, 0x30, 0x00, 0x00,
    0x08, 0xF9, 0x66, 0x66, 0x40, 0x8F, 0xFF, 0xFF, 0xFB, 0x08, 0xF3, 0x00, 0x00, 0x00, 0x8F, 0x30,
    0x00, 0x00, 0x08, 0xF3, 0x00, 0x00, 0x00, 0x8F, 0x30, 0x00, 0x00, 0x08, 0xF9, 0x66, 0x66, 0x63,
    0x8F, 0xFF, 0xFF, 0xFF, 0x90, 0x2F, 0xFF, 0xFF, 0xFF, 0xFE, 0x00, 0x66, 0x66, 0x66, 0xAF, 0xA0,
    0x00, 0x00, 0x00, 0x1E, 0xE0, 0x00, 0x00, 0x00, 0x0A, 0xF4, 0x00, 0x00, 0x00, 0x05, 0xF9, 0x00,
    0x00, 0x00, 0x01, 0xED, 0x00, 0x00, 0x00, 0x00, 0xAF, 0x30, 0x00, 0x00, 0x00, 0x5F, 0x80, 0x00,
    0x00, 0x00, 0x1E, 0xD0, 0x00, 0x00, 0x00, 0x0B, 0xF3, 0x00, 0x00, 0x00, 0x06, 0xF8, 0x00, 0x00,
    0x00, 0x01, 0xFF, 0x66, 0x66, 0x66, 0x60, 0x3F, 0xFF, 0xFF, 0xFF, 0xFF, 0x10, 0x8F, 0x30, 0x00,
    0x00, 0x5F, 0x58, 0xF3, 0x00, 0x00, 0x05, 0xF5, 0x8F, 0x30, 0x00, 0x00, 0x5F, 0x58, 0xF3, 0x00,
    0x00, 0x05, 0xF5, 0x8F, 0x30, 0x00, 0x00, 0x5F, 0x58, 0xF9, 0x66, 0x66, 0x6A, 0xF5, 0x8F, 0xFF,
    0xFF, 0xFF, 0xFF, 0x58, 0xF3, 0x00, 0x00, 0x05, 0xF5, 0x8F, 0x30, 0x00, 0x00, 0x5F, 0x58, 0xF3,
    0x00, 0x00, 0x05, 0xF5, 0x8F, 0x30, 0x00, 0x00, 0x5F, 0x58, 0xF3, 0x00, 0x00, 0x05, 0xF5, 0x8F,
    0x30, 0x00, 0x00, 0x5F, 0x50, 0x00, 0x04, 0xBF, 0xFC, 0x60, 0x00, 0x00, 0x7F, 0xD8, 0x8C, 0xF9,
    0x00, 0x03, 0xFA, 0x00, 0x00, 0x9F, 0x50, 0x0A, 0xF1, 0x00, 0x00, 0x0F, 0xC0, 0x0E, 0xB0, 0x00,
    0x00, 0x0A, 0xF0, 0x0F, 0x90, 0x55, 0x55, 0x28, 0xF2, 0x1F, 0x91, 0xFF, 0xFF, 0x77, 0xF3, 0x0F,
    0xA0, 0x00, 0x00, 0x08, 0xF2, 0x0E, 0xC0, 0x00, 0x00, 0x0A, 0xF0, 0x0A, 0xF1, 0x00, 0x00, 0x0E,
    0xC0, 0x03, 0xFA, 0x00, 0x00, 0x8F, 0x50, 0x00, 0x7F, 0xD8, 0x7B, 0xFA, 0x00, 0x00, 0x04, 0xBF,
    0xFC, 0x60, 0x00, 0x6F, 0x56, 0xF5, 0x6F, 0x56, 0xF5, 0x6F, 0x56, 0xF5, 0x6F, 0x56, 0xF5, 0x6F,
    0x56, 0xF5, 0x6F, 0x56, 0xF5, 0x6F, 0x50, 0x8F, 0x30, 0x00, 0x09, 0xF7, 0x08, 0xF3, 0x00, 0x07,
    0xF9, 0x00, 0x8F, 0x30, 0x05, 0xFB, 0x00, 0x08, 0xF3, 0x03, 0xFC, 0x00, 0x00, 0x8F, 0x32, 0xED,
    0x10, 0x00, 0x08, 0xF4, 0xEF, 0x20, 0x00, 0x00, 0x8F, 0xFF, 0xF7, 0x00, 0x00, 0x08, 0xFF, 0x4C,
    0xF3, 0x00, 0x00, 0x8F, 0x70, 0x2F, 0xD1, 0x00, 0x08, 0xF3, 0x00, 0x5F, 0xA0, 0x00, 0x8F, 0x30,
    0x00, 0x9F, 0x60, 0x08, 0xF3, 0x00, 0x00, 0xDF, 0x30, 0x8F, 0x30, 0x00, 0x02, 0xFD, 0x00, 0x00,
    0x00, 0x1F, 0xF0, 0x00, 0x00, 0x00, 0x00, 0x6F, 0xF2, 0x00, 0x00, 0x00, 0x00, 0xCF, 0xF8, 0x00,
    0x00, 0x00, 0x02, 0xF8, 0xDD, 0x00, 0x00, 0x00, 0x08, 0xF3, 0x7F, 0x30, 0x00, 0x00, 0x0D, 0xD0,
    0x2F, 0x90, 0x00, 0x00, 0x3F, 0x80, 0x0C, 0xE0, 0x00, 0x00, 0x9F, 0x20, 0x07, 0xF4, 0x00, 0x00,
    0xED, 0x00, 0x01, 0xFA, 0x00, 0x04, 0xF7, 0x00, 0x00, 0xBF, 0x00, 0x0A, 0xF2, 0x00, 0x00, 0x6F,
    0x60, 0x0F, 0xC0, 0x00, 0x00, 0x1F, 0xB0, 0x6F, 0x70, 0x00, 0x00, 0x0B, 0xF1, 0x8F, 0xD0, 0x00,
    0x00, 0x00, 0x2F, 0xF3, 0x8F, 0xF4, 0x00, 0x00, 0x00, 0x8F, 0xF3, 0x8F, 0xFA, 0x00, 0x00, 0x00,
    0xEF, 0xF3, 0x8F, 0xAF, 0x10, 0x00, 0x05, 0xFA, 0xF3, 0x8F, 0x4F, 0x70, 0x00, 0x0B, 0xE6, 0xF3,
    0x8F, 0x1C, 0xD0, 0x00, 0x2F, 0x76, 0xF3, 0x8F, 0x26, 0xF3, 0x00, 0x8F, 0x16, 0xF3, 0x8F, 0x20,
    0xFA, 0x00, 0xEA, 0x07, 0xF3, 0x8F, 0x20, 0x9F, 0x15, 0xF4, 0x07, 0xF3, 0x8F, 0x20, 0x3F, 0x6B,
    0xE0, 0x07, 0xF3, 0x8F, 0x20, 0x0C, 0xDF, 0x70, 0x07, 0xF3, 0x8F, 0x20, 0x06, 0xFF, 0x10, 0x07,
    0xF3, 0x8F, 0x20, 0x00, 0xFA, 0x00, 0x07, 0xF3, 0x8F, 0x80, 0x00, 0x00, 0x5F, 0x58, 0xFF, 0x20,
    0x00, 0x05, 0xF5, 0x8F, 0xFC, 0x00, 0x00, 0x5F, 0x58, 0xFA, 0xF7, 0x00, 0x05, 0xF5, 0x8F, 0x3D,
    0xF2, 0x00, 0x5F, 0x58, 0xF3, 0x3F, 0xB0, 0x05, 0xF5, 0x8F, 0x30, 0x8F, 0x50, 0x5F, 0x58, 0xF3,
    0x00, 0xDE, 0x15, 0xF5, 0x8F, 0x30, 0x04, 0xFA, 0x5F, 0x58, 0xF3, 0x00, 0x09, 0xFA, 0xF5, 0x8F,
    0x30, 0x00, 0x1E, 0xFF, 0x58, 0xF3, 0x00, 0x00, 0x5F, 0xF5, 0x8F, 0x30, 0x00, 0x00, 0xBF, 0x50,
    0xEF, 0xFF, 0xFF, 0xFF, 0x25, 0x66, 0x66, 0x66, 0x60, 0x00, 0x00, 0x00, 0x00, 0x00, 0x00, 0x00,
    0x00, 0x00, 0x00, 0x00, 0x00, 0x00, 0x01, 0x66, 0x66, 0x66, 0x20, 0x3F, 0xFF, 0xFF, 0xF7, 0x00,
    0x00, 0x00, 0x00, 0x00, 0x00, 0x00, 0x00, 0x00, 0x00, 0x00, 0x00, 0x00, 0x00, 0x00, 0x00, 0x00,
    0x00, 0x05, 0x66, 0x66, 0x66, 0x61, 0xFF, 0xFF, 0xFF, 0xFF, 0x40, 0x00, 0x3B, 0xEF, 0xD7, 0x00,
    0x00, 0x5F, 0xE8, 0x7B, 0xFB, 0x00, 0x2F, 0xC0, 0x00, 0x06, 0xF7, 0x08, 0xF3, 0x00, 0x00, 0x0C,
    0xE0, 0xCE, 0x00, 0x00, 0x00, 0x8F, 0x2E, 0xC0, 0x00, 0x00, 0x06, 0xF4, 0xFB, 0x00, 0x00, 0x00,
    0x5F, 0x5E, 0xC0, 0x00, 0x00, 0x06, 0xF4, 0xCE, 0x00, 0x00, 0x00, 0x8F, 0x38, 0xF3, 0x00, 0x00,
    0x0C, 0xE0, 0x2F, 0xC0, 0x00, 0x06, 0xF8, 0x00, 0x5F, 0xD8, 0x7A, 0xFC, 0x00, 0x00, 0x3B, 0xEF,
    0xD7, 0x00, 0x00, 0x7F, 0xFF, 0xFF, 0xFF, 0xFF, 0x47, 0xF8, 0x66, 0x66, 0x6A, 0xF4, 0x7F, 0x40,
    0x00, 0x00, 0x6F, 0x47, 0xF4, 0x00, 0x00, 0x06, 0xF4, 0x7F, 0x40, 0x00, 0x00, 0x6F, 0x47, 0xF4,
    0x00, 0x00, 0x06, 0xF4, 0x7F, 0x40, 0x00, 0x00, 0x6F, 0x47, 0xF4, 0x00, 0x00, 0x06, 0xF4, 0x7F,
    0x40, 0x00, 0x00, 0x6F, 0x47, 0xF4, 0x00, 0x00, 0x06, 0xF4, 0x7F, 0x40, 0x00, 0x00, 0x6F, 0x47,
    0xF4, 0x00, 0x00, 0x06, 0xF4, 0x7F, 0x40, 0x00, 0x00, 0x6F, 0x40, 0x8F, 0xFF, 0xFF, 0xD8, 0x00,
    0x8F, 0x86, 0x66, 0xAF, 0xC0, 0x8F, 0x30, 0x00, 0x07, 0xF6, 0x8F, 0x30, 0x00, 0x01, 0xFA, 0x8F,
    0x30, 0x00, 0x00, 0xFA, 0x8F, 0x30, 0x00, 0x06, 0xF6, 0x8F, 0x96, 0x66, 0x9F, 0xD0, 0x8F, 0xFF,
    0xFF, 0xD8, 0x10, 0x8F, 0x30, 0x00, 0x00, 0x00, 0x8F, 0x30, 0x00, 0x00, 0x00, 0x8F, 0x30, 0x00,
    0x00, 0x00, 0x8F, 0x30, 0x00, 0x00, 0x00, 0x8F, 0x30, 0x00, 0x00, 0x00, 0x1F, 0x77, 0x77, 0xF1,
    0x2C, 0x10, 0x02, 0xC1, 0x26, 0x70, 0x07, 0x61, 0x25, 0x70, 0x07, 0x61, 0x25, 0x25, 0x62, 0x61,
    0x25, 0x08, 0x80, 0x61, 0x25, 0x09, 0x70, 0x61, 0x25, 0x08, 0x80, 0x61, 0x25, 0x16, 0x71, 0x61,
    0x25, 0x70, 0x16, 0x61, 0x26, 0x70, 0x08, 0x61, 0x2B, 0x20, 0x03, 0xA1, 0x2F, 0x77, 0x77, 0xF1,
    0x6F, 0xFF, 0xFF, 0xFF, 0xF2, 0x3F, 0xF6, 0x66, 0x66, 0x61, 0x06, 0xF9, 0x00, 0x00, 0x00, 0x00,
    0x9F, 0x60, 0x00, 0x00, 0x00, 0x0B, 0xF3, 0x00, 0x00, 0x00, 0x01, 0xDE, 0x10, 0x00, 0x00, 0x00,
    0x5F, 0x80, 0x00, 0x00, 0x01, 0xED, 0x10, 0x00, 0x00, 0x0C, 0xF3, 0x00, 0x00, 0x00, 0x9F, 0x50,
    0x00, 0x00, 0x06, 0xF9, 0x00, 0x00, 0x00, 0x3F, 0xF6, 0x66, 0x66, 0x63, 0x6F, 0xFF, 0xFF, 0xFF,
    0xF9, 0x9F, 0xFF, 0xFF, 0xFF, 0xFF, 0x53, 0x66, 0x6D, 0xF9, 0x66, 0x62, 0x00, 0x00, 0x7F, 0x30,
    0x00, 0x00, 0x00, 0x07, 0xF3, 0x00, 0x00, 0x00, 0x00, 0x7F, 0x30, 0x00, 0x00, 0x00, 0x07, 0xF3,
    0x00, 0x00, 0x00, 0x00, 0x7F, 0x30, 0x00, 0x00, 0x00, 0x07, 0xF3, 0x00, 0x00, 0x00, 0x00, 0x7F,
    0x30, 0x00, 0x00, 0x00, 0x07, 0xF3, 0x00, 0x00, 0x00, 0x00, 0x7F, 0x30, 0x00, 0x00, 0x00, 0x07,
    0xF3, 0x00, 0x00, 0x00, 0x00, 0x7F, 0x30, 0x00, 0x00, 0x9F, 0x50, 0x00, 0x00, 0x8F, 0x61, 0xFD,
    0x00, 0x00, 0x1F, 0xD0, 0x08, 0xF5, 0x00, 0x08, 0xF4, 0x00, 0x0E, 0xD0, 0x01, 0xFC, 0x00, 0x00,
    0x6F, 0x50, 0x9F, 0x30, 0x00, 0x00, 0xDD, 0x2F, 0xA0, 0x00, 0x00, 0x05, 0xFD, 0xF2, 0x00, 0x00,
    0x00, 0x0C, 0xF9, 0x00, 0x00, 0x00, 0x00, 0x7F, 0x30, 0x00, 0x00, 0x00, 0x07, 0xF3, 0x00, 0x00,
    0x00, 0x00, 0x7F, 0x30, 0x00, 0x00, 0x00, 0x07, 0xF3, 0x00, 0x00, 0x00, 0x00, 0x7F, 0x30, 0x00,
    0x00, 0x00, 0x00, 0x05, 0xF5, 0x00, 0x00, 0x00, 0x00, 0x00, 0x5F, 0x50, 0x00, 0x00, 0x00, 0x19,
    0xDF, 0xFF, 0xD8, 0x10, 0x00, 0x2E, 0xE9, 0xCF, 0xC9, 0xFE, 0x20, 0x0C, 0xE1, 0x05, 0xF5, 0x02,
    0xFC, 0x02, 0xF8, 0x00, 0x5F, 0x50, 0x09, 0xF2, 0x4F, 0x60, 0x05, 0xF5, 0x00, 0x7F, 0x33, 0xF8,
    0x00, 0x5F, 0x50, 0x08, 0xF2, 0x0D, 0xE1, 0x05, 0xF5, 0x02, 0xEC, 0x00, 0x3E, 0xF9, 0xCF, 0xB9,
    0xEE, 0x20, 0x00, 0x19, 0xDF, 0xFF, 0xD8, 0x10, 0x00, 0x00, 0x00, 0x5F, 0x50, 0x00, 0x00, 0x00,
    0x00, 0x05, 0xF5, 0x00, 0x00, 0x00, 0x1F, 0xD0, 0x00, 0x00, 0x9F, 0x60, 0x7F, 0x80, 0x00, 0x3F,
    0xC0, 0x00, 0xCF, 0x20, 0x0C, 0xF2, 0x00, 0x03, 0xFB, 0x06, 0xF8, 0x00, 0x00, 0x09, 0xF7, 0xFD,
    0x00, 0x00, 0x00, 0x0E, 0xFF, 0x40, 0x00, 0x00, 0x00, 0x8F, 0xD0, 0x00, 0x00, 0x00, 0x1E, 0xFF,
    0x50, 0x00, 0x00, 0x0A, 0xF5, 0xEE, 0x10, 0x00, 0x04, 0xFA, 0x05, 0xF9, 0x00, 0x00, 0xDF, 0x10,
    0x0B, 0xF3, 0x00, 0x8F, 0x60, 0x00, 0x2F, 0xD0, 0x2F, 0xC0, 0x00, 0x00, 0x8F, 0x70, 0x3F, 0x70,
    0x0C, 0xF0, 0x02, 0xF8, 0x3F, 0x70, 0x0C, 0xF0, 0x02, 0xF8, 0x3F, 0x70, 0x0C, 0xF0, 0x02, 0xF8,
    0x3F, 0x70, 0x0C, 0xF0, 0x02, 0xF8, 0x3F, 0x70, 0x0C, 0xF0, 0x02, 0xF8, 0x2F, 0x90, 0x0C, 0xF0,
    0x03, 0xF7, 0x0E, 0xD0, 0x0C, 0xF0, 0x08, 0xF3, 0x07, 0xF9, 0x0C, 0xF0, 0x4F, 0xC0, 0x00, 0xAF,
    0xEF, 0xFC, 0xFD, 0x10, 0x00, 0x04, 0x9F, 0xFA, 0x50, 0x00, 0x00, 0x00, 0x0C, 0xF0, 0x00, 0x00,
    0x00, 0x00, 0x0C, 0xF0, 0x00, 0x00, 0x00, 0x00, 0x0C, 0xF0, 0x00, 0x00, 0x00, 0x5C, 0xFF, 0xB3,
    0x00, 0x08, 0xFB, 0x67, 0xDF, 0x50, 0x4F, 0x90, 0x00, 0x0C, 0xF1, 0xAF, 0x10, 0x00, 0x04, 0xF7,
    0xED, 0x00, 0x00, 0x00, 0xFB, 0xFB, 0x00, 0x00, 0x00, 0xFC, 0xFB, 0x00, 0x00, 0x00, 0xEC, 0xEC,
    0x00, 0x00, 0x00, 0xFB, 0xBE, 0x00, 0x00, 0x01, 0xF8, 0x5F, 0x30, 0x00, 0x06, 0xF3, 0x0D, 0xC0,
    0x00, 0x1E, 0xA0, 0x58, 0xFF, 0x57, 0xFF, 0x74, 0xFF, 0xFF, 0xAE, 0xFF, 0xFB, 0x00, 0x00, 0x00,
    0x00, 0xEA, 0x03, 0xF6, 0x0A, 0x60, 0x1B, 0x40, 0x00, 0x00, 0x00, 0x00, 0x6F, 0x50, 0x00, 0x06,
    0xF5, 0x00, 0x00, 0x6F, 0x50, 0x00, 0x06, 0xF5, 0x00, 0x00, 0x6F, 0x50, 0x00, 0x06, 0xF5, 0x00,
    0x00, 0x6F, 0x50, 0x00, 0x06, 0xF5, 0x00, 0x00, 0x6F, 0x50, 0x00, 0x06, 0xF5, 0x00, 0x00, 0x6F,
    0x50, 0x00, 0x06, 0xF5, 0x00, 0x00, 0x6F, 0x50, 0x00, 0x00, 0x0B, 0x70, 0x1C, 0x40, 0x00, 0x00,
    0xE9, 0x02, 0xF6, 0x00, 0x00, 0x00, 0x00, 0x00, 0x00, 0x09, 0xF5, 0x00, 0x00, 0x08, 0xF6, 0x1F,
    0xD0, 0x00, 0x01, 0xFD, 0x00, 0x8F, 0x50, 0x00, 0x8F, 0x40, 0x00, 0xED, 0x00, 0x1F, 0xC0, 0x00,
    0x06, 0xF5, 0x09, 0xF3, 0x00, 0x00, 0x0D, 0xD2, 0xFA, 0x00, 0x00, 0x00, 0x5F, 0xDF, 0x20, 0x00,
    0x00, 0x00, 0xCF, 0x90, 0x00, 0x00, 0x00, 0x07, 0xF3, 0x00, 0x00, 0x00, 0x00, 0x7F, 0x30, 0x00,
    0x00, 0x00, 0x07, 0xF3, 0x00, 0x00, 0x00, 0x00, 0x7F, 0x30, 0x00, 0x00, 0x00, 0x07, 0xF3, 0x00,
    0x00, 0x00, 0x00, 0x03, 0x20, 0x00, 0x00, 0x00, 0x00, 0xF5, 0x00, 0x00, 0x00, 0x00, 0x2F, 0x00,
    0x00, 0x00, 0x00, 0x03, 0x80, 0x00, 0x00, 0x00, 0x00, 0x00, 0x00, 0x00, 0x00, 0x04, 0xCF, 0xD5,
    0x9D, 0x00, 0x02, 0xFE, 0x66, 0xEF, 0xD0, 0x00, 0xAF, 0x20, 0x02, 0xFD, 0x00, 0x0E, 0xB0, 0x00,
    0x0F, 0xE0, 0x00, 0xF9, 0x00, 0x00, 0xFF, 0x00, 0x1F, 0x80, 0x00, 0x0F, 0xF0, 0x00, 0xFA, 0x00,
    0x00, 0xFE, 0x00, 0x0B, 0xF1, 0x00, 0x2F, 0xD0, 0x00, 0x3F, 0xD7, 0x6E, 0xEF, 0x70, 0x00, 0x4D,
    0xFD, 0x62, 0xEE, 0x00, 0x00, 0x00, 0x03, 0x20, 0x00, 0x00, 0x00, 0xF5, 0x00, 0x00, 0x00, 0x2F,
    0x00, 0x00, 0x00, 0x03, 0x80, 0x00, 0x00, 0x00, 0x00, 0x00, 0x00, 0x06, 0xCF, 0xEB, 0x30, 0x07,
    0xFB, 0x56, 0xDF, 0x30, 0xED, 0x00, 0x01, 0xC7, 0x0D, 0xC0, 0x00, 0x00, 0x00, 0x5F, 0x95, 0x42,
    0x00, 0x01, 0xCF, 0xFF, 0xE0, 0x00, 0xDD, 0x30, 0x00, 0x00, 0x1F, 0x90, 0x00, 0x0E, 0xB0, 0xBF,
    0x95, 0x6D, 0xF5, 0x00, 0x8D, 0xFE, 0xB4, 0x00, 0x00, 0x00, 0x74, 0x00, 0x00, 0x01, 0xF4, 0x00,
    0x00, 0x03, 0xE0, 0x00, 0x00, 0x02, 0x50, 0x00, 0x00, 0x00, 0x00, 0x00, 0xBC, 0x4C, 0xFE, 0x70,
    0xBF, 0xE7, 0x6B, 0xF6, 0xBF, 0x20, 0x00, 0xEC, 0xBF, 0x00, 0x00, 0xCD, 0xCF, 0x00, 0x00, 0xCE,
    0xBE, 0x00, 0x00, 0xCE, 0xBE, 0x00, 0x00, 0xCE, 0xBE, 0x00, 0x00, 0xCE, 0xBE, 0x00, 0x00, 0xCE,
    0xBE, 0x00, 0x00, 0xCE, 0x00, 0x00, 0x00, 0xCE, 0x00, 0x00, 0x00, 0xCE, 0x00, 0x00, 0x00, 0xCE,
    0x00, 0x00, 0x00, 0xCE, 0x03, 0x20, 0x00, 0xF5, 0x00, 0x2F, 0x00, 0x03, 0x80, 0x00, 0x00, 0x00,
    0x04, 0xF5, 0x00, 0x4F, 0x50, 0x04, 0xF5, 0x00, 0x4F, 0x50, 0x04, 0xF5, 0x00, 0x4F, 0x50, 0x04,
    0xF5, 0x00, 0x4F, 0x60, 0x01, 0xFC, 0x61, 0x07, 0xEF, 0x20, 0x00, 0x06, 0x60, 0x00, 0x32, 0x0F,
    0x63, 0x20, 0xED, 0x17, 0x0E, 0xC0, 0x54, 0x00, 0x05, 0x40, 0x00, 0x00, 0x00, 0x00, 0xBE, 0x00,
    0x0A, 0xF1, 0xBE, 0x00, 0x04, 0xF7, 0xBE, 0x00, 0x00, 0xFB, 0xBE, 0x00, 0x00, 0xDD, 0xBE, 0x00,
    0x00, 0xBE, 0xBE, 0x00, 0x00, 0xDD, 0xBF, 0x00, 0x01, 0xFA, 0x8F, 0x20, 0x08, 0xF6, 0x2F, 0xD6,
    0x9F, 0xC0, 0x03, 0xCF, 0xE9, 0x00, 0x00, 0x4C, 0xFD, 0x59, 0xD0, 0x00, 0x2F, 0xE6, 0x6E, 0xFD,
    0x00, 0x0A, 0xF2, 0x00, 0x2F, 0xD0, 0x00, 0xEB, 0x00, 0x00, 0xFE, 0x00, 0x0F, 0x90, 0x00, 0x0F,
    0xF0, 0x01, 0xF8, 0x00, 0x00, 0xFF, 0x00, 0x0F, 0xA0, 0x00, 0x0F, 0xE0, 0x00, 0xBF, 0x10, 0x02,
    0xFD, 0x00, 0x03, 0xFD, 0x76, 0xEE, 0xF7, 0x00, 0x04, 0xDF, 0xD6, 0x2E, 0xE0, 0x00, 0x8E, 0xFD,
    0x60, 0x00, 0xCF, 0x75, 0xBF, 0x60, 0x6F, 0x50, 0x00, 0xDE, 0x09, 0xF0, 0x00, 0x09, 0xF0, 0x9F,
    0x00, 0x00, 0xCE, 0x09, 0xF0, 0x26, 0xAF, 0x40, 0x9F, 0x0C, 0xFF, 0xE3, 0x09, 0xF0, 0x00, 0x2C,
    0xF2, 0x9F, 0x00, 0x00, 0x2F, 0x99, 0xF0, 0x00, 0x00, 0xFA, 0x9F, 0x20, 0x00, 0x4F, 0x79, 0xFE,
    0x75, 0x7E, 0xE1, 0x9F, 0x7D, 0xFE, 0xA1, 0x09, 0xF0, 0x00, 0x00, 0x00, 0x9F, 0x00, 0x00, 0x00,
    0x09, 0xF0, 0x00, 0x00, 0x00, 0x6F, 0x30, 0x00, 0x1F, 0x81, 0xF9, 0x00, 0x07, 0xF3, 0x0B, 0xE0,
    0x00, 0xCD, 0x00, 0x5F, 0x30, 0x1F, 0x70, 0x00, 0xF9, 0x06, 0xF2, 0x00, 0x0A, 0xE0, 0xBC, 0x00,
    0x00, 0x5F, 0x5F, 0x70, 0x00, 0x00, 0xEF, 0xF1, 0x00, 0x00, 0x0A, 0xFC, 0x00, 0x00, 0x00, 0x8F,
    0xC0, 0x00, 0x00, 0x04, 0xF6, 0x00, 0x00, 0x00, 0x4F, 0x60, 0x00, 0x00, 0x04, 0xF6, 0x00, 0x00,
    0x00, 0x4F, 0x60, 0x00, 0x00, 0x1A, 0xEF, 0xD6, 0x00, 0x00, 0xCF, 0x86, 0x88, 0x00, 0x00, 0xFA,
    0x00, 0x00, 0x00, 0x00, 0xDF, 0x40, 0x00, 0x00, 0x00, 0x2D, 0xFD, 0x60, 0x00, 0x00, 0x5D, 0xEE,
    0xFC, 0x00, 0x04, 0xF7, 0x00, 0x8F, 0xA0, 0x0D, 0xC0, 0x00, 0x0C, 0xF1, 0x1F, 0x80, 0x00, 0x06,
    0xF4, 0x1F, 0x80, 0x00, 0x05, 0xF5, 0x0F, 0xA0, 0x00, 0x07, 0xF3, 0x0B, 0xF1, 0x00, 0x0D, 0xE0,
    0x02, 0xFE, 0x66, 0xCF, 0x50, 0x00, 0x2B, 0xFF, 0xC4, 0x00, 0x00, 0x6C, 0xFE, 0xB3, 0x00, 0x7F,
    0xB5, 0x6D, 0xF3, 0x0E, 0xD0, 0x00, 0x1C, 0x70, 0xDC, 0x00, 0x00, 0x00, 0x05, 0xF9, 0x54, 0x20,
    0x00, 0x1C, 0xFF, 0xFE, 0x00, 0x0D, 0xD3, 0x00, 0x00, 0x01, 0xF9, 0x00, 0x00, 0xEB, 0x0B, 0xF9,
    0x56, 0xDF, 0x50, 0x08, 0xDF, 0xEB, 0x40, 0x0F, 0xFF, 0xFF, 0xFF, 0x70, 0x55, 0x55, 0x5E, 0xF2,
    0x00, 0x00, 0x07, 0xF4, 0x00, 0x00, 0x06, 0xF6, 0x00, 0x00, 0x03, 0xF9, 0x00, 0x00, 0x00, 0xEC,
    0x00, 0x00, 0x00, 0x8F, 0x20, 0x00, 0x00, 0x0F, 0xA0, 0x00, 0x00, 0x03, 0xF6, 0x00, 0x00, 0x00,
    0x4F, 0x50, 0x00, 0x00, 0x02, 0xFA, 0x00, 0x00, 0x00, 0x09, 0xFE, 0x94, 0x00, 0x00, 0x03, 0x9D,
    0xFC, 0x00, 0x00, 0x00, 0x09, 0xF0, 0x00, 0x00, 0x00, 0xCB, 0x00, 0x00, 0x00, 0x1C, 0x20, 0xBC,
    0x4C, 0xFE, 0x70, 0xBF, 0xE7, 0x6B, 0xF6, 0xBF, 0x20, 0x00, 0xEC, 0xBF, 0x00, 0x00, 0xCD, 0xCF,
    0x00, 0x00, 0xCE, 0xBE, 0x00, 0x00, 0xCE, 0xBE, 0x00, 0x00, 0xCE, 0xBE, 0x00, 0x00, 0xCE, 0xBE,
    0x00, 0x00, 0xCE, 0xBE, 0x00, 0x00, 0xCE, 0x00, 0x00, 0x00, 0xCE, 0x00, 0x00, 0x00, 0xCE, 0x00,
    0x00, 0x00, 0xCE, 0x00, 0x00, 0x00, 0xCE, 0x01, 0xAE, 0xEB, 0x30, 0x00, 0xDE, 0x55, 0xCF, 0x20,
    0x6F, 0x40, 0x01, 0xF9, 0x0B, 0xE0, 0x00, 0x0A, 0xE0, 0xDC, 0x00, 0x00, 0x8F, 0x1E, 0xC4, 0x44,
    0x49, 0xF2, 0xEF, 0xFF, 0xFF, 0xFF, 0x2E, 0xB0, 0x00, 0x07, 0xF2, 0xDC, 0x00, 0x00, 0x8F, 0x0A,
    0xF0, 0x00, 0x0B, 0xE0, 0x5F, 0x50, 0x01, 0xF9, 0x00, 0xCE, 0x65, 0xDE, 0x20, 0x01, 0x9E, 0xFB,
    0x20, 0x00, 0x4F, 0x50, 0x04, 0xF5, 0x00, 0x4F, 0x50, 0x04, 0xF5, 0x00, 0x4F, 0x50, 0x04, 0xF5,
    0x00, 0x4F, 0x50, 0x04, 0xF6, 0x00, 0x1F, 0xC6, 0x10, 0x7E, 0xF2, 0xAF, 0x00, 0x02, 0xFD, 0x0A,
    0xF0, 0x00, 0xDE, 0x20, 0xAF, 0x00, 0x9F, 0x40, 0x0A, 0xF0, 0x6F, 0x80, 0x00, 0xAF, 0x7F, 0xB0,
    0x00, 0x0A, 0xFF, 0xFA, 0x00, 0x00, 0xAF, 0x09, 0xF7, 0x00, 0x0A, 0xF0, 0x0B, 0xF5, 0x00, 0xAF,
    0x00, 0x0C, 0xF4, 0x0A, 0xF0, 0x00, 0x1D, 0xF2, 0x08, 0xFA, 0x00, 0x00, 0x00, 0x02, 0xAF, 0x70,
    0x00, 0x00, 0x00, 0x0F, 0xD0, 0x00, 0x00, 0x00, 0x09, 0xF3, 0x00, 0x00, 0x00, 0x06, 0xFA, 0x00,
    0x00, 0x00, 0x09, 0xFE, 0x00, 0x00, 0x00, 0x0E, 0xFF, 0x50, 0x00, 0x00, 0x4F, 0x7F, 0xB0, 0x00,
    0x00, 0xAF, 0x1B, 0xF1, 0x00, 0x01, 0xFB, 0x05, 0xF6, 0x00, 0x06, 0xF5, 0x00, 0xEC, 0x00, 0x0C,
    0xF0, 0x00, 0x9F, 0x20, 0x2F, 0xA0, 0x00, 0x2F, 0xC3, 0x7F, 0x50, 0x00, 0x08, 0xF7, 0xAF, 0x00,
    0x00, 0xCD, 0xAF, 0x00, 0x00, 0xCD, 0xAF, 0x00, 0x00, 0xCD, 0xAF, 0x00, 0x00, 0xCD, 0xAF, 0x00,
    0x00, 0xCD, 0xAF, 0x00, 0x00, 0xFE, 0xAF, 0x00, 0x00, 0xFD, 0xAF, 0x40, 0x00, 0xFD, 0xAF, 0xD6,
    0x6D, 0xFD, 0xAF, 0xAE, 0xE8, 0xAD, 0xAF, 0x00, 0x00, 0x00, 0xAF, 0x00, 0x00, 0x00, 0xAF, 0x00,
    0x00, 0x00, 0xAF, 0x00, 0x00, 0x00, 0x8F, 0x10, 0x00, 0x6F, 0x33, 0xF6, 0x00, 0x0B, 0xD0, 0x0D,
    0xB0, 0x00, 0xF8, 0x00, 0x8F, 0x10, 0x5F, 0x30, 0x02, 0xF5, 0x0A, 0xD0, 0x00, 0x0D, 0xB0, 0xF8,
    0x00, 0x00, 0x7F, 0x5F, 0x20, 0x00, 0x02, 0xFE, 0xD0, 0x00, 0x00, 0x0C, 0xF7, 0x00, 0x00, 0x00,
    0x7F, 0x20, 0x00, 0x00, 0x29, 0xDF, 0xFB, 0x00, 0x2F, 0xE7, 0x56, 0x70, 0x07, 0xF3, 0x00, 0x00,
    0x00, 0x6F, 0x40, 0x00, 0x00, 0x00, 0xBE, 0x85, 0x51, 0x00, 0x02, 0xCF, 0xFF, 0x50, 0x04, 0xFA,
    0x30, 0x00, 0x00, 0xDC, 0x00, 0x00, 0x00, 0x1F, 0x80, 0x00, 0x00, 0x00, 0xFA, 0x00, 0x00, 0x00,
    0x0B, 0xF5, 0x00, 0x00, 0x00, 0x1C, 0xFD, 0x83, 0x00, 0x00, 0x04, 0x9D, 0xFC, 0x00, 0x00, 0x00,
    0x07, 0xF3, 0x00, 0x00, 0x00, 0xAD, 0x00, 0x00, 0x00, 0x0C, 0x30, 0x00, 0x2A, 0xEF, 0xC4, 0x00,
    0x02, 0xEE, 0x76, 0xCF, 0x50, 0x0A, 0xF2, 0x00, 0x0D, 0xE0, 0x0F, 0xA0, 0x00, 0x06, 0xF4, 0x2F,
    0x70, 0x00, 0x03, 0xF6, 0x2F, 0x70, 0x00, 0x03, 0xF7, 0x0F, 0xA0, 0x00, 0x06, 0xF4, 0x0B, 0xF2,
    0x00, 0x0C, 0xE0, 0x02, 0xEE, 0x66, 0xCF, 0x50, 0x00, 0x2A, 0xEF, 0xC4, 0x00, 0xAF, 0xFF, 0xFF,
    0xFF, 0xFF, 0x03, 0x8F, 0xD5, 0x55, 0xFF, 0x50, 0x02, 0xF7, 0x00, 0x0F, 0xA0, 0x00, 0x2F, 0x70,
    0x00, 0xFA, 0x00, 0x02, 0xF7, 0x00, 0x0F, 0xA0, 0x00, 0x2F, 0x70, 0x00, 0xFA, 0x00, 0x02, 0xF7,
    0x00, 0x0F, 0xA0, 0x00, 0x2F, 0x70, 0x00, 0xFA, 0x00, 0x02, 0xF7, 0x00, 0x0D, 0xE7, 0x30, 0x2F,
    0x70, 0x00, 0x4D, 0xF6, 0x00, 0x9E, 0xFC, 0x40, 0x00, 0xBF, 0x86, 0xCF, 0x40, 0x4F, 0x80, 0x01,
    0xEC, 0x09, 0xF1, 0x00, 0x09, 0xF1, 0xBF, 0x00, 0x00, 0x6F, 0x3C, 0xE0, 0x00, 0x06, 0xF4, 0xDF,
    0x00, 0x00, 0x8F, 0x2B, 0xF1, 0x00, 0x0D, 0xE0, 0xBF, 0xD6, 0x6C, 0xF6, 0x0B, 0xE6, 0xDF, 0xE7,
    0x00, 0xBE, 0x00, 0x00, 0x00, 0x0B, 0xE0, 0x00, 0x00, 0x00, 0xBE, 0x00, 0x00, 0x00, 0x0B, 0xE0,
    0x00, 0x00, 0x00, 0x00, 0x2B, 0xFF, 0xC4, 0x00, 0x1E, 0xE6, 0x6C, 0xF4, 0x09, 0xF2, 0x00, 0x0E,
    0xA0, 0xFB, 0x00, 0x00, 0x00, 0x1F, 0x80, 0x00, 0x00, 0x01, 0xF8, 0x00, 0x00, 0x00, 0x0E, 0xD0,
    0x00, 0x00, 0x00, 0x7F, 0xB1, 0x00, 0x00, 0x00, 0x8F, 0xFA, 0x50, 0x00, 0x00, 0x28, 0xCF, 0xC0,
    0x00, 0x00, 0x00, 0x9F, 0x00, 0x00, 0x00, 0x0C, 0xB0, 0x00, 0x00, 0x01, 0xC1, 0x00, 0x00, 0x2B,
    0xFF, 0xFF, 0xFF, 0x10, 0x2F, 0xE7, 0xBF, 0xE5, 0x50, 0x0A, 0xF2, 0x00, 0x0D, 0x90, 0x00, 0xFA,
    0x00, 0x00, 0x7F, 0x10, 0x1F, 0x80, 0x00, 0x05, 0xF4, 0x01, 0xF8, 0x00, 0x00, 0x5F, 0x50, 0x0F,
    0xB0, 0x00, 0x07, 0xF3, 0x00, 0xAF, 0x20, 0x00, 0xED, 0x00, 0x02, 0xEE, 0x66, 0xCF, 0x40, 0x00,
    0x02, 0xAF, 0xFC, 0x30, 0x00, 0x4F, 0xFF, 0xFF, 0xFF, 0xA1, 0x55, 0x9F, 0xB5, 0x53, 0x00, 0x03,
    0xF6, 0x00, 0x00, 0x00, 0x3F, 0x60, 0x00, 0x00, 0x03, 0xF6, 0x00, 0x00, 0x00, 0x3F, 0x60, 0x00,
    0x00, 0x03, 0xF6, 0x00, 0x00, 0x00, 0x3F, 0x60, 0x00, 0x00, 0x01, 0xFC, 0x62, 0x00, 0x00, 0x07,
    0xFE, 0x40, 0xBE, 0x00, 0x0A, 0xF1, 0xBE, 0x00, 0x04, 0xF7, 0xBE, 0x00, 0x00, 0xFB, 0xBE, 0x00,
    0x00, 0xDD, 0xBE, 0x00, 0x00, 0xBE, 0xBE, 0x00, 0x00, 0xDD, 0xBF, 0x00, 0x01, 0xFA, 0x8F, 0x20,
    0x08, 0xF6, 0x2F, 0xD6, 0x9F, 0xC0, 0x03, 0xCF, 0xE9, 0x00, 0x00, 0x76, 0x00, 0xAF, 0xE8, 0x00,
    0x05, 0xF9, 0x07, 0xF8, 0x8F, 0xB0, 0x0D, 0xE0, 0x08, 0xF1, 0x06, 0xF5, 0x0F, 0x90, 0x08, 0xF1,
    0x00, 0xEB, 0x2F, 0x70, 0x08, 0xF1, 0x00, 0xCE, 0x2F, 0x80, 0x08, 0xF1, 0x00, 0xCD, 0x0F, 0xC0,
    0x08, 0xF1, 0x01, 0xFA, 0x09, 0xF6, 0x08, 0xF1, 0x0B, 0xF4, 0x00, 0xCF, 0xBF, 0xF9, 0xDF, 0x80,
    0x00, 0x07, 0xCF, 0xFF, 0xB4, 0x00, 0x00, 0x00, 0x08, 0xF1, 0x00, 0x00, 0x00, 0x00, 0x08, 0xF1,
    0x00, 0x00, 0x00, 0x00, 0x08, 0xF1, 0x00, 0x00, 0x00, 0x00, 0x08, 0xF1, 0x00, 0x00, 0x2F, 0xC2,
    0x00, 0x0A, 0xE0, 0x17, 0xED, 0x00, 0x2F, 0x80, 0x00, 0x4F, 0x50, 0x9F, 0x10, 0x00, 0x0D, 0xB1,
    0xF9, 0x00, 0x00, 0x06, 0xFB, 0xF2, 0x00, 0x00, 0x00, 0xFF, 0xA0, 0x00, 0x00, 0x00, 0xFF, 0x40,
    0x00, 0x00, 0x00, 0xFF, 0x60, 0x00, 0x00, 0x06, 0xFF, 0xD0, 0x00, 0x00, 0x0D, 0xD5, 0xF4, 0x00,
    0x00, 0x5F, 0x60, 0xEA, 0x00, 0x00, 0xCE, 0x00, 0x7F, 0x20, 0x03, 0xF7, 0x00, 0x1F, 0xD7, 0x0B,
    0xF0, 0x00, 0x04, 0xEB, 0x2F, 0x70, 0x0A, 0xF0, 0x0B, 0xF0, 0x2F, 0x70, 0x0A, 0xF0, 0x06, 0xF5,
    0x2F, 0x70, 0x0A, 0xF0, 0x01, 0xF9, 0x2F, 0x70, 0x0A, 0xF0, 0x00, 0xEB, 0x2F, 0x70, 0x0A, 0xF0,
    0x00, 0xCD, 0x1F, 0x80, 0x0A, 0xF0, 0x00, 0xEC, 0x0E, 0xC0, 0x0A, 0xF0, 0x02, 0xF9, 0x08, 0xF6,
    0x0A, 0xF0, 0x0C, 0xF2, 0x00, 0xCF, 0xAF, 0xF8, 0xEF, 0x70, 0x00, 0x06, 0xCF, 0xFE, 0xA3, 0x00,
    0x00, 0x00, 0x0A, 0xF0, 0x00, 0x00, 0x00, 0x00, 0x0A, 0xF0, 0x00, 0x00, 0x00, 0x00, 0x0A, 0xF0,
    0x00, 0x00, 0x00, 0x00, 0x0A, 0xF0, 0x00, 0x00, 0x0E, 0xC0, 0x00, 0x00, 0x00, 0xFC, 0x06, 0xF6,
    0x00, 0x00, 0x00, 0x09, 0xF2, 0xAF, 0x10, 0x00, 0x00, 0x00, 0x4F, 0x7D, 0xD0, 0x00, 0x6F, 0x30,
    0x00, 0xF9, 0xEB, 0x00, 0x06, 0xF3, 0x00, 0x0E, 0xBD, 0xB0, 0x00, 0x6F, 0x30, 0x00, 0xFA, 0xCD,
    0x00, 0x08, 0xF4, 0x00, 0x1F, 0x88, 0xF2, 0x00, 0xCF, 0x80, 0x06, 0xF4, 0x1F, 0xD6, 0xAF, 0x5F,
    0x86, 0xFD, 0x00, 0x3D, 0xFD, 0x30, 0x6E, 0xFB, 0x10, 0x03, 0x20, 0x04, 0x10, 0xFB, 0x03, 0xF7,
    0x06, 0x30, 0x07, 0x20, 0x00, 0x00, 0x00, 0x00, 0x4F, 0x50, 0x00, 0x04, 0xF5, 0x00, 0x00, 0x4F,
    0x50, 0x00, 0x04, 0xF5, 0x00, 0x00, 0x4F, 0x50, 0x00, 0x04, 0xF5, 0x00, 0x00, 0x4F, 0x50, 0x00,
    0x04, 0xF6, 0x00, 0x00, 0x1F, 0xC6, 0x10, 0x00, 0x7E, 0xF2, 0x03, 0x20, 0x04, 0x10, 0x0F, 0xB0,
    0x3F, 0x70, 0x06, 0x30, 0x07, 0x20, 0x00, 0x00, 0x00, 0x00, 0xBE, 0x00, 0x0A, 0xF1, 0xBE, 0x00,
    0x04, 0xF7, 0xBE, 0x00, 0x00, 0xFB, 0xBE, 0x00, 0x00, 0xDD, 0xBE, 0x00, 0x00, 0xBE, 0xBE, 0x00,
    0x00, 0xDD, 0xBF, 0x00, 0x01, 0xFA, 0x8F, 0x20, 0x08, 0xF6, 0x2F, 0xD6, 0x9F, 0xC0, 0x03, 0xCF,
    0xE9, 0x00, 0x00, 0x00, 0x03, 0x20, 0x00, 0x00, 0x00, 0x0F, 0x50, 0x00, 0x00, 0x00, 0x2F, 0x00,
    0x00, 0x00, 0x00, 0x38, 0x00, 0x00, 0x00, 0x00, 0x00, 0x00, 0x00, 0x00, 0x2A, 0xEF, 0xC4, 0x00,
    0x02, 0xEE, 0x76, 0xCF, 0x50, 0x0A, 0xF2, 0x00, 0x0D, 0xE0, 0x0F, 0xA0, 0x00, 0x06, 0xF4, 0x2F,
    0x70, 0x00, 0x03, 0xF6, 0x2F, 0x70, 0x00, 0x03, 0xF7, 0x0F, 0xA0, 0x00, 0x06, 0xF4, 0x0B, 0xF2,
    0x00, 0x0C, 0xE0, 0x02, 0xEE, 0x66, 0xCF, 0x50, 0x00, 0x2A, 0xEF, 0xC4, 0x00, 0x00, 0x00, 0x32,
    0x00, 0x00, 0x00, 0xF5, 0x00, 0x00, 0x02, 0xF0, 0x00, 0x00, 0x03, 0x80, 0x00, 0x00, 0x00, 0x00,
    0x00, 0xBE, 0x00, 0x0A, 0xF1, 0xBE, 0x00, 0x04, 0xF7, 0xBE, 0x00, 0x00, 0xFB, 0xBE, 0x00, 0x00,
    0xDD, 0xBE, 0x00, 0x00, 0xBE, 0xBE, 0x00, 0x00, 0xDD, 0xBF, 0x00, 0x01, 0xFA, 0x8F, 0x20, 0x08,
    0xF6, 0x2F, 0xD6, 0x9F, 0xC0, 0x03, 0xCF, 0xE9, 0x00, 0x00, 0x00, 0x00, 0x32, 0x00, 0x00, 0x00,
    0x00, 0x00, 0x0F, 0x50, 0x00, 0x00, 0x00, 0x00, 0x02, 0xF0, 0x00, 0x00, 0x00, 0x00, 0x00, 0x38,
    0x00, 0x00, 0x00, 0x00, 0x00, 0x00, 0x00, 0x00, 0x00, 0x00, 0xEC, 0x00, 0x00, 0x00, 0x0F, 0xC0,
    0x6F, 0x60, 0x00, 0x00, 0x00, 0x9F, 0x2A, 0xF1, 0x00, 0x00, 0x00, 0x04, 0xF7, 0xDD, 0x00, 0x06,
    0xF3, 0x00, 0x0F, 0x9E, 0xB0, 0x00, 0x6F, 0x30, 0x00, 0xEB, 0xDB, 0x00, 0x06, 0xF3, 0x00, 0x0F,
    0xAC, 0xD0, 0x00, 0x8F, 0x40, 0x01, 0xF8, 0x8F, 0x20, 0x0C, 0xF8, 0x00, 0x6F, 0x41, 0xFD, 0x6A,
    0xF5, 0xF8, 0x6F, 0xD0, 0x03, 0xDF, 0xD3, 0x06, 0xEF, 0xB1, 0x00, 0x1F, 0x77, 0x77, 0xF1, 0x2C,
    0x10, 0x02, 0xC1, 0x26, 0x70, 0x07, 0x61, 0x25, 0x70, 0x07, 0x61, 0x25, 0x25, 0x62, 0x61, 0x25,
    0x08, 0x80, 0x61, 0x25, 0x09, 0x70, 0x61, 0x25, 0x08, 0x80, 0x61, 0x25, 0x16, 0x71, 0x61, 0x25,
    0x70, 0x16, 0x61, 0x26, 0x70, 0x08, 0x61, 0x2B, 0x20, 0x03, 0xA1, 0x2F, 0x77, 0x77, 0xF1, 0x1F,
    0x77, 0x77, 0xF1, 0x2C, 0x10, 0x02, 0xC1, 0x26, 0x70, 0x07, 0x61, 0x25, 0x70, 0x07, 0x61, 0x25,
    0x25, 0x62, 0x61, 0x25, 0x08, 0x80, 0x61, 0x25, 0x09, 0x70, 0x61, 0x25, 0x08, 0x80, 0x61, 0x25,
    0x16, 0x71, 0x61, 0x25, 0x70, 0x16, 0x61, 0x26, 0x70, 0x08, 0x61, 0x2B, 0x20, 0x03, 0xA1, 0x2F,
    0x77, 0x77, 0xF1, 0x00, 0x1A, 0xFE, 0x70, 0x00, 0x00, 0xBF, 0x7A, 0xF6, 0x00, 0x00, 0xFA, 0x00,
    0xEB, 0x00, 0x00, 0xF9, 0x00, 0xDC, 0x00, 0x00, 0xEC, 0x00, 0xDD, 0x00, 0x00, 0x7F, 0x70, 0xDD,
    0x00, 0xEB, 0x0B, 0xFC, 0xFF, 0x80, 0xEB, 0x00, 0x5B, 0xFF, 0xD0, 0xEB, 0x00, 0x00, 0xDD, 0x00,
    0xEC, 0x00, 0x00, 0xDC, 0x00, 0xAF, 0x10, 0x02, 0xF9, 0x00, 0x2F, 0xD7, 0x7D, 0xF2, 0x00, 0x02,
    0xBF, 0xFB, 0x30, 0x00, 0x3F, 0xD2, 0x00, 0x00, 0x6E, 0xC0, 0x8F, 0xC0, 0x00, 0x2F, 0xC5, 0x00,
    0x7F, 0x30, 0x09, 0xF2, 0x00, 0x01, 0xFA, 0x00, 0xFA, 0x00, 0x00, 0x09, 0xF1, 0x7F, 0x30, 0x00,
    0x00, 0x2F, 0x8D, 0xC0, 0x00, 0x00, 0x00, 0xBF, 0xF5, 0x00, 0x00, 0x00, 0x04, 0xFF, 0x00, 0x00,
    0x00, 0x00, 0x0F, 0xD0, 0x00, 0x00, 0x00, 0x00, 0xFA, 0x00, 0x00, 0x00, 0x00, 0x0F, 0xA0, 0x00,
    0x00, 0x00, 0x00, 0xFA, 0x00, 0x00, 0x00, 0x00, 0x0F, 0xA0, 0x00, 0x00, 0x0F, 0x70, 0x00, 0x00,
    0x00, 0x00, 0x02, 0xF5, 0xFD, 0x20, 0x00, 0x06, 0xEC, 0x4C, 0x08, 0xFC, 0x00, 0x02, 0xFC, 0x50,
    0x00, 0x07, 0xF3, 0x00, 0x9F, 0x20, 0x00, 0x00, 0x1F, 0xA0, 0x0F, 0xA0, 0x00, 0x00, 0x00, 0x9F,
    0x17, 0xF3, 0x00, 0x00, 0x00, 0x02, 0xF8, 0xDC, 0x00, 0x00, 0x00, 0x00, 0x0B, 0xFF, 0x50, 0x00,
    0x00, 0x00, 0x00, 0x4F, 0xF0, 0x00, 0x00, 0x00, 0x00, 0x00, 0xFD, 0x00, 0x00, 0x00, 0x00, 0x00,
    0x0F, 0xA0, 0x00, 0x00, 0x00, 0x00, 0x00, 0xFA, 0x00, 0x00, 0x00, 0x00, 0x00, 0x0F, 0xA0, 0x00,
    0x00, 0x00, 0x00, 0x00, 0xFA, 0x00, 0x00, 0x1F, 0x77, 0x77, 0xF1, 0x2C, 0x10, 0x02, 0xC1, 0x26,
    0x70, 0x07, 0x61, 0x25, 0x70, 0x07, 0x61, 0x25, 0x25, 0x62, 0x61, 0x25, 0x08, 0x80, 0x61, 0x25,
    0x09, 0x70, 0x61, 0x25, 0x08, 0x80, 0x61, 0x25, 0x16, 0x71, 0x61, 0x25, 0x70, 0x16, 0x61, 0x26,
    0x70, 0x08, 0x61, 0x2B, 0x20, 0x03, 0xA1, 0x2F, 0x77, 0x77, 0xF1, 0x1F, 0x77, 0x77, 0xF1, 0x2C,
    0x10, 0x02, 0xC1, 0x26, 0x70, 0x07, 0x61, 0x25, 0x70, 0x07, 0x61, 0x25, 0x25, 0x62, 0x61, 0x25,
    0x08, 0x80, 0x61, 0x25, 0x09, 0x70, 0x61, 0x25, 0x08, 0x80, 0x61, 0x25, 0x16, 0x71, 0x61, 0x25,
    0x70, 0x16, 0x61, 0x26, 0x70, 0x08, 0x61, 0x2B, 0x20, 0x03, 0xA1, 0x2F, 0x77, 0x77, 0xF1, 0x5F,
    0xFF, 0xFF, 0xFF, 0xFF, 0xFF, 0xFB, 0x1A, 0xFC, 0x55, 0x55, 0x55, 0x9F, 0xE4, 0x0A, 0xF1, 0x00,
    0x00, 0x00, 0x0E, 0xD0, 0x0C, 0xD0, 0x00, 0x7B, 0x00, 0x0A, 0xF0, 0x0D, 0xC0, 0x00, 0xEF, 0x00,
    0x08, 0xF1, 0x0D, 0xC0, 0x00, 0xEF, 0x00, 0x08, 0xF0, 0x0B, 0xE0, 0x00, 0xEF, 0x00, 0x0A, 0xF0,
    0x07, 0xF2, 0x01, 0xFF, 0x40, 0x0E, 0xB0, 0x01, 0xFC, 0x6C, 0xC8, 0xE6, 0xAF, 0x40, 0x00, 0x4D,
    0xFB, 0x10, 0x9F, 0xE6, 0x00, 0x1F, 0x77, 0x77, 0xF1, 0x2C, 0x10, 0x02, 0xC1, 0x26, 0x70, 0x07,
    0x61, 0x25, 0x70, 0x07, 0x61, 0x25, 0x25, 0x62, 0x61, 0x25, 0x08, 0x80, 0x61, 0x25, 0x09, 0x70,
    0x61, 0x25, 0x08, 0x80, 0x61, 0x25, 0x16, 0x71, 0x61, 0x25, 0x70, 0x16, 0x61, 0x26, 0x70, 0x08,
    0x61, 0x2B, 0x20, 0x03, 0xA1, 0x2F, 0x77, 0x77, 0xF1, 0x1F, 0x77, 0x77, 0xF1, 0x2C, 0x10, 0x02,
    0xC1, 0x26, 0x70, 0x07, 0x61, 0x25, 0x70, 0x07, 0x61, 0x25, 0x25, 0x62, 0x61, 0x25, 0x08, 0x80,
    0x61, 0x25, 0x09, 0x70, 0x61, 0x25, 0x08, 0x80, 0x61, 0x25, 0x16, 0x71, 0x61, 0x25, 0x70, 0x16,
    0x61, 0x26, 0x70, 0x08, 0x61, 0x2B, 0x20, 0x03, 0xA1, 0x2F, 0x77, 0x77, 0xF1, 0x1F, 0x77, 0x77,
    0xF1, 0x2C, 0x10, 0x02, 0xC1, 0x26, 0x70, 0x07, 0x61, 0x25, 0x70, 0x07, 0x61, 0x25, 0x25, 0x62,
    0x61, 0x25, 0x08, 0x80, 0x61, 0x25, 0x09, 0x70, 0x61, 0x25, 0x08, 0x80, 0x61, 0x25, 0x16, 0x71,
    0x61, 0x25, 0x70, 0x16, 0x61, 0x26, 0x70, 0x08, 0x61, 0x2B, 0x20, 0x03, 0xA1, 0x2F, 0x77, 0x77,
    0xF1, 0x1F, 0x77, 0x77, 0xF1, 0x2C, 0x10, 0x02, 0xC1, 0x26, 0x70, 0x07, 0x61, 0x25, 0x70, 0x07,
    0x61, 0x25, 0x25, 0x62, 0x61, 0x25, 0x08, 0x80, 0x61, 0x25, 0x09, 0x70, 0x61, 0x25, 0x08, 0x80,
    0x61, 0x25, 0x16, 0x71, 0x61, 0x25, 0x70, 0x16, 0x61, 0x26, 0x70, 0x08, 0x61, 0x2B, 0x20, 0x03,
    0xA1, 0x2F, 0x77, 0x77, 0xF1, 0x1F, 0x77, 0x77, 0xF1, 0x2C, 0x10, 0x02, 0xC1, 0x26, 0x70, 0x07,
    0x61, 0x25, 0x70, 0x07, 0x61, 0x25, 0x25, 0x62, 0x61, 0x25, 0x08, 0x80, 0x61, 0x25, 0x09, 0x70,
    0x61, 0x25, 0x08, 0x80, 0x61, 0x25, 0x16, 0x71, 0x61, 0x25, 0x70, 0x16, 0x61, 0x26, 0x70, 0x08,
    0x61, 0x2B, 0x20, 0x03, 0xA1, 0x2F, 0x77, 0x77, 0xF1, 0x1F, 0x77, 0x77, 0xF1, 0x2C, 0x10, 0x02,
    0xC1, 0x26, 0x70, 0x07, 0x61, 0x25, 0x70, 0x07, 0x61, 0x25, 0x25, 0x62, 0x61, 0x25, 0x08, 0x80,
    0x61, 0x25, 0x09, 0x70, 0x61, 0x25, 0x08, 0x80, 0x61, 0x25, 0x16, 0x71, 0x61, 0x25, 0x70, 0x16,
    0x61, 0x26, 0x70, 0x08, 0x61, 0x2B, 0x20, 0x03, 0xA1, 0x2F, 0x77, 0x77, 0xF1, 0x1F, 0x77, 0x77,
    0xF1, 0x2C, 0x10, 0x02, 0xC1, 0x26, 0x70, 0x07, 0x61, 0x25, 0x70, 0x07, 0x61, 0x25, 0x25, 0x62,
    0x61, 0x25, 0x08, 0x80, 0x61, 0x25, 0x09, 0x70, 0x61, 0x25, 0x08, 0x80, 0x61, 0x25, 0x16, 0x71,
    0x61, 0x25, 0x70, 0x16, 0x61, 0x26, 0x70, 0x08, 0x61, 0x2B, 0x20, 0x03, 0xA1, 0x2F, 0x77, 0x77,
    0xF1, 0x1F, 0x77, 0x77, 0xF1, 0x2C, 0x10, 0x02, 0xC1, 0x26, 0x70, 0x07, 0x61, 0x25, 0x70, 0x07,
    0x61, 0x25, 0x25, 0x62, 0x61, 0x25, 0x08, 0x80, 0x61, 0x25, 0x09, 0x70, 0x61, 0x25, 0x08, 0x80,
    0x61, 0x25, 0x16, 0x71, 0x61, 0x25, 0x70, 0x16, 0x61, 0x26, 0x70, 0x08, 0x61, 0x2B, 0x20, 0x03,
    0xA1, 0x2F, 0x77, 0x77, 0xF1, 0x1F, 0x77, 0x77, 0xF1, 0x2C, 0x10, 0x02, 0xC1, 0x26, 0x70, 0x07,
    0x61, 0x25, 0x70, 0x07, 0x61, 0x25, 0x25, 0x62, 0x61, 0x25, 0x08, 0x80, 0x61, 0x25, 0x09, 0x70,
    0x61, 0x25, 0x08, 0x80, 0x61, 0x25, 0x16, 0x71, 0x61, 0x25, 0x70, 0x16, 0x61, 0x26, 0x70, 0x08,
    0x61, 0x2B, 0x20, 0x03, 0xA1, 0x2F, 0x77, 0x77, 0xF1, 0x1F, 0x77, 0x77, 0xF1, 0x2C, 0x10, 0x02,
    0xC1, 0x26, 0x70, 0x07, 0x61, 0x25, 0x70, 0x07, 0x61, 0x25, 0x25, 0x62, 0x61, 0x25, 0x08, 0x80,
    0x61, 0x25, 0x09, 0x70, 0x61, 0x25, 0x08, 0x80, 0x61, 0x25, 0x16, 0x71, 0x61, 0x25, 0x70, 0x16,
    0x61, 0x26, 0x70, 0x08, 0x61, 0x2B, 0x20, 0x03, 0xA1, 0x2F, 0x77, 0x77, 0xF1, 0x1F, 0x77, 0x77,
    0xF1, 0x2C, 0x10, 0x02, 0xC1, 0x26, 0x70, 0x07, 0x61, 0x25, 0x70, 0x07, 0x61, 0x25, 0x25, 0x62,
    0x61, 0x25, 0x08, 0x80, 0x61, 0x25, 0x09, 0x70, 0x61, 0x25, 0x08, 0x80, 0x61, 0x25, 0x16, 0x71,
    0x61, 0x25, 0x70, 0x16, 0x61, 0x26, 0x70, 0x08, 0x61, 0x2B, 0x20, 0x03, 0xA1, 0x2F, 0x77, 0x77,
    0xF1, 0x1F, 0x77, 0x77, 0xF1, 0x2C, 0x10, 0x02, 0xC1, 0x26, 0x70, 0x07, 0x61, 0x25, 0x70, 0x07,
    0x61, 0x25, 0x25, 0x62, 0x61, 0x25, 0x08, 0x80, 0x61, 0x25, 0x09, 0x70, 0x61, 0x25, 0x08, 0x80,
    0x61, 0x25, 0x16, 0x71, 0x61, 0x25, 0x70, 0x16, 0x61, 0x26, 0x70, 0x08, 0x61, 0x2B, 0x20, 0x03,
    0xA1, 0x2F, 0x77, 0x77, 0xF1, 0x1F, 0x77, 0x77, 0xF1, 0x2C, 0x10, 0x02, 0xC1, 0x26, 0x70, 0x07,
    0x61, 0x25, 0x70, 0x07, 0x61, 0x25, 0x25, 0x62, 0x61, 0x25, 0x08, 0x80, 0x61, 0x25, 0x09, 0x70,
    0x61, 0x25, 0x08, 0x80, 0x61, 0x25, 0x16, 0x71, 0x61, 0x25, 0x70, 0x16, 0x61, 0x26, 0x70, 0x08,
    0x61, 0x2B, 0x20, 0x03, 0xA1, 0x2F, 0x77, 0x77, 0xF1, 0x1F, 0x77, 0x77, 0xF1, 0x2C, 0x10, 0x02,
    0xC1, 0x26, 0x70, 0x07, 0x61, 0x25, 0x70, 0x07, 0x61, 0x25, 0x25, 0x62, 0x61, 0x25, 0x08, 0x80,
    0x61, 0x25, 0x09, 0x70, 0x61, 0x25, 0x08, 0x80, 0x61, 0x25, 0x16, 0x71, 0x61, 0x25, 0x70, 0x16,
    0x61, 0x26, 0x70, 0x08, 0x61, 0x2B, 0x20, 0x03, 0xA1, 0x2F, 0x77, 0x77, 0xF1, 0x1F, 0x77, 0x77,
    0xF1, 0x2C, 0x10, 0x02, 0xC1, 0x26, 0x70, 0x07, 0x61, 0x25, 0x70, 0x07, 0x61, 0x25, 0x25, 0x62,
    0x61, 0x25, 0x08, 0x80, 0x61, 0x25, 0x09, 0x70, 0x61, 0x25, 0x08, 0x80, 0x61, 0x25, 0x16, 0x71,
    0x61, 0x25, 0x70, 0x16, 0x61, 0x26, 0x70, 0x08, 0x61, 0x2B, 0x20, 0x03, 0xA1, 0x2F, 0x77, 0x77,
    0xF1, 0x1F, 0x77, 0x77, 0xF1, 0x2C, 0x10, 0x02, 0xC1, 0x26, 0x70, 0x07, 0x61, 0x25, 0x70, 0x07,
    0x61, 0x25, 0x25, 0x62, 0x61, 0x25, 0x08, 0x80, 0x61, 0x25, 0x09, 0x70, 0x61, 0x25, 0x08, 0x80,
    0x61, 0x25, 0x16, 0x71, 0x61, 0x25, 0x70, 0x16, 0x61, 0x26, 0x70, 0x08, 0x61, 0x2B, 0x20, 0x03,
    0xA1, 0x2F, 0x77, 0x77, 0xF1, 0x1F, 0x77, 0x77, 0xF1, 0x2C, 0x10, 0x02, 0xC1, 0x26, 0x70, 0x07,
    0x61, 0x25, 0x70, 0x07, 0x61, 0x25, 0x25, 0x62, 0x61, 0x25, 0x08, 0x80, 0x61, 0x25, 0x09, 0x70,
    0x61, 0x25, 0x08, 0x80, 0x61, 0x25, 0x16, 0x71, 0x61, 0x25, 0x70, 0x16, 0x61, 0x26, 0x70, 0x08,
    0x61, 0x2B, 0x20, 0x03, 0xA1, 0x2F, 0x77, 0x77, 0xF1, 0x1F, 0x77, 0x77, 0xF1, 0x2C, 0x10, 0x02,
    0xC1, 0x26, 0x70, 0x07, 0x61, 0x25, 0x70, 0x07, 0x61, 0x25, 0x25, 0x62, 0x61, 0x25, 0x08, 0x80,
    0x61, 0x25, 0x09, 0x70, 0x61, 0x25, 0x08, 0x80, 0x61, 0x25, 0x16, 0x71, 0x61, 0x25, 0x70, 0x16,
    0x61, 0x26, 0x70, 0x08, 0x61, 0x2B, 0x20, 0x03, 0xA1, 0x2F, 0x77, 0x77, 0xF1, 0x1F, 0x77, 0x77,
    0xF1, 0x2C, 0x10, 0x02, 0xC1, 0x26, 0x70, 0x07, 0x61, 0x25, 0x70, 0x07, 0x61, 0x25, 0x25, 0x62,
    0x61, 0x25, 0x08, 0x80, 0x61, 0x25, 0x09, 0x70, 0x61, 0x25, 0x08, 0x80, 0x61, 0x25, 0x16, 0x71,
    0x61, 0x25, 0x70, 0x16, 0x61, 0x26, 0x70, 0x08, 0x61, 0x2B, 0x20, 0x03, 0xA1, 0x2F, 0x77, 0x77,
    0xF1, 0x1F, 0x77, 0x77, 0xF1, 0x2C, 0x10, 0x02, 0xC1, 0x26, 0x70, 0x07, 0x61, 0x25, 0x70, 0x07,
    0x61, 0x25, 0x25, 0x62, 0x61, 0x25, 0x08, 0x80, 0x61, 0x25, 0x09, 0x70, 0x61, 0x25, 0x08, 0x80,
    0x61, 0x25, 0x16, 0x71, 0x61, 0x25, 0x70, 0x16, 0x61, 0x26, 0x70, 0x08, 0x61, 0x2B, 0x20, 0x03,
    0xA1, 0x2F, 0x77, 0x77, 0xF1, 0x1F, 0x77, 0x77, 0xF1, 0x2C, 0x10, 0x02, 0xC1, 0x26, 0x70, 0x07,
    0x61, 0x25, 0x70, 0x07, 0x61, 0x25, 0x25, 0x62, 0x61, 0x25, 0x08, 0x80, 0x61, 0x25, 0x09, 0x70,
    0x61, 0x25, 0x08, 0x80, 0x61, 0x25, 0x16, 0x71, 0x61, 0x25, 0x70, 0x16, 0x61, 0x26, 0x70, 0x08,
    0x61, 0x2B, 0x20, 0x03, 0xA1, 0x2F, 0x77, 0x77, 0xF1, 0x1F, 0x77, 0x77, 0xF1, 0x2C, 0x10, 0x02,
    0xC1, 0x26, 0x70, 0x07, 0x61, 0x25, 0x70, 0x07, 0x61, 0x25, 0x25, 0x62, 0x61, 0x25, 0x08, 0x80,
    0x61, 0x25, 0x09, 0x70, 0x61, 0x25, 0x08, 0x80, 0x61, 0x25, 0x16, 0x71, 0x61, 0x25, 0x70, 0x16,
    0x61, 0x26, 0x70, 0x08, 0x61, 0x2B, 0x20, 0x03, 0xA1, 0x2F, 0x77, 0x77, 0xF1, 0x1F, 0x77, 0x77,
    0xF1, 0x2C, 0x10, 0x02, 0xC1, 0x26, 0x70, 0x07, 0x61, 0x25, 0x70, 0x07, 0x61, 0x25, 0x25, 0x62,
    0x61, 0x25, 0x08, 0x80, 0x61, 0x25, 0x09, 0x70, 0x61, 0x25, 0x08, 0x80, 0x61, 0x25, 0x16, 0x71,
    0x61, 0x25, 0x70, 0x16, 0x61, 0x26, 0x70, 0x08, 0x61, 0x2B, 0x20, 0x03, 0xA1, 0x2F, 0x77, 0x77,
    0xF1, 0x1F, 0x77, 0x77, 0xF1, 0x2C, 0x10, 0x02, 0xC1, 0x26, 0x70, 0x07, 0x61, 0x25, 0x70, 0x07,
    0x61, 0x25, 0x25, 0x62, 0x61, 0x25, 0x08, 0x80, 0x61, 0x25, 0x09, 0x70, 0x61, 0x25, 0x08, 0x80,
    0x61, 0x25, 0x16, 0x71, 0x61, 0x25, 0x70, 0x16, 0x61, 0x26, 0x70, 0x08, 0x61, 0x2B, 0x20, 0x03,
    0xA1, 0x2F, 0x77, 0x77, 0xF1, 0x1F, 0x77, 0x77, 0xF1, 0x2C, 0x10, 0x02, 0xC1, 0x26, 0x70, 0x07,
    0x61, 0x25, 0x70, 0x07, 0x61, 0x25, 0x25, 0x62, 0x61, 0x25, 0x08, 0x80, 0x61, 0x25, 0x09, 0x70,
    0x61, 0x25, 0x08, 0x80, 0x61, 0x25, 0x16, 0x71, 0x61, 0x25, 0x70, 0x16, 0x61, 0x26, 0x70, 0x08,
    0x61, 0x2B, 0x20, 0x03, 0xA1, 0x2F, 0x77, 0x77, 0xF1, 0x1F, 0x77, 0x77, 0xF1, 0x2C, 0x10, 0x02,
    0xC1, 0x26, 0x70, 0x07, 0x61, 0x25, 0x70, 0x07, 0x61, 0x25, 0x25, 0x62, 0x61, 0x25, 0x08, 0x80,
    0x61, 0x25, 0x09, 0x70, 0x61, 0x25, 0x08, 0x80, 0x61, 0x25, 0x16, 0x71, 0x61, 0x25, 0x70, 0x16,
    0x61, 0x26, 0x70, 0x08, 0x61, 0x2B, 0x20, 0x03, 0xA1, 0x2F, 0x77, 0x77, 0xF1, 0x1F, 0x77, 0x77,
    0xF1, 0x2C, 0x10, 0x02, 0xC1, 0x26, 0x70, 0x07, 0x61, 0x25, 0x70, 0x07, 0x61, 0x25, 0x25, 0x62,
    0x61, 0x25, 0x08, 0x80, 0x61, 0x25, 0x09, 0x70, 0x61, 0x25, 0x08, 0x80, 0x61, 0x25, 0x16, 0x71,
    0x61, 0x25, 0x70, 0x16, 0x61, 0x26, 0x70, 0x08, 0x61, 0x2B, 0x20, 0x03, 0xA1, 0x2F, 0x77, 0x77,
    0xF1, 0x1F, 0x77, 0x77, 0xF1, 0x2C, 0x10, 0x02, 0xC1, 0x26, 0x70, 0x07, 0x61, 0x25, 0x70, 0x07,
    0x61, 0x25, 0x25, 0x62, 0x61, 0x25, 0x08, 0x80, 0x61, 0x25, 0x09, 0x70, 0x61, 0x25, 0x08, 0x80,
    0x61, 0x25, 0x16, 0x71, 0x61, 0x25, 0x70, 0x16, 0x61, 0x26, 0x70, 0x08, 0x61, 0x2B, 0x20, 0x03,
    0xA1, 0x2F, 0x77, 0x77, 0xF1, 0x1F, 0x77, 0x77, 0xF1, 0x2C, 0x10, 0x02, 0xC1, 0x26, 0x70, 0x07,
    0x61, 0x25, 0x70, 0x07, 0x61, 0x25, 0x25, 0x62, 0x61, 0x25, 0x08, 0x80, 0x61, 0x25, 0x09, 0x70,
    0x61, 0x25, 0x08, 0x80, 0x61, 0x25, 0x16, 0x71, 0x61, 0x25, 0x70, 0x16, 0x61, 0x26, 0x70, 0x08,
    0x61, 0x2B, 0x20, 0x03, 0xA1, 0x2F, 0x77, 0x77, 0xF1, 0x1F, 0x77, 0x77, 0xF1, 0x2C, 0x10, 0x02,
    0xC1, 0x26, 0x70, 0x07, 0x61, 0x25, 0x70, 0x07, 0x61, 0x25, 0x25, 0x62, 0x61, 0x25, 0x08, 0x80,
    0x61, 0x25, 0x09, 0x70, 0x61, 0x25, 0x08, 0x80, 0x61, 0x25, 0x16, 0x71, 0x61, 0x25, 0x70, 0x16,
    0x61, 0x26, 0x70, 0x08, 0x61, 0x2B, 0x20, 0x03, 0xA1, 0x2F, 0x77, 0x77, 0xF1, 0x1F, 0x77, 0x77,
    0xF1, 0x2C, 0x10, 0x02, 0xC1, 0x26, 0x70, 0x07, 0x61, 0x25, 0x70, 0x07, 0x61, 0x25, 0x25, 0x62,
    0x61, 0x25, 0x08, 0x80, 0x61, 0x25, 0x09, 0x70, 0x61, 0x25, 0x08, 0x80, 0x61, 0x25, 0x16, 0x71,
    0x61, 0x25, 0x70, 0x16, 0x61, 0x26, 0x70, 0x08, 0x61, 0x2B, 0x20, 0x03, 0xA1, 0x2F, 0x77, 0x77,
    0xF1, 0x1F, 0x77, 0x77, 0xF1, 0x2C, 0x10, 0x02, 0xC1, 0x26, 0x70, 0x07, 0x61, 0x25, 0x70, 0x07,
    0x61, 0x25, 0x25, 0x62, 0x61, 0x25, 0x08, 0x80, 0x61, 0x25, 0x09, 0x70, 0x61, 0x25, 0x08, 0x80,
    0x61, 0x25, 0x16, 0x71, 0x61, 0x25, 0x70, 0x16, 0x61, 0x26, 0x70, 0x08, 0x61, 0x2B, 0x20, 0x03,
    0xA1, 0x2F, 0x77, 0x77, 0xF1, 0x1F, 0x77, 0x77, 0xF1, 0x2C, 0x10, 0x02, 0xC1, 0x26, 0x70, 0x07,
    0x61, 0x25, 0x70, 0x07, 0x61, 0x25, 0x25, 0x62, 0x61, 0x25, 0x08, 0x80, 0x61, 0x25, 0x09, 0x70,
    0x61, 0x25, 0x08, 0x80, 0x61, 0x25, 0x16, 0x71, 0x61, 0x25, 0x70, 0x16, 0x61, 0x26, 0x70, 0x08,
    0x61, 0x2B, 0x20, 0x03, 0xA1, 0x2F, 0x77, 0x77, 0xF1, 0x1F, 0x77, 0x77, 0xF1, 0x2C, 0x10, 0x02,
    0xC1, 0x26, 0x70, 0x07, 0x61, 0x25, 0x70, 0x07, 0x61, 0x25, 0x25, 0x62, 0x61, 0x25, 0x08, 0x80,
    0x61, 0x25, 0x09, 0x70, 0x61, 0x25, 0x08, 0x80, 0x61, 0x25, 0x16, 0x71, 0x61, 0x25, 0x70, 0x16,
    0x61, 0x26, 0x70, 0x08, 0x61, 0x2B, 0x20, 0x03, 0xA1, 0x2F, 0x77, 0x77, 0xF1, 0x1F, 0x77, 0x77,
    0xF1, 0x2C, 0x10, 0x02, 0xC1, 0x26, 0x70, 0x07, 0x61, 0x25, 0x70, 0x07, 0x61, 0x25, 0x25, 0x62,
    0x61, 0x25, 0x08, 0x80, 0x61, 0x25, 0x09, 0x70, 0x61, 0x25, 0x08, 0x80, 0x61, 0x25, 0x16, 0x71,
    0x61, 0x25, 0x70, 0x16, 0x61, 0x26, 0x70, 0x08, 0x61, 0x2B, 0x20, 0x03, 0xA1, 0x2F, 0x77, 0x77,
    0xF1, 0x1F, 0x77, 0x77, 0xF1, 0x2C, 0x10, 0x02, 0xC1, 0x26, 0x70, 0x07, 0x61, 0x25, 0x70, 0x07,
    0x61, 0x25, 0x25, 0x62, 0x61, 0x25, 0x08, 0x80, 0x61, 0x25, 0x09, 0x70, 0x61, 0x25, 0x08, 0x80,
    0x61, 0x25, 0x16, 0x71, 0x61, 0x25, 0x70, 0x16, 0x61, 0x26, 0x70, 0x08, 0x61, 0x2B, 0x20, 0x03,
    0xA1, 0x2F, 0x77, 0x77, 0xF1, 0x1F, 0x77, 0x77, 0xF1, 0x2C, 0x10, 0x02, 0xC1, 0x26, 0x70, 0x07,
    0x61, 0x25, 0x70, 0x07, 0x61, 0x25, 0x25, 0x62, 0x61, 0x25, 0x08, 0x80, 0x61, 0x25, 0x09, 0x70,
    0x61, 0x25, 0x08, 0x80, 0x61, 0x25, 0x16, 0x71, 0x61, 0x25, 0x70, 0x16, 0x61, 0x26, 0x70, 0x08,
    0x61, 0x2B, 0x20, 0x03, 0xA1, 0x2F, 0x77, 0x77, 0xF1, 0x1F, 0x77, 0x77, 0xF1, 0x2C, 0x10, 0x02,
    0xC1, 0x26, 0x70, 0x07, 0x61, 0x25, 0x70, 0x07, 0x61, 0x25, 0x25, 0x62, 0x61, 0x25, 0x08, 0x80,
    0x61, 0x25, 0x09, 0x70, 0x61, 0x25, 0x08, 0x80, 0x61, 0x25, 0x16, 0x71, 0x61, 0x25, 0x70, 0x16,
    0x61, 0x26, 0x70, 0x08, 0x61, 0x2B, 0x20, 0x03, 0xA1, 0x2F, 0x77, 0x77, 0xF1, 0x1F, 0x77, 0x77,
    0xF1, 0x2C, 0x10, 0x02, 0xC1, 0x26, 0x70, 0x07, 0x61, 0x25, 0x70, 0x07, 0x61, 0x25, 0x25, 0x62,
    0x61, 0x25, 0x08, 0x80, 0x61, 0x25, 0x09, 0x70, 0x61, 0x25, 0x08, 0x80, 0x61, 0x25, 0x16, 0x71,
    0x61, 0x25, 0x70, 0x16, 0x61, 0x26, 0x70, 0x08, 0x61, 0x2B, 0x20, 0x03, 0xA1, 0x2F, 0x77, 0x77,
    0xF1, 0x1F, 0x77, 0x77, 0xF1, 0x2C, 0x10, 0x02, 0xC1, 0x26, 0x70, 0x07, 0x61, 0x25, 0x70, 0x07,
    0x61, 0x25, 0x25, 0x62, 0x61, 0x25, 0x08, 0x80, 0x61, 0x25, 0x09, 0x70, 0x61, 0x25, 0x08, 0x80,
    0x61, 0x25, 0x16, 0x71, 0x61, 0x25, 0x70, 0x16, 0x61, 0x26, 0x70, 0x08, 0x61, 0x2B, 0x20, 0x03,
    0xA1, 0x2F, 0x77, 0x77, 0xF1, 0x1F, 0x77, 0x77, 0xF1, 0x2C, 0x10, 0x02, 0xC1, 0x26, 0x70, 0x07,
    0x61, 0x25, 0x70, 0x07, 0x61, 0x25, 0x25, 0x62, 0x61, 0x25, 0x08, 0x80, 0x61, 0x25, 0x09, 0x70,
    0x61, 0x25, 0x08, 0x80, 0x61, 0x25, 0x16, 0x71, 0x61, 0x25, 0x70, 0x16, 0x61, 0x26, 0x70, 0x08,
    0x61, 0x2B, 0x20, 0x03, 0xA1, 0x2F, 0x77, 0x77, 0xF1, 0x02, 0xFB, 0x00, 0x00, 0x00, 0x05, 0xF5,
    0x00, 0x00, 0x00, 0x09, 0xD0, 0x00, 0x00, 0x00, 0x00, 0x00, 0x00, 0x8F, 0xFF, 0xFF, 0xFF, 0x88,
    0xF9, 0x66, 0x66, 0x63, 0x8F, 0x30, 0x00, 0x00, 0x08, 0xF3, 0x00, 0x00, 0x00, 0x8F, 0x30, 0x00,
    0x00, 0x08, 0xF9, 0x66, 0x66, 0x40, 0x8F, 0xFF, 0xFF, 0xFB, 0x08, 0xF3, 0x00, 0x00, 0x00, 0x8F,
    0x30, 0x00, 0x00, 0x08, 0xF3, 0x00, 0x00, 0x00, 0x8F, 0x30, 0x00, 0x00, 0x08, 0xF9, 0x66, 0x66,
    0x63, 0x8F, 0xFF, 0xFF, 0xFF, 0x90, 0x00, 0x00, 0x00, 0x00, 0x00, 0x0E, 0xA0, 0x3F, 0x60, 0x00,
    0xA6, 0x01, 0xB4, 0x00, 0x00, 0x00, 0x00, 0x00, 0x8F, 0xFF, 0xFF, 0xFF, 0x88, 0xF9, 0x66, 0x66,
    0x63, 0x8F, 0x30, 0x00, 0x00, 0x08, 0xF3, 0x00, 0x00, 0x00, 0x8F, 0x30, 0x00, 0x00, 0x08, 0xF9,
    0x66, 0x66, 0x40, 0x8F, 0xFF, 0xFF, 0xFB, 0x08, 0xF3, 0x00, 0x00, 0x00, 0x8F, 0x30, 0x00, 0x00,
    0x08, 0xF3, 0x00, 0x00, 0x00, 0x8F, 0x30, 0x00, 0x00, 0x08, 0xF9, 0x66, 0x66, 0x63, 0x8F, 0xFF,
    0xFF, 0xFF, 0x90, 0xAF, 0xFF, 0xFF, 0xFF, 0xFF, 0x50, 0x03, 0x66, 0x6F, 0xF6, 0x66, 0x61, 0x00,
    0x00, 0x00, 0xFB, 0x00, 0x00, 0x00, 0x00, 0x00, 0x0F, 0xB0, 0x00, 0x00, 0x00, 0x00, 0x00, 0xFB,
    0x00, 0x00, 0x00, 0x00, 0x00, 0x0F, 0xFC, 0xEF, 0xD8, 0x10, 0x00, 0x00, 0xFF, 0xA8, 0x7A, 0xFE,
    0x10, 0x00, 0x0F, 0xB0, 0x00, 0x05, 0xF8, 0x00, 0x00, 0xFB, 0x00, 0x00, 0x0F, 0xB0, 0x00, 0x0F,
    0xB0, 0x00, 0x00, 0xEC, 0x00, 0x00, 0xFB, 0x00, 0x00, 0x3F, 0x90, 0x00, 0x0F, 0xB0, 0x03, 0x8E,
    0xF2, 0x00, 0x00, 0xFB, 0x00, 0x8E, 0xA2, 0x00, 0x00, 0x00, 0x08, 0xF5, 0x00, 0x00, 0x01, 0xF9,
    0x00, 0x00, 0x00, 0xAC, 0x00, 0x00, 0x00, 0x00, 0x00, 0x00, 0x7F, 0xFF, 0xFF, 0xFF, 0x67, 0xF8,
    0x66, 0x66, 0x62, 0x7F, 0x40, 0x00, 0x00, 0x07, 0xF4, 0x00, 0x00, 0x00, 0x7F, 0x40, 0x00, 0x00,
    0x07, 0xF4, 0x00, 0x00, 0x00, 0x7F, 0x40, 0x00, 0x00, 0x07, 0xF4, 0x00, 0x00, 0x00, 0x7F, 0x40,
    0x00, 0x00, 0x07, 0xF4, 0x00, 0x00, 0x00, 0x7F, 0x40, 0x00, 0x00, 0x07, 0xF4, 0x00, 0x00, 0x00,
    0x7F, 0x40, 0x00, 0x00, 0x00, 0x00, 0x3B, 0xEF, 0xD8, 0x00, 0x06, 0xFD, 0x76, 0x9F, 0xD0, 0x2F,
    0xC0, 0x00, 0x05, 0xF8, 0x8F, 0x40, 0x00, 0x00, 0xED, 0xCF, 0x00, 0x00, 0x00, 0x00, 0xEF, 0x66,
    0x66, 0x40, 0x00, 0xEF, 0xFF, 0xFF, 0xC0, 0x00, 0xED, 0x00, 0x00, 0x00, 0x00, 0xCE, 0x00, 0x00,
    0x00, 0x00, 0x8F, 0x30, 0x00, 0x00, 0xED, 0x2F, 0xC0, 0x00, 0x05, 0xF7, 0x06, 0xFD, 0x76, 0x9F,
    0xC0, 0x00, 0x4B, 0xFF, 0xD8, 0x00, 0x00, 0x29, 0xEF, 0xE9, 0x10, 0x03, 0xFE, 0x86, 0x8F, 0xE1,
    0x0B, 0xF1, 0x00, 0x02, 0xF9, 0x0D, 0xD0, 0x00, 0x00, 0xCE, 0x0A, 0xF5, 0x00, 0x00, 0x00, 0x01,
    0xDF, 0xB6, 0x10, 0x00, 0x00, 0x07, 0xEF, 0xFA, 0x20, 0x00, 0x00, 0x03, 0x9F, 0xF3, 0x00, 0x00,
    0x00, 0x02, 0xFC, 0x3F, 0x80, 0x00, 0x00, 0xBF, 0x0E, 0xD1, 0x00, 0x00, 0xED, 0x04, 0xFE, 0x86,
    0x7D, 0xF5, 0x00, 0x29, 0xDF, 0xEA, 0x30, 0x6F, 0x56, 0xF5, 0x6F, 0x56, 0xF5, 0x6F, 0x56, 0xF5,
    0x6F, 0x56, 0xF5, 0x6F, 0x56, 0xF5, 0x6F, 0x56, 0xF5, 0x6F, 0x50, 0x00, 0x00, 0x00, 0x00, 0xEA,
    0x03, 0xF6, 0x0A, 0x60, 0x1B, 0x40, 0x00, 0x00, 0x00, 0x00, 0x6F, 0x50, 0x00, 0x06, 0xF5, 0x00,
    0x00, 0x6F, 0x50, 0x00, 0x06, 0xF5, 0x00, 0x00, 0x6F, 0x50, 0x00, 0x06, 0xF5, 0x00, 0x00, 0x6F,
    0x50, 0x00, 0x06, 0xF5, 0x00, 0x00, 0x6F, 0x50, 0x00, 0x06, 0xF5, 0x00, 0x00, 0x6F, 0x50, 0x00,
    0x06, 0xF5, 0x00, 0x00, 0x6F, 0x50, 0x00, 0x00, 0x00, 0x00, 0x2F, 0x80, 0x00, 0x00, 0x02, 0xF8,
    0x00, 0x00, 0x00, 0x2F, 0x80, 0x00, 0x00, 0x02, 0xF8, 0x00, 0x00, 0x00, 0x2F, 0x80, 0x00, 0x00,
    0x02, 0xF8, 0x00, 0x00, 0x00, 0x2F, 0x80, 0x00, 0x00, 0x02, 0xF8, 0x00, 0x00, 0x00, 0x2F, 0x87,
    0xF3, 0x00, 0x02, 0xF7, 0x4F, 0x80, 0x00, 0x8F, 0x40, 0xCF, 0x96, 0x9F, 0xC0, 0x00, 0x9E, 0xFE,
    0x80, 0x00, 0x00, 0x0D, 0xFF, 0xFF, 0xFF, 0xF1, 0x00, 0x00, 0x00, 0x00, 0x00, 0xDF, 0x66, 0x66,
    0xDF, 0x10, 0x00, 0x00, 0x00, 0x00, 0x0C, 0xD0, 0x00, 0x09, 0xF1, 0x00, 0x00, 0x00, 0x00, 0x00,
    0xDD, 0x00, 0x00, 0x9F, 0x10, 0x00, 0x00, 0x00, 0x00, 0x0E, 0xC0, 0x00, 0x09, 0xF1, 0x00, 0x00,
    0x00, 0x00, 0x00, 0xEB, 0x00, 0x00, 0x9F, 0xFF, 0xFF, 0xD7, 0x00, 0x00, 0x0F, 0xA0, 0x00, 0x09,
    0xF7, 0x66, 0x6B, 0xFA, 0x00, 0x00, 0xF9, 0x00, 0x00, 0x9F, 0x10, 0x00, 0x09, 0xF3, 0x00, 0x2F,
    0x80, 0x00, 0x09, 0xF1, 0x00, 0x00, 0x3F, 0x70, 0x04, 0xF5, 0x00, 0x00, 0x9F, 0x10, 0x00, 0x03,
    0xF7, 0x00, 0xAF, 0x10, 0x00, 0x09, 0xF1, 0x00, 0x00, 0x9F, 0x33, 0xAF, 0xB0, 0x00, 0x00, 0x9F,
    0x66, 0x66, 0xAF, 0xA0, 0x8E, 0xA1, 0x00, 0x00, 0x09, 0xFF, 0xFF, 0xFD, 0x70, 0x00, 0x7F, 0x40,
    0x00, 0x00, 0x7F, 0x40, 0x00, 0x00, 0x00, 0x7F, 0x40, 0x00, 0x00, 0x7F, 0x40, 0x00, 0x00, 0x00,
    0x7F, 0x40, 0x00, 0x00, 0x7F, 0x40, 0x00, 0x00, 0x00, 0x7F, 0x40, 0x00, 0x00, 0x7F, 0x40, 0x00,
    0x00, 0x00, 0x7F, 0x40, 0x00, 0x00, 0x7F, 0x40, 0x00, 0x00, 0x00, 0x7F, 0xA6, 0x66, 0x66, 0xBF,
    0xA6, 0x65, 0x40, 0x00, 0x7F, 0xFF, 0xFF, 0xFF, 0xFF, 0xFF, 0xFF, 0xFE, 0x50, 0x7F, 0x40, 0x00,
    0x00, 0x7F, 0x40, 0x00, 0x3C, 0xF3, 0x7F, 0x40, 0x00, 0x00, 0x7F, 0x40, 0x00, 0x02, 0xF9, 0x7F,
    0x40, 0x00, 0x00, 0x7F, 0x40, 0x00, 0x00, 0xFA, 0x7F, 0x40, 0x00, 0x00, 0x7F, 0x40, 0x00, 0x06,
    0xF7, 0x7F, 0x40, 0x00, 0x00, 0x7F, 0x97, 0x77, 0xAF, 0xD0, 0x7F, 0x40, 0x00, 0x00, 0x7F, 0xFF,
    0xFF, 0xE8, 0x00, 0x7F, 0xFF, 0xFF, 0xFF, 0xFF, 0x70, 0x00, 0x26, 0x66, 0xFF, 0x66, 0x66, 0x20,
    0x00, 0x00, 0x00, 0xED, 0x00, 0x00, 0x00, 0x00, 0x00, 0x00, 0xED, 0x00, 0x00, 0x00, 0x00, 0x00,
    0x00, 0xED, 0x00, 0x00, 0x00, 0x00, 0x00, 0x00, 0xEF, 0xCE, 0xFF, 0xC5, 0x00, 0x00, 0x00, 0xEF,
    0x97, 0x67, 0xCF, 0x60, 0x00, 0x00, 0xED, 0x00, 0x00, 0x0D, 0xE0, 0x00, 0x00, 0xED, 0x00, 0x00,
    0x09, 0xF0, 0x00, 0x00, 0xED, 0x00, 0x00, 0x09, 0xF1, 0x00, 0x00, 0xED, 0x00, 0x00, 0x09, 0xF1,
    0x00, 0x00, 0xED, 0x00, 0x00, 0x09, 0xF1, 0x00, 0x00, 0xED, 0x00, 0x00, 0x09, 0xF1, 0x00, 0x00,
    0x8F, 0x50, 0x00, 0x00, 0x00, 0x1F, 0x90, 0x00, 0x00, 0x00, 0x0A, 0xC0, 0x00, 0x00, 0x00, 0x00,
    0x00, 0x00, 0x00, 0x00, 0x8F, 0x30, 0x00, 0x09, 0xF7, 0x08, 0xF3, 0x00, 0x07, 0xF9, 0x00, 0x8F,
    0x30, 0x05, 0xFB, 0x00, 0x08, 0xF3, 0x03, 0xFC, 0x00, 0x00, 0x8F, 0x32, 0xED, 0x10, 0x00, 0x08,
    0xF4, 0xEF, 0x20, 0x00, 0x00, 0x8F, 0xFF, 0xF7, 0x00, 0x00, 0x08, 0xFF, 0x4C, 0xF3, 0x00, 0x00,
    0x8F, 0x70, 0x2F, 0xD1, 0x00, 0x08, 0xF3, 0x00, 0x5F, 0xA0, 0x00, 0x8F, 0x30, 0x00, 0x9F, 0x60,
    0x08, 0xF3, 0x00, 0x00, 0xDF, 0x30, 0x8F, 0x30, 0x00, 0x02, 0xFD, 0x00, 0x00, 0x2F, 0xB0, 0x00,
    0x00, 0x00, 0x00, 0x5F, 0x50, 0x00, 0x00, 0x00, 0x00, 0x9D, 0x00, 0x00, 0x00, 0x00, 0x00, 0x00,
    0x00, 0x00, 0x7F, 0x40, 0x00, 0x00, 0xCF, 0x47, 0xF4, 0x00, 0x00, 0x6F, 0xF4, 0x7F, 0x40, 0x00,
    0x1E, 0xFF, 0x47, 0xF4, 0x00, 0x0A, 0xFA, 0xF4, 0x7F, 0x40, 0x04, 0xF9, 0x7F, 0x47, 0xF4, 0x00,
    0xDE, 0x07, 0xF4, 0x7F, 0x40, 0x8F, 0x50, 0x7F, 0x47, 0xF4, 0x2F, 0xB0, 0x07, 0xF4, 0x7F, 0x4C,
    0xF1, 0x00, 0x7F, 0x47, 0xFA, 0xF7, 0x00, 0x07, 0xF4, 0x7F, 0xFC, 0x00, 0x00, 0x7F, 0x47, 0xFF,
    0x30, 0x00, 0x07, 0xF4, 0x7F, 0x90, 0x00, 0x00, 0x7F, 0x40, 0x00, 0x0B, 0xB1, 0x3F, 0x40, 0x00,
    0x00, 0x2C, 0xFD, 0x80, 0x00, 0x00, 0x00, 0x00, 0x00, 0x00, 0x01, 0xFC, 0x00, 0x00, 0x05, 0xF9,
    0x0A, 0xF3, 0x00, 0x00, 0xCF, 0x20, 0x2F, 0xB0, 0x00, 0x2F, 0xB0, 0x00, 0xBF, 0x20, 0x08, 0xF4,
    0x00, 0x04, 0xF9, 0x00, 0xED, 0x00, 0x00, 0x0C, 0xF1, 0x5F, 0x70, 0x00, 0x00, 0x5F, 0x7B, 0xF1,
    0x00, 0x00, 0x00, 0xDF, 0xF9, 0x00, 0x00, 0x00, 0x06, 0xFF, 0x20, 0x00, 0x00, 0x00, 0x1F, 0xF0,
    0x00, 0x00, 0x00, 0x06, 0xF5, 0x00, 0x00, 0x00, 0x47, 0xFD, 0x00, 0x00, 0x00, 0x0B, 0xFB, 0x20,
    0x00, 0x00, 0x7F, 0x40, 0x00, 0x00, 0x7F, 0x47, 0xF4, 0x00, 0x00, 0x07, 0xF4, 0x7F, 0x40, 0x00,
    0x00, 0x7F, 0x47, 0xF4, 0x00, 0x00, 0x07, 0xF4, 0x7F, 0x40, 0x00, 0x00, 0x7F, 0x47, 0xF4, 0x00,
    0x00, 0x07, 0xF4, 0x7F, 0x40, 0x00, 0x00, 0x7F, 0x47, 0xF4, 0x00, 0x00, 0x07, 0xF4, 0x7F, 0x40,
    0x00, 0x00, 0x7F, 0x47, 0xF4, 0x00, 0x00, 0x07, 0xF4, 0x7F, 0x40, 0x00, 0x00, 0x7F, 0x47, 0xF8,
    0x67, 0x96, 0x6A, 0xF4, 0x7F, 0xFF, 0xFF, 0xFF, 0xFF, 0x40, 0x00, 0x06, 0xF4, 0x00, 0x00, 0x00,
    0x00, 0x6F, 0x40, 0x00, 0x00, 0x00, 0x06, 0xF4, 0x00, 0x00, 0x00, 0x00, 0x1F, 0xF0, 0x00, 0x00,
    0x00, 0x00, 0x6F, 0xF3, 0x00, 0x00, 0x00, 0x00, 0xCC, 0xF9, 0x00, 0x00, 0x00, 0x02, 0xF6, 0xAE,
    0x00, 0x00, 0x00, 0x08, 0xF1, 0x4F, 0x50, 0x00, 0x00, 0x0E, 0xA0, 0x0E, 0xB0, 0x00, 0x00, 0x4F,
    0x50, 0x09, 0xF1, 0x00, 0x00, 0xAE, 0x00, 0x03, 0xF7, 0x00, 0x01, 0xFF, 0x66, 0x66, 0xFF, 0x00,
    0x06, 0xFF, 0xFF, 0xFF, 0xFF, 0x30, 0x0D, 0xE0, 0x00, 0x00, 0x2F, 0x90, 0x2F, 0x80, 0x00, 0x00,
    0x0C, 0xE0, 0x9F, 0x20, 0x00, 0x00, 0x06, 0xF5, 0xFF, 0xFF, 0xFF, 0xFF, 0x40, 0xFF, 0x96, 0x66,
    0x66, 0x10, 0xFF, 0x40, 0x00, 0x00, 0x00, 0xFF, 0x40, 0x00, 0x00, 0x00, 0xFF, 0x40, 0x00, 0x00,
    0x00, 0xFF, 0xA6, 0x65, 0x30, 0x00, 0xFF, 0xFF, 0xFF, 0xFE, 0x40, 0xFF, 0x40, 0x00, 0x3D, 0xF1,
    0xFF, 0x40, 0x00, 0x04, 0xF7, 0xFF, 0x40, 0x00, 0x02, 0xF8, 0xFF, 0x40, 0x00, 0x07, 0xF5, 0xFF,
    0x96, 0x66, 0xAF, 0xC0, 0xFF, 0xFF, 0xFF, 0xD8, 0x00, 0x8F, 0xFF, 0xFE, 0xB4, 0x00, 0x8F, 0x86,
    0x67, 0xDF, 0x40, 0x8F, 0x30, 0x00, 0x1F, 0xB0, 0x8F, 0x30, 0x00, 0x0D, 0xD0, 0x8F, 0x30, 0x00,
    0x2F, 0xA0, 0x8F, 0xAB, 0xBD, 0xFD, 0x10, 0x8F, 0xFF, 0xFF, 0xF9, 0x00, 0x8F, 0x30, 0x00, 0x5F,
    0xA0, 0x8F, 0x30, 0x00, 0x09, 0xF1, 0x8F, 0x30, 0x00, 0x08, 0xF2, 0x8F, 0x30, 0x00, 0x0C, 0xF0,
    0x8F, 0x86, 0x66, 0xCF, 0x70, 0x8F, 0xFF, 0xFF, 0xC6, 0x00, 0x7F, 0xFF, 0xFF, 0xFF, 0x67, 0xF8,
    0x66, 0x66, 0x62, 0x7F, 0x40, 0x00, 0x00, 0x07, 0xF4, 0x00, 0x00, 0x00, 0x7F, 0x40, 0x00, 0x00,
    0x07, 0xF4, 0x00, 0x00, 0x00, 0x7F, 0x40, 0x00, 0x00, 0x07, 0xF4, 0x00, 0x00, 0x00, 0x7F, 0x40,
    0x00, 0x00, 0x07, 0xF4, 0x00, 0x00, 0x00, 0x7F, 0x40, 0x00, 0x00, 0x07, 0xF4, 0x00, 0x00, 0x00,
    0x7F, 0x40, 0x00, 0x00, 0x00, 0x00, 0x05, 0xFF, 0xFF, 0xFF, 0xF5, 0x00, 0x00, 0x06, 0xFB, 0x66,
    0x6B, 0xF5, 0x00, 0x00, 0x06, 0xF4, 0x00, 0x05, 0xF5, 0x00, 0x00, 0x07, 0xF3, 0x00, 0x05, 0xF5,
    0x00, 0x00, 0x08, 0xF2, 0x00, 0x05, 0xF5, 0x00, 0x00, 0x09, 0xF1, 0x00, 0x05, 0xF5, 0x00, 0x00,
    0x0A, 0xF0, 0x00, 0x05, 0xF5, 0x00, 0x00, 0x0D, 0xE0, 0x00, 0x05, 0xF5, 0x00, 0x00, 0x0F, 0xA0,
    0x00, 0x05, 0xF5, 0x00, 0x00, 0x5F, 0x60, 0x00, 0x05, 0xF5, 0x00, 0x00, 0xCF, 0x00, 0x00, 0x05,
    0xF5, 0x00, 0x3F, 0xFD, 0x66, 0x66, 0x6B, 0xFC, 0x60, 0x9F, 0xFF, 0xFF, 0xFF, 0xFF, 0xFF, 0xF0,
    0x8F, 0x20, 0x00, 0x00, 0x00, 0x0A, 0xF0, 0x8F, 0x20, 0x00, 0x00, 0x00, 0x0A, 0xF0, 0x8F, 0x20,
    0x00, 0x00, 0x00, 0x0A, 0xF0, 0x8F, 0xFF, 0xFF, 0xFF, 0x88, 0xF9, 0x66, 0x66, 0x63, 0x8F, 0x30,
    0x00, 0x00, 0x08, 0xF3, 0x00, 0x00, 0x00, 0x8F, 0x30, 0x00, 0x00, 0x08, 0xF9, 0x66, 0x66, 0x40,
    0x8F, 0xFF, 0xFF, 0xFB, 0x08, 0xF3, 0x00, 0x00, 0x00, 0x8F, 0x30, 0x00, 0x00, 0x08, 0xF3, 0x00,
    0x00, 0x00, 0x8F, 0x30, 0x00, 0x00, 0x08, 0xF9, 0x66, 0x66, 0x63, 0x8F, 0xFF, 0xFF, 0xFF, 0x90,
    0x2F, 0xD0, 0x00, 0x09, 0xF1, 0x00, 0x06, 0xF8, 0x00, 0x7F, 0x70, 0x00, 0x9F, 0x10, 0x01, 0xED,
    0x00, 0x00, 0xCF, 0x10, 0x09, 0xF1, 0x00, 0xAF, 0x40, 0x00, 0x02, 0xFB, 0x00, 0x9F, 0x10, 0x3F,
    0x90, 0x00, 0x00, 0x07, 0xF4, 0x09, 0xF1, 0x0D, 0xE0, 0x00, 0x00, 0x00, 0x0E, 0xF6, 0xFF, 0x89,
    0xF4, 0x00, 0x00, 0x00, 0x00, 0xEF, 0xFF, 0xFF, 0xFF, 0x20, 0x00, 0x00, 0x00, 0x5F, 0xB0, 0x9F,
    0x13, 0xFC, 0x00, 0x00, 0x00, 0x0E, 0xF1, 0x09, 0xF1, 0x09, 0xF6, 0x00, 0x00, 0x09, 0xF7, 0x00,
    0x9F, 0x10, 0x1E, 0xF1, 0x00, 0x03, 0xFD, 0x00, 0x09, 0xF1, 0x00, 0x6F, 0xA0, 0x00, 0xCF, 0x40,
    0x00, 0x9F, 0x10, 0x00, 0xCF, 0x40, 0x7F, 0xA0, 0x00, 0x09, 0xF1, 0x00, 0x03, 0xFD, 0x00, 0x00,
    0x2A, 0xEF, 0xD9, 0x10, 0x02, 0xFE, 0x86, 0x9F, 0xE2, 0x0C, 0xF1, 0x00, 0x04, 0xF9, 0x0F, 0xA0,
    0x00, 0x00, 0xFB, 0x00, 0x00, 0x00, 0x03, 0xF8, 0x00, 0x00, 0x77, 0x8E, 0xC0, 0x00, 0x02, 0xFF,
    0xFF, 0x50, 0x00, 0x00, 0x00, 0x2A, 0xF6, 0x00, 0x00, 0x00, 0x00, 0xED, 0x3F, 0x70, 0x00, 0x00,
    0xCE, 0x0F, 0xD0, 0x00, 0x03, 0xFB, 0x06, 0xFD, 0x76, 0x9F, 0xF2, 0x00, 0x3B, 0xEF, 0xD9, 0x10,
    0x7F, 0x40, 0x00, 0x00, 0xCF, 0x47, 0xF4, 0x00, 0x00, 0x6F, 0xF4, 0x7F, 0x40, 0x00, 0x1E, 0xFF,
    0x47, 0xF4, 0x00, 0x0A, 0xFA, 0xF4, 0x7F, 0x40, 0x04, 0xF9, 0x7F, 0x47, 0xF4, 0x00, 0xDE, 0x07,
    0xF4, 0x7F, 0x40, 0x8F, 0x50, 0x7F, 0x47, 0xF4, 0x2F, 0xB0, 0x07, 0xF4, 0x7F, 0x4C, 0xF1, 0x00,
    0x7F, 0x47, 0xFA, 0xF7, 0x00, 0x07, 0xF4, 0x7F, 0xFC, 0x00, 0x00, 0x7F, 0x47, 0xFF, 0x30, 0x00,
    0x07, 0xF4, 0x7F, 0x90, 0x00, 0x00, 0x7F, 0x40, 0x00, 0x0B, 0xB1, 0x3F, 0x40, 0x00, 0x00, 0x2C,
    0xFD, 0x80, 0x00, 0x00, 0x00, 0x00, 0x00, 0x00, 0x07, 0xF4, 0x00, 0x00, 0x0C, 0xF4, 0x7F, 0x40,
    0x00, 0x06, 0xFF, 0x47, 0xF4, 0x00, 0x01, 0xEF, 0xF4, 0x7F, 0x40, 0x00, 0xAF, 0xAF, 0x47, 0xF4,
    0x00, 0x4F, 0x97, 0xF4, 0x7F, 0x40, 0x0D, 0xE0, 0x7F, 0x47, 0xF4, 0x08, 0xF5, 0x07, 0xF4, 0x7F,
    0x42, 0xFB, 0x00, 0x7F, 0x47, 0xF4, 0xCF, 0x10, 0x07, 0xF4, 0x7F, 0xAF, 0x70, 0x00, 0x7F, 0x47,
    0xFF, 0xC0, 0x00, 0x07, 0xF4, 0x7F, 0xF3, 0x00, 0x00, 0x7F, 0x47, 0xF9, 0x00, 0x00, 0x07, 0xF4,
    0x7F, 0x40, 0x00, 0x05, 0xFB, 0x07, 0xF4, 0x00, 0x03, 0xFE, 0x10, 0x7F, 0x40, 0x01, 0xDF, 0x30,
    0x07, 0xF4, 0x00, 0xBF, 0x50, 0x00, 0x7F, 0x40, 0x8F, 0x90, 0x00, 0x07, 0xFA, 0x8F, 0xC0, 0x00,
    0x00, 0x7F, 0xFF, 0xF9, 0x00, 0x00, 0x07, 0xF4, 0x0C, 0xF4, 0x00, 0x00, 0x7F, 0x40, 0x1E, 0xE1,
    0x00, 0x07, 0xF4, 0x00, 0x4F, 0xC0, 0x00, 0x7F, 0x40, 0x00, 0x7F, 0x90, 0x07, 0xF4, 0x00, 0x00,
    0xBF, 0x50, 0x7F, 0x40, 0x00, 0x01, 0xEF, 0x20, 0x00, 0x0E, 0xFF, 0xFF, 0xFF, 0xF2, 0x00, 0x0D,
    0xF6, 0x66, 0x6C, 0xF2, 0x00, 0x0D, 0xD0, 0x00, 0x08, 0xF2, 0x00, 0x0D, 0xC0, 0x00, 0x08, 0xF2,
    0x00, 0x0E, 0xC0, 0x00, 0x08, 0xF2, 0x00, 0x0F, 0xB0, 0x00, 0x08, 0xF2, 0x00, 0x0F, 0xA0, 0x00,
    0x08, 0xF2, 0x00, 0x0F, 0x90, 0x00, 0x08, 0xF2, 0x00, 0x2F, 0x70, 0x00, 0x08, 0xF2, 0x00, 0x4F,
    0x50, 0x00, 0x08, 0xF2, 0x00, 0xAF, 0x10, 0x00, 0x08, 0xF2, 0x3A, 0xFA, 0x00, 0x00, 0x08, 0xF2,
    0x9E, 0xA0, 0x00, 0x00, 0x08, 0xF2, 0x8F, 0xD0, 0x00, 0x00, 0x00, 0x2F, 0xF3, 0x8F, 0xF4, 0x00,
    0x00, 0x00, 0x8F, 0xF3, 0x8F, 0xFA, 0x00, 0x00, 0x00, 0xEF, 0xF3, 0x8F, 0xAF, 0x10, 0x00, 0x05,
    0xFA, 0xF3, 0x8F, 0x4F, 0x70, 0x00, 0x0B, 0xE6, 0xF3, 0x8F, 0x1C, 0xD0, 0x00, 0x2F, 0x76, 0xF3,
    0x8F, 0x26, 0xF3, 0x00, 0x8F, 0x16, 0xF3, 0x8F, 0x20, 0xFA, 0x00, 0xEA, 0x07, 0xF3, 0x8F, 0x20,
    0x9F, 0x15, 0xF4, 0x07, 0xF3, 0x8F, 0x20, 0x3F, 0x6B, 0xE0, 0x07, 0xF3, 0x8F, 0x20, 0x0C, 0xDF,
    0x70, 0x07, 0xF3, 0x8F, 0x20, 0x06, 0xFF, 0x10, 0x07, 0xF3, 0x8F, 0x20, 0x00, 0xFA, 0x00, 0x07,
    0xF3, 0x8F, 0x30, 0x00, 0x00, 0x5F, 0x58, 0xF3, 0x00, 0x00, 0x05, 0xF5, 0x8F, 0x30, 0x00, 0x00,
    0x5F, 0x58, 0xF3, 0x00, 0x00, 0x05, 0xF5, 0x8F, 0x30, 0x00, 0x00, 0x5F, 0x58, 0xF9, 0x66, 0x66,
    0x6A, 0xF5, 0x8F, 0xFF, 0xFF, 0xFF, 0xFF, 0x58, 0xF3, 0x00, 0x00, 0x05, 0xF5, 0x8F, 0x30, 0x00,
    0x00, 0x5F, 0x58, 0xF3, 0x00, 0x00, 0x05, 0xF5, 0x8F, 0x30, 0x00, 0x00, 0x5F, 0x58, 0xF3, 0x00,
    0x00, 0x05, 0xF5, 0x8F, 0x30, 0x00, 0x00, 0x5F, 0x50, 0x00, 0x3B, 0xEF, 0xD7, 0x00, 0x00, 0x5F,
    0xE8, 0x7B, 0xFB, 0x00, 0x2F, 0xC0, 0x00, 0x06, 0xF7, 0x08, 0xF3, 0x00, 0x00, 0x0C, 0xE0, 0xCE,
    0x00, 0x00, 0x00, 0x8F, 0x2E, 0xC0, 0x00, 0x00, 0x06, 0xF4, 0xFB, 0x00, 0x00, 0x00, 0x5F, 0x5E,
    0xC0, 0x00, 0x00, 0x06, 0xF4, 0xCE, 0x00, 0x00, 0x00, 0x8F, 0x38, 0xF3, 0x00, 0x00, 0x0C, 0xE0,
    0x2F, 0xC0, 0x00, 0x06, 0xF8, 0x00, 0x5F, 0xD8, 0x7A, 0xFC, 0x00, 0x00, 0x3B, 0xEF, 0xD7, 0x00,
    0x00, 0x7F, 0xFF, 0xFF, 0xFF, 0xFF, 0x47, 0xF8, 0x66, 0x66, 0x6A, 0xF4, 0x7F, 0x40, 0x00, 0x00,
    0x6F, 0x47, 0xF4, 0x00, 0x00, 0x06, 0xF4, 0x7F, 0x40, 0x00, 0x00, 0x6F, 0x47, 0xF4, 0x00, 0x00,
    0x06, 0xF4, 0x7F, 0x40, 0x00, 0x00, 0x6F, 0x47, 0xF4, 0x00, 0x00, 0x06, 0xF4, 0x7F, 0x40, 0x00,
    0x00, 0x6F, 0x47, 0xF4, 0x00, 0x00, 0x06, 0xF4, 0x7F, 0x40, 0x00, 0x00, 0x6F, 0x47, 0xF4, 0x00,
    0x00, 0x06, 0xF4, 0x7F, 0x40, 0x00, 0x00, 0x6F, 0x40, 0x8F, 0xFF, 0xFF, 0xD8, 0x00, 0x8F, 0x86,
    0x66, 0xAF, 0xC0, 0x8F, 0x30, 0x00, 0x07, 0xF6, 0x8F, 0x30, 0x00, 0x01, 0xFA, 0x8F, 0x30, 0x00,
    0x00, 0xFA, 0x8F, 0x30, 0x00, 0x06, 0xF6, 0x8F, 0x96, 0x66, 0x9F, 0xD0, 0x8F, 0xFF, 0xFF, 0xD8,
    0x10, 0x8F, 0x30, 0x00, 0x00, 0x00, 0x8F, 0x30, 0x00, 0x00, 0x00, 0x8F, 0x30, 0x00, 0x00, 0x00,
    0x8F, 0x30, 0x00, 0x00, 0x00, 0x8F, 0x30, 0x00, 0x00, 0x00, 0x00, 0x4B, 0xEF, 0xD8, 0x00, 0x06,
    0xFD, 0x76, 0x9F, 0xC0, 0x2F, 0xB0, 0x00, 0x05, 0xF7, 0x9F, 0x30, 0x00, 0x00, 0xEC, 0xDE, 0x00,
    0x00, 0x00, 0x00, 0xEC, 0x00, 0x00, 0x00, 0x00, 0xFC, 0x00, 0x00, 0x00, 0x00, 0xEC, 0x00, 0x00,
    0x00, 0x00, 0xDE, 0x00, 0x00, 0x00, 0x00, 0x9F, 0x30, 0x00, 0x00, 0xEC, 0x2F, 0xB0, 0x00, 0x05,
    0xF7, 0x07, 0xFC, 0x76, 0x9F, 0xC0, 0x00, 0x4C, 0xFF, 0xD7, 0x00, 0x9F, 0xFF, 0xFF, 0xFF, 0xFF,
    0x53, 0x66, 0x6D, 0xF9, 0x66, 0x62, 0x00, 0x00, 0x7F, 0x30, 0x00, 0x00, 0x00, 0x07, 0xF3, 0x00,
    0x00, 0x00, 0x00, 0x7F, 0x30, 0x00, 0x00, 0x00, 0x07, 0xF3, 0x00, 0x00, 0x00, 0x00, 0x7F, 0x30,
    0x00, 0x00, 0x00, 0x07, 0xF3, 0x00, 0x00, 0x00, 0x00, 0x7F, 0x30, 0x00, 0x00, 0x00, 0x07, 0xF3,
    0x00, 0x00, 0x00, 0x00, 0x7F, 0x30, 0x00, 0x00, 0x00, 0x07, 0xF3, 0x00, 0x00, 0x00, 0x00, 0x7F,
    0x30, 0x00, 0x00, 0x1F, 0xC0, 0x00, 0x00, 0x5F, 0x90, 0xAF, 0x30, 0x00, 0x0C, 0xF2, 0x02, 0xFB,
    0x00, 0x02, 0xFB, 0x00, 0x0B, 0xF2, 0x00, 0x8F, 0x40, 0x00, 0x4F, 0x90, 0x0E, 0xD0, 0x00, 0x00,
    0xCF, 0x15, 0xF7, 0x00, 0x00, 0x05, 0xF7, 0xBF, 0x10, 0x00, 0x00, 0x0D, 0xFF, 0x90, 0x00, 0x00,
    0x00, 0x6F, 0xF2, 0x00, 0x00, 0x00, 0x01, 0xFF, 0x00, 0x00, 0x00, 0x00, 0x6F, 0x50, 0x00, 0x00,
    0x04, 0x7F, 0xD0, 0x00, 0x00, 0x00, 0xBF, 0xB2, 0x00, 0x00, 0x00, 0x00, 0x00, 0x00, 0xDD, 0x00,
    0x00, 0x00, 0x00, 0x00, 0x00, 0xDD, 0x00, 0x00, 0x00, 0x00, 0x06, 0xCF, 0xFF, 0xFC, 0x70, 0x00,
    0x00, 0xCF, 0x95, 0xFF, 0x59, 0xFC, 0x00, 0x09, 0xF3, 0x00, 0xDD, 0x00, 0x4F, 0x90, 0x0F, 0x90,
    0x00, 0xDD, 0x00, 0x0A, 0xF0, 0x3F, 0x60, 0x00, 0xDD, 0x00, 0x07, 0xF3, 0x3F, 0x60, 0x00, 0xDD,
    0x00, 0x06, 0xF3, 0x0F, 0xA0, 0x00, 0xDD, 0x00, 0x0A, 0xF0, 0x09, 0xF3, 0x00, 0xDD, 0x00, 0x3F,
    0x90, 0x00, 0xCF, 0x96, 0xFF, 0x59, 0xFC, 0x00, 0x00, 0x07, 0xCF, 0xFF, 0xFC, 0x70, 0x00, 0x00,
    0x00, 0x00, 0xDD, 0x00, 0x00, 0x00, 0x00, 0x00, 0x00, 0xDD, 0x00, 0x00, 0x00, 0x1F, 0xD0, 0x00,
    0x00, 0x9F, 0x60, 0x7F, 0x80, 0x00, 0x3F, 0xC0, 0x00, 0xCF, 0x20, 0x0C, 0xF2, 0x00, 0x03, 0xFB,
    0x06, 0xF8, 0x00, 0x00, 0x09, 0xF7, 0xFD, 0x00, 0x00, 0x00, 0x0E, 0xFF, 0x40, 0x00, 0x00, 0x00,
    0x8F, 0xD0, 0x00, 0x00, 0x00, 0x1E, 0xFF, 0x50, 0x00, 0x00, 0x0A, 0xF5, 0xEE, 0x10, 0x00, 0x04,
    0xFA, 0x05, 0xF9, 0x00, 0x00, 0xDF, 0x10, 0x0B, 0xF3, 0x00, 0x8F, 0x60, 0x00, 0x2F, 0xD0, 0x2F,
    0xC0, 0x00, 0x00, 0x8F, 0x70, 0x7F, 0x40, 0x00, 0x00, 0x7F, 0x30, 0x7F, 0x40, 0x00, 0x00, 0x7F,
    0x30, 0x7F, 0x40, 0x00, 0x00, 0x7F, 0x30, 0x7F, 0x40, 0x00, 0x00, 0x7F, 0x30, 0x7F, 0x40, 0x00,
    0x00, 0x7F, 0x30, 0x7F, 0x40, 0x00, 0x00, 0x7F, 0x30, 0x7F, 0x40, 0x00, 0x00, 0x7F, 0x30, 0x7F,
    0x40, 0x00, 0x00, 0x7F, 0x30, 0x7F, 0x40, 0x00, 0x00, 0x7F, 0x30, 0x7F, 0x40, 0x00, 0x00, 0x7F,
    0x30, 0x7F, 0x40, 0x00, 0x00, 0x7F, 0x30, 0x7F, 0x86, 0x66, 0x66, 0xCF, 0xA3, 0x7F, 0xFF, 0xFF,
    0xFF, 0xFF, 0xF8, 0x00, 0x00, 0x00, 0x00, 0x01, 0xF8, 0x00, 0x00, 0x00, 0x00, 0x01, 0xF7, 0x00,
    0x00, 0x00, 0x00, 0x01, 0xF7, 0xAF, 0x00, 0x00, 0x00, 0xEC, 0xAF, 0x00, 0x00, 0x00, 0xEC, 0xAF,
    0x00, 0x00, 0x00, 0xEC, 0xAF, 0x00, 0x00, 0x00, 0xEC, 0xAF, 0x10, 0x00, 0x00, 0xEC, 0x7F, 0x50,
    0x00, 0x00, 0xEC, 0x1E, 0xF8, 0x66, 0x8B, 0xFC, 0x02, 0xAE, 0xFF, 0xDA, 0xFC, 0x00, 0x00, 0x00,
    0x00, 0xEC, 0x00, 0x00, 0x00, 0x00, 0xEC, 0x00, 0x00, 0x00, 0x00, 0xEC, 0x00, 0x00, 0x00, 0x00,
    0xEC, 0x00, 0x00, 0x00, 0x00, 0xEC, 0x7F, 0x40, 0x00, 0x5F, 0x50, 0x00, 0x4F, 0x67, 0xF4, 0x00,
    0x05, 0xF5, 0x00, 0x04, 0xF6, 0x7F, 0x40, 0x00, 0x5F, 0x50, 0x00, 0x4F, 0x67, 0xF4, 0x00, 0x05,
    0xF5, 0x00, 0x04, 0xF6, 0x7F, 0x40, 0x00, 0x5F, 0x50, 0x00, 0x4F, 0x67, 0xF4, 0x00, 0x05, 0xF5,
    0x00, 0x04, 0xF6, 0x7F, 0x40, 0x00, 0x5F, 0x50, 0x00, 0x4F, 0x67, 0xF4, 0x00, 0x05, 0xF5, 0x00,
    0x04, 0xF6, 0x7F, 0x40, 0x00, 0x5F, 0x50, 0x00, 0x4F, 0x67, 0xF4, 0x00, 0x05, 0xF5, 0x00, 0x04,
    0xF6, 0x7F, 0x40, 0x00, 0x5F, 0x50, 0x00, 0x4F, 0x67, 0xF8, 0x66, 0x69, 0xF9, 0x66, 0x68, 0xF6,
    0x7F, 0xFF, 0xFF, 0xFF, 0xFF, 0xFF, 0xFF, 0x60, 0x7F, 0x40, 0x00, 0x5F, 0x50, 0x00, 0x4F, 0x60,
    0x7F, 0x40, 0x00, 0x5F, 0x50, 0x00, 0x4F, 0x60, 0x7F, 0x40, 0x00, 0x5F, 0x50, 0x00, 0x4F, 0x60,
    0x7F, 0x40, 0x00, 0x5F, 0x50, 0x00, 0x4F, 0x60, 0x7F, 0x40, 0x00, 0x5F, 0x50, 0x00, 0x4F, 0x60,
    0x7F, 0x40, 0x00, 0x5F, 0x50, 0x00, 0x4F, 0x60, 0x7F, 0x40, 0x00, 0x5F, 0x50, 0x00, 0x4F, 0x60,
    0x7F, 0x40, 0x00, 0x5F, 0x50, 0x00, 0x4F, 0x60, 0x7F, 0x40, 0x00, 0x5F, 0x50, 0x00, 0x4F, 0x60,
    0x7F, 0x40, 0x00, 0x5F, 0x50, 0x00, 0x4F, 0x60, 0x7F, 0x40, 0x00, 0x5F, 0x50, 0x00, 0x4F, 0x60,
    0x7F, 0x86, 0x66, 0x9F, 0x96, 0x66, 0x9F, 0xC3, 0x7F, 0xFF, 0xFF, 0xFF, 0xFF, 0xFF, 0xFF, 0xFA,
    0x00, 0x00, 0x00, 0x00, 0x00, 0x00, 0x00, 0xE9, 0x00, 0x00, 0x00, 0x00, 0x00, 0x00, 0x00, 0xE9,
    0x00, 0x00, 0x00, 0x00, 0x00, 0x00, 0x00, 0xE8, 0xDF, 0xFF, 0xF7, 0x00, 0x00, 0x00, 0x04, 0x55,
    0x9F, 0x70, 0x00, 0x00, 0x00, 0x00, 0x04, 0xF7, 0x00, 0x00, 0x00, 0x00, 0x00, 0x4F, 0x70, 0x00,
    0x00, 0x00, 0x00, 0x04, 0xF7, 0x00, 0x00, 0x00, 0x00, 0x00, 0x4F, 0xC6, 0x65, 0x40, 0x00, 0x00,
    0x04, 0xFF, 0xFF, 0xFF, 0xF7, 0x00, 0x00, 0x4F, 0x70, 0x00, 0x2A, 0xF6, 0x00, 0x04, 0xF7, 0x00,
    0x00, 0x0F, 0xC0, 0x00, 0x4F, 0x70, 0x00, 0x00, 0xDD, 0x00, 0x04, 0xF7, 0x00, 0x00, 0x3F, 0xA0,
    0x00, 0x4F, 0xA6, 0x66, 0x8E, 0xF2, 0x00, 0x04, 0xFF, 0xFF, 0xFE, 0xA2, 0x00, 0x7F, 0x40, 0x00,
    0x00, 0x00, 0x0C, 0xF7, 0xF4, 0x00, 0x00, 0x00, 0x00, 0xCF, 0x7F, 0x40, 0x00, 0x00, 0x00, 0x0C,
    0xF7, 0xF4, 0x00, 0x00, 0x00, 0x00, 0xCF, 0x7F, 0x40, 0x00, 0x00, 0x00, 0x0C, 0xF7, 0xFA, 0x66,
    0x54, 0x00, 0x00, 0xCF, 0x7F, 0xFF, 0xFF, 0xFE, 0x50, 0x0C, 0xF7, 0xF4, 0x00, 0x03, 0xCF, 0x30,
    0xCF, 0x7F, 0x40, 0x00, 0x02, 0xF9, 0x0C, 0xF7, 0xF4, 0x00, 0x00, 0x0F, 0xA0, 0xCF, 0x7F, 0x40,
    0x00, 0x05, 0xF7, 0x0C, 0xF7, 0xF8, 0x66, 0x69, 0xFE, 0x10, 0xCF, 0x7F, 0xFF, 0xFF, 0xE9, 0x10,
    0x0C, 0xF0, 0x9F, 0x20, 0x00, 0x00, 0x00, 0x9F, 0x20, 0x00, 0x00, 0x00, 0x9F, 0x20, 0x00, 0x00,
    0x00, 0x9F, 0x20, 0x00, 0x00, 0x00, 0x9F, 0x20, 0x00, 0x00, 0x00, 0x9F, 0x86, 0x65, 0x30, 0x00,
    0x9F, 0xFF, 0xFF, 0xFE, 0x40, 0x9F, 0x20, 0x00, 0x3D, 0xF1, 0x9F, 0x20, 0x00, 0x04, 0xF7, 0x9F,
    0x20, 0x00, 0x02, 0xF8, 0x9F, 0x20, 0x00, 0x07, 0xF5, 0x9F, 0x76, 0x66, 0xAF, 0xC0, 0x9F, 0xFF,
    0xFF, 0xD8, 0x00, 0x00, 0x6C, 0xFF, 0xC5, 0x00, 0x00, 0xAF, 0xB7, 0x7C, 0xF9, 0x00, 0x4F, 0x90,
    0x00, 0x09, 0xF5, 0x09, 0xF2, 0x00, 0x00, 0x0F, 0xC0, 0x00, 0x00, 0x00, 0x00, 0xBF, 0x00, 0x00,
    0x36, 0x66, 0x6D, 0xF1, 0x00, 0x09, 0xFF, 0xFF, 0xFF, 0x20, 0x00, 0x00, 0x00, 0x09, 0xF1, 0x00,
    0x00, 0x00, 0x00, 0xBF, 0x09, 0xF2, 0x00, 0x00, 0x0F, 0xC0, 0x4F, 0x80, 0x00, 0x09, 0xF5, 0x00,
    0x9F, 0xB6, 0x6B, 0xFA, 0x00, 0x00, 0x6C, 0xFF, 0xC6, 0x00, 0x00, 0x6F, 0x50, 0x00, 0x3A, 0xEF,
    0xD7, 0x00, 0x06, 0xF5, 0x00, 0x4F, 0xE8, 0x7A, 0xFC, 0x00, 0x6F, 0x50, 0x1E, 0xD1, 0x00, 0x05,
    0xF9, 0x06, 0xF5, 0x07, 0xF4, 0x00, 0x00, 0x0B, 0xF0, 0x6F, 0x50, 0xBF, 0x00, 0x00, 0x00, 0x6F,
    0x46, 0xF9, 0x5F, 0xE0, 0x00, 0x00, 0x04, 0xF6, 0x6F, 0xFF, 0xFF, 0x00, 0x00, 0x00, 0x4F, 0x66,
    0xF5, 0x0D, 0xE0, 0x00, 0x00, 0x05, 0xF6, 0x6F, 0x50, 0xBF, 0x00, 0x00, 0x00, 0x7F, 0x46, 0xF5,
    0x07, 0xF4, 0x00, 0x00, 0x0B, 0xF0, 0x6F, 0x50, 0x1E, 0xD1, 0x00, 0x04, 0xF9, 0x06, 0xF5, 0x00,
    0x4F, 0xE8, 0x7A, 0xFC, 0x00, 0x6F, 0x50, 0x00, 0x3A, 0xEF, 0xD8, 0x00, 0x00, 0x00, 0x18, 0xDF,
    0xFF, 0xFE, 0x00, 0xDF, 0xA6, 0x66, 0xEE, 0x07, 0xF6, 0x00, 0x00, 0xDE, 0x0A, 0xF0, 0x00, 0x00,
    0xDE, 0x0A, 0xF0, 0x00, 0x00, 0xDE, 0x06, 0xF6, 0x00, 0x00, 0xDE, 0x00, 0xBF, 0xA6, 0x66, 0xFE,
    0x00, 0x09, 0xFF, 0xFF, 0xFE, 0x00, 0x0C, 0xE0, 0x00, 0xDE, 0x00, 0x4F, 0x70, 0x00, 0xDE, 0x00,
    0xDE, 0x00, 0x00, 0xDE, 0x06, 0xF6, 0x00, 0x00, 0xDE, 0x0E, 0xD0, 0x00, 0x00, 0xDE, 0x00, 0x4B,
    0xEF, 0xB2, 0x00, 0x5F, 0xB6, 0x7E, 0xE1, 0x0A, 0xB0, 0x00, 0x5F, 0x50, 0x00, 0x00, 0x02, 0xF7,
    0x00, 0x5C, 0xEF, 0xFF, 0x70, 0x7F, 0x93, 0x24, 0xF7, 0x0F, 0xB0, 0x00, 0x2F, 0x70, 0xFC, 0x00,
    0x09, 0xF7, 0x0A, 0xFA, 0x7A, 0xFF, 0x80, 0x09, 0xEF, 0xB3, 0xFB, 0x00, 0x00, 0x00, 0x0D, 0x90,
    0x00, 0x00, 0x5A, 0xEF, 0x40, 0x00, 0x2E, 0xFD, 0x93, 0x00, 0x00, 0xEC, 0x30, 0x00, 0x00, 0x07,
    0xD0, 0x00, 0x00, 0x00, 0x0D, 0x77, 0xDF, 0xD6, 0x00, 0x0F, 0xFD, 0x66, 0xCF, 0x70, 0x1F, 0xF0,
    0x00, 0x0C, 0xF1, 0x2F, 0xC0, 0x00, 0x06, 0xF4, 0x2F, 0x80, 0x00, 0x04, 0xF5, 0x0F, 0xA0, 0x00,
    0x07, 0xF3, 0x0B, 0xF1, 0x00, 0x0D, 0xE0, 0x02, 0xFE, 0x76, 0xCF, 0x50, 0x00, 0x2B, 0xFF, 0xC4,
    0x00, 0x9F, 0xFF, 0xFD, 0x70, 0x09, 0xF5, 0x55, 0xAF, 0x90, 0x9F, 0x00, 0x00, 0xBF, 0x09, 0xF0,
    0x00, 0x0B, 0xE0, 0x9F, 0x89, 0x9C, 0xF6, 0x09, 0xFF, 0xFF, 0xFD, 0x30, 0x9F, 0x00, 0x02, 0xBF,
    0x29, 0xF0, 0x00, 0x05, 0xF4, 0x9F, 0x55, 0x56, 0xEF, 0x19, 0xFF, 0xFF, 0xEB, 0x30, 0xAF, 0xFF,
    0xFF, 0x6A, 0xF5, 0x55, 0x52, 0xAF, 0x00, 0x00, 0x0A, 0xF0, 0x00, 0x00, 0xAF, 0x00, 0x00, 0x0A,
    0xF0, 0x00, 0x00, 0xAF, 0x00, 0x00, 0x0A, 0xF0, 0x00, 0x00, 0xAF, 0x00, 0x00, 0x0A, 0xF0, 0x00,
    0x00, 0x00, 0x1F, 0xFF, 0xFF, 0xF1, 0x00, 0x01, 0xFF, 0x88, 0xCF, 0x10, 0x00, 0x2F, 0x70, 0x08,
    0xF1, 0x00, 0x03, 0xF7, 0x00, 0x8F, 0x10, 0x00, 0x3F, 0x60, 0x08, 0xF1, 0x00, 0x05, 0xF4, 0x00,
    0x8F, 0x10, 0x00, 0xAF, 0x00, 0x08, 0xF1, 0x00, 0x1F, 0xA0, 0x00, 0x8F, 0x10, 0x4F, 0xF7, 0x55,
    0x5E, 0xF6, 0x1C, 0xFF, 0xFF, 0xFF, 0xFF, 0xF4, 0x9F, 0x00, 0x00, 0x00, 0x5F, 0x49, 0xF0, 0x00,
    0x00, 0x05, 0xF4, 0x9F, 0x00, 0x00, 0x00, 0x5F, 0x40, 0x00, 0x2A, 0xFF, 0xB3, 0x00, 0x1E, 0xE7,
    0x6D, 0xF1, 0x0A, 0xF1, 0x00, 0x1F, 0x90, 0xFF, 0x55, 0x55, 0xDC, 0x2F, 0xFF, 0xFF, 0xFF, 0xE2,
    0xF7, 0x00, 0x00, 0x00, 0x0F, 0xA0, 0x00, 0x00, 0x00, 0xBF, 0x20, 0x00, 0x51, 0x02, 0xFE, 0x75,
    0x9F, 0x60, 0x02, 0xAE, 0xFC, 0x50, 0x3F, 0xC0, 0x00, 0xFA, 0x00, 0x1F, 0xE0, 0x09, 0xF4, 0x00,
    0xFA, 0x00, 0x8F, 0x50, 0x01, 0xED, 0x00, 0xFA, 0x01, 0xFB, 0x00, 0x00, 0x6F, 0x50, 0xFA, 0x0A,
    0xF2, 0x00, 0x00, 0x0D, 0xE7, 0xFF, 0x7F, 0x80, 0x00, 0x00, 0x0C, 0xFF, 0xFF, 0xFF, 0x60, 0x00,
    0x00, 0x5F, 0x90, 0xFA, 0x0D, 0xE1, 0x00, 0x01, 0xED, 0x00, 0xFA, 0x03, 0xFC, 0x00, 0x0B, 0xF4,
    0x00, 0xFA, 0x00, 0x8F, 0x70, 0x7F, 0x90, 0x00, 0xFA, 0x00, 0x0D, 0xF3, 0x00, 0x7D, 0xFD, 0x80,
    0x00, 0x9F, 0xA5, 0x8F, 0xA0, 0x0F, 0xA0, 0x00, 0xAF, 0x00, 0x00, 0x00, 0x0A, 0xF0, 0x00, 0x05,
    0x68, 0xF7, 0x00, 0x00, 0xFF, 0xFF, 0x30, 0x00, 0x00, 0x01, 0xBF, 0x12, 0xF8, 0x00, 0x07, 0xF3,
    0x0B, 0xF9, 0x57, 0xFD, 0x00, 0x08, 0xDF, 0xEA, 0x10, 0xAF, 0x00, 0x00, 0xDF, 0x0A, 0xF0, 0x00,
    0x8F, 0xF0, 0xAF, 0x00, 0x2F, 0xFF, 0x0A, 0xF0, 0x0B, 0xDA, 0xF0, 0xAF, 0x05, 0xF4, 0x9F, 0x0A,
    0xF0, 0xEB, 0x09, 0xF0, 0xAF, 0x8F, 0x20, 0x9F, 0x0A, 0xFF, 0x80, 0x09, 0xF0, 0xAF, 0xD0, 0x00,
    0x9F, 0x0A, 0xF4, 0x00, 0x09, 0xF0, 0x0B, 0xB1, 0x3F, 0x40, 0x00, 0x2C, 0xFD, 0x80, 0x00, 0x00,
    0x00, 0x00, 0x00, 0x0A, 0xF0, 0x00, 0x0D, 0xF0, 0xAF, 0x00, 0x08, 0xFF, 0x0A, 0xF0, 0x02, 0xFF,
    0xF0, 0xAF, 0x00, 0xBD, 0xAF, 0x0A, 0xF0, 0x5F, 0x49, 0xF0, 0xAF, 0x0E, 0xB0, 0x9F, 0x0A, 0xF8,
    0xF2, 0x09, 0xF0, 0xAF, 0xF8, 0x00, 0x9F, 0x0A, 0xFD, 0x00, 0x09, 0xF0, 0xAF, 0x40, 0x00, 0x9F,
    0x00, 0xAF, 0x00, 0x02, 0xFD, 0x0A, 0xF0, 0x00, 0xCF, 0x20, 0xAF, 0x00, 0x7F, 0x50, 0x0A, 0xF0,
    0x3F, 0x90, 0x00, 0xAF, 0x6E, 0xE0, 0x00, 0x0A, 0xFF, 0xFF, 0x00, 0x00, 0xAF, 0x06, 0xFA, 0x00,
    0x0A, 0xF0, 0x08, 0xF7, 0x00, 0xAF, 0x00, 0x0B, 0xF5, 0x0A, 0xF0, 0x00, 0x1D, 0xF3, 0x00, 0x6F,
    0xFF, 0xFF, 0xF0, 0x00, 0x7F, 0x75, 0x5C, 0xF0, 0x00, 0x8F, 0x10, 0x09, 0xF0, 0x00, 0x8F, 0x00,
    0x09, 0xF0, 0x00, 0x9F, 0x00, 0x09, 0xF0, 0x00, 0xAE, 0x00, 0x09, 0xF0, 0x00, 0xCC, 0x00, 0x09,
    0xF0, 0x01, 0xF9, 0x00, 0x09, 0xF0, 0x4C, 0xF4, 0x00, 0x09, 0xF0, 0x9E, 0x70, 0x00, 0x09, 0xF0,
    0x9F, 0xB0, 0x00, 0x00, 0x4F, 0xF9, 0xFF, 0x10, 0x00, 0x0B, 0xFF, 0x9F, 0xF8, 0x00, 0x01, 0xFF,
    0xF9, 0xF9, 0xE0, 0x00, 0x8F, 0xBF, 0x9F, 0x3F, 0x50, 0x0E, 0x9A, 0xF9, 0xF0, 0xCC, 0x05, 0xF2,
    0xAF, 0x9F, 0x05, 0xF3, 0xCB, 0x0A, 0xF9, 0xF0, 0x0E, 0xCF, 0x50, 0xAF, 0x9F, 0x00, 0x7F, 0xE0,
    0x0A, 0xF9, 0xF0, 0x01, 0xF7, 0x00, 0xAF, 0xAF, 0x00, 0x00, 0xAF, 0x0A, 0xF0, 0x00, 0x0A, 0xF0,
    0xAF, 0x00, 0x00, 0xAF, 0x0A, 0xF0, 0x00, 0x0A, 0xF0, 0xAF, 0x55, 0x55, 0xDF, 0x0A, 0xFF, 0xFF,
    0xFF, 0xF0, 0xAF, 0x00, 0x00, 0xAF, 0x0A, 0xF0, 0x00, 0x0A, 0xF0, 0xAF, 0x00, 0x00, 0xAF, 0x0A,
    0xF0, 0x00, 0x0A, 0xF0, 0x00, 0x2A, 0xEF, 0xC4, 0x00, 0x02, 0xEE, 0x76, 0xCF, 0x50, 0x0A, 0xF2,
    0x00, 0x0D, 0xE0, 0x0F, 0xA0, 0x00, 0x06, 0xF4, 0x2F, 0x70, 0x00, 0x03, 0xF6, 0x2F, 0x70, 0x00,
    0x03, 0xF7, 0x0F, 0xA0, 0x00, 0x06, 0xF4, 0x0B, 0xF2, 0x00, 0x0C, 0xE0, 0x02, 0xEE, 0x66, 0xCF,
    0x50, 0x00, 0x2A, 0xEF, 0xC4, 0x00, 0xAF, 0xFF, 0xFF, 0xFF, 0x0A, 0xF5, 0x55, 0x5C, 0xF0, 0xAF,
    0x00, 0x00, 0x9F, 0x0A, 0xF0, 0x00, 0x09, 0xF0, 0xAF, 0x00, 0x00, 0x9F, 0x0A, 0xF0, 0x00, 0x09,
    0xF0, 0xAF, 0x00, 0x00, 0x9F, 0x0A, 0xF0, 0x00, 0x09, 0xF0, 0xAF, 0x00, 0x00, 0x9F, 0x0A, 0xF0,
    0x00, 0x09, 0xF0, 0xCC, 0x5D, 0xFD, 0x60, 0x0C, 0xFE, 0x76, 0xDF, 0x50, 0xCF, 0x10, 0x01, 0xEE,
    0x0E, 0xF0, 0x00, 0x09, 0xF1, 0xFF, 0x00, 0x00, 0x6F, 0x3F, 0xF0, 0x00, 0x06, 0xF3, 0xEF, 0x00,
    0x00, 0x8F, 0x1C, 0xF1, 0x00, 0x0E, 0xD0, 0xCF, 0xD6, 0x6D, 0xF5, 0x0C, 0xD6, 0xDF, 0xD6, 0x00,
    0xCD, 0x00, 0x00, 0x00, 0x0C, 0xD0, 0x00, 0x00, 0x00, 0xCD, 0x00, 0x00, 0x00, 0x0C, 0xD0, 0x00,
    0x00, 0x00, 0x00, 0x3B, 0xFF, 0xB3, 0x00, 0x2F, 0xD6, 0x6D, 0xF2, 0x0A, 0xE1, 0x00, 0x1F, 0xA0,
    0xF9, 0x00, 0x00, 0x55, 0x2F, 0x70, 0x00, 0x00, 0x02, 0xF7, 0x00, 0x00, 0x00, 0x0F, 0x90, 0x00,
    0x02, 0x20, 0xAE, 0x10, 0x00, 0xEA, 0x02, 0xFD, 0x66, 0xDF, 0x30, 0x03, 0xBF, 0xFB, 0x30, 0xAF,
    0xFF, 0xFF, 0xFF, 0x53, 0x55, 0xDF, 0x75, 0x51, 0x00, 0x08, 0xF1, 0x00, 0x00, 0x00, 0x8F, 0x10,
    0x00, 0x00, 0x08, 0xF1, 0x00, 0x00, 0x00, 0x8F, 0x10, 0x00, 0x00, 0x08, 0xF1, 0x00, 0x00, 0x00,
    0x8F, 0x10, 0x00, 0x00, 0x08, 0xF1, 0x00, 0x00, 0x00, 0x8F, 0x10, 0x00, 0xAF, 0x20, 0x00, 0x9F,
    0x24, 0xF7, 0x00, 0x0E, 0xC0, 0x0E, 0xC0, 0x02, 0xF7, 0x00, 0x9F, 0x10, 0x7F, 0x20, 0x04, 0xF6,
    0x0C, 0xC0, 0x00, 0x0E, 0xB1, 0xF7, 0x00, 0x00, 0x9F, 0x6F, 0x20, 0x00, 0x03, 0xFF, 0xC0, 0x00,
    0x00, 0x0E, 0xF7, 0x00, 0x00, 0x00, 0xDF, 0x20, 0x00, 0x00, 0x0A, 0xD0, 0x00, 0x00, 0x01, 0xF7,
    0x00, 0x00, 0x17, 0xDE, 0x10, 0x00, 0x03, 0xFC, 0x30, 0x00, 0x00, 0x00, 0x00, 0x05, 0xF4, 0x00,
    0x00, 0x00, 0x00, 0x00, 0x5F, 0x40, 0x00, 0x00, 0x00, 0x00, 0x05, 0xF4, 0x00, 0x00, 0x00, 0x00,
    0x00, 0x5F, 0x40, 0x00, 0x00, 0x00, 0x5D, 0xFF, 0xFF, 0xFD, 0x50, 0x00, 0x3F, 0xD6, 0xDF, 0xC6,
    0xDF, 0x40, 0x0B, 0xF1, 0x08, 0xF6, 0x01, 0xFB, 0x00, 0xFB, 0x00, 0x9F, 0x80, 0x0A, 0xF0, 0x1F,
    0x90, 0x09, 0xF8, 0x00, 0x8F, 0x11, 0xF8, 0x00, 0x9F, 0x80, 0x07, 0xF2, 0x0F, 0xA0, 0x09, 0xF8,
    0x00, 0x9F, 0x00, 0xCE, 0x00, 0x8F, 0x60, 0x0E, 0xD0, 0x04, 0xFC, 0x6D, 0xFB, 0x6C, 0xF5, 0x00,
    0x06, 0xDF, 0xFF, 0xFF, 0xE7, 0x00, 0x00, 0x00, 0x05, 0xF4, 0x00, 0x00, 0x00, 0x00, 0x00, 0x5F,
    0x40, 0x00, 0x00, 0x00, 0x00, 0x05, 0xF4, 0x00, 0x00, 0x00, 0x00, 0x00, 0x5F, 0x40, 0x00, 0x00,
    0x3F, 0xA0, 0x00, 0xCF, 0x20, 0x9F, 0x30, 0x5F, 0x70, 0x01, 0xEC, 0x0E, 0xD0, 0x00, 0x05, 0xFC,
    0xF3, 0x00, 0x00, 0x0B, 0xF9, 0x00, 0x00, 0x00, 0xCF, 0xA0, 0x00, 0x00, 0x6F, 0xAF, 0x50, 0x00,
    0x1F, 0xB0, 0xCE, 0x00, 0x0A, 0xF2, 0x03, 0xF9, 0x04, 0xF8, 0x00, 0x0A, 0xF3, 0xAF, 0x00, 0x00,
    0x9F, 0x00, 0xAF, 0x00, 0x00, 0x9F, 0x00, 0xAF, 0x00, 0x00, 0x9F, 0x00, 0xAF, 0x00, 0x00, 0x9F,
    0x00, 0xAF, 0x00, 0x00, 0x9F, 0x00, 0xAF, 0x00, 0x00, 0x9F, 0x00, 0xAF, 0x00, 0x00, 0x9F, 0x00,
    0xAF, 0x00, 0x00, 0x9F, 0x00, 0xAF, 0x55, 0x55, 0xFF, 0x50, 0xAF, 0xFF, 0xFF, 0xFF, 0xF1, 0x00,
    0x00, 0x00, 0x07, 0xF1, 0x00, 0x00, 0x00, 0x07, 0xF0, 0x00, 0x00, 0x00, 0x07, 0xF0, 0x00, 0x00,
    0x00, 0x00, 0x01, 0xF8, 0x00, 0x03, 0xF6, 0x1F, 0x80, 0x00, 0x3F, 0x61, 0xF8, 0x00, 0x03, 0xF6,
    0x0F, 0x90, 0x00, 0x3F, 0x60, 0xEC, 0x00, 0x03, 0xF6, 0x07, 0xFA, 0x56, 0xCF, 0x60, 0x07, 0xDF,
    0xFF, 0xF6, 0x00, 0x00, 0x00, 0x3F, 0x60, 0x00, 0x00, 0x03, 0xF6, 0x00, 0x00, 0x00, 0x3F, 0x60,
    0xAF, 0x00, 0x08, 0xF2, 0x00, 0x6F, 0x3A, 0xF0, 0x00, 0x8F, 0x20, 0x06, 0xF3, 0xAF, 0x00, 0x08,
    0xF2, 0x00, 0x6F, 0x3A, 0xF0, 0x00, 0x8F, 0x20, 0x06, 0xF3, 0xAF, 0x00, 0x08, 0xF2, 0x00, 0x6F,
    0x3A, 0xF0, 0x00, 0x8F, 0x20, 0x06, 0xF3, 0xAF, 0x00, 0x08, 0xF2, 0x00, 0x6F, 0x3A, 0xF0, 0x00,
    0x8F, 0x20, 0x06, 0xF3, 0xAF, 0x55, 0x5A, 0xF6, 0x55, 0x9F, 0x3A, 0xFF, 0xFF, 0xFF, 0xFF, 0xFF,
    0xF3, 0xBE, 0x00, 0x09, 0xF0, 0x00, 0x8F, 0x20, 0xBE, 0x00, 0x09, 0xF0, 0x00, 0x8F, 0x20, 0xBE,
    0x00, 0x09, 0xF0, 0x00, 0x8F, 0x20, 0xBE, 0x00, 0x09, 0xF0, 0x00, 0x8F, 0x20, 0xBE, 0x00, 0x09,
    0xF0, 0x00, 0x8F, 0x20, 0xBE, 0x00, 0x09, 0xF0, 0x00, 0x8F, 0x20, 0xBE, 0x00, 0x09, 0xF0, 0x00,
    0x8F, 0x20, 0xBE, 0x00, 0x09, 0xF0, 0x00, 0x8F, 0x20, 0xBF, 0x55, 0x5B, 0xF5, 0x55, 0xCF, 0x72,
    0xBF, 0xFF, 0xFF, 0xFF, 0xFF, 0xFF, 0xF6, 0x00, 0x00, 0x00, 0x00, 0x00, 0x02, 0xF6, 0x00, 0x00,
    0x00, 0x00, 0x00, 0x02, 0xF5, 0x00, 0x00, 0x00, 0x00, 0x00, 0x02, 0xF5, 0xBF, 0xFF, 0xF0, 0x00,
    0x00, 0x04, 0x55, 0xFD, 0x00, 0x00, 0x00, 0x00, 0x0E, 0xB0, 0x00, 0x00, 0x00, 0x00, 0xEF, 0xFF,
    0xFC, 0x30, 0x00, 0x0E, 0xF5, 0x56, 0xDF, 0x20, 0x00, 0xEB, 0x00, 0x03, 0xF8, 0x00, 0x0E, 0xB0,
    0x00, 0x0F, 0xA0, 0x00, 0xEB, 0x00, 0x03, 0xF8, 0x00, 0x0E, 0xD5, 0x56, 0xDF, 0x10, 0x00, 0xEF,
    0xFF, 0xFC, 0x20, 0x9F, 0x00, 0x00, 0x00, 0x04, 0xF5, 0x9F, 0x00, 0x00, 0x00, 0x04, 0xF5, 0x9F,
    0x00, 0x00, 0x00, 0x04, 0xF5, 0x9F, 0xFF, 0xFD, 0x60, 0x04, 0xF5, 0x9F, 0x55, 0x5B, 0xF6, 0x04,
    0xF5, 0x9F, 0x00, 0x00, 0xED, 0x04, 0xF5, 0x9F, 0x00, 0x00, 0xBF, 0x04, 0xF5, 0x9F, 0x00, 0x00,
    0xDC, 0x04, 0xF5, 0x9F, 0x55, 0x5B, 0xF5, 0x04, 0xF5, 0x9F, 0xFF, 0xFD, 0x50, 0x04, 0xF5, 0x9F,
    0x00, 0x00, 0x00, 0x9F, 0x00, 0x00, 0x00, 0x9F, 0x00, 0x00, 0x00, 0x9F, 0xFF, 0xFD, 0x60, 0x9F,
    0x55, 0x5B, 0xF6, 0x9F, 0x00, 0x00, 0xED, 0x9F, 0x00, 0x00, 0xBF, 0x9F, 0x00, 0x00, 0xDC, 0x9F,
    0x55, 0x5B, 0xF5, 0x9F, 0xFF, 0xFD, 0x50, 0x00, 0x6D, 0xFD, 0x70, 0x00, 0x8F, 0xA6, 0x9F, 0xA0,
    0x0F, 0x90, 0x00, 0x8F, 0x40, 0x00, 0x00, 0x01, 0xF9, 0x00, 0x02, 0x55, 0x5F, 0xB0, 0x00, 0x8F,
    0xFF, 0xFB, 0x00, 0x00, 0x00, 0x1F, 0x90, 0xF9, 0x00, 0x08, 0xF3, 0x09, 0xFA, 0x69, 0xFA, 0x00,
    0x07, 0xDF, 0xE8, 0x00, 0x9F, 0x00, 0x00, 0x7D, 0xFE, 0x80, 0x09, 0xF0, 0x00, 0x9F, 0xA5, 0x8F,
    0xC0, 0x9F, 0x00, 0x3F, 0x90, 0x00, 0x6F, 0x69, 0xF0, 0x09, 0xF1, 0x00, 0x00, 0xEB, 0xBF, 0x55,
    0xFF, 0x00, 0x00, 0x0C, 0xEF, 0xFF, 0xFF, 0xF0, 0x00, 0x00, 0xCE, 0x9F, 0x00, 0x9F, 0x10, 0x00,
    0x0E, 0xC9, 0xF0, 0x03, 0xF8, 0x00, 0x06, 0xF6, 0x9F, 0x00, 0x09, 0xF9, 0x58, 0xFC, 0x09, 0xF0,
    0x00, 0x07, 0xDF, 0xE8, 0x00, 0x00, 0x7D, 0xFF, 0xFF, 0x80, 0x9F, 0x95, 0x56, 0xF8, 0x0F, 0xB0,
    0x00, 0x2F, 0x80, 0xFA, 0x00, 0x02, 0xF8, 0x0A, 0xF8, 0x55, 0x7F, 0x80, 0x0A, 0xFF, 0xFF, 0xF8,
    0x00, 0x9F, 0x20, 0x2F, 0x80, 0x2F, 0x90, 0x02, 0xF8, 0x0B, 0xF1, 0x00, 0x2F, 0x84, 0xF7, 0x00,
    0x02, 0xF8, 0x00, 0x14, 0x20, 0x00, 0x00, 0x01, 0xDD, 0x00, 0x00, 0x00, 0x03, 0xF7, 0x00, 0x00,
    0x00, 0x06, 0xB0, 0x00, 0x00, 0x00, 0x00, 0x00, 0x00, 0x02, 0xAF, 0xFB, 0x30, 0x01, 0xEE, 0x76,
    0xDF, 0x10, 0xAF, 0x10, 0x01, 0xF9, 0x0F, 0xF5, 0x55, 0x5D, 0xC2, 0xFF, 0xFF, 0xFF, 0xFE, 0x2F,
    0x70, 0x00, 0x00, 0x00, 0xFA, 0x00, 0x00, 0x00, 0x0B, 0xF2, 0x00, 0x05, 0x10, 0x2F, 0xE7, 0x59,
    0xF6, 0x00, 0x2A, 0xEF, 0xC5, 0x00, 0x00, 0x32, 0x00, 0x41, 0x00, 0x0F, 0xB0, 0x3F, 0x70, 0x00,
    0x63, 0x00, 0x72, 0x00, 0x00, 0x00, 0x00, 0x00, 0x00, 0x2A, 0xFF, 0xB3, 0x00, 0x1E, 0xE7, 0x6D,
    0xF1, 0x0A, 0xF1, 0x00, 0x1F, 0x90, 0xFF, 0x55, 0x55, 0xDC, 0x2F, 0xFF, 0xFF, 0xFF, 0xE2, 0xF7,
    0x00, 0x00, 0x00, 0x0F, 0xA0, 0x00, 0x00, 0x00, 0xBF, 0x20, 0x00, 0x51, 0x02, 0xFE, 0x75, 0x9F,
    0x60, 0x02, 0xAE, 0xFC, 0x50, 0x00, 0xCD, 0x00, 0x00, 0x00, 0x15, 0xFF, 0x55, 0x20, 0x00, 0x3F,
    0xFF, 0xFF, 0x60, 0x00, 0x00, 0xCD, 0x00, 0x00, 0x00, 0x00, 0xCD, 0x4C, 0xFE, 0x70, 0x00, 0xCF,
    0xE8, 0x7D, 0xF4, 0x00, 0xCF, 0x30, 0x01, 0xFA, 0x00, 0xDF, 0x00, 0x00, 0xEB, 0x00, 0xDF, 0x00,
    0x00, 0xEB, 0x00, 0xCD, 0x00, 0x00, 0xEB, 0x00, 0xCD, 0x00, 0x00, 0xFF, 0x00, 0xCD, 0x00, 0x00,
    0xFF, 0x00, 0xCD, 0x00, 0x00, 0xFF, 0x00, 0xCD, 0x00, 0x00, 0xFF, 0x00, 0x00, 0x00, 0x00, 0xEB,
    0x00, 0x00, 0x00, 0x00, 0xFA, 0x00, 0x00, 0x00, 0x6A, 0xF6, 0x00, 0x00, 0x01, 0xFE, 0x80, 0x00,
    0x01, 0x42, 0x00, 0x00, 0xAF, 0x30, 0x00, 0x3F, 0x50, 0x00, 0x08, 0x80, 0x00, 0x00, 0x00, 0x00,
    0x0A, 0xFF, 0xFF, 0xF6, 0xAF, 0x55, 0x55, 0x2A, 0xF0, 0x00, 0x00, 0xAF, 0x00, 0x00, 0x0A, 0xF0,
    0x00, 0x00, 0xAF, 0x00, 0x00, 0x0A, 0xF0, 0x00, 0x00, 0xAF, 0x00, 0x00, 0x0A, 0xF0, 0x00, 0x00,
    0xAF, 0x00, 0x00, 0x00, 0x00, 0x2A, 0xEF, 0xC4, 0x00, 0x2E, 0xE7, 0x6C, 0xF3, 0x0A, 0xF2, 0x00,
    0x0E, 0xB0, 0xEB, 0x00, 0x00, 0x46, 0x0F, 0xE5, 0x55, 0x00, 0x00, 0xFF, 0xFF, 0xF1, 0x00, 0x0E,
    0xB0, 0x00, 0x01, 0x20, 0x9F, 0x20, 0x00, 0xDC, 0x01, 0xEE, 0x66, 0xCF, 0x30, 0x02, 0xBF, 0xFB,
    0x30, 0x00, 0x5C, 0xFE, 0x91, 0x00, 0x6F, 0xB6, 0x8F, 0xD0, 0x0C, 0xE0, 0x00, 0x7F, 0x30, 0xBF,
    0x40, 0x00, 0x00, 0x02, 0xDF, 0xE9, 0x40, 0x00, 0x00, 0x49, 0xDF, 0xB0, 0x01, 0x00, 0x00, 0x8F,
    0x41, 0xFA, 0x00, 0x05, 0xF5, 0x09, 0xFA, 0x57, 0xEE, 0x10, 0x07, 0xDF, 0xEA, 0x20, 0x6B, 0x08,
    0xE0, 0x00, 0x00, 0x00, 0xAF, 0x0A, 0xF0, 0xAF, 0x0A, 0xF0, 0xAF, 0x0A, 0xF0, 0xAF, 0x0A, 0xF0,
    0xAF, 0x0A, 0xF0, 0x03, 0x20, 0x04, 0x10, 0xFB, 0x03, 0xF7, 0x06, 0x30, 0x07, 0x20, 0x00, 0x00,
    0x00, 0x00, 0xAF, 0x00, 0x00, 0x0A, 0xF0, 0x00, 0x00, 0xAF, 0x00, 0x00, 0x0A, 0xF0, 0x00, 0x00,
    0xAF, 0x00, 0x00, 0x0A, 0xF0, 0x00, 0x00, 0xAF, 0x00, 0x00, 0x0A, 0xF0, 0x00, 0x00, 0xAF, 0x00,
    0x00, 0x0A, 0xF0, 0x00, 0x00, 0x8A, 0x00, 0x0A, 0xD0, 0x00, 0x00, 0x00, 0x00, 0x00, 0x00, 0xBE,
    0x00, 0x0B, 0xE0, 0x00, 0xBE, 0x00, 0x0B, 0xE0, 0x00, 0xBE, 0x00, 0x0B, 0xE0, 0x00, 0xBE, 0x00,
    0x0B, 0xE0, 0x00, 0xBE, 0x00, 0x0B, 0xE0, 0x00, 0xBE, 0x00, 0x0C, 0xE0, 0x37, 0xFB, 0x08, 0xFC,
    0x20, 0x00, 0x8F, 0xFF, 0xFF, 0xB0, 0x00, 0x00, 0x00, 0x08, 0xF7, 0x55, 0xFB, 0x00, 0x00, 0x00,
    0x00, 0x8F, 0x10, 0x0E, 0xB0, 0x00, 0x00, 0x00, 0x09, 0xF0, 0x00, 0xEF, 0x55, 0x41, 0x00, 0x00,
    0xAF, 0x00, 0x0E, 0xFF, 0xFF, 0xF9, 0x00, 0x0B, 0xE0, 0x00, 0xEB, 0x00, 0x08, 0xF6, 0x00, 0xDC,
    0x00, 0x0E, 0xB0, 0x00, 0x0F, 0xA0, 0x1F, 0x90, 0x00, 0xEB, 0x00, 0x02, 0xF8, 0x5C, 0xF3, 0x00,
    0x0E, 0xC5, 0x55, 0xDF, 0x2A, 0xE7, 0x00, 0x00, 0xEF, 0xFF, 0xFC, 0x30, 0xAF, 0x00, 0x00, 0xAF,
    0x00, 0x00, 0x00, 0xAF, 0x00, 0x00, 0xAF, 0x00, 0x00, 0x00, 0xAF, 0x00, 0x00, 0xAF, 0x00, 0x00,
    0x00, 0xAF, 0x55, 0x55, 0xDF, 0x54, 0x42, 0x00, 0xAF, 0xFF, 0xFF, 0xFF, 0xFF, 0xFF, 0xC1, 0xAF,
    0x00, 0x00, 0xAF, 0x00, 0x05, 0xFA, 0xAF, 0x00, 0x00, 0xAF, 0x00, 0x00, 0xBF, 0xAF, 0x00, 0x00,
    0xAF, 0x00, 0x00, 0xDD, 0xAF, 0x00, 0x00, 0xAF, 0x55, 0x5A, 0xF7, 0xAF, 0x00, 0x00, 0xAF, 0xFF,
    0xFD, 0x60, 0x00, 0xCD, 0x00, 0x00, 0x00, 0x05, 0xFF, 0x55, 0x30, 0x00, 0x0F, 0xFF, 0xFF, 0x90,
    0x00, 0x00, 0xCD, 0x00, 0x00, 0x00, 0x00, 0xCD, 0x4C, 0xFD, 0x60, 0x00, 0xCF, 0xE8, 0x7C, 0xF4,
    0x00, 0xCF, 0x30, 0x01, 0xF9, 0x00, 0xDF, 0x00, 0x00, 0xEB, 0x00, 0xDF, 0x00, 0x00, 0xEB, 0x00,
    0xCD, 0x00, 0x00, 0xEB, 0x00, 0xCD, 0x00, 0x00, 0xEB, 0x00, 0xCD, 0x00, 0x00, 0xEB, 0x00, 0xCD,
    0x00, 0x00, 0xEB, 0x00, 0xCD, 0x00, 0x00, 0xEB, 0x00, 0x00, 0x14, 0x20, 0x00, 0x00, 0x0A, 0xF3,
    0x00, 0x00, 0x03, 0xF5, 0x00, 0x00, 0x00, 0x88, 0x00, 0x00, 0x00, 0x00, 0x00, 0x00, 0x0A, 0xF0,
    0x00, 0x2F, 0xD0, 0xAF, 0x00, 0x0C, 0xF2, 0x0A, 0xF0, 0x07, 0xF5, 0x00, 0xAF, 0x03, 0xF9, 0x00,
    0x0A, 0xF6, 0xEE, 0x00, 0x00, 0xAF, 0xFF, 0xF0, 0x00, 0x0A, 0xF0, 0x6F, 0xA0, 0x00, 0xAF, 0x00,
    0x8F, 0x70, 0x0A, 0xF0, 0x00, 0xBF, 0x50, 0xAF, 0x00, 0x01, 0xDF, 0x30, 0x01, 0x42, 0x00, 0x00,
    0x00, 0x1D, 0xD0, 0x00, 0x00, 0x00, 0x3F, 0x70, 0x00, 0x00, 0x00, 0x6B, 0x00, 0x00, 0x00, 0x00,
    0x00, 0x00, 0x0A, 0xF0, 0x00, 0x0D, 0xF0, 0xAF, 0x00, 0x08, 0xFF, 0x0A, 0xF0, 0x02, 0xFF, 0xF0,
    0xAF, 0x00, 0xBD, 0xAF, 0x0A, 0xF0, 0x5F, 0x49, 0xF0, 0xAF, 0x0E, 0xB0, 0x9F, 0x0A, 0xF8, 0xF2,
    0x09, 0xF0, 0xAF, 0xF8, 0x00, 0x9F, 0x0A, 0xFD, 0x00, 0x09, 0xF0, 0xAF, 0x40, 0x00, 0x9F, 0x00,
    0x00, 0x31, 0x00, 0x31, 0x00, 0x0A, 0xD5, 0x7F, 0x30, 0x00, 0x08, 0xB9, 0x40, 0x00, 0x00, 0x00,
    0x00, 0x00, 0xAF, 0x20, 0x00, 0x9F, 0x24, 0xF7, 0x00, 0x0E, 0xC0, 0x0E, 0xC0, 0x02, 0xF7, 0x00,
    0x9F, 0x10, 0x7F, 0x20, 0x04, 0xF6, 0x0C, 0xC0, 0x00, 0x0E, 0xB1, 0xF7, 0x00, 0x00, 0x9F, 0x6F,
    0x20, 0x00, 0x03, 0xFF, 0xC0, 0x00, 0x00, 0x0E, 0xF7, 0x00, 0x00, 0x00, 0xDF, 0x20, 0x00, 0x00,
    0x0A, 0xD0, 0x00, 0x00, 0x01, 0xF7, 0x00, 0x00, 0x17, 0xDE, 0x10, 0x00, 0x03, 0xFC, 0x30, 0x00,
    0x00, 0xAF, 0x00, 0x00, 0x9F, 0x0A, 0xF0, 0x00, 0x09, 0xF0, 0xAF, 0x00, 0x00, 0x9F, 0x0A, 0xF0,
    0x00, 0x09, 0xF0, 0xAF, 0x00, 0x00, 0x9F, 0x0A, 0xF0, 0x00, 0x09, 0xF0, 0xAF, 0x00, 0x00, 0x9F,
    0x0A, 0xF0, 0x00, 0x09, 0xF0, 0xAF, 0x58, 0xB5, 0xBF, 0x0A, 0xFF, 0xFF, 0xFF, 0xF0, 0x00, 0x09,
    0xF0, 0x00, 0x00, 0x00, 0x9F, 0x00, 0x00, 0x00, 0x09, 0xF0, 0x00, 0x00, 0xAF, 0x10, 0x00, 0xFF,
    0x00, 0x02, 0xF8, 0xAF, 0x10, 0x00, 0xFF, 0x00, 0x02, 0xF8, 0xAF, 0x10, 0x00, 0xFF, 0x00, 0x02,
    0xF8, 0xAF, 0x10, 0x00, 0xFF, 0x00, 0x02, 0xF8, 0xAF, 0x10, 0x00, 0xFF, 0x00, 0x02, 0xF8, 0xAF,
    0x10, 0x00, 0xFF, 0x00, 0x02, 0xF8, 0xAF, 0x10, 0x00, 0xFF, 0x00, 0x02, 0xF8, 0xAF, 0x10, 0x00,
    0xFF, 0x00, 0x02, 0xF8, 0xAF, 0x10, 0x00, 0xFF, 0x00, 0x02, 0xF8, 0x9F, 0x10, 0x00, 0xFF, 0x00,
    0x02, 0xF8, 0x7F, 0x50, 0x03, 0xFF, 0x10, 0x06, 0xF5, 0x1E, 0xE7, 0x8E, 0xDE, 0xD7, 0x8F, 0xD0,
    0x02, 0xBE, 0xEA, 0x12, 0xBF, 0xEA, 0x10, 0xDC, 0x00, 0x0F, 0xF0, 0x00, 0xDC, 0xDC, 0x00, 0x0F,
    0xF0, 0x00, 0xDC, 0xDC, 0x00, 0x0F, 0xF0, 0x00, 0xDC, 0xDC, 0x00, 0x0F, 0xF0, 0x00, 0xDC, 0xDC,
    0x00, 0x0F, 0xF0, 0x00, 0xDC, 0xDC, 0x00, 0x0F, 0xF0, 0x00, 0xDC, 0xDC, 0x00, 0x0F, 0xF0, 0x00,
    0xDC, 0xBE, 0x00, 0x1F, 0xF0, 0x00, 0xFA, 0x5F, 0xA6, 0xCF, 0xFB, 0x6B, 0xF4, 0x07, 0xDF, 0xC3,
    0x4D, 0xFD, 0x60, 0x00, 0x9F, 0x20, 0x00, 0x00, 0x00, 0x25, 0xEF, 0x75, 0x10, 0x00, 0x00, 0x6F,
    0xFF, 0xFF, 0x30, 0x00, 0x00, 0x00, 0x9F, 0x20, 0x00, 0x00, 0x00, 0x00, 0x9F, 0x20, 0x00, 0x00,
    0x00, 0x00, 0x9F, 0xFF, 0xFF, 0xD7, 0x00, 0x00, 0x9F, 0x86, 0x66, 0xAF, 0xB0, 0x00, 0x9F, 0x20,
    0x00, 0x08, 0xF4, 0x00, 0x9F, 0x20, 0x00, 0x02, 0xF8, 0x00, 0x9F, 0x20, 0x00, 0x03, 0xF8, 0x00,
    0x9F, 0x20, 0x00, 0x09, 0xF4, 0x00, 0x9F, 0x76, 0x66, 0xAF, 0xB0, 0x00, 0x9F, 0xFF, 0xFF, 0xD8,
    0x00, 0x00, 0xAF, 0x00, 0x00, 0x00, 0x00, 0xAF, 0x00, 0x00, 0x00, 0x00, 0xAF, 0x00, 0x00, 0x00,
    0x5F, 0xFF, 0xFF, 0xD0, 0x00, 0x15, 0xFF, 0x55, 0x40, 0x00, 0x00, 0xAF, 0x00, 0x00, 0x00, 0x00,
    0xAF, 0x00, 0x00, 0x00, 0x00, 0xAF, 0x55, 0x43, 0x00, 0x00, 0xAF, 0xFF, 0xFF, 0xC1, 0x00, 0xAF,
    0x00, 0x05, 0xFA, 0x00, 0xAF, 0x00, 0x00, 0xCE, 0x00, 0xAF, 0x00, 0x00, 0xDD, 0x00, 0xAF, 0x55,
    0x5A, 0xF7, 0x00, 0xAF, 0xFF, 0xFD, 0x70, 0x6F, 0x50, 0x00, 0x4B, 0xEF, 0xD7, 0x00, 0x6F, 0x50,
    0x06, 0xFD, 0x76, 0xAF, 0xB0, 0x6F, 0x50, 0x2F, 0xC0, 0x00, 0x07, 0xF6, 0x6F, 0x50, 0x9F, 0x30,
    0x00, 0x00, 0xFC, 0x6F, 0x50, 0xCE, 0x00, 0x00, 0x00, 0x34, 0x6F, 0xA5, 0xFF, 0x55, 0x55, 0x20,
    0x00, 0x6F, 0xFF, 0xFF, 0xFF, 0xFF, 0x80, 0x00, 0x6F, 0x50, 0xEC, 0x00, 0x00, 0x00, 0x00, 0x6F,
    0x50, 0xDE, 0x00, 0x00, 0x00, 0x33, 0x6F, 0x50, 0x9F, 0x30, 0x00, 0x00, 0xFC, 0x6F, 0x50, 0x2F,
    0xB0, 0x00, 0x06, 0xF6, 0x6F, 0x50, 0x06, 0xFD, 0x76, 0xAF, 0xB0, 0x6F, 0x50, 0x00, 0x4B, 0xFF,
    0xD7, 0x00, 0xAF, 0x00, 0x04, 0xCF, 0xFB, 0x30, 0xAF, 0x00, 0x4F, 0xC6, 0x7E, 0xF2, 0xAF, 0x00,
    0xDD, 0x00, 0x01, 0xF9, 0xAF, 0x02, 0xF7, 0x00, 0x00, 0x00, 0xAF, 0x5A, 0xFA, 0x55, 0x50, 0x00,
    0xAF, 0xFF, 0xFF, 0xFF, 0xF2, 0x00, 0xAF, 0x02, 0xF7, 0x00, 0x00, 0x00, 0xAF, 0x00, 0xDD, 0x00,
    0x01, 0xF8, 0xAF, 0x00, 0x4F, 0xC6, 0x7E, 0xE1, 0xAF, 0x00, 0x04, 0xCF, 0xEA, 0x20, 0x00, 0x00,
    0x3F, 0xB0, 0x00, 0x00, 0x00, 0x09, 0xFF, 0x00, 0x00, 0x00, 0x00, 0xEE, 0xF5, 0x00, 0x00, 0x00,
    0x4F, 0x5E, 0xB0, 0x00, 0x00, 0x0A, 0xF0, 0x9F, 0x10, 0x00, 0x00, 0xFA, 0x03, 0xF6, 0x00, 0x00,
    0x5F, 0x40, 0x0E, 0xB0, 0x00, 0x0E, 0xF7, 0x77, 0xFF, 0x10, 0x01, 0xFF, 0xFF, 0xFF, 0xF7, 0x00,
    0x6F, 0x43, 0xF7, 0x0E, 0xC0, 0x0C, 0xE0, 0x3F, 0x70, 0x9F, 0x21, 0xF9, 0x03, 0xF7, 0x03, 0xF7,
    0x7F, 0x40, 0x3F, 0x70, 0x0E, 0xD0, 0x00, 0x02, 0xFB, 0x00, 0x00, 0x00, 0x08, 0xFF, 0x00, 0x00,
    0x00, 0x0E, 0xCF, 0x60, 0x00, 0x00, 0x5F, 0x4D, 0xC0, 0x00, 0x00, 0xBE, 0x07, 0xF2, 0x00, 0x02,
    0xFD, 0x57, 0xFB, 0x00, 0x08, 0xFF, 0xFF, 0xFF, 0x00, 0x0E, 0xB1, 0xF9, 0x4F, 0x50, 0x4F, 0x51,
    0xF9, 0x0E, 0xB0, 0xAF, 0x01, 0xF9, 0x08, 0xF2, 0x3F, 0x70, 0x00, 0x00, 0x9F, 0x40, 0x00, 0x03,
    0xF7, 0x00, 0x00, 0x0E, 0xFA, 0x00, 0x00, 0x3F, 0x70, 0x00, 0x04, 0xFE, 0xF0, 0x00, 0x03, 0xF7,
    0x00, 0x00, 0xAF, 0x4F, 0x50, 0x00, 0x3F, 0x70, 0x00, 0x0F, 0xA0, 0xEB, 0x00, 0x03, 0xF7, 0x00,
    0x05, 0xF4, 0x09, 0xF1, 0x00, 0x3F, 0x70, 0x00, 0xBE, 0x00, 0x4F, 0x60, 0x03, 0xFE, 0x66, 0x7F,
    0xF6, 0x66, 0xFE, 0x00, 0x3F, 0xFF, 0xFF, 0xFF, 0xFF, 0xFF, 0xF1, 0x03, 0xF7, 0x00, 0xCE, 0x09,
    0xF2, 0x4F, 0x60, 0x3F, 0x70, 0x1F, 0x90, 0x8F, 0x20, 0xEC, 0x03, 0xF7, 0x07, 0xF3, 0x08, 0xF2,
    0x09, 0xF2, 0x3F, 0x70, 0xDE, 0x00, 0x8F, 0x20, 0x3F, 0x70, 0x5F, 0x40, 0x00, 0x3F, 0x90, 0x00,
    0x05, 0xF4, 0x00, 0x0A, 0xFE, 0x00, 0x00, 0x5F, 0x40, 0x00, 0xFC, 0xF5, 0x00, 0x05, 0xF4, 0x00,
    0x6F, 0x3E, 0xB0, 0x00, 0x5F, 0x40, 0x0C, 0xD0, 0x8F, 0x10, 0x05, 0xFA, 0x58, 0xFC, 0x58, 0xF9,
    0x00, 0x5F, 0xFF, 0xFF, 0xFF, 0xFF, 0xF0, 0x05, 0xF4, 0x0E, 0xA2, 0xF7, 0x6F, 0x40, 0x5F, 0x45,
    0xF4, 0x2F, 0x70, 0xFA, 0x05, 0xF4, 0xBE, 0x02, 0xF7, 0x09, 0xF1, 0x03, 0xFF, 0xFF, 0xFF, 0xFF,
    0xFB, 0x00, 0x00, 0xAF, 0xA6, 0x66, 0x6F, 0xF2, 0x00, 0x00, 0x1E, 0xD0, 0x00, 0x5F, 0x70, 0x00,
    0x00, 0x06, 0xF6, 0x00, 0xED, 0x00, 0x00, 0x00, 0x00, 0xCE, 0x18, 0xF4, 0x00, 0x00, 0x00, 0x14,
    0x9F, 0xFF, 0xF5, 0x20, 0x00, 0x07, 0xFF, 0xFF, 0xFF, 0xFF, 0xFB, 0x10, 0x4F, 0xB2, 0x03, 0xFD,
    0x01, 0x7F, 0x90, 0x9F, 0x20, 0x02, 0xF8, 0x00, 0x0C, 0xF0, 0xAF, 0x00, 0x02, 0xF8, 0x00, 0x0A,
    0xF0, 0xBF, 0x00, 0x02, 0xF8, 0x00, 0x0A, 0xF1, 0xBF, 0x00, 0x02, 0xF8, 0x00, 0x0A, 0xF1, 0xBF,
    0x00, 0x02, 0xF8, 0x00, 0x0A, 0xF1, 0x04, 0xFF, 0xFF, 0xFF, 0xF9, 0x00, 0x0C, 0xF7, 0x55, 0xFF,
    0x10, 0x00, 0x2F, 0x90, 0x3F, 0x70, 0x00, 0x00, 0x9F, 0x2C, 0xE0, 0x00, 0x00, 0x15, 0xFF, 0xFA,
    0x10, 0x00, 0x7F, 0xFF, 0xFF, 0xFF, 0xA0, 0x4F, 0x92, 0x3F, 0x90, 0x6F, 0x79, 0xF1, 0x02, 0xF7,
    0x00, 0xDC, 0xAF, 0x00, 0x2F, 0x70, 0x0B, 0xEA, 0xF0, 0x02, 0xF7, 0x00, 0xBE, 0x6F, 0x50, 0x00,
    0x4F, 0xFF, 0xFF, 0xFF, 0xFF, 0xA0, 0x6F, 0x50, 0x00, 0x0A, 0xF9, 0x66, 0x66, 0xFF, 0x10, 0x6F,
    0x50, 0x00, 0x01, 0xFC, 0x00, 0x06, 0xF7, 0x00, 0x6F, 0x50, 0x00, 0x00, 0x7F, 0x50, 0x1E, 0xD0,
    0x00, 0x6F, 0x50, 0x00, 0x00, 0x0D, 0xE0, 0x9F, 0x30, 0x00, 0x6F, 0x95, 0x55, 0x55, 0x8E, 0xFF,
    0xFF, 0x41, 0x00, 0x6F, 0xFF, 0xFF, 0xFF, 0xFF, 0xFF, 0xFF, 0xFF, 0xA0, 0x6F, 0x50, 0x04, 0xFB,
    0x31, 0x6F, 0xE1, 0x28, 0xF8, 0x6F, 0x50, 0x0A, 0xF1, 0x00, 0x3F, 0x80, 0x00, 0xDD, 0x6F, 0x50,
    0x0B, 0xF0, 0x00, 0x3F, 0x80, 0x00, 0xBF, 0x6F, 0x50, 0x0C, 0xF0, 0x00, 0x3F, 0x80, 0x00, 0xBF,
    0x6F, 0x50, 0x0C, 0xF0, 0x00, 0x3F, 0x80, 0x00, 0xBF, 0x6F, 0x50, 0x0C, 0xF0, 0x00, 0x3F, 0x80,
    0x00, 0xBF, 0xAF, 0x00, 0x00, 0xDF, 0xFF, 0xFF, 0xFF, 0x00, 0xAF, 0x00, 0x00, 0x5F, 0xC5, 0x5B,
    0xF7, 0x00, 0xAF, 0x00, 0x00, 0x0C, 0xE0, 0x0D, 0xD0, 0x00, 0xAF, 0x00, 0x00, 0x03, 0xF7, 0x6F,
    0x40, 0x00, 0xAF, 0x55, 0x55, 0x58, 0xFF, 0xFF, 0x30, 0x00, 0xAF, 0xFF, 0xFF, 0xFF, 0xFF, 0xFF,
    0xFD, 0x30, 0xAF, 0x00, 0x0E, 0xD3, 0x0F, 0xF0, 0x3E, 0xD0, 0xAF, 0x00, 0x3F, 0x60, 0x0C, 0xD0,
    0x07, 0xF2, 0xAF, 0x00, 0x4F, 0x50, 0x0C, 0xD0, 0x05, 0xF4, 0xAF, 0x00, 0x5F, 0x50, 0x0C, 0xD0,
    0x05, 0xF4, 0x00, 0x9C, 0x04, 0xF3, 0x00, 0x00, 0xD9, 0xE6, 0x00, 0x00, 0x02, 0xFA, 0x00, 0x00,
    0x00, 0x00, 0x00, 0x00, 0x00, 0x00, 0x00, 0x00, 0x00, 0xDF, 0xFE, 0xB3, 0x00, 0x04, 0x55, 0x6C,
    0xF4, 0x00, 0x00, 0x00, 0x0D, 0xE0, 0x00, 0x00, 0x00, 0x9F, 0x00, 0x00, 0x00, 0x0D, 0xD0, 0x00,
    0x25, 0x6C, 0xE3, 0x00, 0x0F, 0xFF, 0xF7, 0x00, 0x00, 0x00, 0x17, 0xF9, 0x00, 0x00, 0x00, 0x09,
    0xF1, 0x00, 0x00, 0x00, 0x6F, 0x30, 0x00, 0x00, 0x0A, 0xF1, 0x00, 0x01, 0x39, 0xF9, 0x00, 0x8F,
    0xFF, 0xF8, 0x00, 0x3F, 0xA3, 0x20, 0x00, 0x03, 0xF5, 0x00, 0x00, 0x00, 0x0C, 0xD2, 0x00, 0x00,
    0x00, 0x1B, 0x50, 0x00, 0x00, 0x05, 0xF2, 0x1E, 0x70, 0x00, 0x9D, 0xBB, 0x00, 0x00, 0x0C, 0xE1,
    0x00, 0x00, 0x00, 0x00, 0x00, 0x00, 0x00, 0x00, 0x00, 0x0D, 0xFF, 0xEA, 0x20, 0x04, 0x55, 0x7D,
    0xE2, 0x00, 0x00, 0x02, 0xF8, 0x00, 0x00, 0x02, 0xF8, 0x00, 0x35, 0x6D, 0xD1, 0x00, 0xFF, 0xFF,
    0x70, 0x00, 0x00, 0x17, 0xF8, 0x00, 0x00, 0x00, 0xEC, 0x00, 0x00, 0x27, 0xF8, 0x07, 0xEF, 0xFF,
    0x90, 0x3F, 0xA4, 0x31, 0x00, 0x4F, 0x40, 0x00, 0x00, 0x0D, 0xD2, 0x00, 0x00, 0x01, 0xB4, 0x00,
    0x00, 0x3F, 0x70, 0x0C, 0xF0, 0x02, 0xF8, 0x3F, 0x70, 0x0C, 0xF0, 0x02, 0xF8, 0x3F, 0x70, 0x0C,
    0xF0, 0x02, 0xF8, 0x3F, 0x70, 0x0C, 0xF0, 0x02, 0xF8, 0x3F, 0x70, 0x0C, 0xF0, 0x02, 0xF8, 0x2F,
    0x90, 0x0C, 0xF0, 0x03, 0xF7, 0x0E, 0xD0, 0x0C, 0xF0, 0x08, 0xF3, 0x07, 0xF9, 0x0C, 0xF0, 0x4F,
    0xC0, 0x00, 0xAF, 0xEF, 0xFC, 0xFD, 0x10, 0x00, 0x04, 0x9F, 0xFA, 0x50, 0x00, 0x00, 0x00, 0x0C,
    0xF0, 0x00, 0x00, 0x00, 0x00, 0x0C, 0xF0, 0x00, 0x00, 0x00, 0x00, 0x0C, 0xF0, 0x00, 0x00, 0x2F,
    0x70, 0x0A, 0xF0, 0x0B, 0xF0, 0x2F, 0x70, 0x0A, 0xF0, 0x06, 0xF5, 0x2F, 0x70, 0x0A, 0xF0, 0x01,
    0xF9, 0x2F, 0x70, 0x0A, 0xF0, 0x00, 0xEB, 0x2F, 0x70, 0x0A, 0xF0, 0x00, 0xCD, 0x1F, 0x80, 0x0A,
    0xF0, 0x00, 0xEC, 0x0E, 0xC0, 0x0A, 0xF0, 0x02, 0xF9, 0x08, 0xF6, 0x0A, 0xF0, 0x0C, 0xF2, 0x00,
    0xCF, 0xAF, 0xF8, 0xEF, 0x70, 0x00, 0x06, 0xCF, 0xFE, 0xA3, 0x00, 0x00, 0x00, 0x0A, 0xF0, 0x00,
    0x00, 0x00, 0x00, 0x0A, 0xF0, 0x00, 0x00, 0x00, 0x00, 0x0A, 0xF0, 0x00, 0x00, 0x00, 0x00, 0x0A,
    0xF0, 0x00, 0x00, 0x00, 0x04, 0xBF, 0xFC, 0x60, 0x00, 0x00, 0x7F, 0xE9, 0x9D, 0xF9, 0x00, 0x03,
    0xFB, 0x00, 0x00, 0x9F, 0x50, 0x0A, 0xF1, 0x00, 0x00, 0x0E, 0xC0, 0x0E, 0xC0, 0x00, 0x00, 0x0A,
    0xF0, 0x0F, 0xB4, 0x44, 0x44, 0x49, 0xF2, 0x1F, 0xFF, 0xFF, 0xFF, 0xFF, 0xF3, 0x0F, 0xA0, 0x00,
    0x00, 0x08, 0xF2, 0x0E, 0xD0, 0x00, 0x00, 0x0B, 0xF0, 0x0A, 0xF2, 0x00, 0x00, 0x1F, 0xC0, 0x03,
    0xFC, 0x10, 0x00, 0xAF, 0x50, 0x00, 0x7F, 0xE9, 0x8D, 0xFA, 0x00, 0x00, 0x04, 0xBF, 0xFC, 0x60,
    0x00, 0x00, 0x2A, 0xEF, 0xC4, 0x00, 0x02, 0xEE, 0x65, 0xCF, 0x50, 0x0A, 0xF3, 0x00, 0x0E, 0xE0,
    0x0F, 0xB0, 0x00, 0x07, 0xF4, 0x2F, 0xA4, 0x44, 0x47, 0xF6, 0x2F, 0xFF, 0xFF, 0xFF, 0xF6, 0x0F,
    0x90, 0x00, 0x05, 0xF4, 0x0B, 0xE0, 0x00, 0x0B, 0xE0, 0x02, 0xED, 0x55, 0xAF, 0x50, 0x00, 0x2A,
    0xEF, 0xC4, 0x00, 0xAF, 0x30, 0x00, 0x00, 0x1B, 0xE4, 0xF8, 0x00, 0x00, 0x09, 0xF9, 0x0E, 0xD0,
    0x00, 0x00, 0xFA, 0x00, 0x9F, 0x20, 0x00, 0x5F, 0x40, 0x04, 0xF7, 0x00, 0x0A, 0xF0, 0x00, 0x0E,
    0xC0, 0x00, 0xFA, 0x00, 0x00, 0x9F, 0x10, 0x4F, 0x40, 0x00, 0x03, 0xF6, 0x09, 0xF0, 0x00, 0x00,
    0x0E, 0xB0, 0xEA, 0x00, 0x00, 0x00, 0x8F, 0x4F, 0x40, 0x00, 0x00, 0x03, 0xFD, 0xF0, 0x00, 0x00,
    0x00, 0x0D, 0xFA, 0x00, 0x00, 0x00, 0x00, 0x9F, 0x40, 0x00, 0x00, 0x6F, 0x30, 0x00, 0x2C, 0xF0,
    0x1F, 0x80, 0x00, 0xBF, 0x80, 0x0C, 0xD0, 0x01, 0xF8, 0x00, 0x06, 0xF1, 0x06, 0xF3, 0x00, 0x01,
    0xF6, 0x0A, 0xD0, 0x00, 0x00, 0xCB, 0x0E, 0x80, 0x00, 0x00, 0x6F, 0x4F, 0x20, 0x00, 0x00, 0x1F,
    0xCD, 0x00, 0x00, 0x00, 0x0C, 0xF8, 0x00, 0x00, 0x00, 0x06, 0xF2, 0x00, 0x00, 0x02, 0xDC, 0x4E,
    0x80, 0x00, 0x00, 0x00, 0x9D, 0x4E, 0x60, 0x00, 0x00, 0x00, 0x00, 0x00, 0x00, 0x0A, 0xF3, 0x00,
    0x00, 0x01, 0xBE, 0x4F, 0x80, 0x00, 0x00, 0x9F, 0x90, 0xED, 0x00, 0x00, 0x0F, 0xA0, 0x09, 0xF2,
    0x00, 0x05, 0xF4, 0x00, 0x4F, 0x70, 0x00, 0xAF, 0x00, 0x00, 0xEC, 0x00, 0x0F, 0xA0, 0x00, 0x09,
    0xF1, 0x04, 0xF4, 0x00, 0x00, 0x3F, 0x60, 0x9F, 0x00, 0x00, 0x00, 0xEB, 0x0E, 0xA0, 0x00, 0x00,
    0x08, 0xF4, 0xF4, 0x00, 0x00, 0x00, 0x3F, 0xDF, 0x00, 0x00, 0x00, 0x00, 0xDF, 0xA0, 0x00, 0x00,
    0x00, 0x09, 0xF4, 0x00, 0x00, 0x2D, 0xC4, 0xE8, 0x00, 0x00, 0x00, 0x9D, 0x4E, 0x60, 0x00, 0x00,
    0x00, 0x00, 0x00, 0x00, 0x6F, 0x30, 0x00, 0x2C, 0xF0, 0x1F, 0x80, 0x00, 0xBF, 0x80, 0x0C, 0xD0,
    0x01, 0xF8, 0x00, 0x06, 0xF1, 0x06, 0xF3, 0x00, 0x01, 0xF6, 0x0A, 0xD0, 0x00, 0x00, 0xCB, 0x0E,
    0x80, 0x00, 0x00, 0x6F, 0x4F, 0x20, 0x00, 0x00, 0x1F, 0xCD, 0x00, 0x00, 0x00, 0x0C, 0xF8, 0x00,
    0x00, 0x00, 0x06, 0xF2, 0x00, 0x00, 0x00, 0x3B, 0xEF, 0xD7, 0x00, 0x00, 0x00, 0x00, 0x00, 0x00,
    0x05, 0xFE, 0x87, 0xBF, 0xB0, 0x00, 0x00, 0x00, 0x00, 0x00, 0x2F, 0xC0, 0x00, 0x06, 0xF7, 0x00,
    0x00, 0x00, 0x00, 0x00, 0x8F, 0x30, 0x00, 0x00, 0xCE, 0x0A, 0xF2, 0x00, 0x09, 0xF2, 0xCE, 0x00,
    0x00, 0x00, 0x8F, 0x24, 0xF7, 0x00, 0x0E, 0xC0, 0xEC, 0x00, 0x00, 0x00, 0x6F, 0x40, 0xEC, 0x00,
    0x2F, 0x70, 0xFB, 0x00, 0x00, 0x00, 0x5F, 0x50, 0x9F, 0x10, 0x7F, 0x20, 0xEC, 0x00, 0x00, 0x00,
    0x6F, 0x40, 0x4F, 0x60, 0xCC, 0x00, 0xCE, 0x00, 0x00, 0x00, 0x8F, 0x30, 0x0E, 0xB1, 0xF7, 0x00,
    0x8F, 0x30, 0x00, 0x00, 0xCE, 0x00, 0x09, 0xF6, 0xF2, 0x00, 0x2F, 0xC0, 0x00, 0x06, 0xF8, 0x00,
    0x03, 0xFF, 0xC0, 0x00, 0x05, 0xFD, 0x87, 0xAF, 0xC0, 0x00, 0x00, 0xEF, 0x70, 0x00, 0x00, 0x3B,
    0xEF, 0xD7, 0x00, 0x00, 0x00, 0xDF, 0x20, 0x00, 0x00, 0x00, 0x00, 0x00, 0x00, 0x00, 0x00, 0xAD,
    0x00, 0x00, 0x00, 0x00, 0x00, 0x00, 0x00, 0x00, 0x01, 0xF7, 0x00, 0x00, 0x00, 0x00, 0x00, 0x00,
    0x00, 0x01, 0x7D, 0xE1, 0x00, 0x00, 0x00, 0x00, 0x00, 0x00, 0x00, 0x03, 0xFC, 0x30, 0x00, 0x00,
    0x00, 0x2A, 0xEF, 0xC4, 0x00, 0xAF, 0x20, 0x00, 0x9F, 0x20, 0x2E, 0xE7, 0x6C, 0xF5, 0x04, 0xF7,
    0x00, 0x0E, 0xC0, 0x0A, 0xF2, 0x00, 0x0D, 0xE0, 0x0E, 0xC0, 0x02, 0xF7, 0x00, 0xFA, 0x00, 0x00,
    0x6F, 0x40, 0x9F, 0x10, 0x7F, 0x20, 0x2F, 0x70, 0x00, 0x03, 0xF6, 0x04, 0xF6, 0x0C, 0xC0, 0x02,
    0xF7, 0x00, 0x00, 0x3F, 0x70, 0x0E, 0xB1, 0xF7, 0x00, 0x0F, 0xA0, 0x00, 0x06, 0xF4, 0x00, 0x9F,
    0x6F, 0x20, 0x00, 0xBF, 0x20, 0x00, 0xCE, 0x00, 0x03, 0xFF, 0xC0, 0x00, 0x02, 0xEE, 0x66, 0xCF,
    0x50, 0x00, 0x0E, 0xF7, 0x00, 0x00, 0x02, 0xAE, 0xFC, 0x40, 0x00, 0x00, 0xDF, 0x20, 0x00, 0x00,
    0x00, 0x00, 0x00, 0x00, 0x00, 0x0A, 0xD0, 0x00, 0x00, 0x00, 0x00, 0x00, 0x00, 0x00, 0x01, 0xF7,
    0x00, 0x00, 0x00, 0x00, 0x00, 0x00, 0x00, 0x17, 0xDE, 0x10, 0x00, 0x00, 0x00, 0x00, 0x00, 0x00,
    0x03, 0xFC, 0x30, 0x00, 0x00, 0x00, 0x00, 0x0B, 0xF0, 0x00, 0x00, 0x00, 0x04, 0xBF, 0xFC, 0x60,
    0x00, 0x00, 0x7F, 0xDF, 0xFC, 0xF9, 0x00, 0x03, 0xFA, 0x0B, 0xF0, 0x9F, 0x50, 0x0A, 0xF1, 0x00,
    0x00, 0x0F, 0xC0, 0x0E, 0xB0, 0x00, 0x00, 0x0A, 0xF0, 0x0F, 0x90, 0x00, 0x00, 0x08, 0xF2, 0x1F,
    0x90, 0x00, 0x00, 0x07, 0xF3, 0x0F, 0xA0, 0x00, 0x00, 0x08, 0xF2, 0x0E, 0xC0, 0x00, 0x00, 0x0A,
    0xF0, 0x0A, 0xF1, 0x00, 0x00, 0x0E, 0xC0, 0x03, 0xFA, 0x0B, 0xF0, 0x8F, 0x50, 0x00, 0x7F, 0xDF,
    0xFB, 0xFA, 0x00, 0x00, 0x04, 0xBF, 0xFC, 0x60, 0x00, 0x00, 0x00, 0x0B, 0xF0, 0x00, 0x00, 0x00,
    0x00, 0xBE, 0x00, 0x00, 0x00, 0x2A, 0xFF, 0xC4, 0x00, 0x02, 0xEE, 0xFF, 0xCF, 0x50, 0x0A, 0xF2,
    0xBE, 0x0D, 0xE0, 0x0F, 0xA0, 0x00, 0x06, 0xF4, 0x2F, 0x70, 0x00, 0x03, 0xF6, 0x2F, 0x70, 0x00,
    0x03, 0xF6, 0x0F, 0xA0, 0x00, 0x06, 0xF4, 0x0B, 0xF2, 0xBE, 0x0C, 0xE0, 0x02, 0xEE, 0xFF, 0xCF,
    0x50, 0x00, 0x2A, 0xFF, 0xC4, 0x00, 0x00, 0x00, 0xBE, 0x00, 0x00, 0x00, 0x00, 0x01, 0x20, 0x00,
    0x00, 0x00, 0x00, 0x00, 0x5F, 0xFE, 0x83, 0x10, 0x00, 0x00, 0x00, 0xB7, 0x04, 0xAE, 0xD0, 0x00,
    0x00, 0x00, 0x00, 0x7F, 0x00, 0x00, 0x00, 0x00, 0x00, 0x00, 0x9C, 0x00, 0x00, 0x00, 0x02, 0xBE,
    0x00, 0xB3, 0x01, 0xE9, 0x10, 0x1E, 0xF7, 0x00, 0x00, 0x00, 0x8F, 0xC0, 0x6F, 0x50, 0x00, 0x00,
    0x00, 0x08, 0xF4, 0x9F, 0x10, 0x00, 0x00, 0x00, 0x04, 0xF6, 0xAF, 0x10, 0x00, 0x00, 0x00, 0x03,
    0xF7, 0xAF, 0x10, 0x00, 0x00, 0x00, 0x03, 0xF7, 0xAF, 0x10, 0x00, 0xFF, 0x00, 0x03, 0xF7, 0xAF,
    0x10, 0x00, 0xFF, 0x00, 0x03, 0xF7, 0xAF, 0x10, 0x00, 0xFF, 0x00, 0x03, 0xF7, 0x9F, 0x20, 0x00,
    0xFF, 0x00, 0x04, 0xF6, 0x6F, 0x50, 0x02, 0xFF, 0x10, 0x08, 0xF4, 0x0E, 0xF7, 0x8E, 0xFF, 0xD7,
    0x8F, 0xC0, 0x02, 0xAE, 0xEA, 0x23, 0xBE, 0xE9, 0x10, 0x00, 0x00, 0x13, 0x10, 0x00, 0x00, 0x00,
    0x03, 0xFE, 0xFB, 0x53, 0x00, 0x00, 0x08, 0xA0, 0x17, 0xCE, 0x10, 0x00, 0x00, 0x03, 0xF2, 0x00,
    0x00, 0x00, 0x00, 0x05, 0xF0, 0x00, 0x00, 0x07, 0xE4, 0x09, 0x60, 0x6D, 0x40, 0x5F, 0xA1, 0x00,
    0x00, 0x2B, 0xF3, 0xBE, 0x00, 0x00, 0x00, 0x01, 0xF9, 0xDC, 0x00, 0x00, 0x00, 0x00, 0xEB, 0xEC,
    0x00, 0x00, 0x00, 0x00, 0xEC, 0xEC, 0x00, 0x0F, 0xF0, 0x00, 0xEC, 0xDC, 0x00, 0x0F, 0xF0, 0x00,
    0xEB, 0xBE, 0x00, 0x0F, 0xF0, 0x01, 0xF9, 0x5F, 0xA6, 0xCF, 0xFA, 0x6B, 0xF3, 0x06, 0xDF, 0xC3,
    0x4D, 0xFD, 0x50, 0x00, 0x08, 0xFF, 0xFF, 0xFF, 0x80, 0x00, 0x00, 0x00, 0x00, 0xDA, 0x00, 0x00,
    0x00, 0x00, 0x00, 0x00, 0x00, 0x00, 0x00, 0x00, 0xAF, 0x10, 0x00, 0xFF, 0x00, 0x02, 0xF8, 0xAF,
    0x10, 0x00, 0xFF, 0x00, 0x02, 0xF8, 0xAF, 0x10, 0x00, 0xFF, 0x00, 0x02, 0xF8, 0xAF, 0x10, 0x00,
    0xFF, 0x00, 0x02, 0xF8, 0xAF, 0x10, 0x00, 0xFF, 0x00, 0x02, 0xF8, 0xAF, 0x10, 0x00, 0xFF, 0x00,
    0x02, 0xF8, 0xAF, 0x10, 0x00, 0xFF, 0x00, 0x02, 0xF8, 0xAF, 0x10, 0x00, 0xFF, 0x00, 0x02, 0xF8,
    0xAF, 0x10, 0x00, 0xFF, 0x00, 0x02, 0xF8, 0x9F, 0x10, 0x00, 0xFF, 0x00, 0x02, 0xF8, 0x7F, 0x50,
    0x03, 0xFF, 0x10, 0x06, 0xF5, 0x1E, 0xE7, 0x8E, 0xDE, 0xD7, 0x8F, 0xD0, 0x02, 0xBE, 0xEA, 0x12,
    0xBF, 0xEA, 0x10, 0x00, 0x8F, 0xFF, 0xFF, 0xF8, 0x00, 0x00, 0x00, 0x0C, 0xA0, 0x00, 0x00, 0x00,
    0x00, 0x00, 0x00, 0x00, 0x00, 0x00, 0x00, 0x00, 0x00, 0x00, 0x00, 0xDC, 0x00, 0x0F, 0xF0, 0x00,
    0xDC, 0xDC, 0x00, 0x0F, 0xF0, 0x00, 0xDC, 0xDC, 0x00, 0x0F, 0xF0, 0x00, 0xDC, 0xDC, 0x00, 0x0F,
    0xF0, 0x00, 0xDC, 0xDC, 0x00, 0x0F, 0xF0, 0x00, 0xDC, 0xDC, 0x00, 0x0F, 0xF0, 0x00, 0xDC, 0xDC,
    0x00, 0x0F, 0xF0, 0x00, 0xDC, 0xBE, 0x00, 0x1F, 0xF0, 0x00, 0xFA, 0x5F, 0xA6, 0xCF, 0xFB, 0x6B,
    0xF4, 0x07, 0xDF, 0xC3, 0x4D, 0xFD, 0x60, 0x00, 0x5C, 0xFF, 0xC7, 0x00, 0x08, 0xFC, 0x77, 0xBF,
    0xB0, 0x4F, 0xB0, 0x00, 0x08, 0xF5, 0xAF, 0x20, 0x00, 0x01, 0xF9, 0xED, 0x00, 0x00, 0x00, 0x00,
    0xFB, 0x00, 0x00, 0x00, 0x00, 0xFB, 0x00, 0x00, 0x00, 0x00, 0xFB, 0x00, 0x00, 0x00, 0x00, 0xDD,
    0x00, 0x00, 0x00, 0x00, 0xAF, 0x10, 0x00, 0x00, 0x00, 0x3F, 0xA0, 0x00, 0x00, 0x00, 0x08, 0xFC,
    0xB5, 0x00, 0x00, 0x00, 0x5C, 0xFF, 0x00, 0x00, 0x00, 0x00, 0xCF, 0x00, 0x00, 0x00, 0x00, 0xCF,
    0x00, 0x00, 0x00, 0x00, 0xCF, 0x00, 0x00, 0x00, 0x2A, 0xFF, 0xB3, 0x00, 0x1E, 0xE6, 0x7D, 0xF3,
    0x09, 0xF2, 0x00, 0x0E, 0xA0, 0xFB, 0x00, 0x00, 0x00, 0x1F, 0x80, 0x00, 0x00, 0x01, 0xF8, 0x00,
    0x00, 0x00, 0x0F, 0xB0, 0x00, 0x00, 0x00, 0x9F, 0x20, 0x00, 0x00, 0x01, 0xEE, 0xA5, 0x00, 0x00,
    0x02, 0xBF, 0xF0, 0x00, 0x00, 0x00, 0xBF, 0x00, 0x00, 0x00, 0x0B, 0xF0, 0x00, 0x00, 0x00, 0xBF,
    0x00, 0x00, 0x00, 0x00, 0x00, 0x1E, 0x70, 0x00, 0x04, 0x00, 0x9D, 0x00, 0x00, 0x4F, 0xB4, 0xF5,
    0x00, 0x00, 0x03, 0xCF, 0xE0, 0x00, 0x00, 0x00, 0x3F, 0xED, 0x40, 0x00, 0x00, 0xCA, 0x19, 0xF1,
    0xBA, 0x15, 0xF2, 0x00, 0x10, 0x3C, 0xFE, 0x80, 0x00, 0x00, 0x00, 0xAF, 0xD4, 0x00, 0x00, 0x01,
    0xF8, 0xAF, 0x80, 0x00, 0x09, 0xD0, 0x03, 0x30, 0x00, 0x2F, 0x50, 0x00, 0x00, 0x00, 0x00, 0x00,
    0x05, 0xF1, 0x1F, 0xFF, 0xFF, 0xF1, 0x1F, 0x50, 0x00, 0x00, 0x02, 0x48, 0xDF, 0xD2, 0x0F, 0xEA,
    0x52, 0xB9, 0xDB, 0x09, 0xD0, 0x0B, 0x10, 0x0C, 0xC0, 0xE8, 0x2A, 0x00, 0x1F, 0x77, 0x77, 0xF1,
    0x2C, 0x10, 0x02, 0xC1, 0x26, 0x70, 0x07, 0x61, 0x25, 0x70, 0x07, 0x61, 0x25, 0x25, 0x62, 0x61,
    0x25, 0x08, 0x80, 0x61, 0x25, 0x09, 0x70, 0x61, 0x25, 0x08, 0x80, 0x61, 0x25, 0x16, 0x71, 0x61,
    0x25, 0x70, 0x16, 0x61, 0x26, 0x70, 0x08, 0x61, 0x2B, 0x20, 0x03, 0xA1, 0x2F, 0x77, 0x77, 0xF1,
    0x00, 0x00, 0x00, 0x01, 0xAB, 0x40, 0x00, 0x00, 0x00, 0x00, 0x00, 0x00, 0x08, 0x62, 0xC0, 0x00,
    0x00, 0x00, 0x00, 0x03, 0x40, 0x00, 0x00, 0x00, 0x02, 0x51, 0x00, 0x00, 0x7B, 0x9B, 0x00, 0x00,
    0x00, 0x3D, 0x7E, 0x00, 0x00, 0x31, 0x04, 0x00, 0x00, 0x00, 0x22, 0x03, 0x00, 0x00, 0x00, 0x00,
    0x00, 0x00, 0x00, 0x00, 0x00, 0x00, 0x00, 0x00, 0x00, 0x00, 0x00, 0x00, 0x00, 0x00, 0x00, 0x09,
    0xCB, 0x00, 0x00, 0x00, 0x00, 0x00, 0x4C, 0xC4, 0x29, 0x07, 0x40, 0x00, 0x00, 0x00, 0x00, 0x82,
    0x28, 0x00, 0x00, 0x00, 0x00, 0x00, 0x00, 0x00, 0x00, 0x00, 0x00, 0x00, 0x00, 0x00, 0x00, 0x00,
    0x00, 0x00, 0x00, 0x00, 0x04, 0x40, 0x00, 0x00, 0x00, 0x03, 0x51, 0x00, 0x00, 0x8A, 0x9A, 0x00,
    0x00, 0x00, 0x5C, 0x7D, 0x00, 0x00, 0x31, 0x03, 0x00, 0x00, 0x00, 0x22, 0x04, 0x00, 0x00, 0x00,
    0x00, 0x02, 0xBC, 0x60, 0x00, 0x00, 0x00, 0x00, 0x00, 0x00, 0x07, 0x60, 0xB0, 0x00, 0x00, 0x00,
    0x00, 0x00, 0x00, 0x00, 0x0D, 0x00, 0x00, 0x00, 0x00, 0x00, 0x00, 0x00, 0x00, 0x6B, 0x00, 0x00,
    0x00, 0x00, 0x00, 0x07, 0x40, 0x00, 0xB8, 0x00, 0x00, 0x10, 0x00, 0x00, 0x03, 0xE0, 0x00, 0x10,
    0x00, 0x2A, 0xE2, 0x00, 0x00, 0x00, 0xC7, 0x00, 0x00, 0x00, 0xAA, 0x10, 0x00, 0x00, 0x00, 0x20,
    0x00, 0x00, 0x00, 0x00, 0x00, 0x00, 0x00, 0x00, 0x00, 0x00, 0x00, 0x00, 0x00, 0x00, 0x00, 0x18,
    0x51, 0x00, 0x00, 0x00, 0x00, 0x00, 0x73, 0x00, 0x07, 0xDE, 0x00, 0x00, 0x00, 0x00, 0x00, 0xAF,
    0xD1, 0x00, 0x02, 0x00, 0x00, 0x00, 0x00, 0x00, 0x00, 0x20, 0x00, 0x00, 0x00, 0x00, 0x00, 0x00,
    0x00, 0x00, 0x00, 0x00, 0x00, 0x00, 0x00, 0x00, 0x00, 0x02, 0x00, 0x00, 0x00, 0x00, 0x9B, 0x00,
    0x00, 0x00, 0x6D, 0x00, 0x00, 0x00, 0x2D, 0xB3, 0x00, 0x27, 0x00, 0x0D, 0x40, 0x00, 0x00, 0x02,
    0x00, 0x00, 0x7B, 0x00, 0x04, 0x80, 0x00, 0x00, 0x00, 0x00, 0x00, 0xB5, 0x00, 0x00, 0x00, 0x00,
    0x00, 0x00, 0x00, 0x00, 0x80, 0x00, 0x00, 0x00, 0x00, 0x00, 0x0B, 0xB1, 0x3F, 0x40, 0x00, 0x00,
    0x02, 0xCF, 0xD8, 0x00, 0x00, 0x00, 0x00, 0x00, 0x00, 0x00, 0x00, 0x7F, 0x40, 0x00, 0x00, 0xCF,
    0x40, 0x7F, 0x40, 0x00, 0x06, 0xFF, 0x40, 0x7F, 0x40, 0x00, 0x1E, 0xFF, 0x40, 0x7F, 0x40, 0x00,
    0xAF, 0xAF, 0x40, 0x7F, 0x40, 0x04, 0xF9, 0x7F, 0x40, 0x7F, 0x40, 0x0D, 0xE0, 0x7F, 0x40, 0x7F,
    0x40, 0x8F, 0x50, 0x7F, 0x40, 0x7F, 0x42, 0xFB, 0x00, 0x7F, 0x40, 0x7F, 0x4C, 0xF1, 0x00, 0x7F,
    0x40, 0x7F, 0xAF, 0x70, 0x00, 0x7F, 0x40, 0x7F, 0xFC, 0x00, 0x00, 0x7F, 0x40, 0x7F, 0xF3, 0x00,
    0x00, 0x7F, 0x72, 0x7F, 0x90, 0x00, 0x00, 0x7F, 0xFB, 0x00, 0x00, 0x00, 0x00, 0x00, 0xF9, 0x00,
    0x00, 0x00, 0x00, 0x05, 0xF3, 0x00, 0x00, 0x00, 0x00, 0x04, 0x60, 0x0B, 0xB1, 0x3F, 0x40, 0x00,
    0x02, 0xCF, 0xD8, 0x00, 0x00, 0x00, 0x00, 0x00, 0x00, 0x00, 0xAF, 0x00, 0x00, 0xDF, 0x00, 0xAF,
    0x00, 0x08, 0xFF, 0x00, 0xAF, 0x00, 0x2F, 0xFF, 0x00, 0xAF, 0x00, 0xBD, 0xAF, 0x00, 0xAF, 0x05,
    0xF4, 0x9F, 0x00, 0xAF, 0x0E, 0xB0, 0x9F, 0x00, 0xAF, 0x8F, 0x20, 0x9F, 0x00, 0xAF, 0xF8, 0x00,
    0x9F, 0x00, 0xAF, 0xD0, 0x00, 0x9F, 0x32, 0xAF, 0x40, 0x00, 0x9F, 0xEB, 0x00, 0x00, 0x00, 0x00,
    0xF9, 0x00, 0x00, 0x00, 0x05, 0xF3, 0x00, 0x00, 0x00, 0x04, 0x60, 0x00, 0x9F, 0x20, 0x00, 0x00,
    0x00, 0x25, 0xEF, 0x75, 0x10, 0x00, 0x00, 0x6F, 0xFF, 0xFF, 0x30, 0x00, 0x00, 0x00, 0x9F, 0x20,
    0x00, 0x00, 0x00, 0x00, 0x9F, 0x20, 0x00, 0x00, 0x00, 0x00, 0x9F, 0xFF, 0xFF, 0xD7, 0x00, 0x00,
    0x9F, 0x86, 0x66, 0xAF, 0xB0, 0x00, 0x9F, 0x20, 0x00, 0x08, 0xF4, 0x00, 0x9F, 0x20, 0x00, 0x02,
    0xF8, 0x00, 0x9F, 0x20, 0x00, 0x03, 0xF8, 0x00, 0x9F, 0x20, 0x00, 0x09, 0xF4, 0x00, 0x9F, 0x76,
    0x66, 0xAF, 0xB0, 0x00, 0x9F, 0xFF, 0xFF, 0xD8, 0x00, 0x00, 0xAF, 0x00, 0x00, 0x00, 0x00, 0xAF,
    0x00, 0x00, 0x00, 0x5F, 0xFF, 0xFF, 0xD0, 0x00, 0x15, 0xFF, 0x55, 0x40, 0x00, 0x00, 0xAF, 0x00,
    0x00, 0x00, 0x00, 0xAF, 0x00, 0x00, 0x00, 0x00, 0xAF, 0x00, 0x00, 0x00, 0x00, 0xAF, 0x00, 0x00,
    0x00, 0x00, 0xAF, 0x55, 0x43, 0x00, 0x00, 0xAF, 0xFF, 0xFF, 0xC1, 0x00, 0xAF, 0x00, 0x05, 0xFA,
    0x00, 0xAF, 0x00, 0x00, 0xCE, 0x00, 0xAF, 0x00, 0x00, 0xDD, 0x00, 0xAF, 0x55, 0x5A, 0xF7, 0x00,
    0xAF, 0xFF, 0xFD, 0x70, 0x8F, 0xFF, 0xFF, 0xD8, 0x00, 0x8F, 0x76, 0x66, 0xAF, 0xC0, 0x8F, 0x20,
    0x00, 0x07, 0xF6, 0x8F, 0x20, 0x00, 0x01, 0xFA, 0x8F, 0x20, 0x00, 0x51, 0xFA, 0x8F, 0x20, 0x01,
    0xFF, 0xF6, 0x8F, 0x96, 0x66, 0xDF, 0xF0, 0x8F, 0xFF, 0xFF, 0xDE, 0xF7, 0x8F, 0x20, 0x00, 0x00,
    0x65, 0x8F, 0x20, 0x00, 0x00, 0x00, 0x8F, 0x20, 0x00, 0x00, 0x00, 0x8F, 0x20, 0x00, 0x00, 0x00,
    0x8F, 0x20, 0x00, 0x00, 0x00, 0xCC, 0x5D, 0xFD, 0x60, 0x0C, 0xFE, 0x76, 0xDF, 0x50, 0xCF, 0x10,
    0x01, 0xEE, 0x0E, 0xF0, 0x00, 0x09, 0xF1, 0xFF, 0x00, 0x00, 0x6F, 0x3F, 0xF0, 0x00, 0x06, 0xF3,
    0xEF, 0x00, 0x05, 0x8F, 0x1C, 0xF1, 0x04, 0xFF, 0xD0, 0xCF, 0xD6, 0x6F, 0xF9, 0x0C, 0xD6, 0xDF,
    0xDF, 0xF1, 0xCD, 0x00, 0x00, 0x05, 0x0C, 0xD0, 0x00, 0x00, 0x00, 0xCD, 0x00, 0x00, 0x00, 0x0C,
    0xD0, 0x00, 0x00, 0x00, 0x00, 0x00, 0x00, 0x5F, 0x50, 0x00, 0x00, 0x05, 0xF5, 0x00, 0x00, 0x00,
    0x5F, 0x59, 0xFF, 0xFF, 0xFF, 0xF9, 0x9F, 0x76, 0x66, 0x7B, 0x39, 0xF2, 0x00, 0x00, 0x00, 0x9F,
    0x20, 0x00, 0x00, 0x09, 0xF2, 0x00, 0x00, 0x00, 0x9F, 0x20, 0x00, 0x00, 0x09, 0xF2, 0x00, 0x00,
    0x00, 0x9F, 0x20, 0x00, 0x00, 0x09, 0xF2, 0x00, 0x00, 0x00, 0x9F, 0x20, 0x00, 0x00, 0x09, 0xF2,
    0x00, 0x00, 0x00, 0x9F, 0x20, 0x00, 0x00, 0x09, 0xF2, 0x00, 0x00, 0x00, 0x00, 0x00, 0x4F, 0x50,
    0x00, 0x04, 0xF5, 0x00, 0x00, 0x4F, 0x5B, 0xFF, 0xFF, 0xFA, 0xBF, 0x55, 0x7B, 0x3B, 0xE0, 0x00,
    0x00, 0xBE, 0x00, 0x00, 0x0B, 0xE0, 0x00, 0x00, 0xBE, 0x00, 0x00, 0x0B, 0xE0, 0x00, 0x00, 0xBE,
    0x00, 0x00, 0x0B, 0xE0, 0x00, 0x00, 0xBE, 0x00, 0x00, 0x00, 0x07, 0xFF, 0xFF, 0xFF, 0xF6, 0x07,
    0xF8, 0x66, 0x66, 0x62, 0x07, 0xF4, 0x00, 0x00, 0x00, 0x07, 0xF4, 0x00, 0x00, 0x00, 0x07, 0xF4,
    0x00, 0x00, 0x00, 0x5C, 0xF9, 0x53, 0x00, 0x00, 0xFF, 0xFF, 0xFA, 0x00, 0x00, 0x07, 0xF4, 0x00,
    0x00, 0x00, 0x07, 0xF4, 0x00, 0x00, 0x00, 0x07, 0xF4, 0x00, 0x00, 0x00, 0x07, 0xF4, 0x00, 0x00,
    0x00, 0x07, 0xF4, 0x00, 0x00, 0x00, 0x07, 0xF4, 0x00, 0x00, 0x00, 0x00, 0xAF, 0xFF, 0xFF, 0x60,
    0x0A, 0xF5, 0x55, 0x52, 0x00, 0xAF, 0x00, 0x00, 0x00, 0x0A, 0xF0, 0x00, 0x00, 0x05, 0xFF, 0x55,
    0x30, 0x00, 0xFF, 0xFF, 0xF9, 0x00, 0x00, 0xAF, 0x00, 0x00, 0x00, 0x0A, 0xF0, 0x00, 0x00, 0x00,
    0xAF, 0x00, 0x00, 0x00, 0x0A, 0xF0, 0x00, 0x00, 0x7F, 0xFF, 0xFF, 0xFF, 0x60, 0x7F, 0x86, 0x66,
    0x66, 0x20, 0x7F, 0x40, 0x00, 0x00, 0x00, 0x7F, 0x40, 0x00, 0x00, 0x00, 0x7F, 0x40, 0x00, 0x00,
    0x00, 0x7F, 0x40, 0x00, 0x00, 0x00, 0x7F, 0xFF, 0xFC, 0x70, 0x00, 0x7F, 0xA6, 0x8C, 0xFC, 0x00,
    0x7F, 0x40, 0x00, 0x7F, 0x80, 0x7F, 0x40, 0x00, 0x0D, 0xD0, 0x7F, 0x40, 0x00, 0x0A, 0xF0, 0x7F,
    0x40, 0x00, 0x09, 0xF1, 0x7F, 0x40, 0x00, 0x0A, 0xF0, 0x00, 0x00, 0x00, 0x1F, 0xB0, 0x00, 0x00,
    0x06, 0xDF, 0x30, 0x00, 0x00, 0x1F, 0xB3, 0x00, 0xBF, 0xFF, 0xFF, 0x40, 0xBF, 0x55, 0x55, 0x10,
    0xBE, 0x00, 0x00, 0x00, 0xBE, 0x00, 0x00, 0x00, 0xFF, 0xFE, 0xB4, 0x00, 0xEF, 0x68, 0xDF, 0x50,
    0xBE, 0x00, 0x0C, 0xF0, 0xBE, 0x00, 0x05, 0xF4, 0xBE, 0x00, 0x03, 0xF6, 0xBE, 0x00, 0x05, 0xF4,
    0x00, 0x00, 0x0B, 0xE0, 0x00, 0x02, 0xBF, 0x50, 0x00, 0x02, 0xD5, 0x00, 0x2F, 0xD0, 0x00, 0x09,
    0xF1, 0x00, 0x06, 0xF8, 0x00, 0x7F, 0x70, 0x00, 0x9F, 0x10, 0x01, 0xED, 0x00, 0x00, 0xCF, 0x10,
    0x09, 0xF1, 0x00, 0xAF, 0x40, 0x00, 0x02, 0xFB, 0x00, 0x9F, 0x10, 0x3F, 0x90, 0x00, 0x00, 0x07,
    0xF4, 0x09, 0xF1, 0x0D, 0xE0, 0x00, 0x00, 0x00, 0x0E, 0xF6, 0xFF, 0x89, 0xF4, 0x00, 0x00, 0x00,
    0x00, 0xEF, 0xFF, 0xFF, 0xFF, 0x20, 0x00, 0x00, 0x00, 0x5F, 0xB0, 0x9F, 0x13, 0xFC, 0x00, 0x00,
    0x00, 0x0E, 0xF1, 0x09, 0xF1, 0x09, 0xF6, 0x00, 0x00, 0x09, 0xF7, 0x00, 0x9F, 0x10, 0x1E, 0xF1,
    0x00, 0x03, 0xFD, 0x00, 0x09, 0xF1, 0x00, 0x6F, 0xA0, 0x00, 0xCF, 0x40, 0x00, 0x9F, 0x10, 0x00,
    0xCF, 0x82, 0x7F, 0xA0, 0x00, 0x09, 0xF1, 0x00, 0x03, 0xFF, 0x90, 0x00, 0x00, 0x00, 0x00, 0x00,
    0x00, 0x01, 0xF8, 0x00, 0x00, 0x00, 0x00, 0x00, 0x00, 0x00, 0x1F, 0x80, 0x00, 0x00, 0x00, 0x00,
    0x00, 0x00, 0x01, 0xF8, 0x00, 0x00, 0x00, 0x00, 0x00, 0x00, 0x00, 0x0C, 0x60, 0x3F, 0xC0, 0x00,
    0xFA, 0x00, 0x1F, 0xE0, 0x00, 0x9F, 0x40, 0x0F, 0xA0, 0x08, 0xF5, 0x00, 0x01, 0xED, 0x00, 0xFA,
    0x01, 0xFB, 0x00, 0x00, 0x06, 0xF5, 0x0F, 0xA0, 0xAF, 0x20, 0x00, 0x00, 0x0D, 0xE7, 0xFF, 0x7F,
    0x80, 0x00, 0x00, 0x00, 0xCF, 0xFF, 0xFF, 0xF6, 0x00, 0x00, 0x00, 0x5F, 0x90, 0xFA, 0x0D, 0xE1,
    0x00, 0x00, 0x1E, 0xD0, 0x0F, 0xA0, 0x3F, 0xC0, 0x00, 0x0B, 0xF4, 0x00, 0xFA, 0x00, 0x8F, 0x74,
    0x27, 0xF9, 0x00, 0x0F, 0xA0, 0x00, 0xDF, 0xF8, 0x00, 0x00, 0x00, 0x00, 0x00, 0x00, 0x1F, 0x80,
    0x00, 0x00, 0x00, 0x00, 0x00, 0x01, 0xF8, 0x00, 0x00, 0x00, 0x00, 0x00, 0x00, 0x1F, 0x80, 0x00,
    0x00, 0x00, 0x00, 0x00, 0x00, 0xC6, 0x00, 0x2A, 0xEF, 0xD9, 0x10, 0x02, 0xFE, 0x86, 0x9F, 0xE2,
    0x0C, 0xF1, 0x00, 0x04, 0xF9, 0x0F, 0xA0, 0x00, 0x00, 0xFB, 0x00, 0x00, 0x00, 0x03, 0xF8, 0x00,
    0x00, 0x77, 0x8E, 0xC0, 0x00, 0x02, 0xFF, 0xFF, 0x50, 0x00, 0x00, 0x00, 0x2A, 0xF6, 0x00, 0x00,
    0x00, 0x00, 0xED, 0x3F, 0x70, 0x00, 0x00, 0xCE, 0x0F, 0xD0, 0x00, 0x03, 0xFB, 0x06, 0xFD, 0x76,
    0x9F, 0xF2, 0x00, 0x3B, 0xFF, 0xF9, 0x10, 0x00, 0x00, 0x1F, 0x80, 0x00, 0x00, 0x00, 0x1F, 0x80,
    0x00, 0x00, 0x00, 0x1F, 0x80, 0x00, 0x00, 0x00, 0x1F, 0x80, 0x00, 0x00, 0x00, 0x04, 0x20, 0x00,
    0x00, 0x7D, 0xFD, 0x80, 0x00, 0x9F, 0xA5, 0x8F, 0xA0, 0x0F, 0xA0, 0x00, 0xAF, 0x00, 0x00, 0x00,
    0x0A, 0xF0, 0x00, 0x05, 0x68, 0xF7, 0x00, 0x00, 0xFF, 0xFF, 0x30, 0x00, 0x00, 0x01, 0xBF, 0x12,
    0xF8, 0x00, 0x07, 0xF3, 0x0B, 0xF9, 0x57, 0xFD, 0x00, 0x08, 0xEF, 0xFA, 0x10, 0x00, 0x01, 0xF8,
    0x00, 0x00, 0x00, 0x1F, 0x80, 0x00, 0x00, 0x01, 0xF8, 0x00, 0x00, 0x00, 0x1F, 0x80, 0x00, 0x00,
    0x00, 0x42, 0x00, 0x00, 0x7F, 0x40, 0x00, 0x05, 0xFB, 0x07, 0xF4, 0x00, 0x03, 0xFE, 0x10, 0x7F,
    0x40, 0x01, 0xDF, 0x30, 0x07, 0xF4, 0x00, 0xBF, 0x50, 0x00, 0x7F, 0x40, 0x8F, 0x90, 0x00, 0x07,
    0xFA, 0x8F, 0xC0, 0x00, 0x00, 0x7F, 0xFF, 0xF9, 0x00, 0x00, 0x07, 0xF4, 0x0C, 0xF4, 0x00, 0x00,
    0x7F, 0x40, 0x1E, 0xE1, 0x00, 0x07, 0xF4, 0x00, 0x4F, 0xC0, 0x00, 0x7F, 0x40, 0x00, 0x7F, 0x90,
    0x07, 0xF4, 0x00, 0x00, 0xBF, 0x50, 0x7F, 0x40, 0x00, 0x01, 0xFF, 0xB0, 0x00, 0x00, 0x00, 0x01,
    0xF8, 0x00, 0x00, 0x00, 0x00, 0x1F, 0x80, 0x00, 0x00, 0x00, 0x01, 0xF8, 0x00, 0x00, 0x00, 0x00,
    0x1F, 0x80, 0xAF, 0x00, 0x02, 0xFD, 0x00, 0xAF, 0x00, 0x0C, 0xF2, 0x00, 0xAF, 0x00, 0x7F, 0x50,
    0x00, 0xAF, 0x03, 0xF9, 0x00, 0x00, 0xAF, 0x6E, 0xE0, 0x00, 0x00, 0xAF, 0xFF, 0xF0, 0x00, 0x00,
    0xAF, 0x06, 0xFA, 0x00, 0x00, 0xAF, 0x00, 0x8F, 0x70, 0x00, 0xAF, 0x00, 0x0B, 0xF5, 0x42, 0xAF,
    0x00, 0x01, 0xDF, 0xF8, 0x00, 0x00, 0x00, 0x01, 0xF8, 0x00, 0x00, 0x00, 0x01, 0xF8, 0x00, 0x00,
    0x00, 0x01, 0xF8, 0x00, 0x00, 0x00, 0x00, 0xC6, 0x9F, 0x20, 0x00, 0x06, 0xF9, 0x09, 0xF2, 0x00,
    0x00, 0xEE, 0x10, 0x9F, 0x20, 0x00, 0x6F, 0x60, 0x09, 0xF2, 0xF5, 0x0E, 0xC0, 0x00, 0x9F, 0x2F,
    0x56, 0xF3, 0x00, 0x09, 0xF8, 0xFC, 0xFB, 0x00, 0x00, 0x9F, 0xFF, 0xFF, 0xB0, 0x00, 0x09, 0xF2,
    0xF5, 0xBF, 0x20, 0x00, 0x9F, 0x2F, 0x53, 0xFB, 0x00, 0x09, 0xF2, 0x00, 0x0A, 0xF4, 0x00, 0x9F,
    0x20, 0x00, 0x2F, 0xD0, 0x09, 0xF2, 0x00, 0x00, 0xAF, 0x60, 0x9F, 0x20, 0x00, 0x02, 0xFE, 0x00,
    0xAF, 0x00, 0x00, 0x6F, 0x70, 0xAF, 0x00, 0x00, 0xED, 0x00, 0xAF, 0x00, 0x06, 0xF4, 0x00, 0xAF,
    0x2F, 0x3E, 0xB0, 0x00, 0xAF, 0x8F, 0xCF, 0x20, 0x00, 0xAF, 0xFF, 0xFF, 0x20, 0x00, 0xAF, 0x2F,
    0x4F, 0xC0, 0x00, 0xAF, 0x2F, 0x37, 0xF7, 0x00, 0xAF, 0x00, 0x00, 0xDF, 0x20, 0xAF, 0x00, 0x00,
    0x3F, 0xC0, 0x04, 0xF7, 0x00, 0x00, 0x3F, 0xD1, 0x04, 0xF7, 0x00, 0x01, 0xEF, 0x20, 0xEF, 0xFF,
    0xFB, 0x0C, 0xF5, 0x00, 0x49, 0xFC, 0x53, 0x9F, 0x80, 0x00, 0x04, 0xF7, 0x06, 0xFB, 0x00, 0x00,
    0x04, 0xFD, 0x7F, 0xE1, 0x00, 0x00, 0x04, 0xFF, 0xFF, 0xD0, 0x00, 0x00, 0x04, 0xF7, 0x0A, 0xF7,
    0x00, 0x00, 0x04, 0xF7, 0x00, 0xDF, 0x30, 0x00, 0x04, 0xF7, 0x00, 0x2F, 0xE1, 0x00, 0x04, 0xF7,
    0x00, 0x05, 0xFB, 0x00, 0x04, 0xF7, 0x00, 0x00, 0x8F, 0x80, 0x04, 0xF7, 0x00, 0x00, 0x0C, 0xF4,
    0x00, 0x8F, 0x10, 0x00, 0x00, 0x00, 0x08, 0xF1, 0x00, 0x00, 0x00, 0x6F, 0xFF, 0xFF, 0x30, 0x00,
    0x02, 0x5E, 0xF7, 0x51, 0x00, 0x00, 0x00, 0x8F, 0x10, 0x06, 0xF8, 0x00, 0x08, 0xF1, 0x03, 0xFB,
    0x00, 0x00, 0x8F, 0x10, 0xDE, 0x10, 0x00, 0x08, 0xF7, 0xCF, 0x30, 0x00, 0x00, 0x8F, 0xFF, 0xF0,
    0x00, 0x00, 0x08, 0xF1, 0x7F, 0x60, 0x00, 0x00, 0x8F, 0x10, 0xCE, 0x10, 0x00, 0x08, 0xF1, 0x03,
    0xFB, 0x00, 0x00, 0x8F, 0x10, 0x08, 0xF5, 0x00, 0x08, 0xF1, 0x00, 0x0D, 0xE1, 0x6F, 0xFF, 0xFF,
    0x70, 0x00, 0x03, 0xFE, 0x12, 0x55, 0x58, 0xF7, 0x00, 0x01, 0xDF, 0x30, 0x00, 0x00, 0x3F, 0x70,
    0x00, 0xBF, 0x50, 0x00, 0x00, 0x03, 0xF7, 0x00, 0x8F, 0x90, 0x00, 0x00, 0x00, 0x3F, 0x70, 0x5F,
    0xC0, 0x00, 0x00, 0x00, 0x03, 0xFE, 0x6F, 0xF1, 0x00, 0x00, 0x00, 0x00, 0x3F, 0xFF, 0xFF, 0x00,
    0x00, 0x00, 0x00, 0x03, 0xF7, 0x09, 0xF7, 0x00, 0x00, 0x00, 0x00, 0x3F, 0x70, 0x0C, 0xF4, 0x00,
    0x00, 0x00, 0x03, 0xF7, 0x00, 0x1E, 0xE1, 0x00, 0x00, 0x00, 0x3F, 0x70, 0x00, 0x4F, 0xC0, 0x00,
    0x00, 0x03, 0xF7, 0x00, 0x00, 0x8F, 0x90, 0x00, 0x00, 0x3F, 0x70, 0x00, 0x00, 0xBF, 0x50, 0x7F,
    0xFF, 0xFD, 0x00, 0x04, 0xFA, 0x02, 0x55, 0x5F, 0xC0, 0x01, 0xED, 0x00, 0x00, 0x00, 0xDC, 0x00,
    0xAF, 0x20, 0x00, 0x00, 0x0D, 0xC0, 0x6F, 0x60, 0x00, 0x00, 0x00, 0xDF, 0x6F, 0xA0, 0x00, 0x00,
    0x00, 0x0D, 0xFF, 0xFA, 0x00, 0x00, 0x00, 0x00, 0xDC, 0x09, 0xF6, 0x00, 0x00, 0x00, 0x0D, 0xC0,
    0x0B, 0xF4, 0x00, 0x00, 0x00, 0xDC, 0x00, 0x1D, 0xE2, 0x00, 0x00, 0x0D, 0xC0, 0x00, 0x2F, 0xD1,
    0x8F, 0x30, 0x00, 0x00, 0x5F, 0x50, 0x8F, 0x30, 0x00, 0x00, 0x5F, 0x50, 0x8F, 0x30, 0x00, 0x00,
    0x5F, 0x50, 0x8F, 0x30, 0x00, 0x00, 0x5F, 0x50, 0x8F, 0x30, 0x00, 0x00, 0x5F, 0x50, 0x8F, 0x96,
    0x66, 0x66, 0xAF, 0x50, 0x8F, 0xFF, 0xFF, 0xFF, 0xFF, 0x50, 0x8F, 0x30, 0x00, 0x00, 0x5F, 0x50,
    0x8F, 0x30, 0x00, 0x00, 0x5F, 0x50, 0x8F, 0x30, 0x00, 0x00, 0x5F, 0x50, 0x8F, 0x30, 0x00, 0x00,
    0x5F, 0x50, 0x8F, 0x30, 0x00, 0x00, 0x5F, 0x92, 0x8F, 0x30, 0x00, 0x00, 0x5F, 0xF8, 0x00, 0x00,
    0x00, 0x00, 0x01, 0xF8, 0x00, 0x00, 0x00, 0x00, 0x01, 0xF8, 0x00, 0x00, 0x00, 0x00, 0x01, 0xF8,
    0x00, 0x00, 0x00, 0x00, 0x00, 0xC6, 0xAF, 0x00, 0x00, 0xAF, 0x00, 0xAF, 0x00, 0x00, 0xAF, 0x00,
    0xAF, 0x00, 0x00, 0xAF, 0x00, 0xAF, 0x00, 0x00, 0xAF, 0x00, 0xAF, 0x55, 0x55, 0xDF, 0x00, 0xAF,
    0xFF, 0xFF, 0xFF, 0x00, 0xAF, 0x00, 0x00, 0xAF, 0x00, 0xAF, 0x00, 0x00, 0xAF, 0x00, 0xAF, 0x00,
    0x00, 0xAF, 0x42, 0xAF, 0x00, 0x00, 0xAF, 0xF8, 0x00, 0x00, 0x00, 0x01, 0xF8, 0x00, 0x00, 0x00,
    0x01, 0xF8, 0x00, 0x00, 0x00, 0x01, 0xF8, 0x00, 0x00, 0x00, 0x00, 0xC6, 0x8F, 0x30, 0x00, 0x00,
    0x6F, 0xFF, 0xFF, 0xFE, 0x8F, 0x30, 0x00, 0x00, 0x6F, 0xA5, 0x55, 0x54, 0x8F, 0x30, 0x00, 0x00,
    0x6F, 0x50, 0x00, 0x00, 0x8F, 0x30, 0x00, 0x00, 0x6F, 0x50, 0x00, 0x00, 0x8F, 0x30, 0x00, 0x00,
    0x6F, 0x50, 0x00, 0x00, 0x8F, 0x96, 0x66, 0x66, 0xAF, 0x50, 0x00, 0x00, 0x8F, 0xFF, 0xFF, 0xFF,
    0xFF, 0x50, 0x00, 0x00, 0x8F, 0x30, 0x00, 0x00, 0x6F, 0x50, 0x00, 0x00, 0x8F, 0x30, 0x00, 0x00,
    0x6F, 0x50, 0x00, 0x00, 0x8F, 0x30, 0x00, 0x00, 0x6F, 0x50, 0x00, 0x00, 0x8F, 0x30, 0x00, 0x00,
    0x6F, 0x50, 0x00, 0x00, 0x8F, 0x30, 0x00, 0x00, 0x6F, 0x50, 0x00, 0x00, 0x8F, 0x30, 0x00, 0x00,
    0x6F, 0x50, 0x00, 0x00, 0xBE, 0x00, 0x00, 0xBF, 0xFF, 0xF3, 0xBE, 0x00, 0x00, 0xBF, 0x55, 0x51,
    0xBE, 0x00, 0x00, 0xBE, 0x00, 0x00, 0xBE, 0x00, 0x00, 0xBE, 0x00, 0x00, 0xBF, 0x55, 0x55, 0xEE,
    0x00, 0x00, 0xBF, 0xFF, 0xFF, 0xFE, 0x00, 0x00, 0xBE, 0x00, 0x00, 0xBE, 0x00, 0x00, 0xBE, 0x00,
    0x00, 0xBE, 0x00, 0x00, 0xBE, 0x00, 0x00, 0xBE, 0x00, 0x00, 0xBE, 0x00, 0x00, 0xBE, 0x00, 0x00,
    0x7F, 0xFF, 0xFF, 0xFF, 0xFF, 0x30, 0x00, 0x00, 0x07, 0xF8, 0x66, 0x66, 0x6A, 0xF3, 0x00, 0x00,
    0x00, 0x7F, 0x40, 0x00, 0x00, 0x7F, 0x30, 0x00, 0x00, 0x07, 0xF4, 0x00, 0x00, 0x07, 0xF3, 0x00,
    0x00, 0x00, 0x7F, 0x40, 0x00, 0x00, 0x7F, 0x30, 0x00, 0x00, 0x07, 0xF4, 0x00, 0x00, 0x07, 0xF3,
    0x00, 0x00, 0x00, 0x7F, 0x40, 0x00, 0x00, 0x7F, 0xFF, 0xEA, 0x20, 0x07, 0xF4, 0x00, 0x00, 0x07,
    0xFA, 0x79, 0xFF, 0x40, 0x7F, 0x40, 0x00, 0x00, 0x7F, 0x30, 0x01, 0xEE, 0x07, 0xF4, 0x00, 0x00,
    0x07, 0xF3, 0x00, 0x06, 0xF5, 0x7F, 0x40, 0x00, 0x00, 0x7F, 0x30, 0x00, 0x2F, 0x77, 0xF4, 0x00,
    0x00, 0x07, 0xF3, 0x00, 0x01, 0xF8, 0x7F, 0x40, 0x00, 0x00, 0x7F, 0x30, 0x00, 0x3F, 0x60, 0x00,
    0x00, 0x00, 0x00, 0x00, 0x00, 0x09, 0xF2, 0x00, 0x00, 0x00, 0x00, 0x00, 0x00, 0x39, 0xFA, 0x00,
    0x00, 0x00, 0x00, 0x00, 0x00, 0x09, 0xD8, 0x00, 0xBF, 0xFF, 0xFF, 0xFE, 0x00, 0x00, 0x00, 0x0B,
    0xF5, 0x55, 0x5E, 0xE0, 0x00, 0x00, 0x00, 0xBE, 0x00, 0x00, 0xBE, 0x00, 0x00, 0x00, 0x0B, 0xE0,
    0x00, 0x0B, 0xE0, 0x00, 0x00, 0x00, 0xBE, 0x00, 0x00, 0xBF, 0xFF, 0xD8, 0x10, 0x0B, 0xE0, 0x00,
    0x0B, 0xF6, 0x7A, 0xFD, 0x10, 0xBE, 0x00, 0x00, 0xBE, 0x00, 0x04, 0xF9, 0x0B, 0xE0, 0x00, 0x0B,
    0xE0, 0x00, 0x0B, 0xE0, 0xBE, 0x00, 0x00, 0xBE, 0x00, 0x00, 0x9F, 0x0B, 0xE0, 0x00, 0x0B, 0xE0,
    0x00, 0x0B, 0xE0, 0x00, 0x00, 0x00, 0x00, 0x00, 0x02, 0xF9, 0x00, 0x00, 0x00, 0x00, 0x00, 0x05,
    0xEE, 0x10, 0x00, 0x00, 0x00, 0x00, 0x00, 0x7B, 0x20, 0x00, 0x01, 0x9E, 0x00, 0x9E, 0xE8, 0x00,
    0x0C, 0xF9, 0x0A, 0xF9, 0xAF, 0x90, 0x6F, 0x70, 0x3F, 0x80, 0x0A, 0xF2, 0xCF, 0x00, 0x7F, 0x20,
    0x04, 0xF7, 0xEC, 0x00, 0x9F, 0x00, 0x02, 0xF8, 0xFB, 0x00, 0xAF, 0x00, 0x02, 0xF9, 0xFB, 0x00,
    0xAF, 0x00, 0x02, 0xF9, 0xFC, 0x00, 0x9F, 0x10, 0x02, 0xF8, 0xDE, 0x00, 0x6F, 0x50, 0x05, 0xF5,
    0x8F, 0x50, 0x1E, 0xC0, 0x0C, 0xF1, 0x1F, 0xD1, 0x05, 0xFB, 0xAF, 0x70, 0x04, 0xFF, 0x97, 0xEF,
    0xFF, 0x74, 0x00, 0x2A, 0xEF, 0xEC, 0xCC, 0xFB, 0x00, 0x00, 0x00, 0x00, 0x00, 0x00, 0x00, 0x6E,
    0x04, 0xEF, 0x80, 0x00, 0x4F, 0xA2, 0xFB, 0x9F, 0x50, 0x0C, 0xE0, 0x7F, 0x20, 0xEB, 0x00, 0xEA,
    0x09, 0xF0, 0x0B, 0xE0, 0x0F, 0x90, 0x9F, 0x00, 0xAF, 0x00, 0xFA, 0x08, 0xF1, 0x0C, 0xE0, 0x0C,
    0xE0, 0x4F, 0x60, 0xEB, 0x00, 0x5F, 0x60, 0xCF, 0xCF, 0x50, 0x00, 0xCF, 0x88, 0xFF, 0xF7, 0x20,
    0x00, 0x8E, 0xFD, 0xDC, 0xE5, 0x00, 0x4B, 0xEF, 0xD8, 0x00, 0x06, 0xFD, 0x76, 0x9F, 0xC0, 0x2F,
    0xB0, 0x00, 0x05, 0xF7, 0x9F, 0x30, 0x00, 0x00, 0xEC, 0xDE, 0x00, 0x00, 0x00, 0x00, 0xEC, 0x00,
    0x00, 0x00, 0x00, 0xFC, 0x00, 0x00, 0x00, 0x00, 0xEC, 0x00, 0x00, 0x00, 0x00, 0xDE, 0x00, 0x00,
    0x00, 0x00, 0x9F, 0x30, 0x00, 0x00, 0xEC, 0x2F, 0xB0, 0x00, 0x05, 0xF7, 0x07, 0xFC, 0x76, 0x9F,
    0xC0, 0x00, 0x4C, 0xFF, 0xD7, 0x00, 0x00, 0x01, 0xF8, 0x00, 0x00, 0x00, 0x01, 0xF8, 0x00, 0x00,
    0x00, 0x01, 0xF8, 0x00, 0x00, 0x00, 0x01, 0xF8, 0x00, 0x00, 0x00, 0x00, 0x42, 0x00, 0x00, 0x00,
    0x3B, 0xFF, 0xC4, 0x00, 0x2F, 0xD6, 0x7C, 0xF4, 0x0A, 0xE1, 0x00, 0x0D, 0xB0, 0xF9, 0x00, 0x00,
    0x00, 0x2F, 0x70, 0x00, 0x00, 0x02, 0xF7, 0x00, 0x00, 0x00, 0x0F, 0x90, 0x00, 0x00, 0x00, 0xAE,
    0x10, 0x00, 0xDB, 0x02, 0xFD, 0x66, 0xCF, 0x30, 0x03, 0xCF, 0xFB, 0x30, 0x00, 0x01, 0xF8, 0x00,
    0x00, 0x00, 0x1F, 0x80, 0x00, 0x00, 0x01, 0xF8, 0x00, 0x00, 0x00, 0x1F, 0x80, 0x00, 0x00, 0x00,
    0x42, 0x00, 0x00, 0x9F, 0xFF, 0xFF, 0xFF, 0xFF, 0x53, 0x66, 0x6D, 0xF9, 0x66, 0x62, 0x00, 0x00,
    0x7F, 0x30, 0x00, 0x00, 0x00, 0x07, 0xF3, 0x00, 0x00, 0x00, 0x00, 0x7F, 0x30, 0x00, 0x00, 0x00,
    0x07, 0xF3, 0x00, 0x00, 0x00, 0x00, 0x7F, 0x30, 0x00, 0x00, 0x00, 0x07, 0xF3, 0x00, 0x00, 0x00,
    0x00, 0x7F, 0x30, 0x00, 0x00, 0x00, 0x07, 0xF3, 0x00, 0x00, 0x00, 0x00, 0x7F, 0x30, 0x00, 0x00,
    0x00, 0x07, 0xF7, 0x20, 0x00, 0x00, 0x00, 0x7F, 0xF8, 0x00, 0x00, 0x00, 0x00, 0x1F, 0x80, 0x00,
    0x00, 0x00, 0x01, 0xF8, 0x00, 0x00, 0x00, 0x00, 0x1F, 0x80, 0x00, 0x00, 0x00, 0x00, 0xC6, 0x00,
    0x00, 0xAF, 0xFF, 0xFF, 0xFF, 0x53, 0x55, 0xDF, 0x75, 0x51, 0x00, 0x08, 0xF1, 0x00, 0x00, 0x00,
    0x8F, 0x10, 0x00, 0x00, 0x08, 0xF1, 0x00, 0x00, 0x00, 0x8F, 0x10, 0x00, 0x00, 0x08, 0xF1, 0x00,
    0x00, 0x00, 0x8F, 0x10, 0x00, 0x00, 0x08, 0xF5, 0x20, 0x00, 0x00, 0x8F, 0xF8, 0x00, 0x00, 0x00,
    0x1F, 0x80, 0x00, 0x00, 0x01, 0xF8, 0x00, 0x00, 0x00, 0x1F, 0x80, 0x00, 0x00, 0x00, 0xC6, 0x00,
    0x9F, 0x50, 0x00, 0x00, 0x8F, 0x61, 0xFD, 0x00, 0x00, 0x1F, 0xD0, 0x08, 0xF5, 0x00, 0x08, 0xF4,
    0x00, 0x0E, 0xD0, 0x01, 0xFC, 0x00, 0x00, 0x6F, 0x50, 0x9F, 0x30, 0x00, 0x00, 0xDD, 0x2F, 0xA0,
    0x00, 0x00, 0x05, 0xFD, 0xF2, 0x00, 0x00, 0x00, 0x0C, 0xF9, 0x00, 0x00, 0x00, 0x00, 0x7F, 0x30,
    0x00, 0x00, 0x00, 0x07, 0xF3, 0x00, 0x00, 0x00, 0x00, 0x7F, 0x30, 0x00, 0x00, 0x00, 0x07, 0xF3,
    0x00, 0x00, 0x00, 0x00, 0x7F, 0x30, 0x00, 0x00, 0x6F, 0x30, 0x00, 0x1F, 0x81, 0xF9, 0x00, 0x07,
    0xF3, 0x0B, 0xE0, 0x00, 0xCD, 0x00, 0x5F, 0x30, 0x1F, 0x70, 0x00, 0xF9, 0x06, 0xF2, 0x00, 0x0A,
    0xE0, 0xBC, 0x00, 0x00, 0x5F, 0x5F, 0x70, 0x00, 0x00, 0xEF, 0xF1, 0x00, 0x00, 0x0A, 0xFC, 0x00,
    0x00, 0x00, 0x8F, 0xC0, 0x00, 0x00, 0x04, 0xF6, 0x00, 0x00, 0x00, 0x4F, 0x60, 0x00, 0x00, 0x04,
    0xF6, 0x00, 0x00, 0x00, 0x4F, 0x60, 0x00, 0x9F, 0x50, 0x00, 0x00, 0x8F, 0x51, 0xFD, 0x00, 0x00,
    0x1F, 0xC0, 0x07, 0xF6, 0x00, 0x09, 0xF3, 0x00, 0x0D, 0xE0, 0x02, 0xFA, 0x00, 0x00, 0x5F, 0x70,
    0xAF, 0x20, 0x00, 0x00, 0xCE, 0x4F, 0x80, 0x00, 0x00, 0x18, 0xFF, 0xF6, 0x10, 0x00, 0x06, 0xFF,
    0xFF, 0xF3, 0x00, 0x00, 0x00, 0x7F, 0x30, 0x00, 0x00, 0x00, 0x07, 0xF3, 0x00, 0x00, 0x00, 0x00,
    0x7F, 0x30, 0x00, 0x00, 0x00, 0x07, 0xF3, 0x00, 0x00, 0x00, 0x00, 0x7F, 0x30, 0x00, 0x00, 0x6F,
    0x40, 0x00, 0x2F, 0x81, 0xF9, 0x00, 0x07, 0xF2, 0x0A, 0xE0, 0x00, 0xDC, 0x00, 0x4F, 0x50, 0x2F,
    0x60, 0x00, 0xEA, 0x08, 0xF1, 0x00, 0x08, 0xF0, 0xDA, 0x00, 0x00, 0x2F, 0x9F, 0x40, 0x00, 0x00,
    0xCF, 0xE0, 0x00, 0x01, 0x5C, 0xFE, 0x52, 0x00, 0x3F, 0xFF, 0xFF, 0x60, 0x00, 0x04, 0xF6, 0x00,
    0x00, 0x00, 0x4F, 0x60, 0x00, 0x00, 0x04, 0xF6, 0x00, 0x00, 0x00, 0x4F, 0x60, 0x00, 0x1F, 0xD0,
    0x00, 0x00, 0x9F, 0x60, 0x07, 0xF8, 0x00, 0x03, 0xFC, 0x00, 0x00, 0xCF, 0x20, 0x0C, 0xF2, 0x00,
    0x00, 0x3F, 0xB0, 0x6F, 0x80, 0x00, 0x00, 0x09, 0xF7, 0xFD, 0x00, 0x00, 0x00, 0x00, 0xEF, 0xF4,
    0x00, 0x00, 0x00, 0x00, 0x8F, 0xD0, 0x00, 0x00, 0x00, 0x01, 0xEF, 0xF5, 0x00, 0x00, 0x00, 0x0A,
    0xF5, 0xEE, 0x10, 0x00, 0x00, 0x4F, 0xA0, 0x5F, 0x90, 0x00, 0x00, 0xDF, 0x10, 0x0B, 0xF3, 0x00,
    0x08, 0xF6, 0x00, 0x02, 0xFD, 0x42, 0x2F, 0xC0, 0x00, 0x00, 0x8F, 0xF8, 0x00, 0x00, 0x00, 0x00,
    0x01, 0xF8, 0x00, 0x00, 0x00, 0x00, 0x01, 0xF8, 0x00, 0x00, 0x00, 0x00, 0x01, 0xF8, 0x00, 0x00,
    0x00, 0x00, 0x00, 0xC6, 0x3F, 0xA0, 0x00, 0xCF, 0x20, 0x09, 0xF3, 0x05, 0xF7, 0x00, 0x01, 0xEC,
    0x0E, 0xD0, 0x00, 0x00, 0x5F, 0xCF, 0x30, 0x00, 0x00, 0x0B, 0xF9, 0x00, 0x00, 0x00, 0x0C, 0xFA,
    0x00, 0x00, 0x00, 0x6F, 0xAF, 0x50, 0x00, 0x01, 0xFB, 0x0C, 0xE0, 0x00, 0x0A, 0xF2, 0x03, 0xF9,
    0x42, 0x4F, 0x80, 0x00, 0xAF, 0xF8, 0x00, 0x00, 0x00, 0x01, 0xF8, 0x00, 0x00, 0x00, 0x01, 0xF8,
    0x00, 0x00, 0x00, 0x01, 0xF8, 0x00, 0x00, 0x00, 0x00, 0xC6, 0x8F, 0xFF, 0xFF, 0xFF, 0xD0, 0x03,
    0xF7, 0x02, 0x55, 0x9F, 0xC5, 0x54, 0x00, 0x3F, 0x70, 0x00, 0x04, 0xF7, 0x00, 0x00, 0x03, 0xF7,
    0x00, 0x00, 0x4F, 0x70, 0x00, 0x00, 0x3F, 0x70, 0x00, 0x04, 0xF7, 0x00, 0x00, 0x03, 0xF7, 0x00,
    0x00, 0x4F, 0x70, 0x00, 0x00, 0x3F, 0x70, 0x00, 0x04, 0xF7, 0x00, 0x00, 0x03, 0xF7, 0x00, 0x00,
    0x4F, 0x70, 0x00, 0x00, 0x3F, 0x70, 0x00, 0x04, 0xF7, 0x00, 0x00, 0x03, 0xF7, 0x00, 0x00, 0x4F,
    0x70, 0x00, 0x00, 0x3F, 0x70, 0x00, 0x04, 0xF7, 0x00, 0x00, 0x03, 0xF7, 0x00, 0x00, 0x4F, 0xA6,
    0x66, 0x66, 0x9F, 0xE5, 0x00, 0x04, 0xFF, 0xFF, 0xFF, 0xFF, 0xFF, 0xC0, 0x00, 0x00, 0x00, 0x00,
    0x00, 0x00, 0xEB, 0x00, 0x00, 0x00, 0x00, 0x00, 0x00, 0x0E, 0xB0, 0x00, 0x00, 0x00, 0x00, 0x00,
    0x00, 0xEA, 0xBF, 0xFF, 0xFF, 0x80, 0x5F, 0x50, 0x35, 0xAF, 0xA5, 0x20, 0x5F, 0x50, 0x00, 0x5F,
    0x50, 0x00, 0x5F, 0x50, 0x00, 0x5F, 0x50, 0x00, 0x5F, 0x50, 0x00, 0x5F, 0x50, 0x00, 0x5F, 0x50,
    0x00, 0x5F, 0x50, 0x00, 0x5F, 0x50, 0x00, 0x5F, 0x50, 0x00, 0x5F, 0x50, 0x00, 0x5F, 0x50, 0x00,
    0x5F, 0x50, 0x00, 0x5F, 0x85, 0x55, 0xBF, 0xA2, 0x00, 0x5F, 0xFF, 0xFF, 0xFF, 0xF6, 0x00, 0x00,
    0x00, 0x00, 0x02, 0xF6, 0x00, 0x00, 0x00, 0x00, 0x02, 0xF5, 0x00, 0x00, 0x00, 0x00, 0x02, 0xF5,
    0xAF, 0x00, 0x00, 0x00, 0xEC, 0x00, 0xAF, 0x00, 0x00, 0x00, 0xEC, 0x00, 0xAF, 0x00, 0x00, 0x00,
    0xEC, 0x00, 0xAF, 0x00, 0x00, 0x00, 0xEC, 0x00, 0xAF, 0x10, 0x00, 0x00, 0xEC, 0x00, 0x7F, 0x50,
    0x00, 0x00, 0xEC, 0x00, 0x1E, 0xF8, 0x66, 0x8B, 0xFC, 0x00, 0x02, 0xAE, 0xFF, 0xDA, 0xFC, 0x00,
    0x00, 0x00, 0x00, 0x00, 0xEC, 0x00, 0x00, 0x00, 0x00, 0x00, 0xEC, 0x00, 0x00, 0x00, 0x00, 0x00,
    0xEC, 0x00, 0x00, 0x00, 0x00, 0x00, 0xEC, 0x42, 0x00, 0x00, 0x00, 0x00, 0xED, 0xF8, 0x00, 0x00,
    0x00, 0x00, 0x01, 0xF8, 0x00, 0x00, 0x00, 0x00, 0x01, 0xF8, 0x00, 0x00, 0x00, 0x00, 0x01, 0xF8,
    0x00, 0x00, 0x00, 0x00, 0x00, 0xC6, 0x00, 0x00, 0x00, 0x00, 0x00, 0x1F, 0x80, 0x00, 0x3F, 0x60,
    0x1F, 0x80, 0x00, 0x3F, 0x60, 0x1F, 0x80, 0x00, 0x3F, 0x60, 0x0F, 0x90, 0x00, 0x3F, 0x60, 0x0E,
    0xC0, 0x00, 0x3F, 0x60, 0x07, 0xFA, 0x56, 0xCF, 0x60, 0x00, 0x7D, 0xFF, 0xFF, 0x60, 0x00, 0x00,
    0x00, 0x3F, 0x60, 0x00, 0x00, 0x00, 0x3F, 0xA2, 0x00, 0x00, 0x00, 0x3F, 0xF8, 0x00, 0x00, 0x00,
    0x01, 0xF8, 0x00, 0x00, 0x00, 0x01, 0xF8, 0x00, 0x00, 0x00, 0x01, 0xF8, 0x00, 0x00, 0x00, 0x00,
    0xC6, 0xAF, 0x00, 0x00, 0x00, 0xEC, 0xAF, 0x00, 0x00, 0x00, 0xEC, 0xAF, 0x00, 0x00, 0x00, 0xEC,
    0xAF, 0x00, 0x00, 0x00, 0xEC, 0xAF, 0x10, 0x5F, 0x00, 0xEC, 0x7F, 0x50, 0x5F, 0x00, 0xEC, 0x1E,
    0xF8, 0xCF, 0x8B, 0xFC, 0x02, 0xAE, 0xFF, 0xDA, 0xFC, 0x00, 0x00, 0x5F, 0x00, 0xEC, 0x00, 0x00,
    0x5F, 0x00, 0xEC, 0x00, 0x00, 0x00, 0x00, 0xEC, 0x00, 0x00, 0x00, 0x00, 0xEC, 0x00, 0x00, 0x00,
    0x00, 0xEC, 0x00, 0x00, 0x00, 0x00, 0xDC, 0x00, 0x00, 0xFA, 0xDC, 0x00, 0x00, 0xFA, 0xDC, 0x00,
    0x00, 0xFA, 0xCC, 0x0A, 0xA0, 0xFA, 0xAF, 0x1A, 0xA0, 0xFA, 0x3F, 0xCF, 0xF8, 0xFC, 0x04, 0xCF,
    0xFD, 0xFB, 0x00, 0x0A, 0xA0, 0xFA, 0x00, 0x0A, 0xA0, 0xFA, 0x00, 0x00, 0x00, 0xFA, 0xCE, 0x00,
    0x00, 0x00, 0x00, 0xCE, 0x00, 0x00, 0x00, 0x00, 0xCE, 0x00, 0x00, 0x00, 0x00, 0xCE, 0x00, 0x00,
    0x00, 0x00, 0xCE, 0x00, 0x00, 0x00, 0x00, 0xCF, 0xAD, 0xFF, 0xEA, 0x10, 0xCF, 0xB8, 0x66, 0x8F,
    0xE1, 0xCE, 0x00, 0x00, 0x05, 0xF6, 0xCE, 0x00, 0x00, 0x01, 0xF9, 0xCE, 0x00, 0x00, 0x00, 0xFA,
    0xCE, 0x00, 0x00, 0x00, 0xFA, 0xCE, 0x00, 0x00, 0x00, 0xFA, 0xCE, 0x00, 0x00, 0x00, 0xFA, 0xCD,
    0x00, 0x00, 0x00, 0xCD, 0x00, 0x00, 0x00, 0xCD, 0x00, 0x00, 0x00, 0xCD, 0x00, 0x00, 0x00, 0xCD,
    0x4C, 0xFD, 0x60, 0xCF, 0xE8, 0x7C, 0xF4, 0xCF, 0x30, 0x01, 0xF9, 0xDF, 0x00, 0x00, 0xEB, 0xDF,
    0x00, 0x00, 0xEB, 0xCD, 0x00, 0x00, 0xEB, 0xCD, 0x00, 0x00, 0xEB, 0xCD, 0x00, 0x00, 0xEB, 0xCD,
    0x00, 0x00, 0xEB, 0xCD, 0x00, 0x00, 0xEB, 0x00, 0x00, 0x02, 0xAE, 0xFC, 0x60, 0x00, 0x00, 0x03,
    0xFE, 0x87, 0xBF, 0x80, 0x00, 0x00, 0xEE, 0x10, 0x00, 0x9F, 0x30, 0x00, 0x5F, 0x60, 0x00, 0x01,
    0xF9, 0x6F, 0x08, 0xF2, 0x00, 0x00, 0x0E, 0xC1, 0xFB, 0xEF, 0x43, 0x33, 0x33, 0xDE, 0x03, 0xBF,
    0xFF, 0xFF, 0xFF, 0xFF, 0xE0, 0x00, 0xAF, 0x00, 0x00, 0x00, 0x00, 0x00, 0x08, 0xF2, 0x00, 0x00,
    0x00, 0x00, 0x00, 0x5F, 0x70, 0x00, 0x00, 0x00, 0x00, 0x00, 0xEE, 0x20, 0x00, 0x00, 0x00, 0x00,
    0x03, 0xEF, 0x96, 0x7A, 0xE1, 0x00, 0x00, 0x01, 0x9D, 0xFF, 0xD7, 0x00, 0x00, 0x00, 0x2A, 0xFF,
    0xB3, 0x00, 0x00, 0x2E, 0xD7, 0x7D, 0xF2, 0x4F, 0x1A, 0xF1, 0x00, 0x1F, 0x90, 0xED, 0xFF, 0x55,
    0x55, 0xDC, 0x02, 0xCF, 0xFF, 0xFF, 0xFF, 0xD0, 0x02, 0xF7, 0x00, 0x00, 0x00, 0x00, 0x1F, 0xA0,
    0x00, 0x00, 0x00, 0x00, 0xBF, 0x20, 0x00, 0x51, 0x00, 0x02, 0xFE, 0x75, 0x9F, 0x60, 0x00, 0x02,
    0xAE, 0xFC, 0x50, 0x00, 0x00, 0x02, 0xAE, 0xFC, 0x60, 0x00, 0x00, 0x03, 0xFE, 0x87, 0xBF, 0x80,
    0x00, 0x00, 0xEE, 0x10, 0x00, 0x9F, 0x30, 0x00, 0x5F, 0x60, 0x00, 0x01, 0xF9, 0x6F, 0x08, 0xF2,
    0x00, 0x00, 0x0E, 0xC1, 0xFB, 0xEF, 0x43, 0x33, 0x33, 0xDE, 0x03, 0xBF, 0xFF, 0xFF, 0xFF, 0xFF,
    0xE0, 0x00, 0xAF, 0x00, 0x00, 0x00, 0x00, 0x00, 0x08, 0xF2, 0x00, 0x00, 0x00, 0x00, 0x00, 0x5F,
    0x70, 0x00, 0x00, 0x00, 0x00, 0x00, 0xEE, 0x20, 0x00, 0x00, 0x00, 0x00, 0x03, 0xEF, 0x96, 0x7A,
    0xE1, 0x00, 0x00, 0x01, 0x9E, 0xFF, 0xD7, 0x00, 0x00, 0x00, 0x00, 0x1F, 0x80, 0x00, 0x00, 0x00,
    0x00, 0x01, 0xF8, 0x00, 0x00, 0x00, 0x00, 0x00, 0x1F, 0x80, 0x00, 0x00, 0x00, 0x00, 0x01, 0xF8,
    0x00, 0x00, 0x00, 0x00, 0x00, 0x04, 0x20, 0x00, 0x00, 0x00, 0x2A, 0xFF, 0xB3, 0x00, 0x00, 0x2E,
    0xD7, 0x7D, 0xF2, 0x4F, 0x1A, 0xF1, 0x00, 0x1F, 0x90, 0xED, 0xFF, 0x55, 0x55, 0xDC, 0x02, 0xCF,
    0xFF, 0xFF, 0xFF, 0xD0, 0x02, 0xF7, 0x00, 0x00, 0x00, 0x00, 0x1F, 0xA0, 0x00, 0x00, 0x00, 0x00,
    0xBF, 0x20, 0x00, 0x51, 0x00, 0x02, 0xFE, 0x75, 0x9F, 0x60, 0x00, 0x02, 0xAF, 0xFF, 0x50, 0x00,
    0x00, 0x00, 0x1F, 0x80, 0x00, 0x00, 0x00, 0x01, 0xF8, 0x00, 0x00, 0x00, 0x00, 0x1F, 0x80, 0x00,
    0x00, 0x00, 0x01, 0xF8, 0x00, 0x00, 0x00, 0x00, 0x04, 0x20, 0x00, 0x6F, 0x56, 0xF5, 0x6F, 0x56,
    0xF5, 0x6F, 0x56, 0xF5, 0x6F, 0x56, 0xF5, 0x6F, 0x56, 0xF5, 0x6F, 0x56, 0xF5, 0x6F, 0x50, 0x00,
    0x00, 0x0B, 0xB1, 0x3F, 0x40, 0x00, 0x00, 0x00, 0x00, 0x00, 0x2C, 0xFD, 0x80, 0x00, 0x00, 0x00,
    0x00, 0x00, 0x00, 0x00, 0x00, 0x00, 0x00, 0x00, 0x02, 0xFD, 0x00, 0x00, 0x9F, 0x10, 0x00, 0x6F,
    0x80, 0x07, 0xF7, 0x00, 0x09, 0xF1, 0x00, 0x1E, 0xD0, 0x00, 0x0C, 0xF1, 0x00, 0x9F, 0x10, 0x0A,
    0xF4, 0x00, 0x00, 0x2F, 0xB0, 0x09, 0xF1, 0x03, 0xF9, 0x00, 0x00, 0x00, 0x7F, 0x40, 0x9F, 0x10,
    0xDE, 0x00, 0x00, 0x00, 0x00, 0xEF, 0x6F, 0xF8, 0x9F, 0x40, 0x00, 0x00, 0x00, 0x0E, 0xFF, 0xFF,
    0xFF, 0xF2, 0x00, 0x00, 0x00, 0x05, 0xFB, 0x09, 0xF1, 0x3F, 0xC0, 0x00, 0x00, 0x00, 0xEF, 0x10,
    0x9F, 0x10, 0x9F, 0x60, 0x00, 0x00, 0x9F, 0x70, 0x09, 0xF1, 0x01, 0xEF, 0x10, 0x00, 0x3F, 0xD0,
    0x00, 0x9F, 0x10, 0x06, 0xFA, 0x00, 0x0C, 0xF4, 0x00, 0x09, 0xF1, 0x00, 0x0C, 0xF4, 0x07, 0xFA,
    0x00, 0x00, 0x9F, 0x10, 0x00, 0x3F, 0xD0, 0x00, 0x00, 0xBB, 0x13, 0xF4, 0x00, 0x00, 0x00, 0x00,
    0x2C, 0xFD, 0x80, 0x00, 0x00, 0x00, 0x00, 0x00, 0x00, 0x00, 0x00, 0x00, 0x3F, 0xC0, 0x00, 0xFA,
    0x00, 0x1F, 0xE0, 0x09, 0xF4, 0x00, 0xFA, 0x00, 0x8F, 0x50, 0x01, 0xED, 0x00, 0xFA, 0x01, 0xFB,
    0x00, 0x00, 0x6F, 0x50, 0xFA, 0x0A, 0xF2, 0x00, 0x00, 0x0D, 0xE7, 0xFF, 0x7F, 0x80, 0x00, 0x00,
    0x0C, 0xFF, 0xFF, 0xFF, 0x60, 0x00, 0x00, 0x5F, 0x90, 0xFA, 0x0D, 0xE1, 0x00, 0x01, 0xED, 0x00,
    0xFA, 0x03, 0xFC, 0x00, 0x0B, 0xF4, 0x00, 0xFA, 0x00, 0x8F, 0x70, 0x7F, 0x90, 0x00, 0xFA, 0x00,
    0x0D, 0xF3, 0x9F, 0x20, 0x00, 0x09, 0xF6, 0x9F, 0x20, 0x00, 0x5F, 0xA0, 0x9F, 0x20, 0x02, 0xED,
    0x00, 0x9F, 0x20, 0x0C, 0xF2, 0x00, 0x9F, 0x20, 0x9F, 0x50, 0x00, 0x9F, 0x25, 0xF8, 0x00, 0x00,
    0x9F, 0xFF, 0xFE, 0xA4, 0x00, 0x9F, 0xCF, 0x9A, 0xEF, 0x70, 0x9F, 0x20, 0x00, 0x1C, 0xF2, 0x9F,
    0x20, 0x00, 0x03, 0xF8, 0x9F, 0x20, 0x00, 0x00, 0xFB, 0x9F, 0x20, 0x00, 0x00, 0xFB, 0x9F, 0x20,
    0x00, 0x01, 0xFA, 0x00, 0x00, 0x00, 0x07, 0xF5, 0x00, 0x00, 0x02, 0x9F, 0xC0, 0x00, 0x00, 0x06,
    0xE9, 0x10, 0xAF, 0x00, 0x03, 0xFC, 0x0A, 0xF0, 0x02, 0xED, 0x10, 0xAF, 0x01, 0xDE, 0x20, 0x0A,
    0xF0, 0xCF, 0x30, 0x00, 0xAF, 0xFF, 0xFA, 0x30, 0x0A, 0xFD, 0xA8, 0xEF, 0x40, 0xAF, 0x00, 0x01,
    0xED, 0x0A, 0xF0, 0x00, 0x08, 0xF1, 0xAF, 0x00, 0x00, 0x8F, 0x1A, 0xF0, 0x00, 0x0D, 0xC0, 0x00,
    0x00, 0x3C, 0xF4, 0x00, 0x00, 0x06, 0xC4, 0x00, 0x00, 0x0E, 0xFF, 0xFF, 0xFF, 0xF2, 0x00, 0x00,
    0xDF, 0x66, 0x66, 0xCF, 0x20, 0x00, 0x0D, 0xD0, 0x00, 0x08, 0xF2, 0x00, 0x00, 0xDC, 0x00, 0x00,
    0x8F, 0x20, 0x00, 0x0E, 0xC0, 0x00, 0x08, 0xF2, 0x00, 0x00, 0xFB, 0x00, 0x00, 0x8F, 0x20, 0x00,
    0x0F, 0xA0, 0x00, 0x08, 0xF2, 0x00, 0x00, 0xF9, 0x00, 0x00, 0x8F, 0x20, 0x00, 0x2F, 0x70, 0x00,
    0x08, 0xF2, 0x00, 0x04, 0xF5, 0x00, 0x00, 0x8F, 0x20, 0x00, 0xAF, 0x10, 0x00, 0x08, 0xF2, 0x03,
    0xAF, 0xA0, 0x00, 0x00, 0x8F, 0x62, 0x9E, 0xA0, 0x00, 0x00, 0x08, 0xFF, 0xB0, 0x00, 0x00, 0x00,
    0x00, 0x00, 0xF9, 0x00, 0x00, 0x00, 0x00, 0x00, 0x5F, 0x30, 0x00, 0x00, 0x00, 0x00, 0x04, 0x60,
    0x00, 0x6F, 0xFF, 0xFF, 0xF0, 0x00, 0x07, 0xF7, 0x55, 0xCF, 0x00, 0x00, 0x8F, 0x10, 0x09, 0xF0,
    0x00, 0x08, 0xF0, 0x00, 0x9F, 0x00, 0x00, 0x9F, 0x00, 0x09, 0xF0, 0x00, 0x0A, 0xE0, 0x00, 0x9F,
    0x00, 0x00, 0xCC, 0x00, 0x09, 0xF0, 0x00, 0x1F, 0x90, 0x00, 0x9F, 0x00, 0x4C, 0xF4, 0x00, 0x09,
    0xF4, 0x29, 0xE7, 0x00, 0x00, 0x9F, 0xEB, 0x00, 0x00, 0x00, 0x00, 0x0F, 0x90, 0x00, 0x00, 0x00,
    0x05, 0xF3, 0x00, 0x00, 0x00, 0x00, 0x46, 0x00, 0x7F, 0x40, 0x00, 0x00, 0x7F, 0x37, 0xF4, 0x00,
    0x00, 0x07, 0xF3, 0x7F, 0x40, 0x00, 0x00, 0x7F, 0x37, 0xF4, 0x00, 0x00, 0x07, 0xF3, 0x7F, 0x40,
    0x00, 0x00, 0x7F, 0x37, 0xF4, 0x00, 0x00, 0x07, 0xF3, 0x7F, 0xFF, 0xFF, 0xFF, 0xFF, 0x37, 0xF8,
    0x66, 0x66, 0x6A, 0xF3, 0x7F, 0x40, 0x00, 0x00, 0x7F, 0x37, 0xF4, 0x00, 0x00, 0x07, 0xF3, 0x7F,
    0x40, 0x00, 0x00, 0x7F, 0x37, 0xF4, 0x00, 0x00, 0x07, 0xF3, 0x7F, 0x40, 0x00, 0x00, 0x7F, 0x30,
    0x00, 0x00, 0x00, 0x07, 0xF3, 0x00, 0x00, 0x00, 0x00, 0x8F, 0x20, 0x00, 0x00, 0x03, 0x7F, 0xD0,
    0x00, 0x00, 0x00, 0x8F, 0xC3, 0x00, 0xBE, 0x00, 0x00, 0xBE, 0xBE, 0x00, 0x00, 0xBE, 0xBE, 0x00,
    0x00, 0xBE, 0xBE, 0x00, 0x00, 0xBE, 0xBF, 0xFF, 0xFF, 0xFE, 0xBE, 0x55, 0x55, 0xCE, 0xBE, 0x00,
    0x00, 0xBE, 0xBE, 0x00, 0x00, 0xBE, 0xBE, 0x00, 0x00, 0xBE, 0xBE, 0x00, 0x00, 0xBE, 0x00, 0x00,
    0x00, 0xBE, 0x00, 0x00, 0x00, 0xDD, 0x00, 0x00, 0x58, 0xF8, 0x00, 0x00, 0xDF, 0xA0, 0x8F, 0x30,
    0x00, 0x00, 0x5F, 0x50, 0x8F, 0x30, 0x00, 0x00, 0x5F, 0x50, 0x8F, 0x30, 0x00, 0x00, 0x5F, 0x50,
    0x8F, 0x30, 0x00, 0x00, 0x5F, 0x50, 0x8F, 0x30, 0x00, 0x00, 0x5F, 0x50, 0x8F, 0x96, 0x66, 0x66,
    0xAF, 0x50, 0x8F, 0xFF, 0xFF, 0xFF, 0xFF, 0x50, 0x8F, 0x30, 0x00, 0x00, 0x5F, 0x50, 0x8F, 0x30,
    0x00, 0x00, 0x5F, 0x50, 0x8F, 0x30, 0x00, 0x00, 0x5F, 0x50, 0x8F, 0x30, 0x00, 0x00, 0x5F, 0x50,
    0x8F, 0x30, 0x00, 0x00, 0x5F, 0x82, 0x8F, 0x30, 0x00, 0x00, 0x5F, 0xFB, 0x00, 0x00, 0x00, 0x00,
    0x00, 0xF9, 0x00, 0x00, 0x00, 0x00, 0x05, 0xF3, 0x00, 0x00, 0x00, 0x00, 0x04, 0x60, 0xAF, 0x00,
    0x00, 0xAF, 0x00, 0xAF, 0x00, 0x00, 0xAF, 0x00, 0xAF, 0x00, 0x00, 0xAF, 0x00, 0xAF, 0x00, 0x00,
    0xAF, 0x00, 0xAF, 0x55, 0x55, 0xDF, 0x00, 0xAF, 0xFF, 0xFF, 0xFF, 0x00, 0xAF, 0x00, 0x00, 0xAF,
    0x00, 0xAF, 0x00, 0x00, 0xAF, 0x00, 0xAF, 0x00, 0x00, 0xAF, 0x32, 0xAF, 0x00, 0x00, 0xAF, 0xEB,
    0x00, 0x00, 0x00, 0x00, 0xF9, 0x00, 0x00, 0x00, 0x05, 0xF3, 0x00, 0x00, 0x00, 0x04, 0x60, 0xAF,
    0x00, 0x00, 0x00, 0xEC, 0xAF, 0x00, 0x00, 0x00, 0xEC, 0xAF, 0x00, 0x00, 0x00, 0xEC, 0xAF, 0x00,
    0x00, 0x00, 0xEC, 0xAF, 0x10, 0x00, 0x00, 0xEC, 0x7F, 0x50, 0x00, 0x00, 0xEC, 0x1E, 0xF8, 0x66,
    0x8B, 0xFC, 0x02, 0xAE, 0xFF, 0xDA, 0xFC, 0x00, 0x00, 0x00, 0x00, 0xEC, 0x00, 0x00, 0x00, 0x00,
    0xEC, 0x00, 0x00, 0x00, 0x00, 0xEC, 0x00, 0x00, 0x00, 0x04, 0xFC, 0x00, 0x00, 0x00, 0x1F, 0xFC,
    0x00, 0x00, 0x00, 0x1F, 0x80, 0x00, 0x00, 0x00, 0x1F, 0x80, 0x00, 0x00, 0x00, 0x1F, 0x80, 0x00,
    0x00, 0x00, 0x0C, 0x60, 0x00, 0x00, 0x00, 0x00, 0x01, 0xF8, 0x00, 0x03, 0xF6, 0x1F, 0x80, 0x00,
    0x3F, 0x61, 0xF8, 0x00, 0x03, 0xF6, 0x0F, 0x90, 0x00, 0x3F, 0x60, 0xEC, 0x00, 0x03, 0xF6, 0x07,
    0xFA, 0x56, 0xCF, 0x60, 0x07, 0xDF, 0xFF, 0xF6, 0x00, 0x00, 0x00, 0x3F, 0x60, 0x00, 0x00, 0x45,
    0xF6, 0x00, 0x00, 0x1F, 0xCF, 0x60, 0x00, 0x01, 0xF8, 0x00, 0x00, 0x00, 0x1F, 0x80, 0x00, 0x00,
    0x01, 0xF8, 0x00, 0x00, 0x00, 0x0C, 0x60, 0x00, 0x8F, 0xD0, 0x00, 0x00, 0x00, 0x2F, 0xF3, 0x08,
    0xFF, 0x40, 0x00, 0x00, 0x08, 0xFF, 0x30, 0x8F, 0xFA, 0x00, 0x00, 0x00, 0xEF, 0xF3, 0x08, 0xFA,
    0xF1, 0x00, 0x00, 0x5F, 0xAF, 0x30, 0x8F, 0x4F, 0x70, 0x00, 0x0B, 0xE6, 0xF3, 0x08, 0xF1, 0xCD,
    0x00, 0x02, 0xF7, 0x6F, 0x30, 0x8F, 0x26, 0xF3, 0x00, 0x8F, 0x16, 0xF3, 0x08, 0xF2, 0x0F, 0xA0,
    0x0E, 0xA0, 0x7F, 0x30, 0x8F, 0x20, 0x9F, 0x15, 0xF4, 0x07, 0xF3, 0x08, 0xF2, 0x03, 0xF6, 0xBE,
    0x00, 0x7F, 0x30, 0x8F, 0x20, 0x0C, 0xDF, 0x70, 0x07, 0xF3, 0x08, 0xF2, 0x00, 0x6F, 0xF1, 0x00,
    0x7F, 0x72, 0x8F, 0x20, 0x00, 0xFA, 0x00, 0x07, 0xFF, 0xB0, 0x00, 0x00, 0x00, 0x00, 0x00, 0x00,
    0xF9, 0x00, 0x00, 0x00, 0x00, 0x00, 0x00, 0x5F, 0x30, 0x00, 0x00, 0x00, 0x00, 0x00, 0x04, 0x60,
    0x9F, 0xB0, 0x00, 0x00, 0x4F, 0xF0, 0x09, 0xFF, 0x10, 0x00, 0x0B, 0xFF, 0x00, 0x9F, 0xF8, 0x00,
    0x01, 0xFF, 0xF0, 0x09, 0xF9, 0xE0, 0x00, 0x8F, 0xBF, 0x00, 0x9F, 0x3F, 0x50, 0x0E, 0x9A, 0xF0,
    0x09, 0xF0, 0xCC, 0x05, 0xF2, 0xAF, 0x00, 0x9F, 0x05, 0xF3, 0xCB, 0x0A, 0xF0, 0x09, 0xF0, 0x0E,
    0xCF, 0x50, 0xAF, 0x00, 0x9F, 0x00, 0x7F, 0xE0, 0x0A, 0xF3, 0x29, 0xF0, 0x01, 0xF7, 0x00, 0xAF,
    0xEB, 0x00, 0x00, 0x00, 0x00, 0x00, 0x0F, 0x90, 0x00, 0x00, 0x00, 0x00, 0x05, 0xF3, 0x00, 0x00,
    0x00, 0x00, 0x00, 0x46, 0x00, 0x6F, 0x56, 0xF5, 0x6F, 0x56, 0xF5, 0x6F, 0x56, 0xF5, 0x6F, 0x56,
    0xF5, 0x6F, 0x56, 0xF5, 0x6F, 0x56, 0xF5, 0x6F, 0x50, 0x00, 0x0B, 0xB1, 0x3F, 0x40, 0x00, 0x00,
    0x02, 0xCF, 0xD8, 0x00, 0x00, 0x00, 0x00, 0x00, 0x00, 0x00, 0x00, 0x00, 0x00, 0x1F, 0xF0, 0x00,
    0x00, 0x00, 0x00, 0x6F, 0xF3, 0x00, 0x00, 0x00, 0x00, 0xCC, 0xF9, 0x00, 0x00, 0x00, 0x02, 0xF6,
    0xAE, 0x00, 0x00, 0x00, 0x08, 0xF1, 0x4F, 0x50, 0x00, 0x00, 0x0E, 0xA0, 0x0E, 0xB0, 0x00, 0x00,
    0x4F, 0x50, 0x09, 0xF1, 0x00, 0x00, 0xAE, 0x00, 0x03, 0xF7, 0x00, 0x01, 0xFF, 0x66, 0x66, 0xFF,
    0x00, 0x06, 0xFF, 0xFF, 0xFF, 0xFF, 0x30, 0x0D, 0xE0, 0x00, 0x00, 0x2F, 0x90, 0x2F, 0x80, 0x00,
    0x00, 0x0C, 0xE0, 0x9F, 0x20, 0x00, 0x00, 0x06, 0xF5, 0x00, 0xBB, 0x13, 0xF4, 0x00, 0x02, 0xCF,
    0xD8, 0x00, 0x00, 0x00, 0x00, 0x00, 0x00, 0x04, 0xBE, 0xFB, 0x20, 0x05, 0xFB, 0x67, 0xEE, 0x10,
    0xAB, 0x00, 0x05, 0xF5, 0x00, 0x00, 0x00, 0x2F, 0x70, 0x05, 0xCE, 0xFF, 0xF7, 0x07, 0xF9, 0x32,
    0x4F, 0x70, 0xFB, 0x00, 0x02, 0xF7, 0x0F, 0xC0, 0x00, 0x9F, 0x70, 0xAF, 0xA7, 0xAF, 0xF8, 0x00,
    0x9E, 0xFB, 0x3F, 0xB0, 0x00, 0x0B, 0x70, 0x1C, 0x40, 0x00, 0x00, 0x0E, 0x90, 0x2F, 0x60, 0x00,
    0x00, 0x00, 0x00, 0x00, 0x00, 0x00, 0x00, 0x00, 0x1F, 0xF0, 0x00, 0x00, 0x00, 0x00, 0x6F, 0xF3,
    0x00, 0x00, 0x00, 0x00, 0xCC, 0xF9, 0x00, 0x00, 0x00, 0x02, 0xF6, 0xAE, 0x00, 0x00, 0x00, 0x08,
    0xF1, 0x4F, 0x50, 0x00, 0x00, 0x0E, 0xA0, 0x0E, 0xB0, 0x00, 0x00, 0x4F, 0x50, 0x09, 0xF1, 0x00,
    0x00, 0xAE, 0x00, 0x03, 0xF7, 0x00, 0x01, 0xFF, 0x66, 0x66, 0xFF, 0x00, 0x06, 0xFF, 0xFF, 0xFF,
    0xFF, 0x30, 0x0D, 0xE0, 0x00, 0x00, 0x2F, 0x90, 0x2F, 0x80, 0x00, 0x00, 0x0C, 0xE0, 0x9F, 0x20,
    0x00, 0x00, 0x06, 0xF5, 0x00, 0x32, 0x00, 0x41, 0x00, 0x0F, 0xB0, 0x3F, 0x70, 0x00, 0x63, 0x00,
    0x72, 0x00, 0x00, 0x00, 0x00, 0x00, 0x00, 0x4B, 0xEF, 0xB2, 0x00, 0x5F, 0xB6, 0x7E, 0xE1, 0x0A,
    0xB0, 0x00, 0x5F, 0x50, 0x00, 0x00, 0x02, 0xF7, 0x00, 0x5C, 0xEF, 0xFF, 0x70, 0x7F, 0x93, 0x24,
    0xF7, 0x0F, 0xB0, 0x00, 0x2F, 0x70, 0xFC, 0x00, 0x09, 0xF7, 0x0A, 0xFA, 0x7A, 0xFF, 0x80, 0x09,
    0xEF, 0xB3, 0xFB, 0x00, 0x00, 0x00, 0x00, 0xBF, 0xFF, 0xFF, 0xFF, 0xF0, 0x00, 0x00, 0x00, 0x04,
    0xFF, 0xF5, 0x55, 0x55, 0x50, 0x00, 0x00, 0x00, 0x0D, 0xDB, 0xF0, 0x00, 0x00, 0x00, 0x00, 0x00,
    0x00, 0x7F, 0x4A, 0xF0, 0x00, 0x00, 0x00, 0x00, 0x00, 0x01, 0xFB, 0x09, 0xF0, 0x00, 0x00, 0x00,
    0x00, 0x00, 0x0A, 0xF2, 0x08, 0xF6, 0x55, 0x55, 0x10, 0x00, 0x00, 0x4F, 0x90, 0x08, 0xFF, 0xFF,
    0xFF, 0x40, 0x00, 0x00, 0xDE, 0x10, 0x07, 0xF2, 0x00, 0x00, 0x00, 0x00, 0x07, 0xFF, 0x88, 0x8F,
    0xF3, 0x00, 0x00, 0x00, 0x00, 0x1F, 0xFF, 0xFF, 0xFF, 0xF3, 0x00, 0x00, 0x00, 0x00, 0xAF, 0x40,
    0x00, 0x05, 0xF4, 0x00, 0x00, 0x00, 0x03, 0xFB, 0x00, 0x00, 0x05, 0xFA, 0x55, 0x55, 0x52, 0x0D,
    0xF2, 0x00, 0x00, 0x04, 0xFF, 0xFF, 0xFF, 0xF8, 0x00, 0x7D, 0xFE, 0x90, 0x4C, 0xFE, 0xA1, 0x00,
    0x9F, 0xA6, 0x9F, 0xFF, 0xC6, 0x7E, 0xD0, 0x0E, 0xB0, 0x00, 0xAF, 0xD0, 0x00, 0x4F, 0x50, 0x00,
    0x13, 0x3D, 0xFC, 0x44, 0x44, 0xF8, 0x03, 0xCF, 0xFF, 0xFF, 0xFF, 0xFF, 0xFF, 0x90, 0xEE, 0x40,
    0x0B, 0xF6, 0x00, 0x00, 0x00, 0x3F, 0x70, 0x00, 0xAF, 0x80, 0x00, 0x00, 0x03, 0xF7, 0x00, 0x0F,
    0xFE, 0x00, 0x00, 0x10, 0x0E, 0xF7, 0x6C, 0xFA, 0xFC, 0x66, 0x9F, 0x30, 0x2C, 0xFF, 0xB4, 0x03,
    0xBF, 0xFD, 0x70, 0x00, 0xBB, 0x13, 0xF4, 0x00, 0x02, 0xCF, 0xD8, 0x00, 0x00, 0x00, 0x00, 0x00,
    0x08, 0xFF, 0xFF, 0xFF, 0xF8, 0x8F, 0x96, 0x66, 0x66, 0x38, 0xF3, 0x00, 0x00, 0x00, 0x8F, 0x30,
    0x00, 0x00, 0x08, 0xF3, 0x00, 0x00, 0x00, 0x8F, 0x96, 0x66, 0x64, 0x08, 0xFF, 0xFF, 0xFF, 0xB0,
    0x8F, 0x30, 0x00, 0x00, 0x08, 0xF3, 0x00, 0x00, 0x00, 0x8F, 0x30, 0x00, 0x00, 0x08, 0xF3, 0x00,
    0x00, 0x00, 0x8F, 0x96, 0x66, 0x66, 0x38, 0xFF, 0xFF, 0xFF, 0xF9, 0x00, 0xBB, 0x13, 0xF4, 0x00,
    0x02, 0xCF, 0xD8, 0x00, 0x00, 0x00, 0x00, 0x00, 0x00, 0x02, 0xAF, 0xFB, 0x30, 0x01, 0xEE, 0x76,
    0xDF, 0x10, 0xAF, 0x10, 0x01, 0xF9, 0x0F, 0xF5, 0x55, 0x5D, 0xC2, 0xFF, 0xFF, 0xFF, 0xFE, 0x2F,
    0x70, 0x00, 0x00, 0x00, 0xFA, 0x00, 0x00, 0x00, 0x0B, 0xF2, 0x00, 0x05, 0x10, 0x2F, 0xE7, 0x59,
    0xF6, 0x00, 0x2A, 0xEF, 0xC5, 0x00, 0x00, 0x5B, 0xEF, 0xEB, 0x50, 0x00, 0x00, 0xCB, 0x76, 0x8D,
    0xFA, 0x00, 0x00, 0x00, 0x00, 0x00, 0x8F, 0x70, 0x00, 0x00, 0x00, 0x00, 0x0D, 0xE0, 0x00, 0x00,
    0x00, 0x00, 0x07, 0xF3, 0x04, 0x44, 0x44, 0x44, 0x4A, 0xF5, 0x2F, 0xFF, 0xFF, 0xFF, 0xFF, 0xF6,
    0x2F, 0x80, 0x00, 0x00, 0x05, 0xF5, 0x0F, 0xA0, 0x00, 0x00, 0x07, 0xF3, 0x0C, 0xE0, 0x00, 0x00,
    0x0D, 0xE0, 0x05, 0xF7, 0x00, 0x00, 0x7F, 0x60, 0x00, 0xAF, 0xB7, 0x6B, 0xFA, 0x00, 0x00, 0x06,
    0xCF, 0xFC, 0x60, 0x00, 0x02, 0xAE, 0xFD, 0x80, 0x00, 0xAD, 0x75, 0x9F, 0xB0, 0x01, 0x00, 0x00,
    0x7F, 0x50, 0x00, 0x00, 0x00, 0xFA, 0x05, 0x55, 0x55, 0x5F, 0xC1, 0xFF, 0xFF, 0xFF, 0xFC, 0x0F,
    0x80, 0x00, 0x0F, 0xA0, 0xDC, 0x00, 0x07, 0xF4, 0x05, 0xFB, 0x58, 0xFA, 0x00, 0x04, 0xDF, 0xE8,
    0x00, 0x00, 0x0B, 0x70, 0x1C, 0x40, 0x00, 0x00, 0x0E, 0x90, 0x2F, 0x60, 0x00, 0x00, 0x00, 0x00,
    0x00, 0x00, 0x00, 0x00, 0x5B, 0xEF, 0xEB, 0x50, 0x00, 0x00, 0xCB, 0x76, 0x8D, 0xFA, 0x00, 0x00,
    0x00, 0x00, 0x00, 0x8F, 0x70, 0x00, 0x00, 0x00, 0x00, 0x0D, 0xE0, 0x00, 0x00, 0x00, 0x00, 0x07,
    0xF3, 0x04, 0x44, 0x44, 0x44, 0x4A, 0xF5, 0x2F, 0xFF, 0xFF, 0xFF, 0xFF, 0xF6, 0x2F, 0x80, 0x00,
    0x00, 0x05, 0xF5, 0x0F, 0xA0, 0x00, 0x00, 0x07, 0xF3, 0x0C, 0xE0, 0x00, 0x00, 0x0D, 0xE0, 0x05,
    0xF7, 0x00, 0x00, 0x7F, 0x60, 0x00, 0xAF, 0xB7, 0x6B, 0xFA, 0x00, 0x00, 0x06, 0xCF, 0xFC, 0x60,
    0x00, 0x00, 0x32, 0x00, 0x41, 0x00, 0x0F, 0xB0, 0x3F, 0x70, 0x00, 0x63, 0x00, 0x72, 0x00, 0x00,
    0x00, 0x00, 0x00, 0x02, 0xAE, 0xFD, 0x80, 0x00, 0xAD, 0x75, 0x9F, 0xB0, 0x01, 0x00, 0x00, 0x7F,
    0x50, 0x00, 0x00, 0x00, 0xFA, 0x05, 0x55, 0x55, 0x5F, 0xC1, 0xFF, 0xFF, 0xFF, 0xFC, 0x0F, 0x80,
    0x00, 0x0F, 0xA0, 0xDC, 0x00, 0x07, 0xF4, 0x05, 0xFB, 0x58, 0xFA, 0x00, 0x04, 0xDF, 0xE8, 0x00,
    0x00, 0x00, 0x00, 0x00, 0x00, 0x00, 0x00, 0x00, 0x00, 0x00, 0x00, 0xEA, 0x03, 0xF6, 0x00, 0x00,
    0x00, 0x00, 0x00, 0x0A, 0x60, 0x1B, 0x40, 0x00, 0x00, 0x00, 0x00, 0x00, 0x00, 0x00, 0x00, 0x00,
    0x00, 0x00, 0x2F, 0xD0, 0x00, 0x09, 0xF1, 0x00, 0x06, 0xF8, 0x00, 0x7F, 0x70, 0x00, 0x9F, 0x10,
    0x01, 0xED, 0x00, 0x00, 0xCF, 0x10, 0x09, 0xF1, 0x00, 0xAF, 0x40, 0x00, 0x02, 0xFB, 0x00, 0x9F,
    0x10, 0x3F, 0x90, 0x00, 0x00, 0x07, 0xF4, 0x09, 0xF1, 0x0D, 0xE0, 0x00, 0x00, 0x00, 0x0E, 0xF6,
    0xFF, 0x89, 0xF4, 0x00, 0x00, 0x00, 0x00, 0xEF, 0xFF, 0xFF, 0xFF, 0x20, 0x00, 0x00, 0x00, 0x5F,
    0xB0, 0x9F, 0x13, 0xFC, 0x00, 0x00, 0x00, 0x0E, 0xF1, 0x09, 0xF1, 0x09, 0xF6, 0x00, 0x00, 0x09,
    0xF7, 0x00, 0x9F, 0x10, 0x1E, 0xF1, 0x00, 0x03, 0xFD, 0x00, 0x09, 0xF1, 0x00, 0x6F, 0xA0, 0x00,
    0xCF, 0x40, 0x00, 0x9F, 0x10, 0x00, 0xCF, 0x40, 0x7F, 0xA0, 0x00, 0x09, 0xF1, 0x00, 0x03, 0xFD,
    0x00, 0x00, 0x00, 0x32, 0x00, 0x41, 0x00, 0x00, 0x00, 0x00, 0xFB, 0x03, 0xF7, 0x00, 0x00, 0x00,
    0x00, 0x63, 0x00, 0x72, 0x00, 0x00, 0x00, 0x00, 0x00, 0x00, 0x00, 0x00, 0x00, 0x3F, 0xC0, 0x00,
    0xFA, 0x00, 0x1F, 0xE0, 0x09, 0xF4, 0x00, 0xFA, 0x00, 0x8F, 0x50, 0x01, 0xED, 0x00, 0xFA, 0x01,
    0xFB, 0x00, 0x00, 0x6F, 0x50, 0xFA, 0x0A, 0xF2, 0x00, 0x00, 0x0D, 0xE7, 0xFF, 0x7F, 0x80, 0x00,
    0x00, 0x0C, 0xFF, 0xFF, 0xFF, 0x60, 0x00, 0x00, 0x5F, 0x90, 0xFA, 0x0D, 0xE1, 0x00, 0x01, 0xED,
    0x00, 0xFA, 0x03, 0xFC, 0x00, 0x0B, 0xF4, 0x00, 0xFA, 0x00, 0x8F, 0x70, 0x7F, 0x90, 0x00, 0xFA,
    0x00, 0x0D, 0xF3, 0x00, 0x00, 0x00, 0x00, 0x00, 0x00, 0x0E, 0xA0, 0x3F, 0x60, 0x00, 0x0A, 0x60,
    0x1B, 0x40, 0x00, 0x00, 0x00, 0x00, 0x00, 0x00, 0x2A, 0xEF, 0xD9, 0x10, 0x02, 0xFE, 0x86, 0x9F,
    0xE2, 0x0C, 0xF1, 0x00, 0x04, 0xF9, 0x0F, 0xA0, 0x00, 0x00, 0xFB, 0x00, 0x00, 0x00, 0x03, 0xF8,
    0x00, 0x00, 0x77, 0x8E, 0xC0, 0x00, 0x02, 0xFF, 0xFF, 0x50, 0x00, 0x00, 0x00, 0x2A, 0xF6, 0x00,
    0x00, 0x00, 0x00, 0xED, 0x3F, 0x70, 0x00, 0x00, 0xCE, 0x0F, 0xD0, 0x00, 0x03, 0xFB, 0x06, 0xFD,
    0x76, 0x9F, 0xF2, 0x00, 0x3B, 0xEF, 0xD9, 0x10, 0x00, 0x32, 0x00, 0x41, 0x00, 0x0F, 0xB0, 0x3F,
    0x70, 0x00, 0x63, 0x00, 0x72, 0x00, 0x00, 0x00, 0x00, 0x00, 0x00, 0x7D, 0xFD, 0x80, 0x00, 0x9F,
    0xA5, 0x8F, 0xA0, 0x0F, 0xA0, 0x00, 0xAF, 0x00, 0x00, 0x00, 0x0A, 0xF0, 0x00, 0x05, 0x68, 0xF7,
    0x00, 0x00, 0xFF, 0xFF, 0x30, 0x00, 0x00, 0x01, 0xBF, 0x12, 0xF8, 0x00, 0x07, 0xF3, 0x0B, 0xF9,
    0x57, 0xFD, 0x00, 0x08, 0xDF, 0xEA, 0x10, 0x0B, 0xFF, 0xFF, 0xFF, 0xF0, 0x04, 0x66, 0x66, 0x8F,
    0xA0, 0x00, 0x00, 0x01, 0xDC, 0x00, 0x00, 0x00, 0x0C, 0xE1, 0x00, 0x00, 0x00, 0xAF, 0x30, 0x00,
    0x00, 0x09, 0xFE, 0x72, 0x00, 0x00, 0x06, 0xEB, 0xFF, 0x50, 0x00, 0x00, 0x00, 0x1D, 0xF0, 0x00,
    0x00, 0x00, 0x06, 0xF4, 0x0B, 0x70, 0x00, 0x05, 0xF5, 0x0E, 0xE1, 0x00, 0x0A, 0xF2, 0x04, 0xFD,
    0x76, 0xBF, 0x90, 0x00, 0x3B, 0xEF, 0xC6, 0x00, 0x0B, 0xFF, 0xFF, 0xFF, 0xF0, 0x03, 0x55, 0x55,
    0x9F, 0xA0, 0x00, 0x00, 0x01, 0xED, 0x00, 0x00, 0x00, 0x0C, 0xF2, 0x00, 0x00, 0x00, 0x8F, 0x50,
    0x00, 0x00, 0x05, 0xFD, 0x10, 0x00, 0x00, 0x0A, 0xFF, 0xFB, 0x10, 0x00, 0x00, 0x00, 0x5E, 0xD0,
    0x00, 0x00, 0x00, 0x07, 0xF3, 0x0F, 0xA0, 0x00, 0x05, 0xF5, 0x0C, 0xE1, 0x00, 0x09, 0xF2, 0x04,
    0xFD, 0x65, 0xAF, 0xA0, 0x00, 0x3B, 0xEF, 0xC6, 0x00, 0x00, 0x9C, 0xCC, 0xCC, 0x10, 0x00, 0x06,
    0x88, 0x88, 0x81, 0x00, 0x00, 0x00, 0x00, 0x00, 0x00, 0x07, 0xF4, 0x00, 0x00, 0x0C, 0xF4, 0x7F,
    0x40, 0x00, 0x06, 0xFF, 0x47, 0xF4, 0x00, 0x01, 0xEF, 0xF4, 0x7F, 0x40, 0x00, 0xAF, 0xAF, 0x47,
    0xF4, 0x00, 0x4F, 0x97, 0xF4, 0x7F, 0x40, 0x0D, 0xE0, 0x7F, 0x47, 0xF4, 0x08, 0xF5, 0x07, 0xF4,
    0x7F, 0x42, 0xFB, 0x00, 0x7F, 0x47, 0xF4, 0xCF, 0x10, 0x07, 0xF4, 0x7F, 0xAF, 0x70, 0x00, 0x7F,
    0x47, 0xFF, 0xC0, 0x00, 0x07, 0xF4, 0x7F, 0xF3, 0x00, 0x00, 0x7F, 0x47, 0xF9, 0x00, 0x00, 0x07,
    0xF4, 0x0C, 0xFF, 0xFF, 0xF2, 0x00, 0x34, 0x44, 0x44, 0x00, 0x00, 0x00, 0x00, 0x00, 0x0A, 0xF0,
    0x00, 0x0D, 0xF0, 0xAF, 0x00, 0x08, 0xFF, 0x0A, 0xF0, 0x02, 0xFF, 0xF0, 0xAF, 0x00, 0xBD, 0xAF,
    0x0A, 0xF0, 0x5F, 0x49, 0xF0, 0xAF, 0x0E, 0xB0, 0x9F, 0x0A, 0xF8, 0xF2, 0x09, 0xF0, 0xAF, 0xF8,
    0x00, 0x9F, 0x0A, 0xFD, 0x00, 0x09, 0xF0, 0xAF, 0x40, 0x00, 0x9F, 0x00, 0x00, 0x00, 0x00, 0x00,
    0x00, 0x00, 0x00, 0xEA, 0x03, 0xF6, 0x00, 0x00, 0x0A, 0x60, 0x1B, 0x40, 0x00, 0x00, 0x00, 0x00,
    0x00, 0x00, 0x7F, 0x40, 0x00, 0x00, 0xCF, 0x47, 0xF4, 0x00, 0x00, 0x6F, 0xF4, 0x7F, 0x40, 0x00,
    0x1E, 0xFF, 0x47, 0xF4, 0x00, 0x0A, 0xFA, 0xF4, 0x7F, 0x40, 0x04, 0xF9, 0x7F, 0x47, 0xF4, 0x00,
    0xDE, 0x07, 0xF4, 0x7F, 0x40, 0x8F, 0x50, 0x7F, 0x47, 0xF4, 0x2F, 0xB0, 0x07, 0xF4, 0x7F, 0x4C,
    0xF1, 0x00, 0x7F, 0x47, 0xFA, 0xF7, 0x00, 0x07, 0xF4, 0x7F, 0xFC, 0x00, 0x00, 0x7F, 0x47, 0xFF,
    0x30, 0x00, 0x07, 0xF4, 0x7F, 0x90, 0x00, 0x00, 0x7F, 0x40, 0x03, 0x20, 0x04, 0x10, 0x00, 0xFB,
    0x03, 0xF7, 0x00, 0x06, 0x30, 0x07, 0x20, 0x00, 0x00, 0x00, 0x00, 0x00, 0xAF, 0x00, 0x00, 0xDF,
    0x0A, 0xF0, 0x00, 0x8F, 0xF0, 0xAF, 0x00, 0x2F, 0xFF, 0x0A, 0xF0, 0x0B, 0xDA, 0xF0, 0xAF, 0x05,
    0xF4, 0x9F, 0x0A, 0xF0, 0xEB, 0x09, 0xF0, 0xAF, 0x8F, 0x20, 0x9F, 0x0A, 0xFF, 0x80, 0x09, 0xF0,
    0xAF, 0xD0, 0x00, 0x9F, 0x0A, 0xF4, 0x00, 0x09, 0xF0, 0x00, 0x0B, 0x70, 0x1C, 0x40, 0x00, 0x00,
    0xE9, 0x02, 0xF6, 0x00, 0x00, 0x00, 0x00, 0x00, 0x00, 0x00, 0x03, 0xBE, 0xFD, 0x70, 0x00, 0x05,
    0xFE, 0x87, 0xBF, 0xB0, 0x02, 0xFC, 0x00, 0x00, 0x6F, 0x70, 0x8F, 0x30, 0x00, 0x00, 0xCE, 0x0C,
    0xE0, 0x00, 0x00, 0x08, 0xF2, 0xEC, 0x00, 0x00, 0x00, 0x6F, 0x4F, 0xB0, 0x00, 0x00, 0x05, 0xF5,
    0xEC, 0x00, 0x00, 0x00, 0x6F, 0x4C, 0xE0, 0x00, 0x00, 0x08, 0xF3, 0x8F, 0x30, 0x00, 0x00, 0xCE,
    0x02, 0xFC, 0x00, 0x00, 0x6F, 0x80, 0x05, 0xFD, 0x87, 0xAF, 0xC0, 0x00, 0x03, 0xBE, 0xFD, 0x70,
    0x00, 0x00, 0x32, 0x00, 0x41, 0x00, 0x00, 0xFB, 0x03, 0xF7, 0x00, 0x00, 0x63, 0x00, 0x72, 0x00,
    0x00, 0x00, 0x00, 0x00, 0x00, 0x00, 0x2A, 0xEF, 0xC4, 0x00, 0x02, 0xEE, 0x76, 0xCF, 0x50, 0x0A,
    0xF2, 0x00, 0x0D, 0xE0, 0x0F, 0xA0, 0x00, 0x06, 0xF4, 0x2F, 0x70, 0x00, 0x03, 0xF6, 0x2F, 0x70,
    0x00, 0x03, 0xF7, 0x0F, 0xA0, 0x00, 0x06, 0xF4, 0x0B, 0xF2, 0x00, 0x0C, 0xE0, 0x02, 0xEE, 0x66,
    0xCF, 0x50, 0x00, 0x2A, 0xEF, 0xC4, 0x00, 0x00, 0x04, 0xBF, 0xFC, 0x60, 0x00, 0x00, 0x7F, 0xE9,
    0x9D, 0xF9, 0x00, 0x03, 0xFB, 0x00, 0x00, 0x9F, 0x50, 0x0A, 0xF1, 0x00, 0x00, 0x0E, 0xC0, 0x0E,
    0xC0, 0x00, 0x00, 0x0A, 0xF0, 0x0F, 0xB4, 0x44, 0x44, 0x49, 0xF2, 0x1F, 0xFF, 0xFF, 0xFF, 0xFF,
    0xF3, 0x0F, 0xA0, 0x00, 0x00, 0x08, 0xF2, 0x0E, 0xD0, 0x00, 0x00, 0x0B, 0xF0, 0x0A, 0xF2, 0x00,
    0x00, 0x1F, 0xC0, 0x03, 0xFC, 0x10, 0x00, 0xAF, 0x50, 0x00, 0x7F, 0xE9, 0x8D, 0xFA, 0x00, 0x00,
    0x04, 0xBF, 0xFC, 0x60, 0x00, 0x00, 0x2A, 0xEF, 0xC4, 0x00, 0x02, 0xEE, 0x65, 0xCF, 0x50, 0x0A,
    0xF3, 0x00, 0x0E, 0xE0, 0x0F, 0xB0, 0x00, 0x07, 0xF4, 0x2F, 0xA4, 0x44, 0x47, 0xF6, 0x2F, 0xFF,
    0xFF, 0xFF, 0xF6, 0x0F, 0x90, 0x00, 0x05, 0xF4, 0x0B, 0xE0, 0x00, 0x0B, 0xE0, 0x02, 0xED, 0x55,
    0xAF, 0x50, 0x00, 0x2A, 0xEF, 0xC4, 0x00, 0x00, 0x00, 0xB7, 0x01, 0xC4, 0x00, 0x00, 0x00, 0xE9,
    0x02, 0xF6, 0x00, 0x00, 0x00, 0x00, 0x00, 0x00, 0x00, 0x00, 0x04, 0xBF, 0xFC, 0x60, 0x00, 0x00,
    0x7F, 0xE9, 0x9D, 0xF9, 0x00, 0x03, 0xFB, 0x00, 0x00, 0x9F, 0x50, 0x0A, 0xF1, 0x00, 0x00, 0x0E,
    0xC0, 0x0E, 0xC0, 0x00, 0x00, 0x0A, 0xF0, 0x0F, 0xB4, 0x44, 0x44, 0x49, 0xF2, 0x1F, 0xFF, 0xFF,
    0xFF, 0xFF, 0xF3, 0x0F, 0xA0, 0x00, 0x00, 0x08, 0xF2, 0x0E, 0xD0, 0x00, 0x00, 0x0B, 0xF0, 0x0A,
    0xF2, 0x00, 0x00, 0x1F, 0xC0, 0x03, 0xFC, 0x10, 0x00, 0xAF, 0x50, 0x00, 0x7F, 0xE9, 0x8D, 0xFA,
    0x00, 0x00, 0x04, 0xBF, 0xFC, 0x60, 0x00, 0x00, 0x32, 0x00, 0x41, 0x00, 0x00, 0xFB, 0x03, 0xF7,
    0x00, 0x00, 0x63, 0x00, 0x72, 0x00, 0x00, 0x00, 0x00, 0x00, 0x00, 0x00, 0x2A, 0xEF, 0xC4, 0x00,
    0x02, 0xEE, 0x65, 0xCF, 0x50, 0x0A, 0xF3, 0x00, 0x0E, 0xE0, 0x0F, 0xB0, 0x00, 0x07, 0xF4, 0x2F,
    0xA4, 0x44, 0x47, 0xF6, 0x2F, 0xFF, 0xFF, 0xFF, 0xF6, 0x0F, 0x90, 0x00, 0x05, 0xF4, 0x0B, 0xE0,
    0x00, 0x0B, 0xE0, 0x02, 0xED, 0x55, 0xAF, 0x50, 0x00, 0x2A, 0xEF, 0xC4, 0x00, 0x00, 0x00, 0x00,
    0x00, 0x00, 0x00, 0x0E, 0xA0, 0x3F, 0x60, 0x00, 0x00, 0xA6, 0x01, 0xB4, 0x00, 0x00, 0x00, 0x00,
    0x00, 0x00, 0x00, 0x00, 0x6C, 0xFF, 0xC5, 0x00, 0x00, 0xAF, 0xB7, 0x7C, 0xF9, 0x00, 0x4F, 0x90,
    0x00, 0x09, 0xF5, 0x09, 0xF2, 0x00, 0x00, 0x0F, 0xC0, 0x00, 0x00, 0x00, 0x00, 0xBF, 0x00, 0x00,
    0x36, 0x66, 0x6D, 0xF1, 0x00, 0x09, 0xFF, 0xFF, 0xFF, 0x20, 0x00, 0x00, 0x00, 0x09, 0xF1, 0x00,
    0x00, 0x00, 0x00, 0xBF, 0x09, 0xF2, 0x00, 0x00, 0x0F, 0xC0, 0x4F, 0x80, 0x00, 0x09, 0xF5, 0x00,
    0x9F, 0xB6, 0x6B, 0xFA, 0x00, 0x00, 0x6C, 0xFF, 0xC6, 0x00, 0x00, 0x00, 0x32, 0x00, 0x41, 0x00,
    0x0F, 0xB0, 0x3F, 0x70, 0x00, 0x63, 0x00, 0x72, 0x00, 0x00, 0x00, 0x00, 0x00, 0x00, 0x6D, 0xFD,
    0x70, 0x00, 0x8F, 0xA6, 0x9F, 0xA0, 0x0F, 0x90, 0x00, 0x8F, 0x40, 0x00, 0x00, 0x01, 0xF9, 0x00,
    0x02, 0x55, 0x5F, 0xB0, 0x00, 0x8F, 0xFF, 0xFB, 0x00, 0x00, 0x00, 0x1F, 0x90, 0xF9, 0x00, 0x08,
    0xF3, 0x09, 0xFA, 0x69, 0xFA, 0x00, 0x07, 0xDF, 0xE8, 0x00, 0x00, 0x09, 0xCC, 0xCC, 0xC1, 0x00,
    0x00, 0x68, 0x88, 0x88, 0x10, 0x00, 0x00, 0x00, 0x00, 0x00, 0x01, 0xFC, 0x00, 0x00, 0x05, 0xF9,
    0x0A, 0xF3, 0x00, 0x00, 0xCF, 0x20, 0x2F, 0xB0, 0x00, 0x2F, 0xB0, 0x00, 0xBF, 0x20, 0x08, 0xF4,
    0x00, 0x04, 0xF9, 0x00, 0xED, 0x00, 0x00, 0x0C, 0xF1, 0x5F, 0x70, 0x00, 0x00, 0x5F, 0x7B, 0xF1,
    0x00, 0x00, 0x00, 0xDF, 0xF9, 0x00, 0x00, 0x00, 0x06, 0xFF, 0x20, 0x00, 0x00, 0x00, 0x1F, 0xF0,
    0x00, 0x00, 0x00, 0x06, 0xF5, 0x00, 0x00, 0x00, 0x47, 0xFD, 0x00, 0x00, 0x00, 0x0B, 0xFB, 0x20,
    0x00, 0x00, 0x03, 0x44, 0x44, 0x40, 0x00, 0xCF, 0xFF, 0xFF, 0x20, 0x00, 0x00, 0x00, 0x00, 0x00,
    0x00, 0x00, 0x00, 0x00, 0xAF, 0x20, 0x00, 0x9F, 0x24, 0xF7, 0x00, 0x0E, 0xC0, 0x0E, 0xC0, 0x02,
    0xF7, 0x00, 0x9F, 0x10, 0x7F, 0x20, 0x04, 0xF6, 0x0C, 0xC0, 0x00, 0x0E, 0xB1, 0xF7, 0x00, 0x00,
    0x9F, 0x6F, 0x20, 0x00, 0x03, 0xFF, 0xC0, 0x00, 0x00, 0x0E, 0xF7, 0x00, 0x00, 0x00, 0xDF, 0x20,
    0x00, 0x00, 0x0A, 0xD0, 0x00, 0x00, 0x01, 0xF7, 0x00, 0x00, 0x17, 0xDE, 0x10, 0x00, 0x03, 0xFC,
    0x30, 0x00, 0x00, 0x00, 0x00, 0x00, 0x00, 0x00, 0x00, 0x00, 0xEA, 0x03, 0xF6, 0x00, 0x00, 0x0A,
    0x60, 0x1B, 0x40, 0x00, 0x00, 0x00, 0x00, 0x00, 0x00, 0x1F, 0xC0, 0x00, 0x00, 0x5F, 0x90, 0xAF,
    0x30, 0x00, 0x0C, 0xF2, 0x02, 0xFB, 0x00, 0x02, 0xFB, 0x00, 0x0B, 0xF2, 0x00, 0x8F, 0x40, 0x00,
    0x4F, 0x90, 0x0E, 0xD0, 0x00, 0x00, 0xCF, 0x15, 0xF7, 0x00, 0x00, 0x05, 0xF7, 0xBF, 0x10, 0x00,
    0x00, 0x0D, 0xFF, 0x90, 0x00, 0x00, 0x00, 0x6F, 0xF2, 0x00, 0x00, 0x00, 0x01, 0xFF, 0x00, 0x00,
    0x00, 0x00, 0x6F, 0x50, 0x00, 0x00, 0x04, 0x7F, 0xD0, 0x00, 0x00, 0x00, 0xBF, 0xB2, 0x00, 0x00,
    0x00, 0x00, 0x32, 0x00, 0x41, 0x00, 0x0F, 0xB0, 0x3F, 0x70, 0x00, 0x63, 0x00, 0x72, 0x00, 0x00,
    0x00, 0x00, 0x00, 0xAF, 0x20, 0x00, 0x9F, 0x24, 0xF7, 0x00, 0x0E, 0xC0, 0x0E, 0xC0, 0x02, 0xF7,
    0x00, 0x9F, 0x10, 0x7F, 0x20, 0x04, 0xF6, 0x0C, 0xC0, 0x00, 0x0E, 0xB1, 0xF7, 0x00, 0x00, 0x9F,
    0x6F, 0x20, 0x00, 0x03, 0xFF, 0xC0, 0x00, 0x00, 0x0E, 0xF7, 0x00, 0x00, 0x00, 0xDF, 0x20, 0x00,
    0x00, 0x0A, 0xD0, 0x00, 0x00, 0x01, 0xF7, 0x00, 0x00, 0x17, 0xDE, 0x10, 0x00, 0x03, 0xFC, 0x30,
    0x00, 0x00, 0x00, 0x00, 0x0E, 0xB1, 0xEB, 0x00, 0x00, 0x06, 0xF2, 0xBE, 0x10, 0x00, 0x00, 0xE7,
    0x5F, 0x30, 0x00, 0x00, 0x00, 0x00, 0x00, 0x00, 0x1F, 0xC0, 0x00, 0x00, 0x5F, 0x90, 0xAF, 0x30,
    0x00, 0x0C, 0xF2, 0x02, 0xFB, 0x00, 0x02, 0xFB, 0x00, 0x0B, 0xF2, 0x00, 0x8F, 0x40, 0x00, 0x4F,
    0x90, 0x0E, 0xD0, 0x00, 0x00, 0xCF, 0x15, 0xF7, 0x00, 0x00, 0x05, 0xF7, 0xBF, 0x10, 0x00, 0x00,
    0x0D, 0xFF, 0x90, 0x00, 0x00, 0x00, 0x6F, 0xF2, 0x00, 0x00, 0x00, 0x01, 0xFF, 0x00, 0x00, 0x00,
    0x00, 0x6F, 0x50, 0x00, 0x00, 0x04, 0x7F, 0xD0, 0x00, 0x00, 0x00, 0xBF, 0xB2, 0x00, 0x00, 0x00,
    0x00, 0x02, 0x30, 0x33, 0x00, 0x01, 0xF9, 0x3F, 0x80, 0x00, 0x8E, 0x1D, 0xB0, 0x00, 0x0B, 0x45,
    0xB1, 0x00, 0x00, 0x00, 0x00, 0x00, 0x0A, 0xF2, 0x00, 0x09, 0xF2, 0x4F, 0x70, 0x00, 0xEC, 0x00,
    0xEC, 0x00, 0x2F, 0x70, 0x09, 0xF1, 0x07, 0xF2, 0x00, 0x4F, 0x60, 0xCC, 0x00, 0x00, 0xEB, 0x1F,
    0x70, 0x00, 0x09, 0xF6, 0xF2, 0x00, 0x00, 0x3F, 0xFC, 0x00, 0x00, 0x00, 0xEF, 0x70, 0x00, 0x00,
    0x0D, 0xF2, 0x00, 0x00, 0x00, 0xAD, 0x00, 0x00, 0x00, 0x1F, 0x70, 0x00, 0x01, 0x7D, 0xE1, 0x00,
    0x00, 0x3F, 0xC3, 0x00, 0x00, 0x00, 0x00, 0x00, 0x00, 0x00, 0x00, 0x00, 0xEA, 0x03, 0xF6, 0x00,
    0x00, 0xA6, 0x01, 0xB4, 0x00, 0x00, 0x00, 0x00, 0x00, 0x00, 0xAF, 0x00, 0x00, 0x00, 0xEC, 0xAF,
    0x00, 0x00, 0x00, 0xEC, 0xAF, 0x00, 0x00, 0x00, 0xEC, 0xAF, 0x00, 0x00, 0x00, 0xEC, 0xAF, 0x10,
    0x00, 0x00, 0xEC, 0x7F, 0x50, 0x00, 0x00, 0xEC, 0x1E, 0xF8, 0x66, 0x8B, 0xFC, 0x02, 0xAE, 0xFF,
    0xDA, 0xFC, 0x00, 0x00, 0x00, 0x00, 0xEC, 0x00, 0x00, 0x00, 0x00, 0xEC, 0x00, 0x00, 0x00, 0x00,
    0xEC, 0x00, 0x00, 0x00, 0x00, 0xEC, 0x00, 0x00, 0x00, 0x00, 0xEC, 0x00, 0x32, 0x00, 0x41, 0x00,
    0x0F, 0xB0, 0x3F, 0x70, 0x00, 0x63, 0x00, 0x72, 0x00, 0x00, 0x00, 0x00, 0x00, 0x1F, 0x80, 0x00,
    0x3F, 0x61, 0xF8, 0x00, 0x03, 0xF6, 0x1F, 0x80, 0x00, 0x3F, 0x60, 0xF9, 0x00, 0x03, 0xF6, 0x0E,
    0xC0, 0x00, 0x3F, 0x60, 0x7F, 0xA5, 0x6C, 0xF6, 0x00, 0x7D, 0xFF, 0xFF, 0x60, 0x00, 0x00, 0x03,
    0xF6, 0x00, 0x00, 0x00, 0x3F, 0x60, 0x00, 0x00, 0x03, 0xF6, 0x7F, 0xFF, 0xFF, 0xFF, 0x67, 0xF8,
    0x66, 0x66, 0x62, 0x7F, 0x40, 0x00, 0x00, 0x07, 0xF4, 0x00, 0x00, 0x00, 0x7F, 0x40, 0x00, 0x00,
    0x07, 0xF4, 0x00, 0x00, 0x00, 0x7F, 0x40, 0x00, 0x00, 0x07, 0xF4, 0x00, 0x00, 0x00, 0x7F, 0x40,
    0x00, 0x00, 0x07, 0xF4, 0x00, 0x00, 0x00, 0x7F, 0x40, 0x00, 0x00, 0x07, 0xF8, 0x20, 0x00, 0x00,
    0x7F, 0xF8, 0x00, 0x00, 0x00, 0x1F, 0x80, 0x00, 0x00, 0x01, 0xF8, 0x00, 0x00, 0x00, 0x1F, 0x80,
    0x00, 0x00, 0x00, 0xC6, 0x00, 0x00, 0x00, 0xAF, 0xFF, 0xFF, 0x6A, 0xF5, 0x55, 0x52, 0xAF, 0x00,
    0x00, 0x0A, 0xF0, 0x00, 0x00, 0xAF, 0x00, 0x00, 0x0A, 0xF0, 0x00, 0x00, 0xAF, 0x00, 0x00, 0x0A,
    0xF0, 0x00, 0x00, 0xAF, 0x42, 0x00, 0x0A, 0xFF, 0x80, 0x00, 0x01, 0xF8, 0x00, 0x00, 0x1F, 0x80,
    0x00, 0x01, 0xF8, 0x00, 0x00, 0x0C, 0x60, 0x00, 0x00, 0x00, 0x00, 0x00, 0x00, 0x00, 0x00, 0x00,
    0x0E, 0xA0, 0x3F, 0x60, 0x00, 0x00, 0x00, 0xA6, 0x01, 0xB4, 0x00, 0x00, 0x00, 0x00, 0x00, 0x00,
    0x00, 0x00, 0x7F, 0x40, 0x00, 0x00, 0x00, 0x0C, 0xF7, 0xF4, 0x00, 0x00, 0x00, 0x00, 0xCF, 0x7F,
    0x40, 0x00, 0x00, 0x00, 0x0C, 0xF7, 0xF4, 0x00, 0x00, 0x00, 0x00, 0xCF, 0x7F, 0x40, 0x00, 0x00,
    0x00, 0x0C, 0xF7, 0xFA, 0x66, 0x54, 0x00, 0x00, 0xCF, 0x7F, 0xFF, 0xFF, 0xFE, 0x50, 0x0C, 0xF7,
    0xF4, 0x00, 0x03, 0xCF, 0x30, 0xCF, 0x7F, 0x40, 0x00, 0x02, 0xF9, 0x0C, 0xF7, 0xF4, 0x00, 0x00,
    0x0F, 0xA0, 0xCF, 0x7F, 0x40, 0x00, 0x05, 0xF7, 0x0C, 0xF7, 0xF8, 0x66, 0x69, 0xFE, 0x10, 0xCF,
    0x7F, 0xFF, 0xFF, 0xE9, 0x10, 0x0C, 0xF0, 0x00, 0x03, 0x20, 0x04, 0x10, 0x00, 0x00, 0x0F, 0xB0,
    0x3F, 0x70, 0x00, 0x00, 0x06, 0x30, 0x07, 0x20, 0x00, 0x00, 0x00, 0x00, 0x00, 0x00, 0x00, 0x9F,
    0x00, 0x00, 0x00, 0x04, 0xF5, 0x9F, 0x00, 0x00, 0x00, 0x04, 0xF5, 0x9F, 0x00, 0x00, 0x00, 0x04,
    0xF5, 0x9F, 0xFF, 0xFD, 0x60, 0x04, 0xF5, 0x9F, 0x55, 0x5B, 0xF6, 0x04, 0xF5, 0x9F, 0x00, 0x00,
    0xED, 0x04, 0xF5, 0x9F, 0x00, 0x00, 0xBF, 0x04, 0xF5, 0x9F, 0x00, 0x00, 0xDC, 0x04, 0xF5, 0x9F,
    0x55, 0x5B, 0xF5, 0x04, 0xF5, 0x9F, 0xFF, 0xFD, 0x50, 0x04, 0xF5, 0x00, 0x7F, 0xFF, 0xFF, 0xFF,
    0x60, 0x07, 0xF8, 0x66, 0x66, 0x62, 0x00, 0x7F, 0x40, 0x00, 0x00, 0x00, 0x07, 0xF4, 0x00, 0x00,
    0x00, 0x45, 0xCF, 0x94, 0x00, 0x00, 0x0C, 0xFF, 0xFF, 0xD0, 0x00, 0x00, 0x00, 0x7F, 0x40, 0x00,
    0x00, 0x00, 0x07, 0xF4, 0x00, 0x00, 0x00, 0x00, 0x7F, 0x40, 0x00, 0x00, 0x00, 0x07, 0xF4, 0x00,
    0x00, 0x00, 0x00, 0x7F, 0x40, 0x00, 0x00, 0x00, 0x07, 0xF4, 0x00, 0x00, 0x00, 0x00, 0x7F, 0xF2,
    0x00, 0x00, 0x00, 0x00, 0x7F, 0x20, 0x00, 0x00, 0x00, 0x08, 0xF2, 0x00, 0x00, 0x00, 0x47, 0xFD,
    0x00, 0x00, 0x00, 0x09, 0xFC, 0x30, 0x00, 0x00, 0x00, 0x00, 0xAF, 0xFF, 0xFF, 0x60, 0x0A, 0xF5,
    0x55, 0x52, 0x00, 0xAF, 0x00, 0x00, 0x04, 0x5F, 0xF5, 0x40, 0x00, 0xCF, 0xFF, 0xFD, 0x00, 0x00,
    0x0A, 0xF0, 0x00, 0x00, 0x00, 0xAF, 0x00, 0x00, 0x00, 0x0A, 0xF0, 0x00, 0x00, 0x00, 0xAF, 0x00,
    0x00, 0x00, 0x0A, 0xFF, 0x20, 0x00, 0x00, 0x07, 0xF2, 0x00, 0x00, 0x00, 0x8F, 0x20, 0x00, 0x04,
    0x7F, 0xD0, 0x00, 0x00, 0x9F, 0xC3, 0x00, 0x00, 0x1F, 0xD0, 0x00, 0x00, 0x9F, 0x60, 0x07, 0xF8,
    0x00, 0x03, 0xFC, 0x00, 0x00, 0xCF, 0x20, 0x0C, 0xF2, 0x00, 0x00, 0x3F, 0xB0, 0x6F, 0x80, 0x00,
    0x00, 0x09, 0xF7, 0xFD, 0x00, 0x00, 0x00, 0x00, 0xEF, 0xF4, 0x00, 0x00, 0x00, 0x00, 0x8F, 0xD0,
    0x00, 0x00, 0x00, 0x01, 0xEF, 0xF5, 0x00, 0x00, 0x00, 0x0A, 0xF5, 0xEE, 0x10, 0x00, 0x00, 0x4F,
    0xA0, 0x5F, 0x90, 0x00, 0x00, 0xDF, 0x10, 0x0B, 0xF3, 0x00, 0x08, 0xF6, 0x00, 0x02, 0xFD, 0x00,
    0x2F, 0xC0, 0x00, 0x00, 0x8F, 0xF2, 0x00, 0x00, 0x00, 0x00, 0x07, 0xF2, 0x00, 0x00, 0x00, 0x00,
    0x08, 0xF2, 0x00, 0x00, 0x00, 0x04, 0x7F, 0xD0, 0x00, 0x00, 0x00, 0x09, 0xFC, 0x30, 0x3F, 0xA0,
    0x00, 0xCF, 0x20, 0x09, 0xF3, 0x05, 0xF7, 0x00, 0x01, 0xEC, 0x0E, 0xD0, 0x00, 0x00, 0x5F, 0xCF,
    0x30, 0x00, 0x00, 0x0B, 0xF9, 0x00, 0x00, 0x00, 0x0C, 0xFA, 0x00, 0x00, 0x00, 0x6F, 0xAF, 0x50,
    0x00, 0x01, 0xFB, 0x0C, 0xE0, 0x00, 0x0A, 0xF2, 0x03, 0xF9, 0x00, 0x4F, 0x80, 0x00, 0xAF, 0xF2,
    0x00, 0x00, 0x00, 0x07, 0xF2, 0x00, 0x00, 0x00, 0x08, 0xF2, 0x00, 0x00, 0x04, 0x7F, 0xD0, 0x00,
    0x00, 0x09, 0xFC, 0x30, 0x1F, 0xD0, 0x00, 0x00, 0x9F, 0x60, 0x7F, 0x80, 0x00, 0x3F, 0xC0, 0x00,
    0xCF, 0x20, 0x0C, 0xF2, 0x00, 0x03, 0xFB, 0x06, 0xF8, 0x00, 0x00, 0x08, 0xF7, 0xFD, 0x00, 0x00,
    0x00, 0x6F, 0xFF, 0x92, 0x00, 0x00, 0x1F, 0xFF, 0xFF, 0x70, 0x00, 0x00, 0x1E, 0xFF, 0x50, 0x00,
    0x00, 0x0A, 0xF5, 0xEE, 0x10, 0x00, 0x04, 0xFA, 0x05, 0xF9, 0x00, 0x00, 0xDF, 0x10, 0x0B, 0xF3,
    0x00, 0x8F, 0x60, 0x00, 0x2F, 0xD0, 0x2F, 0xC0, 0x00, 0x00, 0x7F, 0x70, 0x3F, 0x90, 0x00, 0xBF,
    0x20, 0xAF, 0x20, 0x4F, 0x80, 0x01, 0xFA, 0x0C, 0xE1, 0x00, 0x08, 0xF8, 0xF6, 0x00, 0x01, 0x6F,
    0xFF, 0x51, 0x00, 0x5F, 0xFF, 0xFF, 0x40, 0x00, 0x3F, 0xEF, 0x20, 0x00, 0x0D, 0xD1, 0xEC, 0x00,
    0x09, 0xF3, 0x05, 0xF8, 0x04, 0xF9, 0x00, 0x0A, 0xF3,
};

static const font_glyph_t roboto_body_glyphs[] = {
    {0x0020, 0, 0, 0, 0, 0, 4},         {0x0021, 0, 3, 13, 1, 4, 5},
    {0x0022, 20, 4, 4, 1, 3, 6},        {0x0023, 28, 10, 13, 1, 4, 11},
    {0x0024, 93, 10, 17, 0, 2, 10},     {0x0025, 178, 13, 13, 0, 4, 13},
    {0x0026, 263, 12, 13, 0, 4, 11},    {0x0027, 341, 3, 4, 0, 3, 3},
    {0x0028, 347, 5, 18, 1, 3, 6},      {0x0029, 392, 5, 18, 0, 3, 6},
    {0x002A, 437, 8, 7, 0, 4, 8},       {0x002B, 465, 10, 10, 0, 6, 10},
    {0x002C, 515, 3, 4, 0, 15, 4},      {0x002D, 521, 5, 2, 0, 10, 5},
    {0x002E, 526, 3, 2, 1, 15, 5},      {0x002F, 529, 7, 14, 0, 4, 7},
    {0x0030, 578, 9, 13, 1, 4, 10},     {0x0031, 637, 6, 13, 1, 4, 10},
    {0x0032, 676, 10, 13, 0, 4, 10},    {0x0033, 741, 9, 13, 0, 4, 10},
    {0x0034, 800, 10, 13, 0, 4, 10},    {0x0035, 865, 9, 13, 1, 4, 10},
    {0x0036, 924, 9, 13, 1, 4, 10},     {0x0037, 983, 10, 13, 0, 4, 10},
    {0x0038, 1048, 9, 13, 1, 4, 10},    {0x0039, 1107, 9, 13, 0, 4, 10},
    {0x003A, 1166, 3, 10, 1, 7, 4},     {0x003B, 1181, 4, 12, 0, 7, 4},
    {0x003C, 1205, 8, 8, 0, 7, 9},      {0x003D, 1237, 8, 6, 1, 8, 10},
    {0x003E, 1261, 8, 8, 1, 7, 9},      {0x003F, 1293, 8, 13, 0, 4, 9},
    {0x0040, 1345, 15, 17, 1, 4, 16},   {0x0041, 1473, 12, 13, 0, 4, 12},
    {0x0042, 1551, 10, 13, 1, 4, 11},   {0x0043, 1616, 10, 13, 1, 4, 12},
    {0x0044, 1681, 10, 13, 1, 4, 12},   {0x0045, 1746, 9, 13, 1, 4, 10},
    {0x0046, 1805, 9, 13, 1, 4, 10},    {0x0047, 1864, 10, 13, 1, 4, 12},
    {0x0048, 1929, 11, 13, 1, 4, 13},   {0x0049, 2001, 3, 13, 1, 4, 5},
    {0x004A, 2021, 9, 13, 0, 4, 10},    {0x004B, 2080, 11, 13, 1, 4, 11},
    {0x004C, 2152, 9, 13, 1, 4, 10},    {0x004D, 2211, 14, 13, 1, 4, 16},
    {0x004E, 2302, 11, 13, 1, 4, 13},   {0x004F, 2374, 11, 13, 1, 4, 12},
    {0x0050, 2446, 10, 13, 1, 4, 11},   {0x0051, 2511, 12, 15, 0, 4, 12},
    {0x0052, 2601, 10, 13, 1, 4, 11},   {0x0053, 2666, 10, 13, 0, 4, 11},
    {0x0054, 2731, 11, 13, 0, 4, 11},   {0x0055, 2803, 10, 13, 1, 4, 12},
    {0x0056, 2868, 12, 13, 0, 4, 11},   {0x0057, 2946, 16, 13, 0, 4, 16},
    {0x0058, 3050, 11, 13, 0, 4, 11},   {0x0059, 3122, 11, 13, 0, 4, 11},
    {0x005A, 3194, 11, 13, 0, 4, 11},   {0x005B, 3266, 4, 18, 1, 2, 5},
    {0x005C, 3302, 8, 14, 0, 4, 7},     {0x005D, 3358, 4, 18, 0, 2, 5},
    {0x005E, 3394, 7, 6, 0, 4, 8},      {0x005F, 3415, 9, 2, 0, 17, 8},
    {0x0060, 3424, 5, 3, 0, 3, 6},      {0x0061, 3432, 9, 10, 0, 7, 10},
    {0x0062, 3477, 9, 14, 1, 3, 10},    {0x0063, 3540, 9, 10, 0, 7, 9},
    {0x0064, 3585, 9, 14, 0, 3, 10},    {0x0065, 3648, 9, 10, 0, 7, 10},
    {0x0066, 3693, 7, 14, 0, 3, 6},     {0x0067, 3742, 9, 14, 0, 7, 10},
    {0x0068, 3805, 8, 14, 1, 3, 10},    {0x0069, 3861, 3, 14, 1, 3, 4},
    {0x006A, 3882, 5, 18, -1, 3, 4},    {0x006B, 3927, 9, 14, 1, 3, 9},
    {0x006C, 3990, 2, 14, 1, 3, 4},     {0x006D, 4004, 14, 10, 1, 7, 16},
    {0x006E, 4074, 8, 10, 1, 7, 10},    {0x006F, 4114, 10, 10, 0, 7, 10},
    {0x0070, 4164, 9, 14, 1, 7, 10},    {0x0071, 4227, 9, 14, 0, 7, 10},
    {0x0072, 4290, 5, 10, 1, 7, 6},     {0x0073, 4315, 9, 10, 0, 7, 9},
    {0x0074, 4360, 6, 12, 0, 5, 6},     {0x0075, 4396, 8, 10, 1, 7, 10},
    {0x0076, 4436, 9, 10, 0, 7, 9},     {0x0077, 4481, 14, 10, 0, 7, 14},
    {0x0078, 4551, 9, 10, 0, 7, 9},     {0x0079, 4596, 9, 14, 0, 7, 9},
    {0x007A, 4659, 9, 10, 0, 7, 9},     {0x007B, 4704, 6, 17, 0, 3, 6},
    {0x007C, 4755, 2, 15, 1, 4, 4},     {0x007D, 4770, 6, 17, 0, 3, 6},
    {0x007E, 4821, 11, 6, 1, 8, 12},    {0x0080, 4854, 8, 13, 0, 4, 8},
    {0x0081, 4906, 8, 13, 0, 4, 8},     {0x0082, 4958, 8, 13, 0, 4, 8},
    {0x0083, 5010, 8, 13, 0, 4, 8},     {0x0084, 5062, 8, 13, 0, 4, 8},
    {0x0085, 5114, 8, 13, 0, 4, 8},     {0x0086, 5166, 8, 13, 0, 4, 8},
    {0x0087, 5218, 8, 13, 0, 4, 8},     {0x0088, 5270, 8, 13, 0, 4, 8},
    {0x0089, 5322, 8, 13, 0, 4, 8},     {0x008A, 5374, 8, 13, 0, 4, 8},
    {0x008B, 5426, 8, 13, 0, 4, 8},     {0x008C, 5478, 8, 13, 0, 4, 8},
    {0x008D, 5530, 8, 13, 0, 4, 8},     {0x008E, 5582, 8, 13, 0, 4, 8},
    {0x008F, 5634, 8, 13, 0, 4, 8},     {0x0090, 5686, 8, 13, 0, 4, 8},
    {0x0091, 5738, 8, 13, 0, 4, 8},     {0x0092, 5790, 8, 13, 0, 4, 8},
    {0x0093, 5842, 8, 13, 0, 4, 8},     {0x0094, 5894, 8, 13, 0, 4, 8},
    {0x0095, 5946, 8, 13, 0, 4, 8},     {0x0096, 5998, 8, 13, 0, 4, 8},
    {0x0097, 6050, 8, 13, 0, 4, 8},     {0x0098, 6102, 8, 13, 0, 4, 8},
    {0x0099, 6154, 8, 13, 0, 4, 8},     {0x009A, 6206, 8, 13, 0, 4, 8},
    {0x009B, 6258, 8, 13, 0, 4, 8},     {0x009C, 6310, 8, 13, 0, 4, 8},
    {0x009D, 6362, 8, 13, 0, 4, 8},     {0x009E, 6414, 8, 13, 0, 4, 8},
    {0x009F, 6466, 8, 13, 0, 4, 8},     {0x00A0, 0, 0, 0, 0, 0, 4},
    {0x00A1, 6518, 3, 13, 1, 7, 4},     {0x00A2, 6538, 9, 14, 0, 5, 10},
    {0x00A3, 6601, 10, 13, 0, 4, 10},   {0x00A4, 6666, 12, 13, 0, 5, 13},
    {0x00A5, 6744, 10, 13, 0, 4, 9},    {0x00A6, 6809, 2, 16, 1, 4, 4},
    {0x00A7, 6825, 11, 17, 0, 4, 11},   {0x00A8, 6919, 7, 2, 0, 4, 8},
    {0x00A9, 6926, 14, 13, 0, 4, 14},   {0x00AA, 7017, 6, 7, 1, 4, 8},
    {0x00AB, 7038, 8, 7, 0, 9, 8},      {0x00AC, 7066, 8, 4, 1, 10, 10},
    {0x00AD, 0, 0, 0, 0, 0, 0},         {0x00AE, 7082, 14, 13, 0, 4, 14},
    {0x00AF, 7173, 7, 2, 1, 4, 8},      {0x00B0, 7180, 5, 5, 1, 4, 7},
    {0x00B1, 7193, 9, 11, 0, 6, 10},    {0x00B2, 7243, 6, 7, 0, 4, 7},
    {0x00B3, 7264, 6, 7, 0, 4, 7},      {0x00B4, 7285, 4, 3, 1, 3, 6},
    {0x00B5, 7291, 8, 14, 1, 7, 10},    {0x00B6, 7347, 8, 13, 0, 4, 9},
    {0x00B7, 7399, 3, 2, 1, 10, 5},     {0x00B8, 7402, 3, 4, 1, 17, 4},
    {0x00B9, 7408, 4, 7, 1, 4, 7},      {0x00BA, 7422, 7, 7, 1, 4, 8},
    {0x00BB, 7447, 8, 7, 0, 9, 8},      {0x00BC, 7475, 12, 13, 1, 4, 13},
    {0x00BD, 7553, 12, 13, 1, 4, 14},   {0x00BE, 7631, 14, 13, 0, 4, 14},
    {0x00BF, 7722, 8, 13, 0, 7, 9},     {0x00C0, 7774, 12, 17, 0, 0, 12},
    {0x00C1, 7876, 12, 17, 0, 0, 12},   {0x00C2, 7978, 12, 16, 0, 1, 12},
    {0x00C3, 8074, 12, 17, 0, 0, 12},   {0x00C4, 8176, 12, 16, 0, 1, 12},
    {0x00C5, 8272, 12, 18, 0, -1, 12},  {0x00C6, 8380, 18, 13, -1, 4, 17},
    {0x00C7, 8497, 10, 17, 1, 4, 12},   {0x00C8, 8582, 9, 17, 1, 0, 10},
    {0x00C9, 8659, 9, 17, 1, 0, 10},    {0x00CA, 8736, 9, 16, 1, 1, 10},
    {0x00CB, 8808, 9, 17, 1, 0, 10},    {0x00CC, 8885, 5, 17, -1, 0, 5},
    {0x00CD, 8928, 4, 17, 1, 0, 5},     {0x00CE, 8962, 6, 16, -1, 1, 5},
    {0x00CF, 9010, 7, 17, -1, 0, 5},    {0x00D0, 9070, 12, 13, 0, 4, 12},
    {0x00D1, 9148, 11, 17, 1, 0, 13},   {0x00D2, 9242, 11, 17, 1, 0, 12},
    {0x00D3, 9336, 11, 17, 1, 0, 12},   {0x00D4, 9430, 11, 16, 1, 1, 12},
    {0x00D5, 9518, 11, 17, 1, 0, 12},   {0x00D6, 9612, 11, 16, 1, 1, 12},
    {0x00D7, 9700, 9, 8, 0, 7, 10},     {0x00D8, 9736, 11, 15, 1, 3, 12},
    {0x00D9, 9819, 10, 17, 1, 0, 12},   {0x00DA, 9904, 10, 17, 1, 0, 12},
    {0x00DB, 9989, 10, 16, 1, 1, 12},   {0x00DC, 10069, 10, 16, 1, 1, 12},
    {0x00DD, 10149, 11, 17, 0, 0, 11},  {0x00DE, 10243, 9, 13, 1, 4, 11},
    {0x00DF, 10302, 9, 14, 1, 3, 11},   {0x00E0, 10365, 9, 15, 0, 2, 10},
    {0x00E1, 10433, 9, 15, 0, 2, 10},   {0x00E2, 10501, 9, 14, 0, 3, 10},
    {0x00E3, 10564, 9, 15, 0, 2, 10},   {0x00E4, 10632, 9, 14, 0, 3, 10},
    {0x00E5, 10695, 9, 15, 0, 2, 10},   {0x00E6, 10763, 15, 10, 0, 7, 15},
    {0x00E7, 10838, 9, 14, 0, 7, 9},    {0x00E8, 10901, 9, 15, 0, 2, 10},
    {0x00E9, 10969, 9, 15, 0, 2, 10},   {0x00EA, 11037, 9, 14, 0, 3, 10},
    {0x00EB, 11100, 9, 14, 0, 3, 10},   {0x00EC, 11163, 5, 15, -1, 2, 4},
    {0x00ED, 11201, 4, 15, 1, 2, 4},    {0x00EE, 11231, 6, 14, -1, 3, 4},
    {0x00EF, 11273, 7, 14, -1, 3, 4},   {0x00F0, 11322, 9, 14, 1, 3, 11},
    {0x00F1, 11385, 8, 15, 1, 2, 10},   {0x00F2, 11445, 10, 15, 0, 2, 10},
    {0x00F3, 11520, 10, 15, 0, 2, 10},  {0x00F4, 11595, 10, 14, 0, 3, 10},
    {0x00F5, 11665, 10, 15, 0, 2, 10},  {0x00F6, 11740, 10, 14, 0, 3, 10},
    {0x00F7, 11810, 10, 10, 0, 6, 10},  {0x00F8, 11860, 10, 12, 0, 6, 10},
    {0x00F9, 11920, 8, 15, 1, 2, 10},   {0x00FA, 11980, 8, 15, 1, 2, 10},
    {0x00FB, 12040, 8, 14, 1, 3, 10},   {0x00FC, 12096, 8, 14, 1, 3, 10},
    {0x00FD, 12152, 9, 19, 0, 2, 9},    {0x00FE, 12238, 9, 18, 1, 3, 10},
    {0x00FF, 12319, 9, 18, 0, 3, 9},    {0x0370, 12400, 8, 13, 0, 4, 8},
    {0x0371, 12452, 8, 13, 0, 4, 8},    {0x0372, 12504, 8, 13, 0, 4, 8},
    {0x0373, 12556, 8, 13, 0, 4, 8},    {0x0374, 12608, 8, 13, 0, 4, 8},
    {0x0375, 12660, 8, 13, 0, 4, 8},    {0x0376, 12712, 8, 13, 0, 4, 8},
    {0x0377, 12764, 8, 13, 0, 4, 8},    {0x0378, 12816, 8, 13, 0, 4, 8},
    {0x0379, 12868, 8, 13, 0, 4, 8},    {0x037A, 12920, 8, 13, 0, 4, 8},
    {0x037B, 12972, 8, 13, 0, 4, 8},    {0x037C, 13024, 8, 13, 0, 4, 8},
    {0x037D, 13076, 8, 13, 0, 4, 8},    {0x037E, 13128, 4, 12, 0, 7, 4},
    {0x037F, 13152, 8, 13, 0, 4, 8},    {0x0380, 13204, 8, 13, 0, 4, 8},
    {0x0381, 13256, 8, 13, 0, 4, 8},    {0x0382, 13308, 8, 13, 0, 4, 8},
    {0x0383, 13360, 8, 13, 0, 4, 8},    {0x0384, 13412, 3, 3, 1, 3, 5},
    {0x0385, 13417, 7, 3, 1, 3, 9},     {0x0386, 13428, 12, 15, 0, 2, 12},
    {0x0387, 13518, 3, 2, 1, 10, 5},    {0x0388, 13521, 13, 15, -2, 2, 11},
    {0x0389, 13619, 15, 14, -2, 3, 14}, {0x038A, 13724, 6, 15, -1, 2, 6},
    {0x038B, 13769, 8, 13, 0, 4, 8},    {0x038C, 13821, 13, 15, -1, 2, 13},
    {0x038D, 13919, 8, 13, 0, 4, 8},    {0x038E, 13971, 14, 15, -2, 2, 12},
    {0x038F, 14076, 12, 15, -1, 2, 12}, {0x0390, 14166, 7, 15, -1, 2, 6},
    {0x0391, 14219, 12, 13, 0, 4, 12},  {0x0392, 14297, 10, 13, 1, 4, 11},
    {0x0393, 14362, 9, 13, 1, 4, 10},   {0x0394, 14421, 13, 13, 0, 4, 13},
    {0x0395, 14506, 9, 13, 1, 4, 10},   {0x0396, 14565, 11, 13, 0, 4, 11},
    {0x0397, 14637, 11, 13, 1, 4, 13},  {0x0398, 14709, 12, 13, 0, 4, 12},
    {0x0399, 14787, 3, 13, 1, 4, 5},    {0x039A, 14807, 11, 13, 1, 4, 11},
    {0x039B, 14879, 12, 13, 0, 4, 12},  {0x039C, 14957, 14, 13, 1, 4, 16},
    {0x039D, 15048, 11, 13, 1, 4, 13},  {0x039E, 15120, 9, 13, 1, 4, 10},
    {0x039F, 15179, 11, 13, 1, 4, 12},  {0x03A0, 15251, 11, 13, 1, 4, 13},
    {0x03A1, 15323, 10, 13, 1, 4, 11},  {0x03A2, 15388, 8, 13, 0, 4, 8},
    {0x03A3, 15440, 10, 13, 0, 4, 10},  {0x03A4, 15505, 11, 13, 0, 4, 11},
    {0x03A5, 15577, 11, 13, 0, 4, 11},  {0x03A6, 15649, 13, 13, 0, 4, 13},
    {0x03A7, 15734, 11, 13, 0, 4, 11},  {0x03A8, 15806, 12, 13, 0, 4, 12},
    {0x03A9, 15884, 10, 13, 1, 4, 12},  {0x03AA, 15949, 7, 17, -1, 0, 5},
    {0x03AB, 16009, 11, 16, 0, 1, 11},  {0x03AC, 16097, 11, 15, 0, 2, 10},
    {0x03AD, 16180, 9, 15, 0, 2, 10},   {0x03AE, 16248, 8, 19, 1, 2, 10},
    {0x03AF, 16324, 5, 15, 1, 2, 6},    {0x03B0, 16362, 8, 15, 1, 2, 10},
    {0x03B1, 16422, 11, 10, 0, 7, 10},  {0x03B2, 16477, 9, 16, 1, 4, 11},
    {0x03B3, 16549, 9, 14, 0, 7, 9},    {0x03B4, 16612, 10, 14, 0, 3, 10},
    {0x03B5, 16682, 9, 10, 0, 7, 10},   {0x03B6, 16727, 9, 16, 0, 4, 9},
    {0x03B7, 16799, 8, 14, 1, 7, 10},   {0x03B8, 16855, 9, 13, 1, 4, 10},
    {0x03B9, 16914, 5, 10, 1, 7, 6},    {0x03BA, 16939, 9, 10, 1, 7, 10},
    {0x03BB, 16984, 10, 14, 0, 3, 10},  {0x03BC, 17054, 8, 14, 1, 7, 10},
    {0x03BD, 17110, 9, 10, 0, 7, 9},    {0x03BE, 17155, 9, 16, 0, 4, 9},
    {0x03BF, 17227, 10, 10, 0, 7, 10},  {0x03C0, 17277, 11, 10, 0, 7, 11},
    {0x03C1, 17332, 9, 14, 1, 7, 10},   {0x03C2, 17395, 9, 13, 0, 7, 10},
    {0x03C3, 17454, 11, 10, 0, 7, 10},  {0x03C4, 17509, 9, 10, 0, 7, 9},
    {0x03C5, 17554, 8, 10, 1, 7, 10},   {0x03C6, 17594, 12, 14, 0, 7, 13},
    {0x03C7, 17678, 10, 14, 0, 7, 10},  {0x03C8, 17748, 12, 14, 0, 7, 13},
    {0x03C9, 17832, 13, 10, 1, 7, 15},  {0x03CA, 17897, 7, 14, -1, 3, 6},
    {0x03CB, 17946, 8, 14, 1, 3, 10},   {0x03CC, 18002, 10, 15, 0, 2, 10},
    {0x03CD, 18077, 8, 15, 1, 2, 10},   {0x03CE, 18137, 13, 15, 1, 2, 15},
    {0x03CF, 18235, 8, 13, 0, 4, 8},    {0x03D0, 18287, 8, 13, 0, 4, 8},
    {0x03D1, 18339, 10, 13, 1, 4, 10},  {0x03D2, 18404, 11, 13, -1, 4, 10},
    {0x03D3, 18476, 13, 14, -2, 3, 10}, {0x03D4, 18567, 8, 13, 0, 4, 8},
    {0x03D5, 18619, 8, 13, 0, 4, 8},    {0x03D6, 18671, 14, 10, 0, 7, 14},
    {0x03D7, 18741, 8, 13, 0, 4, 8},    {0x03D8, 18793, 8, 13, 0, 4, 8},
    {0x03D9, 18845, 8, 13, 0, 4, 8},    {0x03DA, 18897, 8, 13, 0, 4, 8},
    {0x03DB, 18949, 8, 13, 0, 4, 8},    {0x03DC, 19001, 8, 13, 0, 4, 8},
    {0x03DD, 19053, 8, 13, 0, 4, 8},    {0x03DE, 19105, 8, 13, 0, 4, 8},
    {0x03DF, 19157, 8, 13, 0, 4, 8},    {0x03E0, 19209, 8, 13, 0, 4, 8},
    {0x03E1, 19261, 8, 13, 0, 4, 8},    {0x03E2, 19313, 8, 13, 0, 4, 8},
    {0x03E3, 19365, 8, 13, 0, 4, 8},    {0x03E4, 19417, 8, 13, 0, 4, 8},
    {0x03E5, 19469, 8, 13, 0, 4, 8},    {0x03E6, 19521, 8, 13, 0, 4, 8},
    {0x03E7, 19573, 8, 13, 0, 4, 8},    {0x03E8, 19625, 8, 13, 0, 4, 8},
    {0x03E9, 19677, 8, 13, 0, 4, 8},    {0x03EA, 19729, 8, 13, 0, 4, 8},
    {0x03EB, 19781, 8, 13, 0, 4, 8},    {0x03EC, 19833, 8, 13, 0, 4, 8},
    {0x03ED, 19885, 8, 13, 0, 4, 8},    {0x03EE, 19937, 8, 13, 0, 4, 8},
    {0x03EF, 19989, 8, 13, 0, 4, 8},    {0x03F0, 20041, 8, 13, 0, 4, 8},
    {0x03F1, 20093, 8, 13, 0, 4, 8},    {0x03F2, 20145, 8, 13, 0, 4, 8},
    {0x03F3, 20197, 8, 13, 0, 4, 8},    {0x03F4, 20249, 8, 13, 0, 4, 8},
    {0x03F5, 20301, 8, 13, 0, 4, 8},    {0x03F6, 20353, 8, 13, 0, 4, 8},
    {0x03F7, 20405, 8, 13, 0, 4, 8},    {0x03F8, 20457, 8, 13, 0, 4, 8},
    {0x03F9, 20509, 8, 13, 0, 4, 8},    {0x03FA, 20561, 8, 13, 0, 4, 8},
    {0x03FB, 20613, 8, 13, 0, 4, 8},    {0x03FC, 20665, 8, 13, 0, 4, 8},
    {0x03FD, 20717, 8, 13, 0, 4, 8},    {0x03FE, 20769, 8, 13, 0, 4, 8},
    {0x03FF, 20821, 8, 13, 0, 4, 8},    {0x0400, 20873, 9, 17, 1, 0, 10},
    {0x0401, 20950, 9, 17, 1, 0, 10},   {0x0402, 21027, 13, 13, 0, 4, 14},
    {0x0403, 21112, 9, 17, 1, 0, 10},   {0x0404, 21189, 10, 13, 1, 4, 12},
    {0x0405, 21254, 10, 13, 0, 4, 11},  {0x0406, 21319, 3, 13, 1, 4, 5},
    {0x0407, 21339, 7, 17, -1, 0, 5},   {0x0408, 21399, 9, 13, 0, 4, 10},
    {0x0409, 21458, 19, 13, 0, 4, 19},  {0x040A, 21582, 18, 13, 1, 4, 19},
    {0x040B, 21699, 14, 13, 0, 4, 15},  {0x040C, 21790, 11, 17, 1, 0, 11},
    {0x040D, 21884, 11, 17, 1, 0, 13},  {0x040E, 21978, 11, 16, 0, 1, 11},
    {0x040F, 22066, 11, 16, 1, 4, 13},  {0x0410, 22154, 12, 13, 0, 4, 12},
    {0x0411, 22232, 10, 13, 1, 4, 11},  {0x0412, 22297, 10, 13, 1, 4, 11},
    {0x0413, 22362, 9, 13, 1, 4, 10},   {0x0414, 22421, 14, 16, 0, 4, 14},
    {0x0415, 22533, 9, 13, 1, 4, 10},   {0x0416, 22592, 17, 13, 0, 4, 16},
    {0x0417, 22703, 10, 13, 0, 4, 11},  {0x0418, 22768, 11, 13, 1, 4, 13},
    {0x0419, 22840, 11, 16, 1, 1, 13},  {0x041A, 22928, 11, 13, 1, 4, 12},
    {0x041B, 23000, 12, 13, 0, 4, 13},  {0x041C, 23078, 14, 13, 1, 4, 16},
    {0x041D, 23169, 11, 13, 1, 4, 13},  {0x041E, 23241, 11, 13, 1, 4, 12},
    {0x041F, 23313, 11, 13, 1, 4, 13},  {0x0420, 23385, 10, 13, 1, 4, 11},
    {0x0421, 23450, 10, 13, 1, 4, 12},  {0x0422, 23515, 11, 13, 0, 4, 11},
    {0x0423, 23587, 11, 13, 0, 4, 11},  {0x0424, 23659, 14, 14, 0, 4, 14},
    {0x0425, 23757, 11, 13, 0, 4, 11},  {0x0426, 23829, 12, 16, 1, 4, 13},
    {0x0427, 23925, 10, 13, 1, 4, 12},  {0x0428, 23990, 15, 13, 1, 4, 17},
    {0x0429, 24088, 16, 16, 1, 4, 17},  {0x042A, 24216, 13, 13, 0, 4, 14},
    {0x042B, 24301, 13, 13, 1, 4, 16},  {0x042C, 24386, 10, 13, 1, 4, 11},
    {0x042D, 24451, 11, 13, 1, 4, 12},  {0x042E, 24523, 15, 13, 1, 4, 16},
    {0x042F, 24621, 10, 13, 0, 4, 11},  {0x0430, 24686, 9, 10, 0, 7, 10},
    {0x0431, 24731, 10, 14, 0, 3, 10},  {0x0432, 24801, 9, 10, 1, 7, 10},
    {0x0433, 24846, 7, 10, 1, 7, 8},    {0x0434, 24881, 11, 13, 0, 7, 11},
    {0x0435, 24953, 9, 10, 0, 7, 10},   {0x0436, 24998, 14, 10, 0, 7, 14},
    {0x0437, 25068, 9, 10, 0, 7, 9},    {0x0438, 25113, 9, 10, 1, 7, 10},
    {0x0439, 25158, 9, 13, 1, 4, 10},   {0x043A, 25217, 9, 10, 1, 7, 10},
    {0x043B, 25262, 10, 10, 0, 7, 10},  {0x043C, 25312, 11, 10, 1, 7, 13},
    {0x043D, 25367, 9, 10, 1, 7, 10},   {0x043E, 25412, 10, 10, 0, 7, 10},
    {0x043F, 25462, 9, 10, 1, 7, 10},   {0x0440, 25507, 9, 14, 1, 7, 10},
    {0x0441, 25570, 9, 10, 0, 7, 9},    {0x0442, 25615, 9, 10, 0, 7, 9},
    {0x0443, 25660, 9, 14, 0, 7, 9},    {0x0444, 25723, 13, 18, 0, 3, 13},
    {0x0445, 25840, 9, 10, 0, 7, 9},    {0x0446, 25885, 10, 13, 1, 7, 11},
    {0x0447, 25950, 9, 11, 0, 6, 10},   {0x0448, 26000, 13, 10, 1, 7, 15},
    {0x0449, 26065, 14, 13, 1, 7, 15},  {0x044A, 26156, 11, 10, 0, 7, 11},
    {0x044B, 26211, 12, 10, 1, 7, 14},  {0x044C, 26271, 8, 10, 1, 7, 10},
    {0x044D, 26311, 9, 10, 0, 7, 10},   {0x044E, 26356, 13, 10, 1, 7, 15},
    {0x044F, 26421, 9, 10, 0, 7, 10},   {0x0450, 26466, 9, 15, 0, 2, 10},
    {0x0451, 26534, 9, 14, 0, 3, 10},   {0x0452, 26597, 10, 18, -1, 3, 10},
    {0x0453, 26687, 7, 15, 1, 2, 8},    {0x0454, 26740, 9, 10, 0, 7, 10},
    {0x0455, 26785, 9, 10, 0, 7, 9},    {0x0456, 26830, 3, 14, 1, 3, 4},
    {0x0457, 26851, 7, 14, -1, 3, 4},   {0x0458, 26900, 5, 18, -1, 3, 4},
    {0x0459, 26945, 15, 10, 0, 7, 15},  {0x045A, 27020, 14, 10, 1, 7, 16},
    {0x045B, 27090, 10, 14, -1, 3, 10}, {0x045C, 27160, 9, 15, 1, 2, 10},
    {0x045D, 27228, 9, 15, 1, 2, 10},   {0x045E, 27296, 9, 18, 0, 3, 9},
    {0x045F, 27377, 9, 13, 1, 7, 10},   {0x0460, 27436, 14, 13, 1, 4, 16},
    {0x0461, 27527, 12, 10, 1, 7, 14},  {0x0462, 27587, 12, 13, -1, 4, 11},
    {0x0463, 27665, 10, 14, -1, 3, 10}, {0x0464, 27735, 14, 13, 1, 4, 16},
    {0x0465, 27826, 12, 10, 1, 7, 13},  {0x0466, 27886, 11, 13, 0, 4, 11},
    {0x0467, 27958, 10, 10, 0, 7, 10},  {0x0468, 28008, 15, 13, 1, 4, 16},
    {0x0469, 28106, 13, 10, 1, 7, 14},  {0x046A, 28171, 14, 13, 1, 4, 15},
    {0x046B, 28262, 11, 10, 1, 7, 13},  {0x046C, 28317, 18, 13, 1, 4, 20},
    {0x046D, 28434, 16, 10, 1, 7, 18},  {0x046E, 28514, 9, 22, 0, -1, 9},
    {0x046F, 28613, 8, 19, 0, 2, 9},    {0x0470, 28689, 12, 13, 0, 4, 12},
    {0x0471, 28767, 12, 14, 0, 7, 13},  {0x0472, 28851, 12, 13, 0, 4, 12},
    {0x0473, 28929, 10, 10, 0, 7, 10},  {0x0474, 28979, 11, 13, 0, 4, 11},
    {0x0475, 29051, 10, 10, 0, 7, 9},   {0x0476, 29101, 11, 16, 0, 1, 11},
    {0x0477, 29189, 10, 13, 0, 4, 9},   {0x0478, 29254, 20, 17, 1, 4, 21},
    {0x0479, 29424, 19, 14, 0, 7, 19},  {0x047A, 29557, 12, 15, 0, 3, 12},
    {0x047B, 29647, 10, 12, 0, 6, 10},  {0x047C, 29707, 14, 18, 1, -1, 16},
    {0x047D, 29833, 12, 15, 1, 2, 14},  {0x047E, 29923, 14, 16, 1, 1, 16},
    {0x047F, 30035, 12, 14, 1, 3, 14},  {0x0480, 30119, 10, 16, 1, 4, 12},
    {0x0481, 30199, 9, 13, 0, 7, 10},   {0x0482, 30258, 10, 12, 1, 5, 11},
    {0x0483, 30318, 8, 3, -9, 3, 0},    {0x0484, 30330, 8, 2, -9, 4, 0},
    {0x0485, 30338, 3, 3, -6, 3, 0},    {0x0486, 30343, 3, 3, -6, 3, 0},
    {0x0487, 30348, 8, 13, 0, 4, 8},    {0x0488, 30400, 18, 16, -14, 4, 0},
    {0x0489, 30544, 18, 17, -14, 4, 0}, {0x048A, 30697, 12, 19, 1, 1, 14},
    {0x048B, 30811, 10, 16, 1, 4, 11},  {0x048C, 30891, 12, 13, -1, 4, 11},
    {0x048D, 30969, 10, 15, -1, 2, 10}, {0x048E, 31044, 10, 13, 1, 4, 11},
    {0x048F, 31109, 9, 14, 1, 7, 10},   {0x0490, 31172, 9, 16, 1, 1, 10},
    {0x0491, 31244, 7, 13, 1, 4, 8},    {0x0492, 31290, 10, 13, 0, 4, 10},
    {0x0493, 31355, 9, 10, -1, 7, 8},   {0x0494, 31400, 10, 16, 1, 4, 11},
    {0x0495, 31480, 8, 13, 1, 7, 9},    {0x0496, 31532, 17, 17, 0, 4, 17},
    {0x0497, 31677, 15, 14, 0, 7, 14},  {0x0498, 31782, 10, 18, 0, 4, 11},
    {0x0499, 31872, 9, 15, 0, 7, 9},    {0x049A, 31940, 11, 17, 1, 4, 13},
    {0x049B, 32034, 10, 14, 1, 7, 11},  {0x049C, 32104, 11, 13, 1, 4, 11},
    {0x049D, 32176, 10, 10, 1, 7, 10},  {0x049E, 32226, 12, 13, 0, 4, 12},
    {0x049F, 32304, 11, 14, -1, 3, 9},  {0x04A0, 32381, 15, 13, 0, 4, 15},
    {0x04A1, 32479, 13, 10, 0, 7, 12},  {0x04A2, 32544, 12, 17, 1, 4, 13},
    {0x04A3, 32646, 10, 14, 1, 7, 11},  {0x04A4, 32716, 16, 13, 1, 4, 18},
    {0x04A5, 32820, 12, 10, 1, 7, 13},  {0x04A6, 32880, 17, 16, 1, 4, 18},
    {0x04A7, 33016, 15, 13, 1, 7, 16},  {0x04A8, 33114, 12, 14, 1, 4, 13},
    {0x04A9, 33198, 11, 10, 0, 7, 11},  {0x04AA, 33253, 10, 18, 1, 4, 12},
    {0x04AB, 33343, 9, 15, 0, 7, 9},    {0x04AC, 33411, 11, 17, 0, 4, 11},
    {0x04AD, 33505, 9, 14, 0, 7, 9},    {0x04AE, 33568, 11, 13, 0, 4, 11},
    {0x04AF, 33640, 9, 14, 0, 7, 9},    {0x04B0, 33703, 11, 13, 0, 4, 11},
    {0x04B1, 33775, 9, 14, 0, 7, 9},    {0x04B2, 33838, 12, 17, 0, 4, 11},
    {0x04B3, 33940, 10, 14, 0, 7, 9},   {0x04B4, 34010, 15, 16, 0, 4, 16},
    {0x04B5, 34130, 12, 13, 0, 7, 12},  {0x04B6, 34208, 12, 17, 1, 4, 13},
    {0x04B7, 34310, 10, 15, 0, 6, 10},  {0x04B8, 34385, 10, 13, 1, 4, 12},
    {0x04B9, 34450, 8, 11, 1, 6, 10},   {0x04BA, 34494, 10, 13, 1, 4, 12},
    {0x04BB, 34559, 8, 14, 1, 3, 10},   {0x04BC, 34615, 13, 13, 0, 4, 14},
    {0x04BD, 34700, 11, 10, -1, 7, 11}, {0x04BE, 34755, 13, 18, 0, 4, 14},
    {0x04BF, 34872, 11, 15, -1, 7, 11}, {0x04C0, 34955, 3, 13, 1, 4, 5},
    {0x04C1, 34975, 17, 16, 0, 1, 16},  {0x04C2, 35111, 14, 13, 0, 4, 14},
    {0x04C3, 35202, 10, 16, 1, 4, 11},  {0x04C4, 35282, 9, 12, 1, 7, 10},
    {0x04C5, 35336, 13, 16, 0, 4, 13},  {0x04C6, 35440, 11, 13, 0, 7, 11},
    {0x04C7, 35512, 11, 17, 1, 4, 13},  {0x04C8, 35606, 8, 14, 1, 7, 10},
    {0x04C9, 35662, 12, 16, 1, 4, 14},  {0x04CA, 35758, 10, 13, 1, 7, 11},
    {0x04CB, 35823, 10, 17, 1, 4, 12},  {0x04CC, 35908, 9, 15, 0, 6, 10},
    {0x04CD, 35976, 15, 16, 1, 4, 16},  {0x04CE, 36096, 13, 13, 1, 7, 14},
    {0x04CF, 36181, 3, 13, 1, 4, 5},    {0x04D0, 36201, 12, 16, 0, 1, 12},
    {0x04D1, 36297, 9, 13, 0, 4, 10},   {0x04D2, 36356, 12, 16, 0, 1, 12},
    {0x04D3, 36452, 9, 14, 0, 3, 10},   {0x04D4, 36515, 18, 13, -1, 4, 17},
    {0x04D5, 36632, 15, 10, 0, 7, 15},  {0x04D6, 36707, 9, 16, 1, 1, 10},
    {0x04D7, 36779, 9, 13, 0, 4, 10},   {0x04D8, 36838, 12, 13, 0, 4, 12},
    {0x04D9, 36916, 9, 10, 0, 7, 10},   {0x04DA, 36961, 12, 16, 0, 1, 12},
    {0x04DB, 37057, 9, 14, 0, 3, 10},   {0x04DC, 37120, 17, 17, 0, 0, 16},
    {0x04DD, 37265, 14, 14, 0, 3, 14},  {0x04DE, 37363, 10, 17, 0, 0, 11},
    {0x04DF, 37448, 9, 14, 0, 3, 9},    {0x04E0, 37511, 10, 13, 0, 4, 10},
    {0x04E1, 37576, 10, 13, 0, 7, 10},  {0x04E2, 37641, 11, 16, 1, 1, 13},
    {0x04E3, 37729, 9, 13, 1, 4, 10},   {0x04E4, 37788, 11, 17, 1, 0, 13},
    {0x04E5, 37882, 9, 14, 1, 3, 10},   {0x04E6, 37945, 11, 16, 1, 1, 12},
    {0x04E7, 38033, 10, 14, 0, 3, 10},  {0x04E8, 38103, 12, 13, 0, 4, 12},
    {0x04E9, 38181, 10, 10, 0, 7, 10},  {0x04EA, 38231, 12, 16, 0, 1, 12},
    {0x04EB, 38327, 10, 14, 0, 3, 10},  {0x04EC, 38397, 11, 17, 1, 0, 12},
    {0x04ED, 38491, 9, 14, 0, 3, 10},   {0x04EE, 38554, 11, 16, 0, 1, 11},
    {0x04EF, 38642, 9, 18, 0, 3, 9},    {0x04F0, 38723, 11, 17, 0, 0, 11},
    {0x04F1, 38817, 9, 18, 0, 3, 9},    {0x04F2, 38898, 11, 17, 0, 0, 11},
    {0x04F3, 38992, 9, 19, 0, 2, 9},    {0x04F4, 39078, 10, 17, 1, 0, 12},
    {0x04F5, 39163, 9, 14, 0, 3, 10},   {0x04F6, 39226, 9, 17, 1, 4, 10},
    {0x04F7, 39303, 7, 14, 1, 7, 8},    {0x04F8, 39352, 13, 17, 1, 0, 16},
    {0x04F9, 39463, 12, 14, 1, 3, 14},  {0x04FA, 39547, 11, 17, 0, 4, 11},
    {0x04FB, 39641, 9, 14, 0, 7, 8},    {0x04FC, 39704, 12, 17, 0, 4, 12},
    {0x04FD, 39806, 10, 14, 0, 7, 10},  {0x04FE, 39876, 11, 13, 0, 4, 11},
    {0x04FF, 39948, 9, 10, 0, 7, 9},
};

static const font_info_t roboto_body = {roboto_body_bitmaps,
                                        roboto_body_glyphs,
                                        sizeof(roboto_body_glyphs) / sizeof(font_glyph_t),
                                        22,
                                        17};
